trial	status	score	hpwl_final	hpwl_ref	hpwl_delta_percent	runtime	runtime_ratio	gain_hr	hpwl_gain_percent	runtime_penalty_pp	legalize_exit_status	metrics_path	improve_random_seed	improve_max_displacement	improve_enable_extra_dpl	global_swap_tradeoff	global_swap_area_weight	global_swap_pin_weight	global_swap_congestion_user_weight	global_swap_sampling_moves	global_swap_normalization_interval	global_swap_profiling_excess	global_swap_budget_multipliers
003391d2	ok	177878.6	177878.6	176845.1	0.5844097461563821	5.805	0.962686567164179	-0.5844097461563821	-0.5844097461563821	0.0	0	<ORIGINAL_WORKSPACE>/OpenROAD-flow-scripts/flow/reports/nangate45/aes/place_batch_20260421_220319/dpl_evolve_baseline/openroad_dpl_hpwl_only_9case_bo_place_batch_20260421_220319_aes_nangate45_trial_003391d2_5f61e8ceb4a3/metrics.json	126	256 32	1	0.7055277256604418	1.300159868746091	0.8203711581795721	136.43477939806158	557	2252	1.747605645599528	1.75 1.35 1.15 1.05
0081f93c	ok	177917.8	177917.8	176845.1	0.6065760374474513	6.067	1.0061359867330018	-0.6065760374474511	-0.6065760374474511	0.0	0	<ORIGINAL_WORKSPACE>/OpenROAD-flow-scripts/flow/reports/nangate45/aes/place_batch_20260421_220319/dpl_evolve_baseline/openroad_dpl_hpwl_only_9case_bo_place_batch_20260421_220319_aes_nangate45_trial_0081f93c_a8e58b27e400/metrics.json	17	64	1	0.38432561147019717	1.6747279413214358	1.644960481118153	15.98037511493133	1021	3582	1.453049089979099	2.00 1.50 1.20 1.05
028be1a8	ok	176239.1	176239.1	176845.1	-0.3426727684284156	7.317	1.2134328358208955	0.19831112079625676	0.3426727684284156	0.14436164763215883	0	<ORIGINAL_WORKSPACE>/OpenROAD-flow-scripts/flow/reports/nangate45/aes/place_batch_20260421_220319/dpl_evolve_baseline/openroad_dpl_hpwl_only_9case_bo_place_batch_20260421_220319_aes_nangate45_trial_028be1a8_6d71718918dd/metrics.json	30	64 8	1	0.07539609543496517	0.9969813049392716	0.5611164495500787	81.35507509395771	659	3889	1.2773392828402343	omit
02d155b9	ok	178592.4	178592.4	176845.1	0.9880398156352584	5.89	0.9767827529021558	-0.9880398156352583	-0.9880398156352583	0.0	0	<ORIGINAL_WORKSPACE>/OpenROAD-flow-scripts/flow/reports/nangate45/aes/place_batch_20260421_220319/dpl_evolve_baseline/openroad_dpl_hpwl_only_9case_bo_place_batch_20260421_220319_aes_nangate45_trial_02d155b9_7e73d0a00d87/metrics.json	18	256 32	1	0.2333073612030659	1.5751484382449799	0.8332531005755979	9.082783705187353	899	3629	1.834973011813854	2.50 1.75 1.25 1.08
03a0e5cf	ok	176601.8	176601.8	176845.1	-0.13757802732448762	7.153	1.1862354892205638	0.027192106530194673	0.13757802732448762	0.11038592079429295	0	<ORIGINAL_WORKSPACE>/OpenROAD-flow-scripts/flow/reports/nangate45/aes/place_batch_20260421_220319/dpl_evolve_baseline/openroad_dpl_hpwl_only_9case_bo_place_batch_20260421_220319_aes_nangate45_trial_03a0e5cf_a78a66196d53/metrics.json	5	64 8	0	0.20258633764065215	0.9255639521216384	1.401463204114219	143.98595731077972	479	3684	1.1939099128074486	1.10 1.04
04133774	ok	175948.4	175948.4	176845.1	-0.5070539132834393	6.898	1.1439469320066333	0.4502793304028119	0.5070539132834394	0.056774582880627526	0	<ORIGINAL_WORKSPACE>/OpenROAD-flow-scripts/flow/reports/nangate45/aes/place_batch_20260421_220319/dpl_evolve_baseline/openroad_dpl_hpwl_only_9case_bo_place_batch_20260421_220319_aes_nangate45_trial_04133774_9f7164adec5a/metrics.json	104	64 8	1	0.46534416621266317	1.032552244048554	0.7019264069265009	110.27108409374567	926	2468	1.824996568333431	1.75 1.35 1.15 1.05
0569ab88	ok	176340.7	176340.7	176845.1	-0.28522136038826873	7.163	1.187893864013267	0.17275266926697258	0.2852213603882687	0.1124686911212961	0	<ORIGINAL_WORKSPACE>/OpenROAD-flow-scripts/flow/reports/nangate45/aes/place_batch_20260421_220319/dpl_evolve_baseline/openroad_dpl_hpwl_only_9case_bo_place_batch_20260421_220319_aes_nangate45_trial_0569ab88_37980ba03b6e/metrics.json	85	64 8	1	0.33340236281749763	0.03821133239313007	1.2053844321637601	143.74694117113864	933	3151	1.5483515350213592	1.75 1.35 1.15 1.05
0575201e	ok	176020.6	176020.6	176845.1	-0.4662272237115984	7.057	1.1703150912106137	0.37591044796962597	0.4662272237115984	0.09031677574197244	0	<ORIGINAL_WORKSPACE>/OpenROAD-flow-scripts/flow/reports/nangate45/aes/place_batch_20260421_220319/dpl_evolve_baseline/openroad_dpl_hpwl_only_9case_bo_place_batch_20260421_220319_aes_nangate45_trial_0575201e_60e919b1f7ef/metrics.json	106	64 8	1	0.4839634780512323	0.41536176090133053	0.9730474056885673	143.07709749960992	325	1746	1.778448103807477	1.04
06dd51c8	ok	176020.6	176020.6	176845.1	-0.4662272237115984	7.068	1.1721393034825869	0.37360396267568285	0.4662272237115984	0.09262326103591559	0	<ORIGINAL_WORKSPACE>/OpenROAD-flow-scripts/flow/reports/nangate45/aes/place_batch_20260421_220319/dpl_evolve_baseline/openroad_dpl_hpwl_only_9case_bo_place_batch_20260421_220319_aes_nangate45_trial_06dd51c8_5272ab953a2f/metrics.json	106	64 8	1	0.9435053326015176	1.6599491221860119	0.6949726438277753	62.3171415957175	446	2081	1.3369728991116165	omit
06fb70ad	ok	176619.7	176619.7	176845.1	-0.12745617492370112	7.225	1.1981757877280264	0.0021066290501946805	0.12745617492370112	0.12534954587350644	0	<ORIGINAL_WORKSPACE>/OpenROAD-flow-scripts/flow/reports/nangate45/aes/place_batch_20260421_220319/dpl_evolve_baseline/openroad_dpl_hpwl_only_9case_bo_place_batch_20260421_220319_aes_nangate45_trial_06fb70ad_32e5d0021912/metrics.json	37	64 8	0	0.419765467116509	1.487835807579561	0.4218980154968118	111.17580446089457	273	3590	1.222680039947566	1.50 1.25 1.10 1.04
08167f81	ok	176296.0	176296.0	176845.1	-0.3104977180594802	7.419	1.2303482587064676	0.14519662543183606	0.3104977180594802	0.16530109262764411	0	<ORIGINAL_WORKSPACE>/OpenROAD-flow-scripts/flow/reports/nangate45/aes/place_batch_20260421_220319/dpl_evolve_baseline/openroad_dpl_hpwl_only_9case_bo_place_batch_20260421_220319_aes_nangate45_trial_08167f81_4d3efca8d8d2/metrics.json	120	64 8	1	0.42745227851360146	1.592818665465924	0.7803539288857335	55.68236182747431	733	2135	1.276667008561025	2.50 1.75 1.25 1.08
086bcf00	ok	176330.0	176330.0	176845.1	-0.29127185316415655	7.014	1.16318407960199	0.20998863217338015	0.29127185316415655	0.08128322099077638	0	<ORIGINAL_WORKSPACE>/OpenROAD-flow-scripts/flow/reports/nangate45/aes/place_batch_20260421_220319/dpl_evolve_baseline/openroad_dpl_hpwl_only_9case_bo_place_batch_20260421_220319_aes_nangate45_trial_086bcf00_010645c6ca5a/metrics.json	70	64 8	1	0.473346179423378	1.6397220824091896	0.7190673325769394	139.92485874609406	266	918	1.4995022606178572	omit
08ec288f	ok	177642.7	177642.7	176845.1	0.4510161717797133	5.792	0.9605306799336649	-0.4510161717797133	-0.4510161717797133	0.0	0	<ORIGINAL_WORKSPACE>/OpenROAD-flow-scripts/flow/reports/nangate45/aes/place_batch_20260421_220319/dpl_evolve_baseline/openroad_dpl_hpwl_only_9case_bo_place_batch_20260421_220319_aes_nangate45_trial_08ec288f_5af74f7c6fca/metrics.json	79	64 8	0	0.3117016152755838	1.9421110961686936	0.585262422608112	5.524011067603183	1097	3076	1.9368359223185392	1.25 1.10 1.04
09d206dd	ok	176095.7	176095.7	176845.1	-0.4237606809575126	7.177	1.1902155887230512	0.3083785522964498	0.4237606809575126	0.11538212866106286	0	<ORIGINAL_WORKSPACE>/OpenROAD-flow-scripts/flow/reports/nangate45/aes/place_batch_20260421_220319/dpl_evolve_baseline/openroad_dpl_hpwl_only_9case_bo_place_batch_20260421_220319_aes_nangate45_trial_09d206dd_089dfb5a8bab/metrics.json	95	64 8	1	0.22511792771263012	1.9383120130967506	0.5495178239719738	122.5397265034337	850	3066	1.31029610397811	1.50 1.25 1.10 1.04
0ad80a00	ok	178625.7	178625.7	176845.1	1.0068698539003942	5.623	0.9325041459369817	-1.006869853900394	-1.006869853900394	0.0	0	<ORIGINAL_WORKSPACE>/OpenROAD-flow-scripts/flow/reports/nangate45/aes/place_batch_20260421_220319/dpl_evolve_baseline/openroad_dpl_hpwl_only_9case_bo_place_batch_20260421_220319_aes_nangate45_trial_0ad80a00_e523869f1f4a/metrics.json	125	128 16	1	0.20710443295486225	1.1057583472496813	1.1383107117125006	146.8661729187418	493	2650	1.275123488438292	omit
0b74b947	ok	177620.3	177620.3	176845.1	0.43834971961336927	5.663	0.9391376451077944	-0.43834971961336927	-0.43834971961336927	0.0	0	<ORIGINAL_WORKSPACE>/OpenROAD-flow-scripts/flow/reports/nangate45/aes/place_batch_20260421_220319/dpl_evolve_baseline/openroad_dpl_hpwl_only_9case_bo_place_batch_20260421_220319_aes_nangate45_trial_0b74b947_c86a0ba17339/metrics.json	73	64 8	1	0.08150895813534204	1.3977774940704086	1.221534855298149	118.83004770744216	631	3057	1.250527509929517	2.00 1.50 1.20 1.05
0ba5d7bb	ok	175950.5	175950.5	176845.1	-0.5058664333928425	7.28	1.207296849087894	0.3691365064768957	0.5058664333928425	0.13672992691594682	0	<ORIGINAL_WORKSPACE>/OpenROAD-flow-scripts/flow/reports/nangate45/aes/place_batch_20260421_220319/dpl_evolve_baseline/openroad_dpl_hpwl_only_9case_bo_place_batch_20260421_220319_aes_nangate45_trial_0ba5d7bb_67ae35615655/metrics.json	69	64 8	1	0.7614597856587092	0.8977644997808699	0.9503524590088765	123.98797688148258	699	2981	1.401439718398596	omit
0c0818ab	ok	175967.5	175967.5	176845.1	-0.4962535009451807	7.392	1.225870646766169	0.3364811201428669	0.4962535009451807	0.15977238080231385	0	<ORIGINAL_WORKSPACE>/OpenROAD-flow-scripts/flow/reports/nangate45/aes/place_batch_20260421_220319/dpl_evolve_baseline/openroad_dpl_hpwl_only_9case_bo_place_batch_20260421_220319_aes_nangate45_trial_0c0818ab_f869d9780ccc/metrics.json	4	64 8	1	0.48454930186835826	1.6593595296062105	1.1574466830895282	38.23785470657642	1177	3546	1.639781797775511	1.25 1.10 1.04
0c0dfc0e	ok	176334.6	176334.6	176845.1	-0.2886707067371389	7.009	1.1623548922056386	0.2084396940973126	0.28867070673713885	0.08023101263982625	0	<ORIGINAL_WORKSPACE>/OpenROAD-flow-scripts/flow/reports/nangate45/aes/place_batch_20260421_220319/dpl_evolve_baseline/openroad_dpl_hpwl_only_9case_bo_place_batch_20260421_220319_aes_nangate45_trial_0c0dfc0e_0f04aa633b49/metrics.json	15	64 8	1	0.9160088396318093	0.40891566030789955	0.8692992674419885	38.864797351628575	1181	3692	1.6171457551295068	1.25 1.10 1.04
0c41e0e2	ok	175872.2	175872.2	176845.1	-0.5501424693135372	6.894	1.1432835820895522	0.4942166731444908	0.5501424693135372	0.05592579616904638	0	<ORIGINAL_WORKSPACE>/OpenROAD-flow-scripts/flow/reports/nangate45/aes/place_batch_20260421_220319/dpl_evolve_baseline/openroad_dpl_hpwl_only_9case_bo_place_batch_20260421_220319_aes_nangate45_trial_0c41e0e2_2eec4ce6e806/metrics.json	32	64 8	0	0.54038921726468	1.3206497196746771	1.1676200481487196	5.332922200374418	971	3688	1.989265546052202	omit
0c687ebc	ok	178750.9	178750.9	176845.1	1.0776662740443408	5.998	0.9946932006633499	-1.0776662740443406	-1.0776662740443406	0.0	0	<ORIGINAL_WORKSPACE>/OpenROAD-flow-scripts/flow/reports/nangate45/aes/place_batch_20260421_220319/dpl_evolve_baseline/openroad_dpl_hpwl_only_9case_bo_place_batch_20260421_220319_aes_nangate45_trial_0c687ebc_5a40d961afe3/metrics.json	54	omit	1	0.4965840312487666	1.9114420165667059	0.9031483305214355	33.27309751577493	892	3461	1.9920571231667388	1.75 1.35 1.15 1.05
0dc48e19	ok	178459.5	178459.5	176845.1	0.9128893025591288	5.81	0.9635157545605306	-0.9128893025591289	-0.9128893025591289	0.0	0	<ORIGINAL_WORKSPACE>/OpenROAD-flow-scripts/flow/reports/nangate45/aes/place_batch_20260421_220319/dpl_evolve_baseline/openroad_dpl_hpwl_only_9case_bo_place_batch_20260421_220319_aes_nangate45_trial_0dc48e19_9dd7afdefd39/metrics.json	127	128	1	0.6211194121686348	0.6517015247875186	1.1993394664552766	110.39439310498737	369	2128	1.2724518480742888	omit
0e17c07b	ok	178846.9	178846.9	176845.1	1.1319510690429015	5.787	0.9597014925373134	-1.1319510690429015	-1.1319510690429015	0.0	0	<ORIGINAL_WORKSPACE>/OpenROAD-flow-scripts/flow/reports/nangate45/aes/place_batch_20260421_220319/dpl_evolve_baseline/openroad_dpl_hpwl_only_9case_bo_place_batch_20260421_220319_aes_nangate45_trial_0e17c07b_46160546d1d5/metrics.json	69	128 16	1	0.019939870952998755	1.2830188074103253	0.3798253169021693	123.65784130798585	700	3068	1.1647718596503287	1.75 1.35 1.15 1.05
0e7a5b27	ok	176927.5	176927.5	176845.1	0.046594449040428136	6.961	1.1543946932006635	-0.11670510368790812	-0.046594449040428136	0.07011065464748	0	<ORIGINAL_WORKSPACE>/OpenROAD-flow-scripts/flow/reports/nangate45/aes/place_batch_20260421_220319/dpl_evolve_baseline/openroad_dpl_hpwl_only_9case_bo_place_batch_20260421_220319_aes_nangate45_trial_0e7a5b27_395955569603/metrics.json	105	256	1	0.7719144541245673	0.7226882129308483	0.8735268391702902	112.05044801085194	508	1029	1.7396909437197368	1.04
115c07f3	ok	176485.3	176485.3	176845.1	-0.20345488792169955	6.922	1.147927031509121	0.14159274457387067	0.20345488792169952	0.06186214334782886	0	<ORIGINAL_WORKSPACE>/OpenROAD-flow-scripts/flow/reports/nangate45/aes/place_batch_20260421_220319/dpl_evolve_baseline/openroad_dpl_hpwl_only_9case_bo_place_batch_20260421_220319_aes_nangate45_trial_115c07f3_f9a8feb5dc2c/metrics.json	96	64 8	1	0.374041091952271	0.8961368523968632	1.0325713439779756	120.5901817143174	596	2267	1.3676083007819757	1.10 1.04
124558e0	ok	176544.5	176544.5	176845.1	-0.16997926433924707	7.374	1.2228855721393033	0.013898302626774078	0.16997926433924707	0.156080961712473	0	<ORIGINAL_WORKSPACE>/OpenROAD-flow-scripts/flow/reports/nangate45/aes/place_batch_20260421_220319/dpl_evolve_baseline/openroad_dpl_hpwl_only_9case_bo_place_batch_20260421_220319_aes_nangate45_trial_124558e0_de5b7ecf1258/metrics.json	23	64 8	1	0.30901383065740307	1.6658733113392412	0.8293601128822043	0.16435607652279627	879	3340	1.8235113236046974	2.00 1.50 1.20 1.05
12d11eae	ok	175872.2	175872.2	176845.1	-0.5501424693135372	7.611	1.262189054726368	0.34581279241443863	0.5501424693135372	0.20432967689909853	0	<ORIGINAL_WORKSPACE>/OpenROAD-flow-scripts/flow/reports/nangate45/aes/place_batch_20260421_220319/dpl_evolve_baseline/openroad_dpl_hpwl_only_9case_bo_place_batch_20260421_220319_aes_nangate45_trial_12d11eae_311381180845/metrics.json	32	64 8	1	0.366542927881907	1.4077588536610084	1.1545686072566768	3.455411874307044	1002	3715	1.9308143360291272	1.75 1.35 1.15 1.05
12ff5ea7	ok	176576.4	176576.4	176845.1	-0.15194087933452025	7.131	1.182587064676617	0.04614218403069256	0.15194087933452022	0.10579869530382766	0	<ORIGINAL_WORKSPACE>/OpenROAD-flow-scripts/flow/reports/nangate45/aes/place_batch_20260421_220319/dpl_evolve_baseline/openroad_dpl_hpwl_only_9case_bo_place_batch_20260421_220319_aes_nangate45_trial_12ff5ea7_d8a41fb3add5/metrics.json	47	64 8	1	0.06015493845910225	0.5165375138991143	0.8701262895098557	72.12862606183471	943	3741	1.9887547190808326	1.75 1.35 1.15 1.05
13a22ef7	ok	178601.6	178601.6	176845.1	0.9932421084892937	5.811	0.963681592039801	-0.9932421084892937	-0.9932421084892937	0.0	0	<ORIGINAL_WORKSPACE>/OpenROAD-flow-scripts/flow/reports/nangate45/aes/place_batch_20260421_220319/dpl_evolve_baseline/openroad_dpl_hpwl_only_9case_bo_place_batch_20260421_220319_aes_nangate45_trial_13a22ef7_3dab689f449e/metrics.json	30	1024 128	1	0.8318606080380817	0.22577315777446733	0.8704454300788352	33.300753723845375	1143	3147	1.2921592502092936	1.75 1.35 1.15 1.05
13f43a76	ok	177976.1	177976.1	176845.1	0.6395427410767954	6.079	1.0081260364842453	-0.6395427410767954	-0.6395427410767954	0.0	0	<ORIGINAL_WORKSPACE>/OpenROAD-flow-scripts/flow/reports/nangate45/aes/place_batch_20260421_220319/dpl_evolve_baseline/openroad_dpl_hpwl_only_9case_bo_place_batch_20260421_220319_aes_nangate45_trial_13f43a76_f918c083cb70/metrics.json	16	1024 128	1	0.5601666487938134	1.7049154389482137	1.487610324658258	54.58802276261124	933	3825	1.5203680447791443	1.50 1.25 1.10 1.04
14279da9	ok	175601.5	175601.5	176845.1	-0.703214281877194	7.032	1.1661691542288557	0.6181462127171108	0.7032142818771941	0.08506806916008333	0	<ORIGINAL_WORKSPACE>/OpenROAD-flow-scripts/flow/reports/nangate45/aes/place_batch_20260421_220319/dpl_evolve_baseline/openroad_dpl_hpwl_only_9case_bo_place_batch_20260421_220319_aes_nangate45_trial_14279da9_5d13abb1d896/metrics.json	86	64 8	1	0.04016333299552427	1.2956288168257344	1.0443951205636859	137.45303633530597	650	2670	1.1825580627439665	2.00 1.50 1.20 1.05
14561c19	ok	176544.5	176544.5	176845.1	-0.16997926433924707	7.378	1.2235489220563847	0.013077598261265644	0.16997926433924707	0.15690166607798142	0	<ORIGINAL_WORKSPACE>/OpenROAD-flow-scripts/flow/reports/nangate45/aes/place_batch_20260421_220319/dpl_evolve_baseline/openroad_dpl_hpwl_only_9case_bo_place_batch_20260421_220319_aes_nangate45_trial_14561c19_0b7ffd804ee1/metrics.json	23	64 8	0	0.04313546353620794	0.7345089199264965	1.3430929403469039	109.32156093283344	529	3590	1.4774527720940227	1.75 1.35 1.15 1.05
157551c8	ok	176051.0	176051.0	176845.1	-0.44903703862872413	7.254	1.2029850746268655	0.31768155078512594	0.44903703862872413	0.13135548784359818	0	<ORIGINAL_WORKSPACE>/OpenROAD-flow-scripts/flow/reports/nangate45/aes/place_batch_20260421_220319/dpl_evolve_baseline/openroad_dpl_hpwl_only_9case_bo_place_batch_20260421_220319_aes_nangate45_trial_157551c8_e4e55f69c3fa/metrics.json	49	64 8	0	0.18293337132250387	0.8418571925226149	1.601715244539911	90.52016197269741	593	3564	1.1331444673397297	1.75 1.35 1.15 1.05
15d268ac	ok	176939.3	176939.3	176845.1	0.05326695509232799	6.954	1.153233830845771	-0.12189881244141705	-0.053266955092328	0.06863185734908905	0	<ORIGINAL_WORKSPACE>/OpenROAD-flow-scripts/flow/reports/nangate45/aes/place_batch_20260421_220319/dpl_evolve_baseline/openroad_dpl_hpwl_only_9case_bo_place_batch_20260421_220319_aes_nangate45_trial_15d268ac_ba871eefc733/metrics.json	85	256	1	0.1705616408389294	1.7402924384365015	0.9906330581044818	107.10263979795272	469	2451	1.1829479637529299	1.50 1.25 1.10 1.04
166229d6	ok	175806.8	175806.8	176845.1	-0.58712398590632	7.293	1.209452736318408	0.44771043841396124	0.58712398590632	0.13941354749235874	0	<ORIGINAL_WORKSPACE>/OpenROAD-flow-scripts/flow/reports/nangate45/aes/place_batch_20260421_220319/dpl_evolve_baseline/openroad_dpl_hpwl_only_9case_bo_place_batch_20260421_220319_aes_nangate45_trial_166229d6_5318a8dc558a/metrics.json	53	64 8	0	0.48827078119025213	1.799286807995207	0.9431511763097149	13.892275414968044	1050	3464	1.8163289767440411	1.25 1.10 1.04
168a3ded	ok	175875.1	175875.1	176845.1	-0.5485026161312923	7.164	1.1880597014925371	0.43582572796080665	0.5485026161312923	0.11267688817048563	0	<ORIGINAL_WORKSPACE>/OpenROAD-flow-scripts/flow/reports/nangate45/aes/place_batch_20260421_220319/dpl_evolve_baseline/openroad_dpl_hpwl_only_9case_bo_place_batch_20260421_220319_aes_nangate45_trial_168a3ded_3db55bc98621/metrics.json	27	64 8	1	0.7756480055546404	1.7305356750298944	1.878275062966206	7.017592428675274	991	2576	1.9491230288414596	1.04
183f9397	ok	175601.5	175601.5	176845.1	-0.703214281877194	7.406	1.2281923714759535	0.5405739035456779	0.7032142818771941	0.16264037833151623	0	<ORIGINAL_WORKSPACE>/OpenROAD-flow-scripts/flow/reports/nangate45/aes/place_batch_20260421_220319/dpl_evolve_baseline/openroad_dpl_hpwl_only_9case_bo_place_batch_20260421_220319_aes_nangate45_trial_183f9397_f95e1d42575d/metrics.json	86	64 8	1	0.3034860263088542	1.7609227674430696	0.5219114852773569	117.91096490888546	854	674	1.5214805152942619	1.75 1.35 1.15 1.05
19a213ee	ok	178562.8	178562.8	176845.1	0.9713020038440321	5.805	0.962686567164179	-0.9713020038440321	-0.9713020038440321	0.0	0	<ORIGINAL_WORKSPACE>/OpenROAD-flow-scripts/flow/reports/nangate45/aes/place_batch_20260421_220319/dpl_evolve_baseline/openroad_dpl_hpwl_only_9case_bo_place_batch_20260421_220319_aes_nangate45_trial_19a213ee_b0040e049ae4/metrics.json	118	64	1	0.3308570243340289	1.6104911766871182	0.8607757554972776	130.6231584922225	711	1673	1.2210986937162729	1.10 1.04
1a8271bb	ok	178750.9	178750.9	176845.1	1.0776662740443408	6.1	1.011608623548922	-1.0776662740443406	-1.0776662740443406	0.0	0	<ORIGINAL_WORKSPACE>/OpenROAD-flow-scripts/flow/reports/nangate45/aes/place_batch_20260421_220319/dpl_evolve_baseline/openroad_dpl_hpwl_only_9case_bo_place_batch_20260421_220319_aes_nangate45_trial_1a8271bb_0ca76f12f85b/metrics.json	54	1024 128	1	0.5801931876167443	1.156706730006418	1.0444269727344315	3.295211580988548	1180	3620	1.9095738331779513	omit
1a936aec	ok	175821.1	175821.1	176845.1	-0.5790378133179828	7.021	1.164344941956882	0.49628213049879316	0.5790378133179828	0.0827556828191896	0	<ORIGINAL_WORKSPACE>/OpenROAD-flow-scripts/flow/reports/nangate45/aes/place_batch_20260421_220319/dpl_evolve_baseline/openroad_dpl_hpwl_only_9case_bo_place_batch_20260421_220319_aes_nangate45_trial_1a936aec_6ad3d37797c8/metrics.json	98	64 8	1	0.4871756598583205	1.2976574390667297	1.0208739866392063	129.34598825365177	360	614	1.418712544658933	omit
1b83c421	ok	177625.5	177625.5	176845.1	0.44129014600913125	5.806	0.9628524046434493	-0.44129014600913125	-0.44129014600913125	0.0	0	<ORIGINAL_WORKSPACE>/OpenROAD-flow-scripts/flow/reports/nangate45/aes/place_batch_20260421_220319/dpl_evolve_baseline/openroad_dpl_hpwl_only_9case_bo_place_batch_20260421_220319_aes_nangate45_trial_1b83c421_e52cbae07714/metrics.json	58	64 8	1	0.33272712983223174	0.6491731325677299	1.51044387978975	94.73697773134538	620	3337	1.53617849055154	1.75 1.35 1.15 1.05
1cdca583	ok	175804.4	175804.4	176845.1	-0.5884811057812807	7.827	1.298009950248756	0.3408281756813221	0.5884811057812807	0.24765293009995853	0	<ORIGINAL_WORKSPACE>/OpenROAD-flow-scripts/flow/reports/nangate45/aes/place_batch_20260421_220319/dpl_evolve_baseline/openroad_dpl_hpwl_only_9case_bo_place_batch_20260421_220319_aes_nangate45_trial_1cdca583_1e91e4f61d30/metrics.json	84	64 8	1	0.050889890658700615	1.5811394758933623	0.8715335621143199	143.29763419372682	592	2879	1.2570583739073684	2.00 1.50 1.20 1.05
1d76b71e	ok	176845.1	176845.1	176845.1	0.0	6.925	1.1484245439469318	-0.062497467859379326	0.0	0.062497467859379326	0	<ORIGINAL_WORKSPACE>/OpenROAD-flow-scripts/flow/reports/nangate45/aes/place_batch_20260421_220319/dpl_evolve_baseline/openroad_dpl_hpwl_only_9case_bo_place_batch_20260421_220319_aes_nangate45_trial_1d76b71e_2274519dc40f/metrics.json	1	256	0	0.25	0.3	0.9	25.0	100	1500	1.05	1.25 1.10 1.04
1dd734cb	ok	176845.1	176845.1	176845.1	0.0	7.114	1.1797678275290215	-0.10224917248900245	0.0	0.10224917248900245	0	<ORIGINAL_WORKSPACE>/OpenROAD-flow-scripts/flow/reports/nangate45/aes/place_batch_20260421_220319/dpl_evolve_baseline/openroad_dpl_hpwl_only_9case_bo_place_batch_20260421_220319_aes_nangate45_trial_1dd734cb_dce7bb395b69/metrics.json	1	omit	0	0.4	0.4	0.6	35.0	150	1000	1.1	omit
1ebf3d9e	ok	177904.1	177904.1	176845.1	0.5988291448278749	5.898	0.9781094527363183	-0.5988291448278747	-0.5988291448278747	0.0	0	<ORIGINAL_WORKSPACE>/OpenROAD-flow-scripts/flow/reports/nangate45/aes/place_batch_20260421_220319/dpl_evolve_baseline/openroad_dpl_hpwl_only_9case_bo_place_batch_20260421_220319_aes_nangate45_trial_1ebf3d9e_ba52ca411a2b/metrics.json	40	64	1	0.36775305522240587	1.1215695604736475	1.0996245506685443	13.798182532640375	915	3379	1.9311052840775642	1.75 1.35 1.15 1.05
1ece3c49	ok	175875.1	175875.1	176845.1	-0.5485026161312923	7.283	1.2077943615257047	0.41115317962719505	0.5485026161312923	0.1373494365040972	0	<ORIGINAL_WORKSPACE>/OpenROAD-flow-scripts/flow/reports/nangate45/aes/place_batch_20260421_220319/dpl_evolve_baseline/openroad_dpl_hpwl_only_9case_bo_place_batch_20260421_220319_aes_nangate45_trial_1ece3c49_450534647289/metrics.json	27	64 8	1	0.5691172339479704	0.5943995441354699	0.8499528160364038	32.26510384592747	880	3409	1.9051887494479565	1.75 1.35 1.15 1.05
1f6b3332	ok	178612.5	178612.5	176845.1	0.9994056945880854	6.184	1.0255389718076284	-0.9994056945880854	-0.9994056945880854	0.0	0	<ORIGINAL_WORKSPACE>/OpenROAD-flow-scripts/flow/reports/nangate45/aes/place_batch_20260421_220319/dpl_evolve_baseline/openroad_dpl_hpwl_only_9case_bo_place_batch_20260421_220319_aes_nangate45_trial_1f6b3332_42df878a04b9/metrics.json	113	64	1	0.6962247965909378	1.4702585839143332	1.2275491836997237	38.880416491654806	602	2863	1.069102079092181	1.75 1.35 1.15 1.05
1fd8e0e3	ok	178577.2	178577.2	176845.1	0.9794447230938295	6.216	1.0308457711442787	-0.9794447230938295	-0.9794447230938295	0.0	0	<ORIGINAL_WORKSPACE>/OpenROAD-flow-scripts/flow/reports/nangate45/aes/place_batch_20260421_220319/dpl_evolve_baseline/openroad_dpl_hpwl_only_9case_bo_place_batch_20260421_220319_aes_nangate45_trial_1fd8e0e3_2a8f475986af/metrics.json	108	256	0	0.12789411488194163	1.9156535756329178	0.3503454880646203	123.41303724823383	453	3797	1.113781790950642	1.04
2088b7a3	ok	177838.9	177838.9	176845.1	0.5619607215580122	5.96	0.9883913764510779	-0.5619607215580122	-0.5619607215580122	0.0	0	<ORIGINAL_WORKSPACE>/OpenROAD-flow-scripts/flow/reports/nangate45/aes/place_batch_20260421_220319/dpl_evolve_baseline/openroad_dpl_hpwl_only_9case_bo_place_batch_20260421_220319_aes_nangate45_trial_2088b7a3_9d4620e5e8ca/metrics.json	4	1024 128	0	0.4045393032821069	1.3950581448861932	1.1624957528594062	25.242263348095197	987	3508	1.9360375593222052	omit
21b9af40	ok	175913.0	175913.0	176845.1	-0.5270714314391554	7.274	1.2063018242122718	0.3915809067565482	0.5270714314391554	0.13549052468260717	0	<ORIGINAL_WORKSPACE>/OpenROAD-flow-scripts/flow/reports/nangate45/aes/place_batch_20260421_220319/dpl_evolve_baseline/openroad_dpl_hpwl_only_9case_bo_place_batch_20260421_220319_aes_nangate45_trial_21b9af40_6ce266ca04b4/metrics.json	127	64 8	1	0.42943357108870267	1.316164692927328	1.2588905605441734	93.69998369156109	379	1018	1.3020044204221306	omit
21d1007b	ok	175822.5	175822.5	176845.1	-0.5782461600575904	7.193	1.1928689883913763	0.4595378658095721	0.5782461600575904	0.11870829424801835	0	<ORIGINAL_WORKSPACE>/OpenROAD-flow-scripts/flow/reports/nangate45/aes/place_batch_20260421_220319/dpl_evolve_baseline/openroad_dpl_hpwl_only_9case_bo_place_batch_20260421_220319_aes_nangate45_trial_21d1007b_29c482e146f8/metrics.json	117	64 8	1	0.5931912765906716	1.9512765074574587	1.0728312044267427	71.97790312142565	510	2155	1.0481889915193228	1.10 1.04
223ab091	ok	176984.6	176984.6	176845.1	0.07888259273228378	7.2	1.1940298507462686	-0.19904492107533917	-0.07888259273228379	0.12016232834305539	0	<ORIGINAL_WORKSPACE>/OpenROAD-flow-scripts/flow/reports/nangate45/aes/place_batch_20260421_220319/dpl_evolve_baseline/openroad_dpl_hpwl_only_9case_bo_place_batch_20260421_220319_aes_nangate45_trial_223ab091_78c87352fd2a/metrics.json	18	128	0	0.03629219670329803	1.4802609267378506	1.0320235043961192	136.24535044322874	533	3769	1.0838157921656912	1.10 1.04
23f62a30	ok	175921.1	175921.1	176845.1	-0.5224911518611485	7.325	1.214759535655058	0.37648194133616586	0.5224911518611485	0.14600921052498259	0	<ORIGINAL_WORKSPACE>/OpenROAD-flow-scripts/flow/reports/nangate45/aes/place_batch_20260421_220319/dpl_evolve_baseline/openroad_dpl_hpwl_only_9case_bo_place_batch_20260421_220319_aes_nangate45_trial_23f62a30_913d090bf3de/metrics.json	24	64 8	1	0.43293198375530006	1.5437285760212938	1.3389558272397963	1.6783983896806909	945	3919	1.7011834477576824	2.00 1.50 1.20 1.05
2555ac0f	ok	176366.0	176366.0	176845.1	-0.2709150550396962	7.287	1.208457711442786	0.1327398041963214	0.2709150550396962	0.13817525084337481	0	<ORIGINAL_WORKSPACE>/OpenROAD-flow-scripts/flow/reports/nangate45/aes/place_batch_20260421_220319/dpl_evolve_baseline/openroad_dpl_hpwl_only_9case_bo_place_batch_20260421_220319_aes_nangate45_trial_2555ac0f_f13a08f1a0e8/metrics.json	91	64 8	1	0.6461397660076833	1.4140605556494457	0.5255943221722914	118.86070972283312	379	1613	1.5763274185571314	1.75 1.35 1.15 1.05
26296c37	ok	178649.9	178649.9	176845.1	1.020554145972938	5.929	0.9832504145936982	-1.0205541459729381	-1.0205541459729381	0.0	0	<ORIGINAL_WORKSPACE>/OpenROAD-flow-scripts/flow/reports/nangate45/aes/place_batch_20260421_220319/dpl_evolve_baseline/openroad_dpl_hpwl_only_9case_bo_place_batch_20260421_220319_aes_nangate45_trial_26296c37_4ca665defb37/metrics.json	42	512 64	1	0.9318611166365406	1.8737367626181873	1.6964433997031407	138.03097714584908	312	441	1.2273097362846888	2.50 1.75 1.25 1.08
26381a23	ok	178532.8	178532.8	176845.1	0.9543380054069819	5.925	0.9825870646766168	-0.9543380054069819	-0.9543380054069819	0.0	0	<ORIGINAL_WORKSPACE>/OpenROAD-flow-scripts/flow/reports/nangate45/aes/place_batch_20260421_220319/dpl_evolve_baseline/openroad_dpl_hpwl_only_9case_bo_place_batch_20260421_220319_aes_nangate45_trial_26381a23_ad40bd758a49/metrics.json	12	256 32	0	0.047386906463139714	1.7880971741982234	0.46588271886848276	117.05650260586997	629	3720	1.1029198173020216	1.75 1.35 1.15 1.05
2642e8be	ok	176301.8	176301.8	176845.1	-0.3072180116949904	7.346	1.2182421227197346	0.156888224189059	0.3072180116949904	0.1503297875059314	0	<ORIGINAL_WORKSPACE>/OpenROAD-flow-scripts/flow/reports/nangate45/aes/place_batch_20260421_220319/dpl_evolve_baseline/openroad_dpl_hpwl_only_9case_bo_place_batch_20260421_220319_aes_nangate45_trial_2642e8be_c2f185595bd6/metrics.json	105	64 8	1	0.853616197425614	1.7537387043305581	1.4621631586186363	73.812218660682	337	2642	1.1155158048368163	2.50 1.75 1.25 1.08
26c25b4c	ok	177794.2	177794.2	176845.1	0.5366843638868173	5.836	0.9678275290215589	-0.5366843638868172	-0.5366843638868172	0.0	0	<ORIGINAL_WORKSPACE>/OpenROAD-flow-scripts/flow/reports/nangate45/aes/place_batch_20260421_220319/dpl_evolve_baseline/openroad_dpl_hpwl_only_9case_bo_place_batch_20260421_220319_aes_nangate45_trial_26c25b4c_a6a323ba1fa3/metrics.json	57	omit	1	0.1049798775765896	1.3210910264458535	1.008004807932851	149.8781954181218	551	3026	1.0814210027268008	2.00 1.50 1.20 1.05
26ce203a	ok	176421.8	176421.8	176845.1	-0.23936201794678927	7.149	1.1855721393034826	0.12980961289901152	0.23936201794678927	0.10955240504777775	0	<ORIGINAL_WORKSPACE>/OpenROAD-flow-scripts/flow/reports/nangate45/aes/place_batch_20260421_220319/dpl_evolve_baseline/openroad_dpl_hpwl_only_9case_bo_place_batch_20260421_220319_aes_nangate45_trial_26ce203a_5777c06bf260/metrics.json	71	64 8	0	0.210545839562991	0.8269674852418485	1.2453454343010923	120.9850778273789	243	129	1.5653515818578223	1.25 1.10 1.04
2749d688	ok	177986.6	177986.6	176845.1	0.645480140529763	5.961	0.9885572139303482	-0.645480140529763	-0.645480140529763	0.0	0	<ORIGINAL_WORKSPACE>/OpenROAD-flow-scripts/flow/reports/nangate45/aes/place_batch_20260421_220319/dpl_evolve_baseline/openroad_dpl_hpwl_only_9case_bo_place_batch_20260421_220319_aes_nangate45_trial_2749d688_d49be97f0449/metrics.json	28	64	0	0.003605676601474872	1.9681344964992757	1.1621013753646277	120.5319217394453	1008	3634	1.5351192662500648	1.10 1.04
27bfbde6	ok	177669.7	177669.7	176845.1	0.46628377037305857	5.712	0.9472636815920398	-0.46628377037305857	-0.46628377037305857	0.0	0	<ORIGINAL_WORKSPACE>/OpenROAD-flow-scripts/flow/reports/nangate45/aes/place_batch_20260421_220319/dpl_evolve_baseline/openroad_dpl_hpwl_only_9case_bo_place_batch_20260421_220319_aes_nangate45_trial_27bfbde6_dbdf35e310b9/metrics.json	22	64 8	0	0.11971400426379478	1.4332550461328064	0.3578948803565092	142.66163815827792	697	2905	1.6312511660553377	2.00 1.50 1.20 1.05
27e14eca	ok	176845.1	176845.1	176845.1	0.0	7.407	1.2283582089552239	-0.1628451315272798	0.0	0.1628451315272798	0	<ORIGINAL_WORKSPACE>/OpenROAD-flow-scripts/flow/reports/nangate45/aes/place_batch_20260421_220319/dpl_evolve_baseline/openroad_dpl_hpwl_only_9case_bo_place_batch_20260421_220319_aes_nangate45_trial_27e14eca_4abf36186b0d/metrics.json	1	1024	1	0.65	0.8	0.9	55.0	400	800	1.2	1.75 1.35 1.15 1.05
28e27f51	ok	176758.1	176758.1	176845.1	-0.049195595467445806	7.044	1.1681592039800994	-0.038393015216582345	0.049195595467445806	0.08758861068402815	0	<ORIGINAL_WORKSPACE>/OpenROAD-flow-scripts/flow/reports/nangate45/aes/place_batch_20260421_220319/dpl_evolve_baseline/openroad_dpl_hpwl_only_9case_bo_place_batch_20260421_220319_aes_nangate45_trial_28e27f51_9036e1680625/metrics.json	125	128	1	0.6237810198802903	0.11199919568765748	1.7697980289429	146.24880764610418	600	1469	1.681813227503778	1.04
2af441b3	ok	177862.1	177862.1	176845.1	0.5750795470160044	5.855	0.9709784411276949	-0.5750795470160044	-0.5750795470160044	0.0	0	<ORIGINAL_WORKSPACE>/OpenROAD-flow-scripts/flow/reports/nangate45/aes/place_batch_20260421_220319/dpl_evolve_baseline/openroad_dpl_hpwl_only_9case_bo_place_batch_20260421_220319_aes_nangate45_trial_2af441b3_a8bf4f07b3b4/metrics.json	79	256	1	0.1625182466581969	1.6859834929114028	0.8728002025570317	141.65128813243817	860	397	1.5030131110571914	1.10 1.04
2b0a8a87	ok	177650.5	177650.5	176845.1	0.4554268113733398	5.874	0.9741293532338308	-0.4554268113733398	-0.4554268113733398	0.0	0	<ORIGINAL_WORKSPACE>/OpenROAD-flow-scripts/flow/reports/nangate45/aes/place_batch_20260421_220319/dpl_evolve_baseline/openroad_dpl_hpwl_only_9case_bo_place_batch_20260421_220319_aes_nangate45_trial_2b0a8a87_5312a1ae4301/metrics.json	89	64 8	0	0.25234180569111203	0.705143234717667	1.14569389576341	136.90348930638166	368	409	1.4501816999626675	1.25 1.10 1.04
2b33aa33	ok	176405.6	176405.6	176845.1	-0.24852257710278655	7.355	1.2197346600331676	0.0963430044364601	0.24852257710278655	0.15217957266632645	0	<ORIGINAL_WORKSPACE>/OpenROAD-flow-scripts/flow/reports/nangate45/aes/place_batch_20260421_220319/dpl_evolve_baseline/openroad_dpl_hpwl_only_9case_bo_place_batch_20260421_220319_aes_nangate45_trial_2b33aa33_0a18b227b81f/metrics.json	36	64 8	0	0.33935854027518747	1.2270645893122416	1.6734541112234598	39.20732659084669	539	3442	1.304051707306517	1.75 1.35 1.15 1.05
2b6319b5	ok	178766.3	178766.3	176845.1	1.0863744599086897	5.927	0.9829187396351574	-1.0863744599086897	-1.0863744599086897	0.0	0	<ORIGINAL_WORKSPACE>/OpenROAD-flow-scripts/flow/reports/nangate45/aes/place_batch_20260421_220319/dpl_evolve_baseline/openroad_dpl_hpwl_only_9case_bo_place_batch_20260421_220319_aes_nangate45_trial_2b6319b5_bc4fb696190c/metrics.json	58	256	0	0.48003452535310803	1.1255113849348377	1.586311261126347	6.455347908247347	1081	3216	1.8444578259950923	1.75 1.35 1.15 1.05
2b934b2d	ok	177407.2	177407.2	176845.1	0.3178487840488686	5.81	0.9635157545605306	-0.3178487840488686	-0.3178487840488686	0.0	0	<ORIGINAL_WORKSPACE>/OpenROAD-flow-scripts/flow/reports/nangate45/aes/place_batch_20260421_220319/dpl_evolve_baseline/openroad_dpl_hpwl_only_9case_bo_place_batch_20260421_220319_aes_nangate45_trial_2b934b2d_63a936804752/metrics.json	9	64 8	0	0.2383073685176102	0.620892774502153	1.2357899314572771	73.41488456763226	808	2741	1.0799939947718862	2.50 1.75 1.25 1.08
2be2f8c4	ok	175932.7	175932.7	176845.1	-0.5159317391321525	7.252	1.2026533996683249	0.3849900683193085	0.5159317391321525	0.130941670812844	0	<ORIGINAL_WORKSPACE>/OpenROAD-flow-scripts/flow/reports/nangate45/aes/place_batch_20260421_220319/dpl_evolve_baseline/openroad_dpl_hpwl_only_9case_bo_place_batch_20260421_220319_aes_nangate45_trial_2be2f8c4_de785cc4a0b6/metrics.json	87	64 8	0	0.10127991077434682	1.9489406693926405	0.7102943468070382	122.0768732119195	483	3461	1.2016280335606604	1.10 1.04
2bf79f52	ok	175973.3	175973.3	176845.1	-0.49297379458069096	7.795	1.292703150912106	0.2517010614938694	0.4929737945806909	0.24127273308682148	0	<ORIGINAL_WORKSPACE>/OpenROAD-flow-scripts/flow/reports/nangate45/aes/place_batch_20260421_220319/dpl_evolve_baseline/openroad_dpl_hpwl_only_9case_bo_place_batch_20260421_220319_aes_nangate45_trial_2bf79f52_bec1f1de8870/metrics.json	88	64 8	1	0.469368375641621	0.40599183724917376	0.9385657392859192	122.16259212313126	451	398	1.5935159019939102	omit
2ca2bed6	ok	176447.2	176447.2	176845.1	-0.22499916593674021	7.057	1.1703150912106137	0.13468239019476777	0.22499916593674021	0.09031677574197244	0	<ORIGINAL_WORKSPACE>/OpenROAD-flow-scripts/flow/reports/nangate45/aes/place_batch_20260421_220319/dpl_evolve_baseline/openroad_dpl_hpwl_only_9case_bo_place_batch_20260421_220319_aes_nangate45_trial_2ca2bed6_d35a2e0e11b7/metrics.json	126	64 8	1	0.2146396027432022	0.5644110004123184	1.460403317584608	119.26417896404357	380	980	1.6006429592339906	1.75 1.35 1.15 1.05
2d26b372	ok	177515.1	177515.1	176845.1	0.3788626317607895	5.788	0.9598673300165838	-0.3788626317607895	-0.3788626317607895	0.0	0	<ORIGINAL_WORKSPACE>/OpenROAD-flow-scripts/flow/reports/nangate45/aes/place_batch_20260421_220319/dpl_evolve_baseline/openroad_dpl_hpwl_only_9case_bo_place_batch_20260421_220319_aes_nangate45_trial_2d26b372_e9a4da555832/metrics.json	59	64 8	0	0.1671871022523994	1.9715309389941396	1.532841521029098	141.67601807929242	489	3093	1.19608334663456	1.10 1.04
2e1b1cc8	ok	174727.0	174727.0	176845.1	-1.1977148363172097	8.34	1.3830845771144278	0.8495055502370402	1.1977148363172097	0.34820928608016943	0	<ORIGINAL_WORKSPACE>/OpenROAD-flow-scripts/flow/reports/nangate45/aes/place_batch_20260421_220319/dpl_evolve_baseline/openroad_dpl_hpwl_only_9case_bo_place_batch_20260421_220319_aes_nangate45_trial_2e1b1cc8_d6949cd9c85e/metrics.json	99	64 8	1	0.3923800277909938	0.6088755800184054	0.7135273446111678	113.57529466624597	475	2499	1.40623075328241	omit
2eaee14b	ok	176386.5	176386.5	176845.1	-0.2593229894410452	7.043	1.167993366500829	0.17194434184094798	0.2593229894410452	0.08737864760009723	0	<ORIGINAL_WORKSPACE>/OpenROAD-flow-scripts/flow/reports/nangate45/aes/place_batch_20260421_220319/dpl_evolve_baseline/openroad_dpl_hpwl_only_9case_bo_place_batch_20260421_220319_aes_nangate45_trial_2eaee14b_f851fa8c1032/metrics.json	14	64 8	1	0.5251686493702783	1.481464166533272	1.9837835074225938	6.864760699323076	962	2916	1.8314908323256174	1.50 1.25 1.10 1.04
2ecd64ee	ok	177918.7	177918.7	176845.1	0.6070849574005759	5.933	0.9839137645107794	-0.6070849574005759	-0.6070849574005759	0.0	0	<ORIGINAL_WORKSPACE>/OpenROAD-flow-scripts/flow/reports/nangate45/aes/place_batch_20260421_220319/dpl_evolve_baseline/openroad_dpl_hpwl_only_9case_bo_place_batch_20260421_220319_aes_nangate45_trial_2ecd64ee_6c17de0fe9f0/metrics.json	88	1024	1	0.5580211981223877	0.26704250701041066	1.3398055202376635	148.7801124847165	640	2554	1.8484570515453254	1.50 1.25 1.10 1.04
2f3716a3	ok	177029.3	177029.3	176845.1	0.10415895040347882	7.234	1.1996683250414593	-0.23137369711404565	-0.10415895040347882	0.12721474671056682	0	<ORIGINAL_WORKSPACE>/OpenROAD-flow-scripts/flow/reports/nangate45/aes/place_batch_20260421_220319/dpl_evolve_baseline/openroad_dpl_hpwl_only_9case_bo_place_batch_20260421_220319_aes_nangate45_trial_2f3716a3_a078538837a9/metrics.json	101	omit	1	0.596943541986729	1.639544792839055	0.8804746731193154	139.8784330777307	804	1493	1.6423506956128213	1.10 1.04
2fcdd1b8	ok	175938.2	175938.2	176845.1	-0.5128216727520266	6.863	1.1381426202321725	0.46348234025702245	0.5128216727520266	0.049339332495004176	0	<ORIGINAL_WORKSPACE>/OpenROAD-flow-scripts/flow/reports/nangate45/aes/place_batch_20260421_220319/dpl_evolve_baseline/openroad_dpl_hpwl_only_9case_bo_place_batch_20260421_220319_aes_nangate45_trial_2fcdd1b8_3fa6d6049689/metrics.json	28	64 8	1	0.44194938996724553	1.4352873092533485	1.0162616126056623	40.9228488878333	1148	3573	1.7111119917479858	1.25 1.10 1.04
3064bbfc	ok	178497.3	178497.3	176845.1	0.9342639405898057	5.965	0.9892205638474294	-0.9342639405898057	-0.9342639405898057	0.0	0	<ORIGINAL_WORKSPACE>/OpenROAD-flow-scripts/flow/reports/nangate45/aes/place_batch_20260421_220319/dpl_evolve_baseline/openroad_dpl_hpwl_only_9case_bo_place_batch_20260421_220319_aes_nangate45_trial_3064bbfc_6771c007cd15/metrics.json	38	64	0	0.29388809654262005	1.7352050175084117	0.2376207079131592	119.59457693089009	566	3527	1.6174744402758845	1.10 1.04
307407da	ok	177734.1	177734.1	176845.1	0.5026998203512566	6.073	1.0071310116086236	-0.5026998203512565	-0.5026998203512565	0.0	0	<ORIGINAL_WORKSPACE>/OpenROAD-flow-scripts/flow/reports/nangate45/aes/place_batch_20260421_220319/dpl_evolve_baseline/openroad_dpl_hpwl_only_9case_bo_place_batch_20260421_220319_aes_nangate45_trial_307407da_672e58b0b75a/metrics.json	89	512 64	1	0.35535919612483463	0.9541665810052758	1.4111693559014182	120.64773183260677	915	3300	1.4008474728405085	omit
30dcdbec	ok	176113.6	176113.6	176845.1	-0.4136388285567426	7.465	1.237976782752902	0.23894156908856568	0.41363882855674255	0.17469725946817688	0	<ORIGINAL_WORKSPACE>/OpenROAD-flow-scripts/flow/reports/nangate45/aes/place_batch_20260421_220319/dpl_evolve_baseline/openroad_dpl_hpwl_only_9case_bo_place_batch_20260421_220319_aes_nangate45_trial_30dcdbec_0d35ecc88a7d/metrics.json	8	64 8	1	0.12521945930383052	0.5298179261817932	1.0871509875941396	133.65102620663814	606	3890	1.7801457346251368	omit
313754c3	ok	176383.2	176383.2	176845.1	-0.26118902926911414	7.052	1.169485903814262	0.17192125016079005	0.26118902926911414	0.08926777910832409	0	<ORIGINAL_WORKSPACE>/OpenROAD-flow-scripts/flow/reports/nangate45/aes/place_batch_20260421_220319/dpl_evolve_baseline/openroad_dpl_hpwl_only_9case_bo_place_batch_20260421_220319_aes_nangate45_trial_313754c3_4a0570fa398c/metrics.json	42	64 8	1	0.040262194968515116	1.073822271621189	1.1889870904566964	128.786767971929	1142	3855	1.5871535999478286	omit
3167fa24	ok	177100.5	177100.5	176845.1	0.14442017336075139	7.271	1.205804311774461	-0.2792908052401867	-0.14442017336075139	0.13487063187943527	0	<ORIGINAL_WORKSPACE>/OpenROAD-flow-scripts/flow/reports/nangate45/aes/place_batch_20260421_220319/dpl_evolve_baseline/openroad_dpl_hpwl_only_9case_bo_place_batch_20260421_220319_aes_nangate45_trial_3167fa24_465cc79d87a3/metrics.json	45	omit	0	0.29455414417606574	1.32593670454279	1.8474687588763032	135.5380504533304	107	444	1.5179516134118465	1.25 1.10 1.04
32413db7	ok	177669.7	177669.7	176845.1	0.46628377037305857	5.448	0.9034825870646767	-0.46628377037305857	-0.46628377037305857	0.0	0	<ORIGINAL_WORKSPACE>/OpenROAD-flow-scripts/flow/reports/nangate45/aes/place_batch_20260421_220319/dpl_evolve_baseline/openroad_dpl_hpwl_only_9case_bo_place_batch_20260421_220319_aes_nangate45_trial_32413db7_15fc2aa88aa7/metrics.json	22	64 8	1	0.39034397846236996	0.9590499340285359	0.9295182311443002	4.02759919040318	1159	2306	1.6850183266257275	1.25 1.10 1.04
325ad36a	ok	177798.2	177798.2	176845.1	0.5389462303450906	6.094	1.0106135986733003	-0.5389462303450906	-0.5389462303450906	0.0	0	<ORIGINAL_WORKSPACE>/OpenROAD-flow-scripts/flow/reports/nangate45/aes/place_batch_20260421_220319/dpl_evolve_baseline/openroad_dpl_hpwl_only_9case_bo_place_batch_20260421_220319_aes_nangate45_trial_325ad36a_54728ef97aa8/metrics.json	120	512	1	0.5705434411050418	0.08457623227289052	1.4574328411237507	132.17116697562264	511	1043	1.8818956090844299	1.75 1.35 1.15 1.05
326da9c8	ok	176580.5	176580.5	176845.1	-0.14962246621478673	7.201	1.194195688225539	0.029252476425086105	0.14962246621478673	0.12036998978970062	0	<ORIGINAL_WORKSPACE>/OpenROAD-flow-scripts/flow/reports/nangate45/aes/place_batch_20260421_220319/dpl_evolve_baseline/openroad_dpl_hpwl_only_9case_bo_place_batch_20260421_220319_aes_nangate45_trial_326da9c8_5f484bc9718e/metrics.json	66	64 8	1	0.3793743041687699	1.0228574236048298	1.2707782822715397	34.88482670832817	1089	3656	1.6038435943701415	1.10 1.04
328b2555	ok	177878.7	177878.7	176845.1	0.5844662928178421	5.95	0.9867330016583747	-0.5844662928178421	-0.5844662928178421	0.0	0	<ORIGINAL_WORKSPACE>/OpenROAD-flow-scripts/flow/reports/nangate45/aes/place_batch_20260421_220319/dpl_evolve_baseline/openroad_dpl_hpwl_only_9case_bo_place_batch_20260421_220319_aes_nangate45_trial_328b2555_bb126c9e0ce2/metrics.json	8	256 32	0	0.09979644327667832	1.7984750560204674	0.9855408094629127	103.73975011131446	455	3074	1.3641985876891627	1.10 1.04
34aafab8	ok	175959.4	175959.4	176845.1	-0.5008337805231876	7.024	1.1648424543946931	0.41744726734540416	0.5008337805231876	0.08338651317778348	0	<ORIGINAL_WORKSPACE>/OpenROAD-flow-scripts/flow/reports/nangate45/aes/place_batch_20260421_220319/dpl_evolve_baseline/openroad_dpl_hpwl_only_9case_bo_place_batch_20260421_220319_aes_nangate45_trial_34aafab8_29943ae6ba03/metrics.json	123	64 8	1	0.4316064819583683	0.8007787158391579	1.5191575125982424	89.42933437669058	720	2243	1.2602621956258582	1.25 1.10 1.04
34c3bf63	ok	176956.0	176956.0	176845.1	0.0627102475556259	7.084	1.174792703150912	-0.15868519472145215	-0.0627102475556259	0.09597494716582625	0	<ORIGINAL_WORKSPACE>/OpenROAD-flow-scripts/flow/reports/nangate45/aes/place_batch_20260421_220319/dpl_evolve_baseline/openroad_dpl_hpwl_only_9case_bo_place_batch_20260421_220319_aes_nangate45_trial_34c3bf63_efc2f942c0b7/metrics.json	60	256	1	0.7615172133778554	0.9748514049357911	1.095918349044736	141.69822930514107	512	3082	1.4826745328272668	1.10 1.04
3501464a	ok	178449.9	178449.9	176845.1	0.9074608230592696	5.625	0.9328358208955223	-0.9074608230592696	-0.9074608230592696	0.0	0	<ORIGINAL_WORKSPACE>/OpenROAD-flow-scripts/flow/reports/nangate45/aes/place_batch_20260421_220319/dpl_evolve_baseline/openroad_dpl_hpwl_only_9case_bo_place_batch_20260421_220319_aes_nangate45_trial_3501464a_174749a9f580/metrics.json	60	128 16	1	0.46218593737358854	1.8419799209874315	0.8893007408797067	143.81479702291236	650	105	1.5904143701597302	omit
351c2d73	ok	176263.0	176263.0	176845.1	-0.3291581163402355	7.114	1.1797678275290215	0.22690894385123306	0.3291581163402355	0.10224917248900245	0	<ORIGINAL_WORKSPACE>/OpenROAD-flow-scripts/flow/reports/nangate45/aes/place_batch_20260421_220319/dpl_evolve_baseline/openroad_dpl_hpwl_only_9case_bo_place_batch_20260421_220319_aes_nangate45_trial_351c2d73_9f658cfec428/metrics.json	39	64 8	1	0.3967346014418929	1.2382132312268876	1.4573734522699373	7.026009635568846	1156	3919	1.9178757093463727	2.50 1.75 1.25 1.08
35eb0c81	ok	175932.7	175932.7	176845.1	-0.5159317391321525	7.004	1.1615257048092869	0.4367533102164168	0.5159317391321525	0.07917842891573573	0	<ORIGINAL_WORKSPACE>/OpenROAD-flow-scripts/flow/reports/nangate45/aes/place_batch_20260421_220319/dpl_evolve_baseline/openroad_dpl_hpwl_only_9case_bo_place_batch_20260421_220319_aes_nangate45_trial_35eb0c81_7f790adc16fb/metrics.json	87	64 8	1	0.23245302418457187	1.6406085825625656	0.8330256741064942	129.28797972812916	1084	2208	1.2566610001197156	1.04
37564b8f	ok	175743.6	175743.6	176845.1	-0.6228614759470293	7.305	1.2114427860696517	0.480972862347267	0.6228614759470293	0.14188861359976235	0	<ORIGINAL_WORKSPACE>/OpenROAD-flow-scripts/flow/reports/nangate45/aes/place_batch_20260421_220319/dpl_evolve_baseline/openroad_dpl_hpwl_only_9case_bo_place_batch_20260421_220319_aes_nangate45_trial_37564b8f_150da16e8e1d/metrics.json	121	64 8	1	0.49711528121061893	1.1996318461892388	1.137035761334792	125.8417624162647	385	1927	1.2464558689519678	omit
37c0e602	ok	176041.6	176041.6	176845.1	-0.4543524248056633	7.206	1.1950248756218906	0.3329443439991539	0.45435242480566324	0.12140808080650933	0	<ORIGINAL_WORKSPACE>/OpenROAD-flow-scripts/flow/reports/nangate45/aes/place_batch_20260421_220319/dpl_evolve_baseline/openroad_dpl_hpwl_only_9case_bo_place_batch_20260421_220319_aes_nangate45_trial_37c0e602_33bd52023ffd/metrics.json	100	64 8	1	0.059382211358352394	1.9621507174003834	0.634502678098357	126.22909994295489	697	3071	1.2182830112894019	2.00 1.50 1.20 1.05
390e7374	ok	178670.9	178670.9	176845.1	1.0324289448788733	5.895	0.9776119402985074	-1.0324289448788733	-1.0324289448788733	0.0	0	<ORIGINAL_WORKSPACE>/OpenROAD-flow-scripts/flow/reports/nangate45/aes/place_batch_20260421_220319/dpl_evolve_baseline/openroad_dpl_hpwl_only_9case_bo_place_batch_20260421_220319_aes_nangate45_trial_390e7374_5b7a9f9cd75c/metrics.json	41	512 64	0	0.828845807980693	1.1494230094162046	1.2747485866993333	42.83644225435409	725	3025	1.8583138364290424	1.75 1.35 1.15 1.05
3a377213	ok	178559.6	178559.6	176845.1	0.9694925106774234	5.899	0.9782752902155887	-0.9694925106774234	-0.9694925106774234	0.0	0	<ORIGINAL_WORKSPACE>/OpenROAD-flow-scripts/flow/reports/nangate45/aes/place_batch_20260421_220319/dpl_evolve_baseline/openroad_dpl_hpwl_only_9case_bo_place_batch_20260421_220319_aes_nangate45_trial_3a377213_580f10d61498/metrics.json	12	512	0	0.08489899656522759	0.9548344561726259	0.18093852348293182	145.32415106122298	978	3904	1.6565027193520199	1.10 1.04
3a94419e	ok	177809.4	177809.4	176845.1	0.5452794564282462	5.538	0.918407960199005	-0.5452794564282462	-0.5452794564282462	0.0	0	<ORIGINAL_WORKSPACE>/OpenROAD-flow-scripts/flow/reports/nangate45/aes/place_batch_20260421_220319/dpl_evolve_baseline/openroad_dpl_hpwl_only_9case_bo_place_batch_20260421_220319_aes_nangate45_trial_3a94419e_6bd3eb2062ee/metrics.json	74	128 16	0	0.032426325314457105	0.1871541916349615	0.17747484433234145	67.7599723037213	482	3904	1.1679832931996148	omit
3ef41a98	ok	178495.7	178495.7	176845.1	0.9333591940065096	6.371	1.0565505804311774	-0.9333591940065096	-0.9333591940065096	0.0	0	<ORIGINAL_WORKSPACE>/OpenROAD-flow-scripts/flow/reports/nangate45/aes/place_batch_20260421_220319/dpl_evolve_baseline/openroad_dpl_hpwl_only_9case_bo_place_batch_20260421_220319_aes_nangate45_trial_3ef41a98_473ad4b895c1/metrics.json	106	128 16	1	0.5112478050802112	1.7542978456912581	0.9500030402758903	142.5264587705599	211	2607	1.1059255844389457	1.10 1.04
3f0c12f9	ok	175986.3	175986.3	176845.1	-0.48562272859130245	7.054	1.1698175787728027	0.39593530621825657	0.48562272859130245	0.08968742237304592	0	<ORIGINAL_WORKSPACE>/OpenROAD-flow-scripts/flow/reports/nangate45/aes/place_batch_20260421_220319/dpl_evolve_baseline/openroad_dpl_hpwl_only_9case_bo_place_batch_20260421_220319_aes_nangate45_trial_3f0c12f9_c6e722de40a5/metrics.json	114	64 8	1	0.3312954073606821	0.4844773254972329	0.6799992022344041	100.52286990842511	340	2894	1.5844057472379083	omit
3f2900ce	ok	176447.2	176447.2	176845.1	-0.22499916593674021	7.155	1.1865671641791045	0.11419657466424468	0.22499916593674021	0.11080259127249553	0	<ORIGINAL_WORKSPACE>/OpenROAD-flow-scripts/flow/reports/nangate45/aes/place_batch_20260421_220319/dpl_evolve_baseline/openroad_dpl_hpwl_only_9case_bo_place_batch_20260421_220319_aes_nangate45_trial_3f2900ce_22ce43b0e1ab/metrics.json	126	64 8	1	0.5564739383458586	0.11560779370498996	1.3388380693456883	104.12283805203641	828	2133	1.7848465768052877	1.04
4161b7c1	ok	177025.2	177025.2	176845.1	0.10184053728376177	6.888	1.1422885572139303	-0.15649269155280637	-0.10184053728376179	0.05465215426904458	0	<ORIGINAL_WORKSPACE>/OpenROAD-flow-scripts/flow/reports/nangate45/aes/place_batch_20260421_220319/dpl_evolve_baseline/openroad_dpl_hpwl_only_9case_bo_place_batch_20260421_220319_aes_nangate45_trial_4161b7c1_09d345743250/metrics.json	63	512	1	0.5781679185444076	1.2049512076128728	0.42248040894911587	127.04641446305874	514	2052	1.6022205304084316	1.10 1.04
43aa2798	ok	176053.3	176053.3	176845.1	-0.4477364654152235	7.35	1.2189054726368158	0.2965844113586123	0.4477364654152235	0.1511520540566112	0	<ORIGINAL_WORKSPACE>/OpenROAD-flow-scripts/flow/reports/nangate45/aes/place_batch_20260421_220319/dpl_evolve_baseline/openroad_dpl_hpwl_only_9case_bo_place_batch_20260421_220319_aes_nangate45_trial_43aa2798_19d8c2cea13b/metrics.json	83	64 8	0	0.2156771404276288	1.7829112474895366	1.877894815878894	38.39520052781478	913	3102	1.961219091951278	omit
43e13765	ok	178565.9	178565.9	176845.1	0.9730549503491973	5.932	0.9837479270315092	-0.9730549503491973	-0.9730549503491973	0.0	0	<ORIGINAL_WORKSPACE>/OpenROAD-flow-scripts/flow/reports/nangate45/aes/place_batch_20260421_220319/dpl_evolve_baseline/openroad_dpl_hpwl_only_9case_bo_place_batch_20260421_220319_aes_nangate45_trial_43e13765_d81ceff011bb/metrics.json	55	512	0	0.49338140604878994	1.4933071676112728	0.7716486193951987	22.35282304976019	739	3544	1.7434653989565245	1.25 1.10 1.04
468974a9	ok	177948.8	177948.8	176845.1	0.6241055024990698	5.928	0.9830845771144278	-0.6241055024990698	-0.6241055024990698	0.0	0	<ORIGINAL_WORKSPACE>/OpenROAD-flow-scripts/flow/reports/nangate45/aes/place_batch_20260421_220319/dpl_evolve_baseline/openroad_dpl_hpwl_only_9case_bo_place_batch_20260421_220319_aes_nangate45_trial_468974a9_f1812892dfd4/metrics.json	115	128 16	1	0.79351711898154	1.1694713248820716	1.0123661070585466	131.7484385867269	545	818	1.3554950315958658	omit
48b007b9	ok	176845.1	176845.1	176845.1	0.0	6.706	1.112106135986733	-0.01575125091617908	0.0	0.01575125091617908	0	<ORIGINAL_WORKSPACE>/OpenROAD-flow-scripts/flow/reports/nangate45/aes/place_batch_20260421_220319/dpl_evolve_baseline/openroad_dpl_hpwl_only_9case_bo_place_batch_20260421_220319_aes_nangate45_trial_48b007b9_9939d995f2bb/metrics.json	1	1024	0	0.4	0.4	0.6	35.0	150	1000	1.1	omit
4940f4c9	ok	176301.8	176301.8	176845.1	-0.3072180116949904	7.336	1.2165837479270316	0.15894487052130518	0.3072180116949904	0.14827314117368523	0	<ORIGINAL_WORKSPACE>/OpenROAD-flow-scripts/flow/reports/nangate45/aes/place_batch_20260421_220319/dpl_evolve_baseline/openroad_dpl_hpwl_only_9case_bo_place_batch_20260421_220319_aes_nangate45_trial_4940f4c9_5e5076938119/metrics.json	105	64 8	1	0.6570931988874669	1.269060332711909	0.9547693257043646	112.37647118728643	620	891	1.6011402619946715	1.25 1.10 1.04
49984f90	ok	177951.6	177951.6	176845.1	0.625688809019871	5.736	0.9512437810945272	-0.625688809019871	-0.625688809019871	0.0	0	<ORIGINAL_WORKSPACE>/OpenROAD-flow-scripts/flow/reports/nangate45/aes/place_batch_20260421_220319/dpl_evolve_baseline/openroad_dpl_hpwl_only_9case_bo_place_batch_20260421_220319_aes_nangate45_trial_49984f90_6c71e6f869a2/metrics.json	28	256 32	0	0.9475489413950998	0.4428654686469766	0.5707904383845133	12.2210947315893	543	525	1.6337867606119179	2.50 1.75 1.25 1.08
4c52afc9	ok	176482.6	176482.6	176845.1	-0.20498164778102418	6.969	1.1557213930348258	0.1331818492429046	0.20498164778102418	0.07179979853811959	0	<ORIGINAL_WORKSPACE>/OpenROAD-flow-scripts/flow/reports/nangate45/aes/place_batch_20260421_220319/dpl_evolve_baseline/openroad_dpl_hpwl_only_9case_bo_place_batch_20260421_220319_aes_nangate45_trial_4c52afc9_9a8dfb750f62/metrics.json	122	64 8	1	0.48740539643052455	1.5330398247748076	0.6965941406594616	81.58659480620749	68	147	1.411642673314877	2.50 1.75 1.25 1.08
4db7fb76	ok	178010.8	178010.8	176845.1	0.6591644326023071	5.935	0.98424543946932	-0.6591644326023071	-0.6591644326023071	0.0	0	<ORIGINAL_WORKSPACE>/OpenROAD-flow-scripts/flow/reports/nangate45/aes/place_batch_20260421_220319/dpl_evolve_baseline/openroad_dpl_hpwl_only_9case_bo_place_batch_20260421_220319_aes_nangate45_trial_4db7fb76_7572c503165f/metrics.json	126	128 16	1	0.7636386433871617	1.958034118074653	1.0775454621468639	64.66779279349949	252	3343	1.0268545823033846	1.10 1.04
4dbb8162	ok	175822.5	175822.5	176845.1	-0.5782461600575904	7.338	1.216915422885572	0.4295615775309909	0.5782461600575904	0.14868458252659955	0	<ORIGINAL_WORKSPACE>/OpenROAD-flow-scripts/flow/reports/nangate45/aes/place_batch_20260421_220319/dpl_evolve_baseline/openroad_dpl_hpwl_only_9case_bo_place_batch_20260421_220319_aes_nangate45_trial_4dbb8162_642cfd43871d/metrics.json	117	64 8	1	0.38443902646989764	1.6191920384967629	1.1043863776821308	120.78491954602585	430	2234	1.2804776574090107	1.10 1.04
4ec4edd1	ok	177980.0	177980.0	176845.1	0.6417480608736087	5.946	0.9860696517412935	-0.6417480608736087	-0.6417480608736087	0.0	0	<ORIGINAL_WORKSPACE>/OpenROAD-flow-scripts/flow/reports/nangate45/aes/place_batch_20260421_220319/dpl_evolve_baseline/openroad_dpl_hpwl_only_9case_bo_place_batch_20260421_220319_aes_nangate45_trial_4ec4edd1_98e0e1a25a47/metrics.json	94	128	1	0.01685651255871902	0.8842576746951123	0.6957780276734675	135.62833010493745	472	2527	1.0748760117104827	2.00 1.50 1.20 1.05
4f0fdf41	ok	178604.1	178604.1	176845.1	0.9946557750257147	5.681	0.94212271973466	-0.9946557750257146	-0.9946557750257146	0.0	0	<ORIGINAL_WORKSPACE>/OpenROAD-flow-scripts/flow/reports/nangate45/aes/place_batch_20260421_220319/dpl_evolve_baseline/openroad_dpl_hpwl_only_9case_bo_place_batch_20260421_220319_aes_nangate45_trial_4f0fdf41_d15be4d5f5f2/metrics.json	71	128 16	0	0.46575757649328725	1.8826776891661519	1.2162678312852413	21.288470273493203	1152	3764	1.872362620983265	1.50 1.25 1.10 1.04
4f3181b6	ok	177862.7	177862.7	176845.1	0.5754188269847487	5.707	0.9464344941956881	-0.5754188269847487	-0.5754188269847487	0.0	0	<ORIGINAL_WORKSPACE>/OpenROAD-flow-scripts/flow/reports/nangate45/aes/place_batch_20260421_220319/dpl_evolve_baseline/openroad_dpl_hpwl_only_9case_bo_place_batch_20260421_220319_aes_nangate45_trial_4f3181b6_0e06eebf4c8a/metrics.json	98	32	1	0.19410125599567615	1.8146758161376257	0.7975762677192797	148.31215385681801	371	3094	1.1855449145806327	2.00 1.50 1.20 1.05
506b1c43	ok	177954.5	177954.5	176845.1	0.6273286622021159	5.999	0.9948590381426201	-0.6273286622021159	-0.6273286622021159	0.0	0	<ORIGINAL_WORKSPACE>/OpenROAD-flow-scripts/flow/reports/nangate45/aes/place_batch_20260421_220319/dpl_evolve_baseline/openroad_dpl_hpwl_only_9case_bo_place_batch_20260421_220319_aes_nangate45_trial_506b1c43_8f0e7971ab57/metrics.json	93	128	1	0.5310128315594153	1.4789696069889158	1.3558470630178452	24.146302631953688	922	3615	1.9282343918554754	omit
5150b8dc	ok	176340.7	176340.7	176845.1	-0.28522136038826873	6.83	1.1326699834162521	0.2429097916050607	0.2852213603882687	0.04231156878320795	0	<ORIGINAL_WORKSPACE>/OpenROAD-flow-scripts/flow/reports/nangate45/aes/place_batch_20260421_220319/dpl_evolve_baseline/openroad_dpl_hpwl_only_9case_bo_place_batch_20260421_220319_aes_nangate45_trial_5150b8dc_f7ae36a0eb1d/metrics.json	85	64 8	1	0.17012706670332656	1.035681220491735	0.3441327613377537	99.3242971883059	198	327	1.253599659745164	2.50 1.75 1.25 1.08
523d10bb	ok	175821.1	175821.1	176845.1	-0.5790378133179828	7.399	1.2270315091210613	0.4178310945838484	0.5790378133179828	0.16120671873413436	0	<ORIGINAL_WORKSPACE>/OpenROAD-flow-scripts/flow/reports/nangate45/aes/place_batch_20260421_220319/dpl_evolve_baseline/openroad_dpl_hpwl_only_9case_bo_place_batch_20260421_220319_aes_nangate45_trial_523d10bb_0da0e43bcd87/metrics.json	98	64 8	1	0.1456440260208796	1.9634223239659623	0.9740088126798516	133.4053075701513	683	2868	1.2441855624313973	1.50 1.25 1.10 1.04
533f9552	ok	176847.0	176847.0	176845.1	0.0010743865676765595	7.005	1.1616915422885572	-0.08046336227736832	-0.0010743865676765595	0.07938897570969176	0	<ORIGINAL_WORKSPACE>/OpenROAD-flow-scripts/flow/reports/nangate45/aes/place_batch_20260421_220319/dpl_evolve_baseline/openroad_dpl_hpwl_only_9case_bo_place_batch_20260421_220319_aes_nangate45_trial_533f9552_c85069743ab4/metrics.json	4	128 16	0	0.028825106465561662	1.9330223700162081	0.46194583010239454	139.78178956078145	985	3440	1.4061304539605528	1.10 1.04
534420cb	ok	177843.4	177843.4	176845.1	0.5645053213235698	5.938	0.9847429519071309	-0.5645053213235698	-0.5645053213235698	0.0	0	<ORIGINAL_WORKSPACE>/OpenROAD-flow-scripts/flow/reports/nangate45/aes/place_batch_20260421_220319/dpl_evolve_baseline/openroad_dpl_hpwl_only_9case_bo_place_batch_20260421_220319_aes_nangate45_trial_534420cb_0356e8b4b178/metrics.json	87	512 64	0	0.9760435504677476	0.3196673006881867	0.445074144178342	64.67726327405565	515	672	1.7293189193611234	1.75 1.35 1.15 1.05
535d5f86	ok	178604.2	178604.2	176845.1	0.9947123216871747	5.74	0.9519071310116086	-0.9947123216871747	-0.9947123216871747	0.0	0	<ORIGINAL_WORKSPACE>/OpenROAD-flow-scripts/flow/reports/nangate45/aes/place_batch_20260421_220319/dpl_evolve_baseline/openroad_dpl_hpwl_only_9case_bo_place_batch_20260421_220319_aes_nangate45_trial_535d5f86_39468ed5bd5f/metrics.json	84	32	1	0.21185891259589812	1.7469672624784556	0.2579740399482617	110.32556343799025	742	115	1.5574397739074175	1.04
54571a06	ok	178494.6	178494.6	176845.1	0.9327371807304811	5.808	0.9631840796019899	-0.9327371807304811	-0.9327371807304811	0.0	0	<ORIGINAL_WORKSPACE>/OpenROAD-flow-scripts/flow/reports/nangate45/aes/place_batch_20260421_220319/dpl_evolve_baseline/openroad_dpl_hpwl_only_9case_bo_place_batch_20260421_220319_aes_nangate45_trial_54571a06_7789f27fd162/metrics.json	13	256 32	0	0.44789352617590517	1.8171910061861911	0.622547589328675	43.16630078795231	199	175	1.678835532939891	1.04
56c8797e	ok	177926.6	177926.6	176845.1	0.6115521436556625	5.925	0.9825870646766168	-0.6115521436556625	-0.6115521436556625	0.0	0	<ORIGINAL_WORKSPACE>/OpenROAD-flow-scripts/flow/reports/nangate45/aes/place_batch_20260421_220319/dpl_evolve_baseline/openroad_dpl_hpwl_only_9case_bo_place_batch_20260421_220319_aes_nangate45_trial_56c8797e_7ca297a0b809/metrics.json	95	omit	0	0.6370902598964717	1.9187077871552138	1.0485193709821239	54.91434594929518	231	1615	1.2082460485768989	1.10 1.04
56f38b82	ok	176519.7	176519.7	176845.1	-0.18400283638053538	7.271	1.205804311774461	0.04913220450110012	0.18400283638053538	0.13487063187943527	0	<ORIGINAL_WORKSPACE>/OpenROAD-flow-scripts/flow/reports/nangate45/aes/place_batch_20260421_220319/dpl_evolve_baseline/openroad_dpl_hpwl_only_9case_bo_place_batch_20260421_220319_aes_nangate45_trial_56f38b82_81641e00450f/metrics.json	46	64 8	1	0.5575217554635772	1.427341236607752	1.3478324710310565	54.4067507255779	1089	3373	1.9475618473264595	omit
577cb08d	ok	177753.5	177753.5	176845.1	0.5136698726738791	6.12	1.0149253731343284	-0.5136698726738791	-0.5136698726738791	0.0	0	<ORIGINAL_WORKSPACE>/OpenROAD-flow-scripts/flow/reports/nangate45/aes/place_batch_20260421_220319/dpl_evolve_baseline/openroad_dpl_hpwl_only_9case_bo_place_batch_20260421_220319_aes_nangate45_trial_577cb08d_4022b2d53ff9/metrics.json	25	256 32	1	0.15128076486054592	0.7896453690226077	1.2613941895530512	101.644577647888	555	3319	1.534379590295797	1.04
582df214	ok	178474.7	178474.7	176845.1	0.9214843951005743	6.061	1.0051409618573797	-0.9214843951005743	-0.9214843951005743	0.0	0	<ORIGINAL_WORKSPACE>/OpenROAD-flow-scripts/flow/reports/nangate45/aes/place_batch_20260421_220319/dpl_evolve_baseline/openroad_dpl_hpwl_only_9case_bo_place_batch_20260421_220319_aes_nangate45_trial_582df214_810ceddbec41/metrics.json	15	128	0	0.20966995681100342	1.632656048056534	0.10593956972131924	63.637680326417225	974	3863	1.7198372484604747	1.25 1.10 1.04
585298ec	ok	176053.3	176053.3	176845.1	-0.4477364654152235	7.189	1.1922056384742952	0.32985936546156225	0.4477364654152235	0.11787709995366126	0	<ORIGINAL_WORKSPACE>/OpenROAD-flow-scripts/flow/reports/nangate45/aes/place_batch_20260421_220319/dpl_evolve_baseline/openroad_dpl_hpwl_only_9case_bo_place_batch_20260421_220319_aes_nangate45_trial_585298ec_d1bdd7899c51/metrics.json	83	64 8	1	0.2982365094586617	1.5577773354190745	1.3340066799793984	97.70819289631473	703	3708	1.004221239979594	1.50 1.25 1.10 1.04
58a80447	ok	175973.3	175973.3	176845.1	-0.49297379458069096	7.71	1.2786069651741292	0.2687123367561244	0.4929737945806909	0.2242614578245665	0	<ORIGINAL_WORKSPACE>/OpenROAD-flow-scripts/flow/reports/nangate45/aes/place_batch_20260421_220319/dpl_evolve_baseline/openroad_dpl_hpwl_only_9case_bo_place_batch_20260421_220319_aes_nangate45_trial_58a80447_ddf9cd022ae5/metrics.json	88	64 8	1	0.2173942944663374	0.46176378127037293	1.3202897350485727	74.66083520672512	822	3080	1.7396369846075637	omit
5b3738a2	ok	178577.9	178577.9	176845.1	0.9798405497240174	5.85	0.9701492537313432	-0.9798405497240174	-0.9798405497240174	0.0	0	<ORIGINAL_WORKSPACE>/OpenROAD-flow-scripts/flow/reports/nangate45/aes/place_batch_20260421_220319/dpl_evolve_baseline/openroad_dpl_hpwl_only_9case_bo_place_batch_20260421_220319_aes_nangate45_trial_5b3738a2_290f8ac62e35/metrics.json	51	32	1	0.5787371625480906	0.6092380915126422	0.20034016716759784	19.3682015867755	1146	3741	1.8965882270084045	1.75 1.35 1.15 1.05
5b666c6e	ok	176865.2	176865.2	176845.1	0.011365878952826976	6.882	1.1412935323383084	-0.06474383647887999	-0.011365878952826976	0.05337795752605301	0	<ORIGINAL_WORKSPACE>/OpenROAD-flow-scripts/flow/reports/nangate45/aes/place_batch_20260421_220319/dpl_evolve_baseline/openroad_dpl_hpwl_only_9case_bo_place_batch_20260421_220319_aes_nangate45_trial_5b666c6e_97275b3b3bf9/metrics.json	50	64	1	0.5019368266639588	1.0354876864684859	0.9401612439610725	7.500874073461598	955	3950	1.6252526289810907	1.50 1.25 1.10 1.04
5c11d77f	ok	177844.6	177844.6	176845.1	0.5651838812610585	5.44	0.9021558872305141	-0.5651838812610583	-0.5651838812610583	0.0	0	<ORIGINAL_WORKSPACE>/OpenROAD-flow-scripts/flow/reports/nangate45/aes/place_batch_20260421_220319/dpl_evolve_baseline/openroad_dpl_hpwl_only_9case_bo_place_batch_20260421_220319_aes_nangate45_trial_5c11d77f_1e663b37749e/metrics.json	94	128 16	1	0.6029596160326373	0.14381318927271702	0.8745122174499649	112.06713847113	689	3746	1.6666684889238024	omit
5cea7eb1	ok	177827.7	177827.7	176845.1	0.5556274954748567	6.082	1.0086235489220563	-0.5556274954748567	-0.5556274954748567	0.0	0	<ORIGINAL_WORKSPACE>/OpenROAD-flow-scripts/flow/reports/nangate45/aes/place_batch_20260421_220319/dpl_evolve_baseline/openroad_dpl_hpwl_only_9case_bo_place_batch_20260421_220319_aes_nangate45_trial_5cea7eb1_eaceddf4ef36/metrics.json	34	256 32	0	0.2906549946640541	1.1432767531428607	1.8671154801065954	109.91460766191146	660	3796	1.0669748792053366	1.75 1.35 1.15 1.05
5db6380f	ok	176870.6	176870.6	176845.1	0.014419398671492736	7.082	1.1744610281923713	-0.1099755922137695	-0.014419398671492735	0.09555619354227676	0	<ORIGINAL_WORKSPACE>/OpenROAD-flow-scripts/flow/reports/nangate45/aes/place_batch_20260421_220319/dpl_evolve_baseline/openroad_dpl_hpwl_only_9case_bo_place_batch_20260421_220319_aes_nangate45_trial_5db6380f_631053ab561c/metrics.json	59	32	0	0.5400813517664909	1.8044704885766067	0.9828986789227796	37.24404198985123	1128	3295	1.9799545293984253	1.25 1.10 1.04
5db97969	ok	175821.1	175821.1	176845.1	-0.5790378133179828	7.296	1.2099502487562188	0.43900530851770064	0.5790378133179828	0.14003250480028212	0	<ORIGINAL_WORKSPACE>/OpenROAD-flow-scripts/flow/reports/nangate45/aes/place_batch_20260421_220319/dpl_evolve_baseline/openroad_dpl_hpwl_only_9case_bo_place_batch_20260421_220319_aes_nangate45_trial_5db97969_22d54ecb4cf8/metrics.json	98	64 8	1	0.6255154507527158	1.809650133710257	0.9308942330977008	62.76978011786319	613	2077	1.2081352148726638	1.75 1.35 1.15 1.05
5e6e4ed5	ok	176048.5	176048.5	176845.1	-0.450450705165145	7.555	1.2529021558872304	0.2574529989265628	0.45045070516514496	0.19299770623858212	0	<ORIGINAL_WORKSPACE>/OpenROAD-flow-scripts/flow/reports/nangate45/aes/place_batch_20260421_220319/dpl_evolve_baseline/openroad_dpl_hpwl_only_9case_bo_place_batch_20260421_220319_aes_nangate45_trial_5e6e4ed5_40bfe4bfb8a5/metrics.json	57	64 8	1	0.8438623740366447	0.7455871410126496	0.9880019467730383	78.10313492226095	1143	2637	1.812863857973825	1.75 1.35 1.15 1.05
5e8b12a0	ok	175950.5	175950.5	176845.1	-0.5058664333928425	7.309	1.212106135986733	0.3631532495766856	0.5058664333928425	0.1427131838161569	0	<ORIGINAL_WORKSPACE>/OpenROAD-flow-scripts/flow/reports/nangate45/aes/place_batch_20260421_220319/dpl_evolve_baseline/openroad_dpl_hpwl_only_9case_bo_place_batch_20260421_220319_aes_nangate45_trial_5e8b12a0_5d9ae6a75ddc/metrics.json	69	64 8	1	0.044805035505510404	1.8748066970538264	0.277066466272247	120.00152707952505	1092	477	1.4224377643322872	omit
5f364b5d	ok	176504.0	176504.0	176845.1	-0.19288066222926495	6.983	1.1580431177446102	0.11812719311534972	0.19288066222926495	0.07475346911391523	0	<ORIGINAL_WORKSPACE>/OpenROAD-flow-scripts/flow/reports/nangate45/aes/place_batch_20260421_220319/dpl_evolve_baseline/openroad_dpl_hpwl_only_9case_bo_place_batch_20260421_220319_aes_nangate45_trial_5f364b5d_efd036b29d0f/metrics.json	48	64 8	0	0.7180648634740617	1.7398873749870585	0.6649272529326928	8.060733137704986	939	3660	1.9936251709534412	1.25 1.10 1.04
5f6a7336	ok	177904.1	177904.1	176845.1	0.5988291448278749	6.081	1.0084577114427862	-0.5988291448278747	-0.5988291448278747	0.0	0	<ORIGINAL_WORKSPACE>/OpenROAD-flow-scripts/flow/reports/nangate45/aes/place_batch_20260421_220319/dpl_evolve_baseline/openroad_dpl_hpwl_only_9case_bo_place_batch_20260421_220319_aes_nangate45_trial_5f6a7336_a4907bbe0c19/metrics.json	40	64	0	0.0416736059355956	0.6893741503479414	1.4798405386651796	91.20269959306677	173	3555	1.131432504508125	1.75 1.35 1.15 1.05
61fee347	ok	176559.6	176559.6	176845.1	-0.1614407184592618	7.055	1.1699834162520728	0.0715434967626484	0.1614407184592618	0.0898972216966134	0	<ORIGINAL_WORKSPACE>/OpenROAD-flow-scripts/flow/reports/nangate45/aes/place_batch_20260421_220319/dpl_evolve_baseline/openroad_dpl_hpwl_only_9case_bo_place_batch_20260421_220319_aes_nangate45_trial_61fee347_d1835df06761/metrics.json	20	64 8	1	0.24475287709609253	1.877311998425998	0.5641483120942974	75.7120365009743	946	3808	1.7715583174771623	1.25 1.10 1.04
62035714	ok	177621.0	177621.0	176845.1	0.43874554624357365	5.85	0.9701492537313432	-0.4387455462435737	-0.4387455462435737	0.0	0	<ORIGINAL_WORKSPACE>/OpenROAD-flow-scripts/flow/reports/nangate45/aes/place_batch_20260421_220319/dpl_evolve_baseline/openroad_dpl_hpwl_only_9case_bo_place_batch_20260421_220319_aes_nangate45_trial_62035714_e047807c7e59/metrics.json	115	64 8	1	0.5179165152318952	0.03801929995928924	1.8143202149990125	102.85745649818695	193	2526	1.566757042477058	1.04
63392637	ok	175815.8	175815.8	176845.1	-0.5820347863752049	7.344	1.217910447761194	0.4321162160950539	0.5820347863752049	0.149918570280151	0	<ORIGINAL_WORKSPACE>/OpenROAD-flow-scripts/flow/reports/nangate45/aes/place_batch_20260421_220319/dpl_evolve_baseline/openroad_dpl_hpwl_only_9case_bo_place_batch_20260421_220319_aes_nangate45_trial_63392637_1ddd8396dae6/metrics.json	31	64 8	1	0.5591551514979961	1.6244865865679499	1.7530871218761335	7.514637504453521	1188	2378	1.8898855092048727	1.75 1.35 1.15 1.05
64792989	ok	176790.2	176790.2	176845.1	-0.031044117139798717	7.1	1.1774461028192371	-0.0682787332108664	0.031044117139798714	0.09932285035066511	0	<ORIGINAL_WORKSPACE>/OpenROAD-flow-scripts/flow/reports/nangate45/aes/place_batch_20260421_220319/dpl_evolve_baseline/openroad_dpl_hpwl_only_9case_bo_place_batch_20260421_220319_aes_nangate45_trial_64792989_339688070c12/metrics.json	15	32	0	0.7218311464771257	0.07907232113928386	1.298097743841139	22.68010440948217	1154	3963	1.6395269418024285	1.75 1.35 1.15 1.05
64f97356	ok	177743.6	177743.6	176845.1	0.5080717531896558	5.67	0.9402985074626865	-0.5080717531896558	-0.5080717531896558	0.0	0	<ORIGINAL_WORKSPACE>/OpenROAD-flow-scripts/flow/reports/nangate45/aes/place_batch_20260421_220319/dpl_evolve_baseline/openroad_dpl_hpwl_only_9case_bo_place_batch_20260421_220319_aes_nangate45_trial_64f97356_f61ca5ed40de/metrics.json	111	512	0	0.5526782108479144	1.5516007792240525	0.9145873164332503	117.23765249376996	387	3437	1.1005453348863448	1.10 1.04
651ee534	ok	177878.9	177878.9	176845.1	0.5845793861407459	5.774	0.9575456053067993	-0.584579386140746	-0.584579386140746	0.0	0	<ORIGINAL_WORKSPACE>/OpenROAD-flow-scripts/flow/reports/nangate45/aes/place_batch_20260421_220319/dpl_evolve_baseline/openroad_dpl_hpwl_only_9case_bo_place_batch_20260421_220319_aes_nangate45_trial_651ee534_3e1f060e27d9/metrics.json	115	256 32	1	0.30270591453665574	0.10408120355638117	1.4901521138971079	102.8112193632441	535	1517	1.8621958641338656	2.00 1.50 1.20 1.05
653feb82	ok	176225.1	176225.1	176845.1	-0.3505893010323724	7.107	1.1786069651741293	0.24980292932938983	0.3505893010323724	0.10078637170298257	0	<ORIGINAL_WORKSPACE>/OpenROAD-flow-scripts/flow/reports/nangate45/aes/place_batch_20260421_220319/dpl_evolve_baseline/openroad_dpl_hpwl_only_9case_bo_place_batch_20260421_220319_aes_nangate45_trial_653feb82_bc52f96cc46d/metrics.json	92	64 8	0	0.7525713589987199	1.2962846167599809	1.5364392239010618	146.0679543553984	446	2165	1.187418567815945	omit
6580a349	ok	176381.5	176381.5	176845.1	-0.2621503225138869	7.283	1.2077943615257047	0.12480088600978972	0.2621503225138869	0.1373494365040972	0	<ORIGINAL_WORKSPACE>/OpenROAD-flow-scripts/flow/reports/nangate45/aes/place_batch_20260421_220319/dpl_evolve_baseline/openroad_dpl_hpwl_only_9case_bo_place_batch_20260421_220319_aes_nangate45_trial_6580a349_4f77ea73e615/metrics.json	51	64 8	1	0.7230549389924734	1.8996537320084999	0.8939401293481323	26.246452058194272	877	3911	1.6357236674553517	1.50 1.25 1.10 1.04
66d5a11b	ok	176939.3	176939.3	176845.1	0.05326695509232799	7.359	1.2203980099502487	-0.20626829120590312	-0.053266955092328	0.1530013361135751	0	<ORIGINAL_WORKSPACE>/OpenROAD-flow-scripts/flow/reports/nangate45/aes/place_batch_20260421_220319/dpl_evolve_baseline/openroad_dpl_hpwl_only_9case_bo_place_batch_20260421_220319_aes_nangate45_trial_66d5a11b_ea45921c5900/metrics.json	85	128	1	0.843509671622598	1.2706970483624582	0.300366479041767	126.40165486539222	703	2362	1.53645621856267	1.75 1.35 1.15 1.05
681c4f3c	ok	176193.6	176193.6	176845.1	-0.3684014993912752	7.007	1.1620232172470977	0.2885914751738112	0.3684014993912752	0.07981002421746404	0	<ORIGINAL_WORKSPACE>/OpenROAD-flow-scripts/flow/reports/nangate45/aes/place_batch_20260421_220319/dpl_evolve_baseline/openroad_dpl_hpwl_only_9case_bo_place_batch_20260421_220319_aes_nangate45_trial_681c4f3c_e9a1a77aaa4d/metrics.json	109	64 8	0	0.8317613694913721	1.4849844203338785	1.0381566497011658	65.26192350905995	657	1756	1.1766983394506831	1.75 1.35 1.15 1.05
6835a4e0	ok	176501.3	176501.3	176845.1	-0.19440742208860604	7.09	1.1757877280265339	0.09717656860260145	0.19440742208860604	0.09723085348600459	0	<ORIGINAL_WORKSPACE>/OpenROAD-flow-scripts/flow/reports/nangate45/aes/place_batch_20260421_220319/dpl_evolve_baseline/openroad_dpl_hpwl_only_9case_bo_place_batch_20260421_220319_aes_nangate45_trial_6835a4e0_3f58127e0663/metrics.json	82	64 8	0	0.6282893714241654	1.7322452404344002	1.5187809654731006	33.69213669194839	1010	3738	1.96577259363811	1.10 1.04
69f6b49c	ok	176360.0	176360.0	176845.1	-0.2743078547271063	7.109	1.17893864013267	0.17310346646177843	0.2743078547271063	0.10120438826532784	0	<ORIGINAL_WORKSPACE>/OpenROAD-flow-scripts/flow/reports/nangate45/aes/place_batch_20260421_220319/dpl_evolve_baseline/openroad_dpl_hpwl_only_9case_bo_place_batch_20260421_220319_aes_nangate45_trial_69f6b49c_c50ded3b945f/metrics.json	101	64 8	1	0.6005338396052031	1.244026445887447	1.5557144383984276	105.61717916585991	442	1841	1.663815730240405	1.04
6a8c6b94	ok	175808.1	175808.1	176845.1	-0.5863888793073712	7.175	1.1898839137645107	0.47142278192529125	0.5863888793073713	0.11496609738208002	0	<ORIGINAL_WORKSPACE>/OpenROAD-flow-scripts/flow/reports/nangate45/aes/place_batch_20260421_220319/dpl_evolve_baseline/openroad_dpl_hpwl_only_9case_bo_place_batch_20260421_220319_aes_nangate45_trial_6a8c6b94_cf4791f3ed78/metrics.json	38	64 8	1	0.4131289296155146	1.2309426961848844	1.2899487449358467	1.8333574565542963	1059	3988	1.9889037580020539	omit
6ac2224d	ok	176610.6	176610.6	176845.1	-0.13260192111627633	7.085	1.1749585406301823	0.036417619305898624	0.13260192111627633	0.09618430181037771	0	<ORIGINAL_WORKSPACE>/OpenROAD-flow-scripts/flow/reports/nangate45/aes/place_batch_20260421_220319/dpl_evolve_baseline/openroad_dpl_hpwl_only_9case_bo_place_batch_20260421_220319_aes_nangate45_trial_6ac2224d_efb9e1c1b1e8/metrics.json	41	64 8	1	0.42737929938112285	0.5936110158206573	1.909824292702779	128.19881474207634	346	2509	1.5567560998885535	1.75 1.35 1.15 1.05
6b039b75	ok	176334.6	176334.6	176845.1	-0.2886707067371389	7.322	1.214262023217247	0.1432792268137788	0.28867070673713885	0.14539147992336005	0	<ORIGINAL_WORKSPACE>/OpenROAD-flow-scripts/flow/reports/nangate45/aes/place_batch_20260421_220319/dpl_evolve_baseline/openroad_dpl_hpwl_only_9case_bo_place_batch_20260421_220319_aes_nangate45_trial_6b039b75_5c8d4d31b741/metrics.json	15	64 8	0	0.3341138688915193	0.2718119263878467	1.4139817991439818	84.31377982986012	271	3626	1.079476208140227	1.25 1.10 1.04
6b733939	ok	176386.5	176386.5	176845.1	-0.2593229894410452	7.473	1.2393034825870646	0.08299457218081036	0.2593229894410452	0.17632841726023485	0	<ORIGINAL_WORKSPACE>/OpenROAD-flow-scripts/flow/reports/nangate45/aes/place_batch_20260421_220319/dpl_evolve_baseline/openroad_dpl_hpwl_only_9case_bo_place_batch_20260421_220319_aes_nangate45_trial_6b733939_d4495f6ff467/metrics.json	14	64 8	0	0.16535419711693278	1.8550171607920678	0.7281434265037379	112.62181547042333	885	3545	1.6236722070556089	1.25 1.10 1.04
6b9351bb	ok	177109.0	177109.0	176845.1	0.1492266395845823	6.861	1.1378109452736318	-0.19814052862917325	-0.14922663958458232	0.04891388904459092	0	<ORIGINAL_WORKSPACE>/OpenROAD-flow-scripts/flow/reports/nangate45/aes/place_batch_20260421_220319/dpl_evolve_baseline/openroad_dpl_hpwl_only_9case_bo_place_batch_20260421_220319_aes_nangate45_trial_6b9351bb_bbe3f5d6962a/metrics.json	81	128 16	1	0.9319720691968373	0.02790314595119403	0.50700606793677	92.51675355024864	1142	3806	1.5566531881951564	1.10 1.04
6c556c7a	ok	177847.1	177847.1	176845.1	0.5665975477974793	5.784	0.9592039800995024	-0.5665975477974793	-0.5665975477974793	0.0	0	<ORIGINAL_WORKSPACE>/OpenROAD-flow-scripts/flow/reports/nangate45/aes/place_batch_20260421_220319/dpl_evolve_baseline/openroad_dpl_hpwl_only_9case_bo_place_batch_20260421_220319_aes_nangate45_trial_6c556c7a_9ed902fcf78d/metrics.json	115	32	1	0.4105024896244739	0.9949535661619746	0.8956842187227261	144.76797702900208	153	562	1.4512243415028632	omit
6c7436b4	ok	176927.5	176927.5	176845.1	0.046594449040428136	7.167	1.1885572139303482	-0.15989584118899813	-0.046594449040428136	0.11330139214857	0	<ORIGINAL_WORKSPACE>/OpenROAD-flow-scripts/flow/reports/nangate45/aes/place_batch_20260421_220319/dpl_evolve_baseline/openroad_dpl_hpwl_only_9case_bo_place_batch_20260421_220319_aes_nangate45_trial_6c7436b4_609ec3275f88/metrics.json	105	256	1	0.2842878326499373	0.4834826747963211	0.8806001731600929	109.15225822618707	826	2459	1.4298593959349122	omit
6c9ff686	ok	176257.5	176257.5	176845.1	-0.3322681827203614	7.295	1.2097844112769485	0.1924419828811046	0.3322681827203614	0.13982619983925682	0	<ORIGINAL_WORKSPACE>/OpenROAD-flow-scripts/flow/reports/nangate45/aes/place_batch_20260421_220319/dpl_evolve_baseline/openroad_dpl_hpwl_only_9case_bo_place_batch_20260421_220319_aes_nangate45_trial_6c9ff686_e31d3e7fe5c5/metrics.json	21	64 8	0	0.015202850009250523	1.4477450512777257	0.7931273327611958	145.16671957460474	840	3903	1.3107633702908847	1.04
6cae72d4	ok	177616.8	177616.8	176845.1	0.43637058646238014	6.004	0.9956882255389717	-0.4363705864623801	-0.4363705864623801	0.0	0	<ORIGINAL_WORKSPACE>/OpenROAD-flow-scripts/flow/reports/nangate45/aes/place_batch_20260421_220319/dpl_evolve_baseline/openroad_dpl_hpwl_only_9case_bo_place_batch_20260421_220319_aes_nangate45_trial_6cae72d4_3a579a8d4c81/metrics.json	93	64 8	1	0.3996045170774063	1.4378599525204234	0.0592029741413711	122.46646919198989	345	3636	1.21767606515475	1.10 1.04
6e1997f5	ok	175652.1	175652.1	176845.1	-0.6746016711800327	7.357	1.220066334991708	0.5220111888655387	0.6746016711800327	0.15259048231449399	0	<ORIGINAL_WORKSPACE>/OpenROAD-flow-scripts/flow/reports/nangate45/aes/place_batch_20260421_220319/dpl_evolve_baseline/openroad_dpl_hpwl_only_9case_bo_place_batch_20260421_220319_aes_nangate45_trial_6e1997f5_d006e3d3702d/metrics.json	116	64 8	1	0.6484484755891523	1.093546972758832	1.2241145272154832	127.74134400826286	465	2052	1.6713110783197929	1.04
6f1b060b	ok	175827.8	175827.8	176845.1	-0.5752491870003847	7.172	1.1893864013266997	0.4609072452709114	0.5752491870003847	0.1143419417294733	0	<ORIGINAL_WORKSPACE>/OpenROAD-flow-scripts/flow/reports/nangate45/aes/place_batch_20260421_220319/dpl_evolve_baseline/openroad_dpl_hpwl_only_9case_bo_place_batch_20260421_220319_aes_nangate45_trial_6f1b060b_3b1086772b01/metrics.json	17	64 8	0	0.03924099431503635	1.7510776341624823	0.2943454857230823	145.15458370097377	883	3392	1.5447826461796033	1.10 1.04
6fe24851	ok	176902.7	176902.7	176845.1	0.032570876999139825	8.485	1.4071310116086233	-0.40863795550036863	-0.032570876999139825	0.3760670785012288	0	<ORIGINAL_WORKSPACE>/OpenROAD-flow-scripts/flow/reports/nangate45/aes/place_batch_20260421_220319/dpl_evolve_baseline/openroad_dpl_hpwl_only_9case_bo_place_batch_20260421_220319_aes_nangate45_trial_6fe24851_269f8e610297/metrics.json	112	512	0	0.5005318882134551	0.2388596417286878	1.7733396191496589	142.02510501756552	516	1907	1.9600008386188517	1.04
70c61e9a	ok	176041.6	176041.6	176845.1	-0.4543524248056633	7.084	1.174792703150912	0.35837747763983696	0.45435242480566324	0.09597494716582625	0	<ORIGINAL_WORKSPACE>/OpenROAD-flow-scripts/flow/reports/nangate45/aes/place_batch_20260421_220319/dpl_evolve_baseline/openroad_dpl_hpwl_only_9case_bo_place_batch_20260421_220319_aes_nangate45_trial_70c61e9a_9aca212e60fe/metrics.json	100	64 8	1	0.36821019206372146	0.6128676227225731	0.503673368010805	138.98974331937865	688	2866	1.5287798983353995	1.50 1.25 1.10 1.04
71a460e3	ok	178558.5	178558.5	176845.1	0.9688704974013949	5.814	0.9641791044776119	-0.9688704974013949	-0.9688704974013949	0.0	0	<ORIGINAL_WORKSPACE>/OpenROAD-flow-scripts/flow/reports/nangate45/aes/place_batch_20260421_220319/dpl_evolve_baseline/openroad_dpl_hpwl_only_9case_bo_place_batch_20260421_220319_aes_nangate45_trial_71a460e3_76ed2e090af0/metrics.json	91	128 16	1	0.18020651578510855	0.35277533302491476	1.1244253058877818	97.54190329698412	837	678	1.7679466160714035	1.75 1.35 1.15 1.05
71f6cbea	ok	176559.6	176559.6	176845.1	-0.1614407184592618	7.353	1.2194029850746269	0.009672111312971354	0.1614407184592618	0.15176860714629045	0	<ORIGINAL_WORKSPACE>/OpenROAD-flow-scripts/flow/reports/nangate45/aes/place_batch_20260421_220319/dpl_evolve_baseline/openroad_dpl_hpwl_only_9case_bo_place_batch_20260421_220319_aes_nangate45_trial_71f6cbea_6b689ef2766a/metrics.json	20	64 8	0	0.17821472366240337	1.9712978414663251	0.8327359689444425	102.1092074532599	768	2667	1.3869968752958666	1.10 1.04
72a3d3bb	ok	175821.1	175821.1	176845.1	-0.5790378133179828	7.043	1.167993366500829	0.49165916571788554	0.5790378133179828	0.08737864760009723	0	<ORIGINAL_WORKSPACE>/OpenROAD-flow-scripts/flow/reports/nangate45/aes/place_batch_20260421_220319/dpl_evolve_baseline/openroad_dpl_hpwl_only_9case_bo_place_batch_20260421_220319_aes_nangate45_trial_72a3d3bb_e0cb3b7ce94c/metrics.json	98	64 8	1	0.2765692226235407	0.9916720807921794	0.7492308632232028	98.64948173707883	129	317	1.3737733665584542	2.50 1.75 1.25 1.08
7486d372	ok	176601.8	176601.8	176845.1	-0.13757802732448762	7.194	1.1930348258706467	0.018661970616640697	0.13757802732448762	0.11891605670784693	0	<ORIGINAL_WORKSPACE>/OpenROAD-flow-scripts/flow/reports/nangate45/aes/place_batch_20260421_220319/dpl_evolve_baseline/openroad_dpl_hpwl_only_9case_bo_place_batch_20260421_220319_aes_nangate45_trial_7486d372_7a88b6803f97/metrics.json	5	64 8	0	0.17157220255307953	1.6890295826870614	1.2272592334985757	104.90830277256698	358	3664	1.259710521379264	2.50 1.75 1.25 1.08
74a1ea26	ok	175928.6	175928.6	176845.1	-0.518250152251886	7.038	1.1671641791044776	0.4319215437298869	0.518250152251886	0.08632860852199908	0	<ORIGINAL_WORKSPACE>/OpenROAD-flow-scripts/flow/reports/nangate45/aes/place_batch_20260421_220319/dpl_evolve_baseline/openroad_dpl_hpwl_only_9case_bo_place_batch_20260421_220319_aes_nangate45_trial_74a1ea26_662f0cac18c1/metrics.json	124	64 8	1	0.7568287632146995	1.9855227504773123	1.3909135267868047	107.97732242219155	875	1837	1.675950981585772	1.75 1.35 1.15 1.05
75d34093	ok	175743.6	175743.6	176845.1	-0.6228614759470293	7.219	1.1971807628524047	0.49875604276357854	0.6228614759470293	0.12410543318345083	0	<ORIGINAL_WORKSPACE>/OpenROAD-flow-scripts/flow/reports/nangate45/aes/place_batch_20260421_220319/dpl_evolve_baseline/openroad_dpl_hpwl_only_9case_bo_place_batch_20260421_220319_aes_nangate45_trial_75d34093_6dccf994430c/metrics.json	121	64 8	1	0.46303040672996165	0.056297714036936064	1.5069281251878484	131.9189305688678	552	1830	1.7460003656550518	1.04
761de603	ok	176346.9	176346.9	176845.1	-0.28171546737795483	7.191	1.1925373134328356	0.16342274138008034	0.28171546737795483	0.11829272599787448	0	<ORIGINAL_WORKSPACE>/OpenROAD-flow-scripts/flow/reports/nangate45/aes/place_batch_20260421_220319/dpl_evolve_baseline/openroad_dpl_hpwl_only_9case_bo_place_batch_20260421_220319_aes_nangate45_trial_761de603_1212e21384c3/metrics.json	43	64 8	0	0.17539886498414314	1.44930045941051	0.46006543019928914	111.59303828112657	465	3539	1.1601544744252723	1.50 1.25 1.10 1.04
76ccef5a	ok	178573.9	178573.9	176845.1	0.9775786832657442	5.796	0.9611940298507463	-0.977578683265744	-0.977578683265744	0.0	0	<ORIGINAL_WORKSPACE>/OpenROAD-flow-scripts/flow/reports/nangate45/aes/place_batch_20260421_220319/dpl_evolve_baseline/openroad_dpl_hpwl_only_9case_bo_place_batch_20260421_220319_aes_nangate45_trial_76ccef5a_3ed071b580eb/metrics.json	18	512 64	1	0.3549701994438299	1.261874066330257	0.8912542881411065	11.164138955221663	1140	3697	1.9623934195195993	omit
777f1985	ok	176383.2	176383.2	176845.1	-0.26118902926911414	7.15	1.185737976782753	0.15142822342830553	0.26118902926911414	0.1097608058408086	0	<ORIGINAL_WORKSPACE>/OpenROAD-flow-scripts/flow/reports/nangate45/aes/place_batch_20260421_220319/dpl_evolve_baseline/openroad_dpl_hpwl_only_9case_bo_place_batch_20260421_220319_aes_nangate45_trial_777f1985_63ba23910616/metrics.json	42	64 8	1	0.3534246663223871	1.5792872898962094	1.1179166613003915	4.179247679829356	897	2689	1.4918009901536955	omit
7821c9b3	ok	177715.6	177715.6	176845.1	0.4922386879817422	5.976	0.9910447761194029	-0.4922386879817422	-0.4922386879817422	0.0	0	<ORIGINAL_WORKSPACE>/OpenROAD-flow-scripts/flow/reports/nangate45/aes/place_batch_20260421_220319/dpl_evolve_baseline/openroad_dpl_hpwl_only_9case_bo_place_batch_20260421_220319_aes_nangate45_trial_7821c9b3_da2f3433dfce/metrics.json	71	128	1	0.7196571276578119	0.9767825321063398	1.4975737872003512	94.11528909933973	1007	2698	1.4584082341306421	omit
784b4231	ok	177143.3	177143.3	176845.1	0.16862214446426987	7.231	1.1991708126036484	-0.2952152865484089	-0.16862214446426987	0.126593142084139	0	<ORIGINAL_WORKSPACE>/OpenROAD-flow-scripts/flow/reports/nangate45/aes/place_batch_20260421_220319/dpl_evolve_baseline/openroad_dpl_hpwl_only_9case_bo_place_batch_20260421_220319_aes_nangate45_trial_784b4231_215f3eb847e2/metrics.json	55	512 64	1	0.4987220208540278	0.35797230067068664	1.8442429004884089	132.966409411862	800	2627	1.3283464556027575	1.75 1.35 1.15 1.05
793db277	ok	177720.8	177720.8	176845.1	0.4951791143774877	5.414	0.8978441127694858	-0.4951791143774877	-0.4951791143774877	0.0	0	<ORIGINAL_WORKSPACE>/OpenROAD-flow-scripts/flow/reports/nangate45/aes/place_batch_20260421_220319/dpl_evolve_baseline/openroad_dpl_hpwl_only_9case_bo_place_batch_20260421_220319_aes_nangate45_trial_793db277_4f38a0f79f49/metrics.json	10	32	0	0.11218044305095033	0.928905770536393	0.9332399957467385	143.93325088215298	354	3869	1.0318125849720823	2.50 1.75 1.25 1.08
7991d24d	ok	176349.1	176349.1	176845.1	-0.2804714408258979	7.118	1.180431177446103	0.17738670528372177	0.2804714408258979	0.10308473554217615	0	<ORIGINAL_WORKSPACE>/OpenROAD-flow-scripts/flow/reports/nangate45/aes/place_batch_20260421_220319/dpl_evolve_baseline/openroad_dpl_hpwl_only_9case_bo_place_batch_20260421_220319_aes_nangate45_trial_7991d24d_ed850d4d06e4/metrics.json	113	64 8	0	0.6326667946639863	1.1831336613763925	1.4908890955501228	53.32293015262271	784	3452	1.3091492680699077	omit
79efd88e	ok	178601.6	178601.6	176845.1	0.9932421084892937	5.934	0.9840796019900497	-0.9932421084892937	-0.9932421084892937	0.0	0	<ORIGINAL_WORKSPACE>/OpenROAD-flow-scripts/flow/reports/nangate45/aes/place_batch_20260421_220319/dpl_evolve_baseline/openroad_dpl_hpwl_only_9case_bo_place_batch_20260421_220319_aes_nangate45_trial_79efd88e_7a62a56abef9/metrics.json	30	1024	0	0.11562367705349745	1.654297394682019	0.27818777872393813	126.52600895096691	741	3774	1.4322623781225927	1.10 1.04
7bb20bce	ok	176366.0	176366.0	176845.1	-0.2709150550396962	7.002	1.1611940298507462	0.19215776480810698	0.2709150550396962	0.07875729023158923	0	<ORIGINAL_WORKSPACE>/OpenROAD-flow-scripts/flow/reports/nangate45/aes/place_batch_20260421_220319/dpl_evolve_baseline/openroad_dpl_hpwl_only_9case_bo_place_batch_20260421_220319_aes_nangate45_trial_7bb20bce_07f0e7a870b3/metrics.json	91	64 8	0	0.4527631470024742	1.0475651234539436	0.6494162879292588	145.70604205424442	617	1499	1.7489916399707628	1.10 1.04
7bf1fa10	ok	177743.6	177743.6	176845.1	0.5080717531896558	5.926	0.9827529021558872	-0.5080717531896558	-0.5080717531896558	0.0	0	<ORIGINAL_WORKSPACE>/OpenROAD-flow-scripts/flow/reports/nangate45/aes/place_batch_20260421_220319/dpl_evolve_baseline/openroad_dpl_hpwl_only_9case_bo_place_batch_20260421_220319_aes_nangate45_trial_7bf1fa10_ca781ba3c527/metrics.json	111	512	1	0.5645996995810104	1.7979406302177505	1.1607207121089729	129.6710905388027	338	1860	1.3730933770977598	omit
7bf7f36b	ok	178505.8	178505.8	176845.1	0.9390704068136366	6.036	1.0009950248756219	-0.9390704068136366	-0.9390704068136366	0.0	0	<ORIGINAL_WORKSPACE>/OpenROAD-flow-scripts/flow/reports/nangate45/aes/place_batch_20260421_220319/dpl_evolve_baseline/openroad_dpl_hpwl_only_9case_bo_place_batch_20260421_220319_aes_nangate45_trial_7bf7f36b_f7ad737b83ad/metrics.json	102	1024	1	0.02821285766517498	0.902950723397466	1.1949867491273383	146.09117989129078	901	2435	1.1894931093168801	2.00 1.50 1.20 1.05
7c6cf6a4	ok	178509.5	178509.5	176845.1	0.9411626332875461	5.76	0.9552238805970148	-0.941162633287546	-0.941162633287546	0.0	0	<ORIGINAL_WORKSPACE>/OpenROAD-flow-scripts/flow/reports/nangate45/aes/place_batch_20260421_220319/dpl_evolve_baseline/openroad_dpl_hpwl_only_9case_bo_place_batch_20260421_220319_aes_nangate45_trial_7c6cf6a4_c6f24dec3824/metrics.json	110	32	1	0.8806832234842308	1.7810381969183924	0.8782551261299663	110.11227653733383	636	1882	1.0507828574517808	1.10 1.04
7cd3d7dc	ok	176576.4	176576.4	176845.1	-0.15194087933452025	7.162	1.1877280265339967	0.039680399795732235	0.15194087933452022	0.11226047953878798	0	<ORIGINAL_WORKSPACE>/OpenROAD-flow-scripts/flow/reports/nangate45/aes/place_batch_20260421_220319/dpl_evolve_baseline/openroad_dpl_hpwl_only_9case_bo_place_batch_20260421_220319_aes_nangate45_trial_7cd3d7dc_9b79a2d465fd/metrics.json	47	64 8	1	0.06752645235576926	1.267573885821752	1.1916311445751406	124.31971717780205	222	3330	1.1953302896312763	1.10 1.04
7d8ce7ae	ok	178601.9	178601.9	176845.1	0.9934117484736577	5.748	0.9532338308457712	-0.9934117484736577	-0.9934117484736577	0.0	0	<ORIGINAL_WORKSPACE>/OpenROAD-flow-scripts/flow/reports/nangate45/aes/place_batch_20260421_220319/dpl_evolve_baseline/openroad_dpl_hpwl_only_9case_bo_place_batch_20260421_220319_aes_nangate45_trial_7d8ce7ae_180e4168712b/metrics.json	30	512 64	1	0.6972605540169147	1.4752511946184312	1.199484059982996	3.2118655316253575	1063	3748	1.4553232182058722	1.50 1.25 1.10 1.04
7dd50a7e	ok	176386.5	176386.5	176845.1	-0.2593229894410452	7.018	1.1638474295190713	0.17719827176846514	0.2593229894410452	0.08212471767258007	0	<ORIGINAL_WORKSPACE>/OpenROAD-flow-scripts/flow/reports/nangate45/aes/place_batch_20260421_220319/dpl_evolve_baseline/openroad_dpl_hpwl_only_9case_bo_place_batch_20260421_220319_aes_nangate45_trial_7dd50a7e_1b747c58b323/metrics.json	14	64 8	1	0.5381141757877261	1.5865933212743657	1.6027324332624604	39.06131324116369	566	3510	1.7153308424738076	2.00 1.50 1.20 1.05
7e22369b	ok	177995.7	177995.7	176845.1	0.6506258867223382	6.123	1.0154228855721392	-0.6506258867223382	-0.6506258867223382	0.0	0	<ORIGINAL_WORKSPACE>/OpenROAD-flow-scripts/flow/reports/nangate45/aes/place_batch_20260421_220319/dpl_evolve_baseline/openroad_dpl_hpwl_only_9case_bo_place_batch_20260421_220319_aes_nangate45_trial_7e22369b_144de7ad0d23/metrics.json	124	1024 128	1	0.046638159112933286	1.8914955975580705	1.1708744288431887	145.55725385833003	679	3655	1.1722706925242357	1.50 1.25 1.10 1.04
7e8f42b6	ok	176372.6	176372.6	176845.1	-0.26718297538354185	7.158	1.1870646766169155	0.15575548756886326	0.26718297538354185	0.11142748781467858	0	<ORIGINAL_WORKSPACE>/OpenROAD-flow-scripts/flow/reports/nangate45/aes/place_batch_20260421_220319/dpl_evolve_baseline/openroad_dpl_hpwl_only_9case_bo_place_batch_20260421_220319_aes_nangate45_trial_7e8f42b6_9e036098d7fb/metrics.json	102	64 8	0	0.12148973301445168	1.5203352836806288	0.7487223466473095	126.33348016493464	704	3963	1.5005498354260562	1.04
7f18a2e0	ok	178524.1	178524.1	176845.1	0.9494184458602472	6.107	1.0127694859038143	-0.9494184458602472	-0.9494184458602472	0.0	0	<ORIGINAL_WORKSPACE>/OpenROAD-flow-scripts/flow/reports/nangate45/aes/place_batch_20260421_220319/dpl_evolve_baseline/openroad_dpl_hpwl_only_9case_bo_place_batch_20260421_220319_aes_nangate45_trial_7f18a2e0_0aed48f37d10/metrics.json	122	1024 128	1	0.48404135889070254	0.9762711078965931	1.158230703228433	140.39313530469383	497	2132	1.5969027788480055	1.04
7f870a56	ok	175959.4	175959.4	176845.1	-0.5008337805231876	7.232	1.1993366500829188	0.37403342257207334	0.5008337805231876	0.12680035795111427	0	<ORIGINAL_WORKSPACE>/OpenROAD-flow-scripts/flow/reports/nangate45/aes/place_batch_20260421_220319/dpl_evolve_baseline/openroad_dpl_hpwl_only_9case_bo_place_batch_20260421_220319_aes_nangate45_trial_7f870a56_b5ceb277ce30/metrics.json	123	64 8	1	0.17139158185022235	1.6609412940494548	1.5096206804067978	123.4703934412668	543	3498	1.580217945572443	1.10 1.04
800a5dc3	ok	175928.6	175928.6	176845.1	-0.518250152251886	7.161	1.1875621890547263	0.40619789883196844	0.518250152251886	0.11205225341991751	0	<ORIGINAL_WORKSPACE>/OpenROAD-flow-scripts/flow/reports/nangate45/aes/place_batch_20260421_220319/dpl_evolve_baseline/openroad_dpl_hpwl_only_9case_bo_place_batch_20260421_220319_aes_nangate45_trial_800a5dc3_7a60458bd690/metrics.json	124	64 8	1	0.027730969106021658	1.6787918988613242	0.954106294650679	141.96506811763862	799	1363	1.1726425269771146	1.50 1.25 1.10 1.04
80922b9f	ok	175652.1	175652.1	176845.1	-0.6746016711800327	7.139	1.1839137645107793	0.5671340762493036	0.6746016711800327	0.10746759493072913	0	<ORIGINAL_WORKSPACE>/OpenROAD-flow-scripts/flow/reports/nangate45/aes/place_batch_20260421_220319/dpl_evolve_baseline/openroad_dpl_hpwl_only_9case_bo_place_batch_20260421_220319_aes_nangate45_trial_80922b9f_3c2de1dc6db0/metrics.json	116	64 8	1	0.5608419849032386	1.3442114119657549	0.7250553710336156	124.54431607407032	676	1785	1.589668356782469	1.75 1.35 1.15 1.05
81aba792	ok	176952.5	176952.5	176845.1	0.0607311144046367	7.043	1.167993366500829	-0.1481097620047339	-0.0607311144046367	0.08737864760009723	0	<ORIGINAL_WORKSPACE>/OpenROAD-flow-scripts/flow/reports/nangate45/aes/place_batch_20260421_220319/dpl_evolve_baseline/openroad_dpl_hpwl_only_9case_bo_place_batch_20260421_220319_aes_nangate45_trial_81aba792_93cb3275dae0/metrics.json	109	128	1	0.5834935662384636	1.812036918350661	1.1193408288318607	53.720740390070404	530	1799	1.0577311389825386	1.10 1.04
824d038f	ok	176576.4	176576.4	176845.1	-0.15194087933452025	7.132	1.1827529021558871	0.04593352040023323	0.15194087933452022	0.10600735893428699	0	<ORIGINAL_WORKSPACE>/OpenROAD-flow-scripts/flow/reports/nangate45/aes/place_batch_20260421_220319/dpl_evolve_baseline/openroad_dpl_hpwl_only_9case_bo_place_batch_20260421_220319_aes_nangate45_trial_824d038f_4be78a20f3e8/metrics.json	47	64 8	1	0.8054903332445726	1.1870278281833144	1.316810084047198	0.6831880884614066	746	3983	1.920732487517021	omit
8359455b	ok	177340.5	177340.5	176845.1	0.28013216085715364	7.041	1.1676616915422886	-0.3670908375672298	-0.2801321608571536	0.08695867671007625	0	<ORIGINAL_WORKSPACE>/OpenROAD-flow-scripts/flow/reports/nangate45/aes/place_batch_20260421_220319/dpl_evolve_baseline/openroad_dpl_hpwl_only_9case_bo_place_batch_20260421_220319_aes_nangate45_trial_8359455b_caa2c717e659/metrics.json	25	64 8	1	0.4980846898896734	1.6985384179429786	0.3694706700128921	141.1227852384076	830	721	1.378045365816627	1.75 1.35 1.15 1.05
838ad5d6	ok	178577.9	178577.9	176845.1	0.9798405497240174	6.11	1.0132669983416251	-0.9798405497240174	-0.9798405497240174	0.0	0	<ORIGINAL_WORKSPACE>/OpenROAD-flow-scripts/flow/reports/nangate45/aes/place_batch_20260421_220319/dpl_evolve_baseline/openroad_dpl_hpwl_only_9case_bo_place_batch_20260421_220319_aes_nangate45_trial_838ad5d6_9f5998a3faa1/metrics.json	51	32	1	0.23870616745324152	1.8139244538744665	1.0100843440333542	7.449713823500642	1091	3851	1.9571208524955122	omit
8479466a	ok	176421.8	176421.8	176845.1	-0.23936201794678927	7.123	1.1812603648424544	0.13523315867049257	0.23936201794678927	0.1041288592762967	0	<ORIGINAL_WORKSPACE>/OpenROAD-flow-scripts/flow/reports/nangate45/aes/place_batch_20260421_220319/dpl_evolve_baseline/openroad_dpl_hpwl_only_9case_bo_place_batch_20260421_220319_aes_nangate45_trial_8479466a_ef3f38f486b6/metrics.json	71	64 8	0	0.0013504903505910382	1.443354522330503	1.1923624994189135	105.81644732674312	605	1907	1.3873057934683783	1.10 1.04
84b0e30d	ok	177515.1	177515.1	176845.1	0.3788626317607895	6.028	0.9996683250414593	-0.3788626317607895	-0.3788626317607895	0.0	0	<ORIGINAL_WORKSPACE>/OpenROAD-flow-scripts/flow/reports/nangate45/aes/place_batch_20260421_220319/dpl_evolve_baseline/openroad_dpl_hpwl_only_9case_bo_place_batch_20260421_220319_aes_nangate45_trial_84b0e30d_232cd383bce8/metrics.json	59	64 8	1	0.13612114466734826	0.9931378675125201	0.6490506418260427	148.6394684150933	541	3652	1.5827878269548665	1.25 1.10 1.04
84e83bc5	ok	177407.2	177407.2	176845.1	0.3178487840488686	5.681	0.94212271973466	-0.3178487840488686	-0.3178487840488686	0.0	0	<ORIGINAL_WORKSPACE>/OpenROAD-flow-scripts/flow/reports/nangate45/aes/place_batch_20260421_220319/dpl_evolve_baseline/openroad_dpl_hpwl_only_9case_bo_place_batch_20260421_220319_aes_nangate45_trial_84e83bc5_b8810b558647/metrics.json	9	64 8	1	0.6405764153931524	0.03298570526734035	0.2824833528189845	65.49962383453673	641	2546	1.8427973069931722	1.75 1.35 1.15 1.05
85088e79	ok	175978.5	175978.5	176845.1	-0.49003336818492893	7.048	1.1688225538971808	0.4016050541649926	0.49003336818492893	0.08842831401993635	0	<ORIGINAL_WORKSPACE>/OpenROAD-flow-scripts/flow/reports/nangate45/aes/place_batch_20260421_220319/dpl_evolve_baseline/openroad_dpl_hpwl_only_9case_bo_place_batch_20260421_220319_aes_nangate45_trial_85088e79_eca0aacd0727/metrics.json	74	64 8	1	0.2785241693467757	1.3847897969119547	0.9961517922959564	8.990131301660726	1020	3923	1.9684832712432783	1.04
85ebc88d	ok	178410.0	178410.0	176845.1	0.8848987051379961	6.133	1.0170812603648425	-0.884898705137996	-0.884898705137996	0.0	0	<ORIGINAL_WORKSPACE>/OpenROAD-flow-scripts/flow/reports/nangate45/aes/place_batch_20260421_220319/dpl_evolve_baseline/openroad_dpl_hpwl_only_9case_bo_place_batch_20260421_220319_aes_nangate45_trial_85ebc88d_367b772b788e/metrics.json	20	omit	1	0.1539128395345451	1.685343700079148	1.6242703871093864	137.35637069652955	528	3939	1.2488791390971448	1.10 1.04
874e103c	ok	176539.3	176539.3	176845.1	-0.17291969073500904	7.228	1.1986733001658374	0.04694828223645839	0.17291969073500904	0.12597140849855065	0	<ORIGINAL_WORKSPACE>/OpenROAD-flow-scripts/flow/reports/nangate45/aes/place_batch_20260421_220319/dpl_evolve_baseline/openroad_dpl_hpwl_only_9case_bo_place_batch_20260421_220319_aes_nangate45_trial_874e103c_ac83a5a37bc3/metrics.json	45	64 8	1	0.4796325866354563	1.1078679029762935	1.9888712823091659	32.506811197161795	1117	1972	1.5472041590476637	1.75 1.35 1.15 1.05
87741369	ok	175846.9	175846.9	176845.1	-0.5644487746621262	7.587	1.2582089552238804	0.3649705343273805	0.5644487746621262	0.19947824033474565	0	<ORIGINAL_WORKSPACE>/OpenROAD-flow-scripts/flow/reports/nangate45/aes/place_batch_20260421_220319/dpl_evolve_baseline/openroad_dpl_hpwl_only_9case_bo_place_batch_20260421_220319_aes_nangate45_trial_87741369_d3dfaaef0fd2/metrics.json	44	64 8	1	0.2870855051089099	0.573052817248989	0.8413750153807592	37.36825251887229	868	3839	1.970389671477666	1.75 1.35 1.15 1.05
87dcfdbe	ok	177740.5	177740.5	176845.1	0.5063188066844906	5.77	0.9568822553897179	-0.5063188066844906	-0.5063188066844906	0.0	0	<ORIGINAL_WORKSPACE>/OpenROAD-flow-scripts/flow/reports/nangate45/aes/place_batch_20260421_220319/dpl_evolve_baseline/openroad_dpl_hpwl_only_9case_bo_place_batch_20260421_220319_aes_nangate45_trial_87dcfdbe_d19c3d29bf6f/metrics.json	76	1024	1	0.6117059033147441	0.9249054689713586	1.228151887402718	121.27878870721877	415	1954	1.1791586092176458	omit
881c433e	ok	178596.0	178596.0	176845.1	0.9900754954477077	5.779	0.9583747927031508	-0.9900754954477077	-0.9900754954477077	0.0	0	<ORIGINAL_WORKSPACE>/OpenROAD-flow-scripts/flow/reports/nangate45/aes/place_batch_20260421_220319/dpl_evolve_baseline/openroad_dpl_hpwl_only_9case_bo_place_batch_20260421_220319_aes_nangate45_trial_881c433e_d75daeb02218/metrics.json	7	256	0	0.3142744631191261	1.6167460522526012	0.9824740447367032	74.95609539822811	908	3775	1.0220810418592314	1.10 1.04
89672f52	ok	177642.7	177642.7	176845.1	0.4510161717797133	5.914	0.9807628524046433	-0.4510161717797133	-0.4510161717797133	0.0	0	<ORIGINAL_WORKSPACE>/OpenROAD-flow-scripts/flow/reports/nangate45/aes/place_batch_20260421_220319/dpl_evolve_baseline/openroad_dpl_hpwl_only_9case_bo_place_batch_20260421_220319_aes_nangate45_trial_89672f52_dbefbeca3247/metrics.json	79	64 8	0	0.2097893759331258	1.8647986040968862	0.7760621097996235	93.19523686587564	382	3605	1.5305722039219043	2.50 1.75 1.25 1.08
89e4a129	ok	175973.3	175973.3	176845.1	-0.49297379458069096	7.29	1.208955223880597	0.3541793317144346	0.4929737945806909	0.1387944628662563	0	<ORIGINAL_WORKSPACE>/OpenROAD-flow-scripts/flow/reports/nangate45/aes/place_batch_20260421_220319/dpl_evolve_baseline/openroad_dpl_hpwl_only_9case_bo_place_batch_20260421_220319_aes_nangate45_trial_89e4a129_e3d834162236/metrics.json	88	64 8	1	0.3787083129422305	1.774047436841308	0.19164035299872517	7.399886587035631	1092	3443	1.5943027058112016	1.25 1.10 1.04
89eb328d	ok	176952.5	176952.5	176845.1	0.0607311144046367	7.265	1.204809286898839	-0.19436157690915434	-0.0607311144046367	0.13363046250451766	0	<ORIGINAL_WORKSPACE>/OpenROAD-flow-scripts/flow/reports/nangate45/aes/place_batch_20260421_220319/dpl_evolve_baseline/openroad_dpl_hpwl_only_9case_bo_place_batch_20260421_220319_aes_nangate45_trial_89eb328d_04d69be9fd23/metrics.json	109	256	1	0.326000283216599	1.536563212486787	0.9971392298671172	130.33594859807204	541	1522	1.6947273476993951	1.75 1.35 1.15 1.05
8a9e7abe	ok	175932.7	175932.7	176845.1	-0.5159317391321525	7.339	1.2170812603648424	0.36704145695532986	0.5159317391321525	0.14889028217682262	0	<ORIGINAL_WORKSPACE>/OpenROAD-flow-scripts/flow/reports/nangate45/aes/place_batch_20260421_220319/dpl_evolve_baseline/openroad_dpl_hpwl_only_9case_bo_place_batch_20260421_220319_aes_nangate45_trial_8a9e7abe_df653026ea61/metrics.json	87	64 8	1	0.2784626044205734	1.9742305074724127	1.1426146832724196	120.52005420766596	610	2092	1.5279135072968166	1.50 1.25 1.10 1.04
8ac8832f	ok	175986.3	175986.3	176845.1	-0.48562272859130245	6.86	1.1376451077943615	0.4369215845252774	0.48562272859130245	0.04870114406602507	0	<ORIGINAL_WORKSPACE>/OpenROAD-flow-scripts/flow/reports/nangate45/aes/place_batch_20260421_220319/dpl_evolve_baseline/openroad_dpl_hpwl_only_9case_bo_place_batch_20260421_220319_aes_nangate45_trial_8ac8832f_e8099f7a9888/metrics.json	114	64 8	1	0.6768289538016122	1.0821681238167082	1.1746392126730978	142.30369748574077	616	2107	1.3510293647916691	1.75 1.35 1.15 1.05
8cdbb7ee	ok	176449.2	176449.2	176845.1	-0.22386823270760353	6.991	1.1593698175787728	0.14742828110781617	0.22386823270760353	0.07643995159978736	0	<ORIGINAL_WORKSPACE>/OpenROAD-flow-scripts/flow/reports/nangate45/aes/place_batch_20260421_220319/dpl_evolve_baseline/openroad_dpl_hpwl_only_9case_bo_place_batch_20260421_220319_aes_nangate45_trial_8cdbb7ee_1f892ed09203/metrics.json	18	64 8	1	0.5263857050145783	1.0444082161324002	1.1055504902204143	19.67402427934936	1064	3640	1.52755109845363	1.50 1.25 1.10 1.04
8d03f2b6	ok	176260.4	176260.4	176845.1	-0.3306283295381165	7.032	1.1661691542288557	0.24556026037803316	0.3306283295381165	0.08506806916008333	0	<ORIGINAL_WORKSPACE>/OpenROAD-flow-scripts/flow/reports/nangate45/aes/place_batch_20260421_220319/dpl_evolve_baseline/openroad_dpl_hpwl_only_9case_bo_place_batch_20260421_220319_aes_nangate45_trial_8d03f2b6_9382bf9d2f32/metrics.json	63	64 8	0	0.3125013784920495	1.0090383394019893	1.364005565632892	115.52249344681383	200	189	1.5190823222119896	1.25 1.10 1.04
90f7454f	ok	178050.1	178050.1	176845.1	0.6813872705548528	5.933	0.9839137645107794	-0.6813872705548528	-0.6813872705548528	0.0	0	<ORIGINAL_WORKSPACE>/OpenROAD-flow-scripts/flow/reports/nangate45/aes/place_batch_20260421_220319/dpl_evolve_baseline/openroad_dpl_hpwl_only_9case_bo_place_batch_20260421_220319_aes_nangate45_trial_90f7454f_50096e9a59a7/metrics.json	3	256	0	0.042540079840214316	1.4514215515583846	0.5142782798964654	123.71973540639608	916	1984	1.602752553246419	1.10 1.04
917d3aa1	ok	177025.2	177025.2	176845.1	0.10184053728376177	7.05	1.1691542288557213	-0.19068861361615796	-0.10184053728376179	0.08884807633239616	0	<ORIGINAL_WORKSPACE>/OpenROAD-flow-scripts/flow/reports/nangate45/aes/place_batch_20260421_220319/dpl_evolve_baseline/openroad_dpl_hpwl_only_9case_bo_place_batch_20260421_220319_aes_nangate45_trial_917d3aa1_7967728c732d/metrics.json	63	omit	1	0.4277373293360762	1.615396818224419	0.7393929822025813	32.05398564443717	933	1304	1.7332450677264275	omit
934bfb74	ok	175921.1	175921.1	176845.1	-0.5224911518611485	7.19	1.1923714759535655	0.4044062316596149	0.5224911518611485	0.11808492020153355	0	<ORIGINAL_WORKSPACE>/OpenROAD-flow-scripts/flow/reports/nangate45/aes/place_batch_20260421_220319/dpl_evolve_baseline/openroad_dpl_hpwl_only_9case_bo_place_batch_20260421_220319_aes_nangate45_trial_934bfb74_8747c23f1165/metrics.json	24	64 8	1	0.3240773597360136	1.4741415676496772	1.3496072926412255	6.5686401860635115	880	3419	1.472129679595851	1.10 1.04
9362cf74	ok	176845.1	176845.1	176845.1	0.0	7.098	1.1771144278606964	-0.0989045688948517	0.0	0.0989045688948517	0	<ORIGINAL_WORKSPACE>/OpenROAD-flow-scripts/flow/reports/nangate45/aes/place_batch_20260421_220319/dpl_evolve_baseline/openroad_dpl_hpwl_only_9case_bo_place_batch_20260421_220319_aes_nangate45_trial_9362cf74_08ef8cec32a6/metrics.json	1	512	0	0.5	0.6	0.8	45.0	200	1000	1.15	1.50 1.25 1.10 1.04
93696f4e	ok	176346.9	176346.9	176845.1	-0.28171546737795483	7.146	1.1850746268656716	0.17278835217768992	0.28171546737795483	0.1089271152002649	0	<ORIGINAL_WORKSPACE>/OpenROAD-flow-scripts/flow/reports/nangate45/aes/place_batch_20260421_220319/dpl_evolve_baseline/openroad_dpl_hpwl_only_9case_bo_place_batch_20260421_220319_aes_nangate45_trial_93696f4e_d23d9dd1988d/metrics.json	43	64 8	0	0.4183567213996086	1.817416860645381	0.28836217304093004	130.7441625115356	1062	3178	1.2777569104791646	1.10 1.04
9409619e	ok	175950.5	175950.5	176845.1	-0.5058664333928425	7.373	1.2227197346600331	0.3499906825497136	0.5058664333928425	0.15587575084312894	0	<ORIGINAL_WORKSPACE>/OpenROAD-flow-scripts/flow/reports/nangate45/aes/place_batch_20260421_220319/dpl_evolve_baseline/openroad_dpl_hpwl_only_9case_bo_place_batch_20260421_220319_aes_nangate45_trial_9409619e_b9678e9ed530/metrics.json	69	64 8	1	0.08987708335734881	1.2446189720115626	0.9006105637820071	130.3298775466616	842	3572	1.6524148727875647	2.50 1.75 1.25 1.08
958a8642	ok	176934.9	176934.9	176845.1	0.05077890198823058	7.12	1.1807628524046434	-0.15428133101648894	-0.05077890198823058	0.10350242902825835	0	<ORIGINAL_WORKSPACE>/OpenROAD-flow-scripts/flow/reports/nangate45/aes/place_batch_20260421_220319/dpl_evolve_baseline/openroad_dpl_hpwl_only_9case_bo_place_batch_20260421_220319_aes_nangate45_trial_958a8642_7bd09a5f5d00/metrics.json	43	256	1	0.2292996291483056	1.71229179448359	1.1166689439185777	10.71538128319729	901	3992	1.685368396230979	1.75 1.35 1.15 1.05
9645cb73	ok	175959.4	175959.4	176845.1	-0.5008337805231876	7.01	1.1625207296849087	0.42039229619617247	0.5008337805231876	0.08044148432701514	0	<ORIGINAL_WORKSPACE>/OpenROAD-flow-scripts/flow/reports/nangate45/aes/place_batch_20260421_220319/dpl_evolve_baseline/openroad_dpl_hpwl_only_9case_bo_place_batch_20260421_220319_aes_nangate45_trial_9645cb73_218af5e90a5c/metrics.json	123	64 8	1	0.8120641182505488	1.3289376702652955	0.6882959494213758	118.82216060418826	780	2633	1.4826217611399195	2.00 1.50 1.20 1.05
9667bcba	ok	176022.4	176022.4	176845.1	-0.465209383805382	7.26	1.2039800995024874	0.3326127870320439	0.465209383805382	0.13259659677333813	0	<ORIGINAL_WORKSPACE>/OpenROAD-flow-scripts/flow/reports/nangate45/aes/place_batch_20260421_220319/dpl_evolve_baseline/openroad_dpl_hpwl_only_9case_bo_place_batch_20260421_220319_aes_nangate45_trial_9667bcba_ab778c065b21/metrics.json	128	64 8	0	0.820486849554859	1.1089554834084996	0.31454879619574333	120.1732981071775	469	1628	1.5163063375834474	1.75 1.35 1.15 1.05
970448ef	ok	177515.1	177515.1	176845.1	0.3788626317607895	5.972	0.9903814262023217	-0.3788626317607895	-0.3788626317607895	0.0	0	<ORIGINAL_WORKSPACE>/OpenROAD-flow-scripts/flow/reports/nangate45/aes/place_batch_20260421_220319/dpl_evolve_baseline/openroad_dpl_hpwl_only_9case_bo_place_batch_20260421_220319_aes_nangate45_trial_970448ef_802365171d0e/metrics.json	59	64 8	1	0.11291149586906651	1.9810826866819313	1.0842214292166077	138.77159447395587	832	3482	1.3526525305719583	1.25 1.10 1.04
971a444c	ok	176918.7	176918.7	176845.1	0.041618342832233306	7.408	1.2285240464344942	-0.20466821373414273	-0.041618342832233306	0.16304987090190942	0	<ORIGINAL_WORKSPACE>/OpenROAD-flow-scripts/flow/reports/nangate45/aes/place_batch_20260421_220319/dpl_evolve_baseline/openroad_dpl_hpwl_only_9case_bo_place_batch_20260421_220319_aes_nangate45_trial_971a444c_4d359b01a860/metrics.json	52	128	0	0.4673780131517529	1.958593787083971	1.2174143235143478	1.4904645393271743	1084	3923	1.5309998721997868	1.25 1.10 1.04
9785becb	ok	178761.5	178761.5	176845.1	1.0836602201587684	5.953	0.9872305140961858	-1.0836602201587684	-1.0836602201587684	0.0	0	<ORIGINAL_WORKSPACE>/OpenROAD-flow-scripts/flow/reports/nangate45/aes/place_batch_20260421_220319/dpl_evolve_baseline/openroad_dpl_hpwl_only_9case_bo_place_batch_20260421_220319_aes_nangate45_trial_9785becb_0b3f91bfed1c/metrics.json	80	64	1	0.0519197947466508	1.680115731240991	0.6782449971589799	138.75690702814063	766	1839	1.3119691127024637	2.00 1.50 1.20 1.05
98665e77	ok	176544.9	176544.9	176845.1	-0.16975307769342302	7.405	1.2280265339966832	0.007317466381604465	0.16975307769342302	0.16243561131181855	0	<ORIGINAL_WORKSPACE>/OpenROAD-flow-scripts/flow/reports/nangate45/aes/place_batch_20260421_220319/dpl_evolve_baseline/openroad_dpl_hpwl_only_9case_bo_place_batch_20260421_220319_aes_nangate45_trial_98665e77_1f8acf1a27aa/metrics.json	125	64 8	1	0.5040502737742087	1.9602990805102087	0.6912586404201391	78.54373985525947	249	1728	1.0961584286286519	1.10 1.04
98845307	ok	176571.6	176571.6	176845.1	-0.15465511908444168	7.182	1.191044776119403	0.038233165762198595	0.15465511908444168	0.11642195332224309	0	<ORIGINAL_WORKSPACE>/OpenROAD-flow-scripts/flow/reports/nangate45/aes/place_batch_20260421_220319/dpl_evolve_baseline/openroad_dpl_hpwl_only_9case_bo_place_batch_20260421_220319_aes_nangate45_trial_98845307_ddca176591f2/metrics.json	54	64 8	0	0.7008851547389583	1.881891139969676	0.8364432647711262	4.030634114383705	951	2615	1.724423992526234	1.04
992531d2	ok	177620.3	177620.3	176845.1	0.43834971961336927	5.745	0.9527363184079601	-0.43834971961336927	-0.43834971961336927	0.0	0	<ORIGINAL_WORKSPACE>/OpenROAD-flow-scripts/flow/reports/nangate45/aes/place_batch_20260421_220319/dpl_evolve_baseline/openroad_dpl_hpwl_only_9case_bo_place_batch_20260421_220319_aes_nangate45_trial_992531d2_dfe0a66a1e9a/metrics.json	73	64 8	1	0.6562037917042849	1.8141853727150192	1.0429353640386514	63.188755283970714	473	1945	1.1331984658210807	1.75 1.35 1.15 1.05
99918b89	ok	176790.2	176790.2	176845.1	-0.031044117139798717	6.941	1.151077943615257	-0.03483942637277716	0.031044117139798714	0.06588354351257587	0	<ORIGINAL_WORKSPACE>/OpenROAD-flow-scripts/flow/reports/nangate45/aes/place_batch_20260421_220319/dpl_evolve_baseline/openroad_dpl_hpwl_only_9case_bo_place_batch_20260421_220319_aes_nangate45_trial_99918b89_1dbef15e835f/metrics.json	15	32	1	0.5752022426596839	1.6333294304266668	1.1657470406431494	10.161443122925526	904	3401	1.450625194472486	1.10 1.04
9aae67a0	ok	176330.0	176330.0	176845.1	-0.29127185316415655	6.771	1.1228855721393034	0.2615675183579921	0.29127185316415655	0.029704334806164454	0	<ORIGINAL_WORKSPACE>/OpenROAD-flow-scripts/flow/reports/nangate45/aes/place_batch_20260421_220319/dpl_evolve_baseline/openroad_dpl_hpwl_only_9case_bo_place_batch_20260421_220319_aes_nangate45_trial_9aae67a0_9b97c8da083c/metrics.json	70	64 8	0	0.11668962428258503	1.8744489002974585	1.282080026275484	149.84403547285203	767	2382	1.8891337682432836	1.10 1.04
9b6ad29f	ok	176531.3	176531.3	176845.1	-0.17744342365155577	7.035	1.1666666666666667	0.09174501761758243	0.17744342365155577	0.08569840603397334	0	<ORIGINAL_WORKSPACE>/OpenROAD-flow-scripts/flow/reports/nangate45/aes/place_batch_20260421_220319/dpl_evolve_baseline/openroad_dpl_hpwl_only_9case_bo_place_batch_20260421_220319_aes_nangate45_trial_9b6ad29f_eabb37299ab4/metrics.json	12	64 8	0	0.6046330003953163	1.3034790255281719	1.601138126306385	28.863470579320982	1125	1471	1.958728172766247	1.75 1.35 1.15 1.05
9c2c74bf	ok	176447.2	176447.2	176845.1	-0.22499916593674021	7.104	1.1781094527363183	0.12483992937576652	0.22499916593674021	0.1001592365609737	0	<ORIGINAL_WORKSPACE>/OpenROAD-flow-scripts/flow/reports/nangate45/aes/place_batch_20260421_220319/dpl_evolve_baseline/openroad_dpl_hpwl_only_9case_bo_place_batch_20260421_220319_aes_nangate45_trial_9c2c74bf_6f20960d38ce/metrics.json	126	64 8	0	0.08965949466581764	1.7425038687051946	0.2982677379636985	93.97912372044321	186	3771	1.3440914231634205	1.10 1.04
9d219f89	ok	176565.6	176565.6	176845.1	-0.15804791877185176	7.396	1.2265339966832502	-0.0025441668232925596	0.15804791877185176	0.16059208559514432	0	<ORIGINAL_WORKSPACE>/OpenROAD-flow-scripts/flow/reports/nangate45/aes/place_batch_20260421_220319/dpl_evolve_baseline/openroad_dpl_hpwl_only_9case_bo_place_batch_20260421_220319_aes_nangate45_trial_9d219f89_e99ac8468c33/metrics.json	110	64 8	1	0.21390853167677296	1.3214059044728113	1.633010988710782	140.1217644556068	365	1412	1.0505913805373408	1.10 1.04
9d6baa7e	ok	176484.5	176484.5	176845.1	-0.20390726121334762	7.201	1.194195688225539	0.083537271423647	0.20390726121334762	0.12036998978970062	0	<ORIGINAL_WORKSPACE>/OpenROAD-flow-scripts/flow/reports/nangate45/aes/place_batch_20260421_220319/dpl_evolve_baseline/openroad_dpl_hpwl_only_9case_bo_place_batch_20260421_220319_aes_nangate45_trial_9d6baa7e_cafdde04366d/metrics.json	112	64 8	1	0.5270785893199432	1.9982942577071816	1.048142423983542	92.91036930746935	739	2807	1.1627025652404677	1.10 1.04
9dc57016	ok	175986.3	175986.3	176845.1	-0.48562272859130245	7.2	1.1940298507462686	0.36546040024824705	0.48562272859130245	0.12016232834305539	0	<ORIGINAL_WORKSPACE>/OpenROAD-flow-scripts/flow/reports/nangate45/aes/place_batch_20260421_220319/dpl_evolve_baseline/openroad_dpl_hpwl_only_9case_bo_place_batch_20260421_220319_aes_nangate45_trial_9dc57016_29b11f48ad8e/metrics.json	114	64 8	1	0.8241330716704813	1.2035269946462397	1.7258869296356933	118.10093266926657	518	2829	1.505375388228124	1.10 1.04
9ded4a5d	ok	177998.2	177998.2	176845.1	0.6520395532587592	6.136	1.0175787728026533	-0.6520395532587591	-0.6520395532587591	0.0	0	<ORIGINAL_WORKSPACE>/OpenROAD-flow-scripts/flow/reports/nangate45/aes/place_batch_20260421_220319/dpl_evolve_baseline/openroad_dpl_hpwl_only_9case_bo_place_batch_20260421_220319_aes_nangate45_trial_9ded4a5d_d9a17591f8ee/metrics.json	106	omit	1	0.48790177458285894	0.5848821684274627	1.4475228511883413	114.31027708606206	455	1881	1.6088531643986745	omit
9e94bfd0	ok	176909.0	176909.0	176845.1	0.036133316670913795	6.802	1.128026533996683	-0.07246860910166908	-0.036133316670913795	0.03633529243075528	0	<ORIGINAL_WORKSPACE>/OpenROAD-flow-scripts/flow/reports/nangate45/aes/place_batch_20260421_220319/dpl_evolve_baseline/openroad_dpl_hpwl_only_9case_bo_place_batch_20260421_220319_aes_nangate45_trial_9e94bfd0_149aded55791/metrics.json	68	128 16	0	0.0484312835719076	1.9639749219588867	0.5043333224476804	104.33023717433726	666	3669	1.512434098652389	2.00 1.50 1.20 1.05
9ef60fa0	ok	176984.6	176984.6	176845.1	0.07888259273228378	7.213	1.1961857379767826	-0.2017433961022213	-0.07888259273228379	0.1228608033699375	0	<ORIGINAL_WORKSPACE>/OpenROAD-flow-scripts/flow/reports/nangate45/aes/place_batch_20260421_220319/dpl_evolve_baseline/openroad_dpl_hpwl_only_9case_bo_place_batch_20260421_220319_aes_nangate45_trial_9ef60fa0_b27714868060/metrics.json	18	256	0	0.0364015483293506	1.2285416136726168	0.6928917870040773	111.40782062359517	499	3981	1.6703478040872697	omit
9ef8d09d	ok	178050.1	178050.1	176845.1	0.6813872705548528	5.706	0.9462686567164179	-0.6813872705548528	-0.6813872705548528	0.0	0	<ORIGINAL_WORKSPACE>/OpenROAD-flow-scripts/flow/reports/nangate45/aes/place_batch_20260421_220319/dpl_evolve_baseline/openroad_dpl_hpwl_only_9case_bo_place_batch_20260421_220319_aes_nangate45_trial_9ef8d09d_a1053f86870e/metrics.json	3	256	0	0.0886962088770938	1.873665194563143	1.0176879069598646	140.59936360993498	1045	3559	1.8133506634823497	1.25 1.10 1.04
9f486330	ok	178054.9	178054.9	176845.1	0.6841015103047743	5.451	0.9039800995024875	-0.6841015103047743	-0.6841015103047743	0.0	0	<ORIGINAL_WORKSPACE>/OpenROAD-flow-scripts/flow/reports/nangate45/aes/place_batch_20260421_220319/dpl_evolve_baseline/openroad_dpl_hpwl_only_9case_bo_place_batch_20260421_220319_aes_nangate45_trial_9f486330_955b3dd17f3a/metrics.json	58	32	0	0.09926298238288003	1.911144242108777	1.0161593717425976	114.7445321205206	669	3431	1.3584459316211155	1.10 1.04
a006385a	ok	176927.5	176927.5	176845.1	0.046594449040428136	6.824	1.13167495854063	-0.08762641994423837	-0.046594449040428136	0.04103197090381022	0	<ORIGINAL_WORKSPACE>/OpenROAD-flow-scripts/flow/reports/nangate45/aes/place_batch_20260421_220319/dpl_evolve_baseline/openroad_dpl_hpwl_only_9case_bo_place_batch_20260421_220319_aes_nangate45_trial_a006385a_2060696f571c/metrics.json	105	omit	1	0.6541426219110056	1.2333680041843977	0.5855139170280846	92.05550623225639	640	1369	1.5653024328552771	1.75 1.35 1.15 1.05
a0e34594	ok	178058.4	178058.4	176845.1	0.6860806434557635	5.873	0.9739635157545605	-0.6860806434557635	-0.6860806434557635	0.0	0	<ORIGINAL_WORKSPACE>/OpenROAD-flow-scripts/flow/reports/nangate45/aes/place_batch_20260421_220319/dpl_evolve_baseline/openroad_dpl_hpwl_only_9case_bo_place_batch_20260421_220319_aes_nangate45_trial_a0e34594_69e9451c1800/metrics.json	115	512 64	1	0.4035736375493928	1.443020007880422	0.9952979126347136	138.35071013368162	619	2332	1.2065921533593982	1.50 1.25 1.10 1.04
a19ad948	ok	177340.5	177340.5	176845.1	0.28013216085715364	5.835	0.9676616915422885	-0.2801321608571536	-0.2801321608571536	0.0	0	<ORIGINAL_WORKSPACE>/OpenROAD-flow-scripts/flow/reports/nangate45/aes/place_batch_20260421_220319/dpl_evolve_baseline/openroad_dpl_hpwl_only_9case_bo_place_batch_20260421_220319_aes_nangate45_trial_a19ad948_4b1a95a9f76a/metrics.json	25	64 8	0	0.22064181983521897	1.8063465504565352	1.4910779320773213	9.128737846828393	998	3676	1.8810179002968708	1.25 1.10 1.04
a38181d2	ok	176421.8	176421.8	176845.1	-0.23936201794678927	7.081	1.1742951907131012	0.1440152233897701	0.23936201794678927	0.09534679455701917	0	<ORIGINAL_WORKSPACE>/OpenROAD-flow-scripts/flow/reports/nangate45/aes/place_batch_20260421_220319/dpl_evolve_baseline/openroad_dpl_hpwl_only_9case_bo_place_batch_20260421_220319_aes_nangate45_trial_a38181d2_5276ff964d9b/metrics.json	71	64 8	1	0.2791896772171414	0.38848678484176796	0.2376489865853617	97.61806480957812	571	1491	1.2498214849612526	omit
a403b18c	ok	176193.6	176193.6	176845.1	-0.3684014993912752	7.072	1.1728026533996683	0.2749399614701466	0.3684014993912752	0.0934615379211286	0	<ORIGINAL_WORKSPACE>/OpenROAD-flow-scripts/flow/reports/nangate45/aes/place_batch_20260421_220319/dpl_evolve_baseline/openroad_dpl_hpwl_only_9case_bo_place_batch_20260421_220319_aes_nangate45_trial_a403b18c_ae6f4f9e7c91/metrics.json	109	64 8	1	0.7280141127575815	1.888477110119621	1.773592746016798	64.99701056273948	479	1384	1.1072948278905421	1.10 1.04
a41e2962	ok	176239.1	176239.1	176845.1	-0.3426727684284156	7.331	1.2157545605306799	0.1954284760768867	0.3426727684284156	0.1472442923515289	0	<ORIGINAL_WORKSPACE>/OpenROAD-flow-scripts/flow/reports/nangate45/aes/place_batch_20260421_220319/dpl_evolve_baseline/openroad_dpl_hpwl_only_9case_bo_place_batch_20260421_220319_aes_nangate45_trial_a41e2962_887ee46b0f35/metrics.json	30	64 8	1	0.017394482076512518	1.4405252592247086	1.2653255189238732	136.10884476202153	672	3087	1.258578044333626	omit
a4c21d10	ok	176715.0	176715.0	176845.1	-0.07356720655534466	7.146	1.1850746268656716	-0.03535990864492025	0.07356720655534466	0.1089271152002649	0	<ORIGINAL_WORKSPACE>/OpenROAD-flow-scripts/flow/reports/nangate45/aes/place_batch_20260421_220319/dpl_evolve_baseline/openroad_dpl_hpwl_only_9case_bo_place_batch_20260421_220319_aes_nangate45_trial_a4c21d10_fadd394a89da/metrics.json	55	64 8	1	0.5111977175276128	1.161721566942905	1.5483642480897297	131.2679525099411	703	1177	1.5729643054641058	1.10 1.04
a51b0577	ok	176953.5	176953.5	176845.1	0.06129658101920504	7.276	1.2066334991708125	-0.19720029655607646	-0.06129658101920504	0.13590371553687142	0	<ORIGINAL_WORKSPACE>/OpenROAD-flow-scripts/flow/reports/nangate45/aes/place_batch_20260421_220319/dpl_evolve_baseline/openroad_dpl_hpwl_only_9case_bo_place_batch_20260421_220319_aes_nangate45_trial_a51b0577_fa8b1aef4e53/metrics.json	13	256	1	0.44098687692331173	1.53812862176458	1.0031702780957297	0.005132222538804854	627	3275	1.321607774027186	1.50 1.25 1.10 1.04
a6722849	ok	176372.6	176372.6	176845.1	-0.26718297538354185	7.146	1.1850746268656716	0.15825586018327695	0.26718297538354185	0.1089271152002649	0	<ORIGINAL_WORKSPACE>/OpenROAD-flow-scripts/flow/reports/nangate45/aes/place_batch_20260421_220319/dpl_evolve_baseline/openroad_dpl_hpwl_only_9case_bo_place_batch_20260421_220319_aes_nangate45_trial_a6722849_c35d5574ca06/metrics.json	102	64 8	1	0.07942877499737158	1.7394498421028592	0.07310120492211641	108.26339438077554	619	403	1.3857324936902107	1.75 1.35 1.15 1.05
a69a92c7	ok	176014.4	176014.4	176845.1	-0.4697331167219288	7.175	1.1898839137645107	0.3547670193398487	0.46973311672192875	0.11496609738208002	0	<ORIGINAL_WORKSPACE>/OpenROAD-flow-scripts/flow/reports/nangate45/aes/place_batch_20260421_220319/dpl_evolve_baseline/openroad_dpl_hpwl_only_9case_bo_place_batch_20260421_220319_aes_nangate45_trial_a69a92c7_736d481e7f86/metrics.json	3	64 8	1	0.7796143088807421	0.999878306916282	1.112219319994833	13.574782531555016	657	3663	1.3100963106410266	1.10 1.04
a6d0ce3c	ok	176830.8	176830.8	176845.1	-0.008086172588337173	7.002	1.1611940298507462	-0.07067111764325205	0.008086172588337173	0.07875729023158923	0	<ORIGINAL_WORKSPACE>/OpenROAD-flow-scripts/flow/reports/nangate45/aes/place_batch_20260421_220319/dpl_evolve_baseline/openroad_dpl_hpwl_only_9case_bo_place_batch_20260421_220319_aes_nangate45_trial_a6d0ce3c_d3482aadb978/metrics.json	51	512 64	0	0.4878427981833896	1.9564272223769419	0.7176691906864583	19.86088583156608	987	3696	1.6742275985603978	1.75 1.35 1.15 1.05
a6eedd12	ok	178415.9	178415.9	176845.1	0.8882349581639458	5.765	0.9560530679933664	-0.8882349581639459	-0.8882349581639459	0.0	0	<ORIGINAL_WORKSPACE>/OpenROAD-flow-scripts/flow/reports/nangate45/aes/place_batch_20260421_220319/dpl_evolve_baseline/openroad_dpl_hpwl_only_9case_bo_place_batch_20260421_220319_aes_nangate45_trial_a6eedd12_6737c13276d9/metrics.json	42	1024	0	0.007591181796638029	1.4415448005159306	1.2332362751116135	96.79736397227333	843	3061	1.2769682978904389	1.25 1.10 1.04
a7971ed2	ok	176330.0	176330.0	176845.1	-0.29127185316415655	7.064	1.1714759535655057	0.19948710625045302	0.29127185316415655	0.09178474691370354	0	<ORIGINAL_WORKSPACE>/OpenROAD-flow-scripts/flow/reports/nangate45/aes/place_batch_20260421_220319/dpl_evolve_baseline/openroad_dpl_hpwl_only_9case_bo_place_batch_20260421_220319_aes_nangate45_trial_a7971ed2_966b8d585906/metrics.json	70	64 8	0	0.07699054980155956	0.8436755457357559	0.8473918882442051	140.8911563504459	561	2574	1.03691374161574	2.00 1.50 1.20 1.05
a809d245	ok	175808.1	175808.1	176845.1	-0.5863888793073712	7.11	1.1791044776119404	0.48497550481125906	0.5863888793073713	0.10141337449611221	0	<ORIGINAL_WORKSPACE>/OpenROAD-flow-scripts/flow/reports/nangate45/aes/place_batch_20260421_220319/dpl_evolve_baseline/openroad_dpl_hpwl_only_9case_bo_place_batch_20260421_220319_aes_nangate45_trial_a809d245_9dd8d11bef22/metrics.json	38	64 8	0	0.09540806757990015	1.7786047858425507	0.6075721392347605	117.72551525790615	752	3705	1.4916459836842095	1.10 1.04
a9ca0292	ok	175928.6	175928.6	176845.1	-0.518250152251886	6.957	1.153731343283582	0.4489844335371138	0.518250152251886	0.06926571871477213	0	<ORIGINAL_WORKSPACE>/OpenROAD-flow-scripts/flow/reports/nangate45/aes/place_batch_20260421_220319/dpl_evolve_baseline/openroad_dpl_hpwl_only_9case_bo_place_batch_20260421_220319_aes_nangate45_trial_a9ca0292_f96853ed6070/metrics.json	124	64 8	1	0.0664787202165047	1.1843244982249952	1.0912163611857377	149.8692656588064	647	2389	1.4024359739573073	2.00 1.50 1.20 1.05
a9fb2d54	ok	177319.1	177319.1	176845.1	0.2680311753053944	6.892	1.1429519071310117	-0.32353248577892646	-0.2680311753053944	0.055501310473532066	0	<ORIGINAL_WORKSPACE>/OpenROAD-flow-scripts/flow/reports/nangate45/aes/place_batch_20260421_220319/dpl_evolve_baseline/openroad_dpl_hpwl_only_9case_bo_place_batch_20260421_220319_aes_nangate45_trial_a9fb2d54_04e302ea05bf/metrics.json	46	128 16	1	0.21066431178596046	0.8587092380220558	1.0640397911420647	122.0995620983294	584	2983	1.49092577559692	omit
aa38c0e7	ok	177930.9	177930.9	176845.1	0.6139836500982997	5.983	0.9922056384742951	-0.6139836500982998	-0.6139836500982998	0.0	0	<ORIGINAL_WORKSPACE>/OpenROAD-flow-scripts/flow/reports/nangate45/aes/place_batch_20260421_220319/dpl_evolve_baseline/openroad_dpl_hpwl_only_9case_bo_place_batch_20260421_220319_aes_nangate45_trial_aa38c0e7_7f9be5c89737/metrics.json	24	omit	0	0.03377826612693913	1.7907932203480679	0.2886242363076924	125.77683045413383	863	3132	1.4596881693320911	1.50 1.25 1.10 1.04
aa6496ab	ok	176918.2	176918.2	176845.1	0.041335609524949135	7.192	1.1927031509121062	-0.1598361268706478	-0.041335609524949135	0.11850051734569868	0	<ORIGINAL_WORKSPACE>/OpenROAD-flow-scripts/flow/reports/nangate45/aes/place_batch_20260421_220319/dpl_evolve_baseline/openroad_dpl_hpwl_only_9case_bo_place_batch_20260421_220319_aes_nangate45_trial_aa6496ab_24fcbcc897e2/metrics.json	51	omit	0	0.9401074823333672	1.16402835989416	1.763722369603096	126.71016680883328	1092	1893	1.5463468160203733	1.04
ac1a341e	ok	178542.8	178542.8	176845.1	0.9599926715526653	5.97	0.990049751243781	-0.9599926715526653	-0.9599926715526653	0.0	0	<ORIGINAL_WORKSPACE>/OpenROAD-flow-scripts/flow/reports/nangate45/aes/place_batch_20260421_220319/dpl_evolve_baseline/openroad_dpl_hpwl_only_9case_bo_place_batch_20260421_220319_aes_nangate45_trial_ac1a341e_963d376f2fcc/metrics.json	38	256	1	0.1906376899202395	0.5066591109893678	0.8395627163443877	8.158370156711964	832	3338	1.938213488160338	1.75 1.35 1.15 1.05
ac64662f	ok	176950.2	176950.2	176845.1	0.059430541191136096	7.252	1.2026533996683249	-0.19037221200398008	-0.059430541191136096	0.130941670812844	0	<ORIGINAL_WORKSPACE>/OpenROAD-flow-scripts/flow/reports/nangate45/aes/place_batch_20260421_220319/dpl_evolve_baseline/openroad_dpl_hpwl_only_9case_bo_place_batch_20260421_220319_aes_nangate45_trial_ac64662f_12a5080302bd/metrics.json	44	512	1	0.05282137391005651	1.3922878692827076	0.9973652279042061	109.21563660343995	402	3271	1.567322049737875	omit
acd33775	ok	177694.8	177694.8	176845.1	0.48047698239871084	6.041	1.0018242122719734	-0.4804769823987108	-0.4804769823987108	0.0	0	<ORIGINAL_WORKSPACE>/OpenROAD-flow-scripts/flow/reports/nangate45/aes/place_batch_20260421_220319/dpl_evolve_baseline/openroad_dpl_hpwl_only_9case_bo_place_batch_20260421_220319_aes_nangate45_trial_acd33775_0477f1be8bd8/metrics.json	104	256 32	1	0.49958417067888605	1.4571713359491925	0.45597915489714336	37.20503375658461	1030	1722	1.6166850671552362	1.04
ade2beed	ok	177620.3	177620.3	176845.1	0.43834971961336927	5.731	0.9504145936981757	-0.43834971961336927	-0.43834971961336927	0.0	0	<ORIGINAL_WORKSPACE>/OpenROAD-flow-scripts/flow/reports/nangate45/aes/place_batch_20260421_220319/dpl_evolve_baseline/openroad_dpl_hpwl_only_9case_bo_place_batch_20260421_220319_aes_nangate45_trial_ade2beed_401d780837b7/metrics.json	11	64 8	0	0.1336084250117127	1.2242648545882484	0.30486637126293314	115.04422481862585	318	3573	1.459486100557916	1.10 1.04
ae78b269	ok	176053.3	176053.3	176845.1	-0.4477364654152235	7.304	1.2112769485903814	0.30605402964136846	0.4477364654152235	0.14168243577385503	0	<ORIGINAL_WORKSPACE>/OpenROAD-flow-scripts/flow/reports/nangate45/aes/place_batch_20260421_220319/dpl_evolve_baseline/openroad_dpl_hpwl_only_9case_bo_place_batch_20260421_220319_aes_nangate45_trial_ae78b269_0f4d526c7d0d/metrics.json	83	64 8	1	0.2494756371608723	1.3636526765941426	0.25782786142629266	133.32601014869854	487	1733	1.4120191394586115	2.00 1.50 1.20 1.05
aeb65083	ok	175781.9	175781.9	176845.1	-0.6012041046090685	7.457	1.2366500829187395	0.4281388771969954	0.6012041046090684	0.17306522741207297	0	<ORIGINAL_WORKSPACE>/OpenROAD-flow-scripts/flow/reports/nangate45/aes/place_batch_20260421_220319/dpl_evolve_baseline/openroad_dpl_hpwl_only_9case_bo_place_batch_20260421_220319_aes_nangate45_trial_aeb65083_ab2a469b6d8c/metrics.json	62	64 8	0	0.0467130188582909	1.9156307360855538	0.839883302873066	127.20174152736182	652	3410	1.337977284118255	1.10 1.04
af6ec4ec	ok	177407.2	177407.2	176845.1	0.3178487840488686	5.88	0.9751243781094526	-0.3178487840488686	-0.3178487840488686	0.0	0	<ORIGINAL_WORKSPACE>/OpenROAD-flow-scripts/flow/reports/nangate45/aes/place_batch_20260421_220319/dpl_evolve_baseline/openroad_dpl_hpwl_only_9case_bo_place_batch_20260421_220319_aes_nangate45_trial_af6ec4ec_200ab7fad10b/metrics.json	9	64 8	1	0.18764896506984735	1.1137960971645986	1.4321078016454565	6.79208087195445	732	2746	1.4857658048253792	1.10 1.04
afe190af	ok	176020.6	176020.6	176845.1	-0.4662272237115984	7.191	1.1925373134328356	0.3479344977137239	0.4662272237115984	0.11829272599787448	0	<ORIGINAL_WORKSPACE>/OpenROAD-flow-scripts/flow/reports/nangate45/aes/place_batch_20260421_220319/dpl_evolve_baseline/openroad_dpl_hpwl_only_9case_bo_place_batch_20260421_220319_aes_nangate45_trial_afe190af_6eb49a5b6379/metrics.json	106	64 8	1	0.7643521466480514	1.2729881536212233	0.7800173498729056	148.12315539537312	226	2858	1.7332822572303794	1.04
b0e591ae	ok	178487.7	178487.7	176845.1	0.9288354610899628	6.218	1.0311774461028191	-0.9288354610899627	-0.9288354610899627	0.0	0	<ORIGINAL_WORKSPACE>/OpenROAD-flow-scripts/flow/reports/nangate45/aes/place_batch_20260421_220319/dpl_evolve_baseline/openroad_dpl_hpwl_only_9case_bo_place_batch_20260421_220319_aes_nangate45_trial_b0e591ae_7003d29ee496/metrics.json	21	omit	1	0.6029552090655137	0.5026016047781987	1.265249004889865	56.60168053129527	675	3176	1.8973246547481566	1.75 1.35 1.15 1.05
b0ec9dc2	ok	176330.0	176330.0	176845.1	-0.29127185316415655	6.865	1.1384742951907132	0.24150713920511024	0.29127185316415655	0.04976471395904629	0	<ORIGINAL_WORKSPACE>/OpenROAD-flow-scripts/flow/reports/nangate45/aes/place_batch_20260421_220319/dpl_evolve_baseline/openroad_dpl_hpwl_only_9case_bo_place_batch_20260421_220319_aes_nangate45_trial_b0ec9dc2_d707b9e9b009/metrics.json	70	64 8	1	0.6949718200710601	1.720644309389916	0.9749207550507035	34.89021725149552	649	2228	1.0426915642085635	1.10 1.04
b0f13874	ok	178766.3	178766.3	176845.1	1.0863744599086897	6.03	1.0	-1.0863744599086897	-1.0863744599086897	0.0	0	<ORIGINAL_WORKSPACE>/OpenROAD-flow-scripts/flow/reports/nangate45/aes/place_batch_20260421_220319/dpl_evolve_baseline/openroad_dpl_hpwl_only_9case_bo_place_batch_20260421_220319_aes_nangate45_trial_b0f13874_768489feba5a/metrics.json	58	1024 128	0	0.06971099506738415	1.8307445031726515	1.087910660118187	143.4066747547313	394	2940	1.4461777818983097	1.75 1.35 1.15 1.05
b0f23a6f	ok	176334.6	176334.6	176845.1	-0.2886707067371389	7.321	1.2140961857379766	0.14348516513548537	0.28867070673713885	0.14518554160165348	0	<ORIGINAL_WORKSPACE>/OpenROAD-flow-scripts/flow/reports/nangate45/aes/place_batch_20260421_220319/dpl_evolve_baseline/openroad_dpl_hpwl_only_9case_bo_place_batch_20260421_220319_aes_nangate45_trial_b0f23a6f_94d3058e59eb/metrics.json	15	64 8	1	0.6066569981275026	0.9756211300758753	0.6132977056367723	13.054334225421265	605	3959	1.9543256052251885	1.75 1.35 1.15 1.05
b269003e	ok	175973.3	175973.3	176845.1	-0.49297379458069096	7.129	1.182255389718076	0.38759247043462336	0.4929737945806909	0.10538132414606755	0	<ORIGINAL_WORKSPACE>/OpenROAD-flow-scripts/flow/reports/nangate45/aes/place_batch_20260421_220319/dpl_evolve_baseline/openroad_dpl_hpwl_only_9case_bo_place_batch_20260421_220319_aes_nangate45_trial_b269003e_2c783847f645/metrics.json	88	64 8	1	0.5099193148609925	0.24350237260449442	1.6143928382389614	116.35103623585798	597	2039	1.3062014626439118	omit
b28b2462	ok	176576.4	176576.4	176845.1	-0.15194087933452025	7.367	1.2217247097844113	-0.002703313939605101	0.15194087933452022	0.15464419327412532	0	<ORIGINAL_WORKSPACE>/OpenROAD-flow-scripts/flow/reports/nangate45/aes/place_batch_20260421_220319/dpl_evolve_baseline/openroad_dpl_hpwl_only_9case_bo_place_batch_20260421_220319_aes_nangate45_trial_b28b2462_04855c0a6256/metrics.json	47	64 8	0	0.11805175440532592	1.8969452570320382	0.2984487132123682	127.26943931461498	673	3518	1.465990302191802	omit
b36f3532	ok	175950.5	175950.5	176845.1	-0.5058664333928425	7.291	1.2091210613598673	0.3668655948332379	0.5058664333928425	0.13900083855960463	0	<ORIGINAL_WORKSPACE>/OpenROAD-flow-scripts/flow/reports/nangate45/aes/place_batch_20260421_220319/dpl_evolve_baseline/openroad_dpl_hpwl_only_9case_bo_place_batch_20260421_220319_aes_nangate45_trial_b36f3532_78392e7da3fe/metrics.json	69	64 8	1	0.37843164725270934	1.9474414223415186	0.9740517577894938	136.5935564383983	623	2724	1.1871290008703634	2.50 1.75 1.25 1.08
b495924a	ok	176544.9	176544.9	176845.1	-0.16975307769342302	7.203	1.1945273631840796	0.04896780826272093	0.16975307769342302	0.12078526943070209	0	<ORIGINAL_WORKSPACE>/OpenROAD-flow-scripts/flow/reports/nangate45/aes/place_batch_20260421_220319/dpl_evolve_baseline/openroad_dpl_hpwl_only_9case_bo_place_batch_20260421_220319_aes_nangate45_trial_b495924a_c1c5e6d29c68/metrics.json	125	64 8	1	0.5542177572072483	1.617001381816106	0.17581742923233834	134.1331883462481	754	874	1.5256208347391185	2.50 1.75 1.25 1.08
b4f7e566	ok	175950.5	175950.5	176845.1	-0.5058664333928425	7.254	1.2029850746268655	0.37451094554924436	0.5058664333928425	0.13135548784359818	0	<ORIGINAL_WORKSPACE>/OpenROAD-flow-scripts/flow/reports/nangate45/aes/place_batch_20260421_220319/dpl_evolve_baseline/openroad_dpl_hpwl_only_9case_bo_place_batch_20260421_220319_aes_nangate45_trial_b4f7e566_634754278eb2/metrics.json	69	64 8	1	0.6407823730840366	0.8203119293375014	1.3631318037304256	92.31878435666863	1086	2972	1.4401213982718126	1.04
b52a95d0	ok	178619.9	178619.9	176845.1	1.0035901475358877	5.917	0.9812603648424543	-1.0035901475358877	-1.0035901475358877	0.0	0	<ORIGINAL_WORKSPACE>/OpenROAD-flow-scripts/flow/reports/nangate45/aes/place_batch_20260421_220319/dpl_evolve_baseline/openroad_dpl_hpwl_only_9case_bo_place_batch_20260421_220319_aes_nangate45_trial_b52a95d0_a0c5db633f60/metrics.json	19	1024	1	0.40239251985773583	1.809372320687246	0.12226904351036993	116.0811514080628	194	2512	1.010364261335232	1.75 1.35 1.15 1.05
b52f09dc	ok	177717.9	177717.9	176845.1	0.49353926119524283	6.044	1.0023217247097842	-0.49353926119524283	-0.49353926119524283	0.0	0	<ORIGINAL_WORKSPACE>/OpenROAD-flow-scripts/flow/reports/nangate45/aes/place_batch_20260421_220319/dpl_evolve_baseline/openroad_dpl_hpwl_only_9case_bo_place_batch_20260421_220319_aes_nangate45_trial_b52f09dc_0d401bd527ca/metrics.json	86	1024	1	0.3463867275242197	1.5704266774792672	0.33306803482664293	99.63419555790298	1071	1023	1.3315768487017245	1.75 1.35 1.15 1.05
b6967e53	ok	176377.0	176377.0	176845.1	-0.2646949222794444	7.077	1.1736318407960198	0.1701858715597687	0.26469492227944447	0.09450905071967577	0	<ORIGINAL_WORKSPACE>/OpenROAD-flow-scripts/flow/reports/nangate45/aes/place_batch_20260421_220319/dpl_evolve_baseline/openroad_dpl_hpwl_only_9case_bo_place_batch_20260421_220319_aes_nangate45_trial_b6967e53_204a4894a206/metrics.json	60	64 8	0	0.38793455542287575	1.8859888166157934	0.7743091096167629	37.877201122112965	1186	3826	1.780903790025179	2.50 1.75 1.25 1.08
b7e08867	ok	176225.1	176225.1	176845.1	-0.3505893010323724	7.282	1.2076285240464344	0.21344635354482222	0.3505893010323724	0.13714294748755018	0	<ORIGINAL_WORKSPACE>/OpenROAD-flow-scripts/flow/reports/nangate45/aes/place_batch_20260421_220319/dpl_evolve_baseline/openroad_dpl_hpwl_only_9case_bo_place_batch_20260421_220319_aes_nangate45_trial_b7e08867_bb6f50ff8eb5/metrics.json	92	64 8	1	0.35443268773193903	1.9153672081402107	0.7331104856443854	106.63248800974722	885	579	1.6233602720834517	1.75 1.35 1.15 1.05
b9ca218b	ok	175804.4	175804.4	176845.1	-0.5884811057812807	7.084	1.174792703150912	0.49250615861545444	0.5884811057812807	0.09597494716582625	0	<ORIGINAL_WORKSPACE>/OpenROAD-flow-scripts/flow/reports/nangate45/aes/place_batch_20260421_220319/dpl_evolve_baseline/openroad_dpl_hpwl_only_9case_bo_place_batch_20260421_220319_aes_nangate45_trial_b9ca218b_3b1b83906833/metrics.json	84	64 8	1	0.5225769507261524	0.6874625209201726	1.2198139808365345	105.08874004374621	751	2823	1.4115286824175897	omit
ba87d160	ok	177671.3	177671.3	176845.1	0.46718851695635477	5.785	0.9593698175787728	-0.46718851695635477	-0.46718851695635477	0.0	0	<ORIGINAL_WORKSPACE>/OpenROAD-flow-scripts/flow/reports/nangate45/aes/place_batch_20260421_220319/dpl_evolve_baseline/openroad_dpl_hpwl_only_9case_bo_place_batch_20260421_220319_aes_nangate45_trial_ba87d160_e1eaec6f79bf/metrics.json	38	32	0	0.13216114194293815	0.41290811777886605	0.19856817761302625	76.18825499179312	351	1492	1.1080653286972368	1.75 1.35 1.15 1.05
badef0b1	ok	176014.4	176014.4	176845.1	-0.4697331167219288	7.428	1.2318407960199005	0.3025913564629316	0.46973311672192875	0.16714176025899713	0	<ORIGINAL_WORKSPACE>/OpenROAD-flow-scripts/flow/reports/nangate45/aes/place_batch_20260421_220319/dpl_evolve_baseline/openroad_dpl_hpwl_only_9case_bo_place_batch_20260421_220319_aes_nangate45_trial_badef0b1_bae1703d20a3/metrics.json	3	64 8	1	0.18471890520673556	1.5655620980391505	1.8134583494780094	6.177751484438533	780	3658	1.512313182793141	1.10 1.04
bae76009	ok	178415.9	178415.9	176845.1	0.8882349581639458	5.677	0.9414593698175787	-0.8882349581639459	-0.8882349581639459	0.0	0	<ORIGINAL_WORKSPACE>/OpenROAD-flow-scripts/flow/reports/nangate45/aes/place_batch_20260421_220319/dpl_evolve_baseline/openroad_dpl_hpwl_only_9case_bo_place_batch_20260421_220319_aes_nangate45_trial_bae76009_5715b4acea00/metrics.json	42	128	1	0.44440818436303225	1.6713465916361157	1.2213081005476139	38.196741124328355	1139	3128	1.687095632995781	1.04
bb6631bb	ok	178649.7	178649.7	176845.1	1.0204410526500343	6.789	1.125870646766169	-1.0539974644235888	-1.0204410526500343	0.03355641177355443	0	<ORIGINAL_WORKSPACE>/OpenROAD-flow-scripts/flow/reports/nangate45/aes/place_batch_20260421_220319/dpl_evolve_baseline/openroad_dpl_hpwl_only_9case_bo_place_batch_20260421_220319_aes_nangate45_trial_bb6631bb_cc569f30276b/metrics.json	37	1024	1	0.26951683208892896	0.45390303676464533	0.8818821046339766	45.95848594408382	783	3878	1.9894985413276611	1.25 1.10 1.04
bb6eb0f6	ok	176484.5	176484.5	176845.1	-0.20390726121334762	7.023	1.1646766169154228	0.12073100985064719	0.20390726121334762	0.08317625136270043	0	<ORIGINAL_WORKSPACE>/OpenROAD-flow-scripts/flow/reports/nangate45/aes/place_batch_20260421_220319/dpl_evolve_baseline/openroad_dpl_hpwl_only_9case_bo_place_batch_20260421_220319_aes_nangate45_trial_bb6eb0f6_98a6af4d2a88/metrics.json	112	64 8	1	0.46176758135519047	1.733295659031206	0.5877630678813461	102.89349474255187	764	1705	1.136600728502772	1.75 1.35 1.15 1.05
bb88b78e	ok	177104.3	177104.3	176845.1	0.14656894649610452	7.238	1.2003316749585407	-0.27461229891073036	-0.14656894649610452	0.1280433524146258	0	<ORIGINAL_WORKSPACE>/OpenROAD-flow-scripts/flow/reports/nangate45/aes/place_batch_20260421_220319/dpl_evolve_baseline/openroad_dpl_hpwl_only_9case_bo_place_batch_20260421_220319_aes_nangate45_trial_bb88b78e_dfb2caeb4e05/metrics.json	118	1024	0	0.19800340181296522	1.6718459220095299	0.3493888853297843	137.06995910601466	807	390	1.687424042870238	1.75 1.35 1.15 1.05
bc39a4f5	ok	176113.6	176113.6	176845.1	-0.4136388285567426	7.218	1.1970149253731344	0.2897407977467802	0.41363882855674255	0.1238980308099624	0	<ORIGINAL_WORKSPACE>/OpenROAD-flow-scripts/flow/reports/nangate45/aes/place_batch_20260421_220319/dpl_evolve_baseline/openroad_dpl_hpwl_only_9case_bo_place_batch_20260421_220319_aes_nangate45_trial_bc39a4f5_4eacd45ca759/metrics.json	8	64 8	0	0.14136890268221725	1.664269060240431	0.3786527228379346	143.38308834635598	788	2094	1.669727055027976	1.10 1.04
bc59c407	ok	176539.3	176539.3	176845.1	-0.17291969073500904	7.594	1.2593698175787729	-0.0279743435801717	0.17291969073500904	0.20089403431518074	0	<ORIGINAL_WORKSPACE>/OpenROAD-flow-scripts/flow/reports/nangate45/aes/place_batch_20260421_220319/dpl_evolve_baseline/openroad_dpl_hpwl_only_9case_bo_place_batch_20260421_220319_aes_nangate45_trial_bc59c407_ac1670831c4f/metrics.json	45	64 8	0	0.37202246032376235	0.8264975072307159	0.9420355579036417	96.82496128928989	114	3542	1.206027009412295	1.75 1.35 1.15 1.05
bdee3196	ok	176983.4	176983.4	176845.1	0.0782040327947952	7.084	1.174792703150912	-0.17417897996062143	-0.0782040327947952	0.09597494716582625	0	<ORIGINAL_WORKSPACE>/OpenROAD-flow-scripts/flow/reports/nangate45/aes/place_batch_20260421_220319/dpl_evolve_baseline/openroad_dpl_hpwl_only_9case_bo_place_batch_20260421_220319_aes_nangate45_trial_bdee3196_acf5b855a162/metrics.json	2	1024 128	1	0.6321057106661488	1.6386426059573138	1.953258147148745	15.733612695409816	1084	1969	1.981600606069357	1.75 1.35 1.15 1.05
bed4d25a	ok	178045.7	178045.7	176845.1	0.6788992174507554	5.354	0.887893864013267	-0.6788992174507553	-0.6788992174507553	0.0	0	<ORIGINAL_WORKSPACE>/OpenROAD-flow-scripts/flow/reports/nangate45/aes/place_batch_20260421_220319/dpl_evolve_baseline/openroad_dpl_hpwl_only_9case_bo_place_batch_20260421_220319_aes_nangate45_trial_bed4d25a_509efd597735/metrics.json	28	128 16	0	0.21920225605169982	0.8145116146333788	0.9139704485337528	77.48737942959524	532	3091	1.119092406397982	1.75 1.35 1.15 1.05
bf86166b	ok	175670.4	175670.4	176845.1	-0.6642536321334386	7.132	1.1827529021558871	0.5582462731991515	0.6642536321334386	0.10600735893428699	0	<ORIGINAL_WORKSPACE>/OpenROAD-flow-scripts/flow/reports/nangate45/aes/place_batch_20260421_220319/dpl_evolve_baseline/openroad_dpl_hpwl_only_9case_bo_place_batch_20260421_220319_aes_nangate45_trial_bf86166b_5c0a11c4349e/metrics.json	111	64 8	1	0.23676472254383582	0.26101308277196067	1.4785071967242278	81.26944563126341	616	697	1.7087282294461366	1.75 1.35 1.15 1.05
c04d0684	ok	175973.3	175973.3	176845.1	-0.49297379458069096	6.988	1.158872305140962	0.41716616077697427	0.4929737945806909	0.07580763380371665	0	<ORIGINAL_WORKSPACE>/OpenROAD-flow-scripts/flow/reports/nangate45/aes/place_batch_20260421_220319/dpl_evolve_baseline/openroad_dpl_hpwl_only_9case_bo_place_batch_20260421_220319_aes_nangate45_trial_c04d0684_1b52025ce4c6/metrics.json	88	64 8	0	0.34270014246625186	0.2209433826674903	1.0384741054035802	26.629566179329466	846	3302	1.964616609070759	1.75 1.35 1.15 1.05
c0f7b947	ok	176020.6	176020.6	176845.1	-0.4662272237115984	6.858	1.1373134328358208	0.41795161612637255	0.4662272237115984	0.04827560758522584	0	<ORIGINAL_WORKSPACE>/OpenROAD-flow-scripts/flow/reports/nangate45/aes/place_batch_20260421_220319/dpl_evolve_baseline/openroad_dpl_hpwl_only_9case_bo_place_batch_20260421_220319_aes_nangate45_trial_c0f7b947_5d966dad471e/metrics.json	106	64 8	0	0.058659376949014595	1.9877707616110853	0.581120021792401	128.67406149344757	549	2192	1.0228366685509942	1.10 1.04
c12f10a1	ok	178766.3	178766.3	176845.1	1.0863744599086897	5.967	0.9895522388059701	-1.0863744599086897	-1.0863744599086897	0.0	0	<ORIGINAL_WORKSPACE>/OpenROAD-flow-scripts/flow/reports/nangate45/aes/place_batch_20260421_220319/dpl_evolve_baseline/openroad_dpl_hpwl_only_9case_bo_place_batch_20260421_220319_aes_nangate45_trial_c12f10a1_79b5ed60897f/metrics.json	58	1024	0	0.5839572362258273	1.81650246490698	1.0864947303149464	3.3322894390304594	1000	2459	1.761965918297033	1.25 1.10 1.04
c1a387d3	ok	177958.1	177958.1	176845.1	0.6293643420145653	6.062	1.00530679933665	-0.6293643420145653	-0.6293643420145653	0.0	0	<ORIGINAL_WORKSPACE>/OpenROAD-flow-scripts/flow/reports/nangate45/aes/place_batch_20260421_220319/dpl_evolve_baseline/openroad_dpl_hpwl_only_9case_bo_place_batch_20260421_220319_aes_nangate45_trial_c1a387d3_c6ae73c995ac/metrics.json	53	64	1	0.24499518259997727	1.6124528916531184	1.2215442146499635	0.0766527111341535	932	2614	1.4558681923838181	1.10 1.04
c31e69fd	ok	177844.6	177844.6	176845.1	0.5651838812610585	6.028	0.9996683250414593	-0.5651838812610583	-0.5651838812610583	0.0	0	<ORIGINAL_WORKSPACE>/OpenROAD-flow-scripts/flow/reports/nangate45/aes/place_batch_20260421_220319/dpl_evolve_baseline/openroad_dpl_hpwl_only_9case_bo_place_batch_20260421_220319_aes_nangate45_trial_c31e69fd_4eff5eded5d9/metrics.json	94	128 16	1	0.517853852265213	1.0262162284075473	0.575543012420606	95.27898566998972	560	2009	1.6304382942213187	2.50 1.75 1.25 1.08
c32680e6	ok	176340.7	176340.7	176845.1	-0.28522136038826873	7.199	1.1938640132669982	0.16526670791329334	0.2852213603882687	0.11995465247497535	0	<ORIGINAL_WORKSPACE>/OpenROAD-flow-scripts/flow/reports/nangate45/aes/place_batch_20260421_220319/dpl_evolve_baseline/openroad_dpl_hpwl_only_9case_bo_place_batch_20260421_220319_aes_nangate45_trial_c32680e6_733e0fb8526b/metrics.json	13	64 8	1	0.1495775299096952	1.3214181735335258	0.6602387898960498	147.50683037459441	593	3926	1.5088671415035415	omit
c3693289	ok	175928.6	175928.6	176845.1	-0.518250152251886	7.21	1.1956882255389718	0.3960118579116285	0.518250152251886	0.12223829434025743	0	<ORIGINAL_WORKSPACE>/OpenROAD-flow-scripts/flow/reports/nangate45/aes/place_batch_20260421_220319/dpl_evolve_baseline/openroad_dpl_hpwl_only_9case_bo_place_batch_20260421_220319_aes_nangate45_trial_c3693289_cb529aeca056/metrics.json	124	64 8	1	0.604786832120575	0.18390358303214	1.6547149598255786	145.28680254780951	264	1571	1.6065554652841634	1.25 1.10 1.04
c3f7930d	ok	176439.2	176439.2	176845.1	-0.22952289885328694	7.078	1.1737976782752901	0.13480438998356054	0.22952289885328694	0.09471850886972642	0	<ORIGINAL_WORKSPACE>/OpenROAD-flow-scripts/flow/reports/nangate45/aes/place_batch_20260421_220319/dpl_evolve_baseline/openroad_dpl_hpwl_only_9case_bo_place_batch_20260421_220319_aes_nangate45_trial_c3f7930d_df244514e030/metrics.json	68	64 8	0	0.6508785749378616	1.9233256550682578	0.9388908035399506	50.33842606899031	1154	3649	1.6827233609759618	1.25 1.10 1.04
c4074895	ok	177659.6	177659.6	176845.1	0.46057255756591503	6.179	1.024709784411277	-0.46057255756591503	-0.46057255756591503	0.0	0	<ORIGINAL_WORKSPACE>/OpenROAD-flow-scripts/flow/reports/nangate45/aes/place_batch_20260421_220319/dpl_evolve_baseline/openroad_dpl_hpwl_only_9case_bo_place_batch_20260421_220319_aes_nangate45_trial_c4074895_ee8b0465a9a2/metrics.json	25	64	1	0.31058725179421	1.9648348985858857	0.5699454691956887	80.04800174568172	411	3652	1.3665566438512344	1.75 1.35 1.15 1.05
c437b5fe	ok	177109.0	177109.0	176845.1	0.1492266395845823	7.822	1.2971807628524046	-0.39588352478784494	-0.14922663958458232	0.24665688520326262	0	<ORIGINAL_WORKSPACE>/OpenROAD-flow-scripts/flow/reports/nangate45/aes/place_batch_20260421_220319/dpl_evolve_baseline/openroad_dpl_hpwl_only_9case_bo_place_batch_20260421_220319_aes_nangate45_trial_c437b5fe_3cd48b922618/metrics.json	81	128 16	1	0.35711872550943924	1.8914644658900894	1.7402909462455716	139.82464062553177	774	3280	1.392886720393741	1.50 1.25 1.10 1.04
c4c8c756	ok	175875.1	175875.1	176845.1	-0.5485026161312923	7.42	1.230514096185738	0.3829969497646217	0.5485026161312923	0.16550566636667058	0	<ORIGINAL_WORKSPACE>/OpenROAD-flow-scripts/flow/reports/nangate45/aes/place_batch_20260421_220319/dpl_evolve_baseline/openroad_dpl_hpwl_only_9case_bo_place_batch_20260421_220319_aes_nangate45_trial_c4c8c756_eb8eebfd06e6/metrics.json	27	64 8	1	0.5328438719939215	1.483091231897302	1.143186135454862	7.970578140685774	1001	3767	1.5126774051102745	1.50 1.25 1.10 1.04
c4dd20c3	ok	176346.9	176346.9	176845.1	-0.28171546737795483	7.383	1.2243781094527362	0.12378823363273378	0.28171546737795483	0.15792723374522105	0	<ORIGINAL_WORKSPACE>/OpenROAD-flow-scripts/flow/reports/nangate45/aes/place_batch_20260421_220319/dpl_evolve_baseline/openroad_dpl_hpwl_only_9case_bo_place_batch_20260421_220319_aes_nangate45_trial_c4dd20c3_357da4b44f2f/metrics.json	43	64 8	1	0.5860270170870576	1.8553587758293741	1.4151820165731408	10.667405333184727	1102	1897	1.9745095051598287	1.75 1.35 1.15 1.05
c4ebd702	ok	176020.6	176020.6	176845.1	-0.4662272237115984	7.341	1.2174129353233831	0.3169255842724757	0.4662272237115984	0.14930163943912272	0	<ORIGINAL_WORKSPACE>/OpenROAD-flow-scripts/flow/reports/nangate45/aes/place_batch_20260421_220319/dpl_evolve_baseline/openroad_dpl_hpwl_only_9case_bo_place_batch_20260421_220319_aes_nangate45_trial_c4ebd702_32a471bac9ed/metrics.json	106	64 8	1	0.29244829029209474	0.3229586380618584	1.9898448330486194	144.78933387632057	640	1590	1.5740773419946597	1.04
c521c651	ok	177879.1	177879.1	176845.1	0.5846924794636662	5.892	0.9771144278606966	-0.5846924794636662	-0.5846924794636662	0.0	0	<ORIGINAL_WORKSPACE>/OpenROAD-flow-scripts/flow/reports/nangate45/aes/place_batch_20260421_220319/dpl_evolve_baseline/openroad_dpl_hpwl_only_9case_bo_place_batch_20260421_220319_aes_nangate45_trial_c521c651_c6f451a38dde/metrics.json	6	64	1	0.016117044684936802	1.2153610117615972	0.87955182043883	130.8605501880861	904	3410	1.450816993644542	1.75 1.35 1.15 1.05
c535f7c9	ok	177877.4	177877.4	176845.1	0.5837311862188934	5.764	0.9558872305140962	-0.5837311862188934	-0.5837311862188934	0.0	0	<ORIGINAL_WORKSPACE>/OpenROAD-flow-scripts/flow/reports/nangate45/aes/place_batch_20260421_220319/dpl_evolve_baseline/openroad_dpl_hpwl_only_9case_bo_place_batch_20260421_220319_aes_nangate45_trial_c535f7c9_aecfe282736f/metrics.json	79	64	1	0.685507657513303	1.4368015834330876	1.7954959574616967	4.283281190720851	1141	2460	1.8047148396889237	1.75 1.35 1.15 1.05
c5bba93e	ok	176918.7	176918.7	176845.1	0.041618342832233306	7.019	1.1640132669983416	-0.12395339720212978	-0.041618342832233306	0.08233505436989647	0	<ORIGINAL_WORKSPACE>/OpenROAD-flow-scripts/flow/reports/nangate45/aes/place_batch_20260421_220319/dpl_evolve_baseline/openroad_dpl_hpwl_only_9case_bo_place_batch_20260421_220319_aes_nangate45_trial_c5bba93e_340c3bf027f5/metrics.json	52	128	0	0.8548979426974024	1.0554292926174933	1.6142141138089663	85.87327757874095	893	2124	1.770883910501888	1.10 1.04
c61ea85b	ok	178649.7	178649.7	176845.1	1.0204410526500343	5.885	0.9759535655058043	-1.0204410526500343	-1.0204410526500343	0.0	0	<ORIGINAL_WORKSPACE>/OpenROAD-flow-scripts/flow/reports/nangate45/aes/place_batch_20260421_220319/dpl_evolve_baseline/openroad_dpl_hpwl_only_9case_bo_place_batch_20260421_220319_aes_nangate45_trial_c61ea85b_bb9a959e91d7/metrics.json	37	1024 128	0	0.25691241995312064	0.5510167138168227	1.2536812565184938	104.06903680642986	230	3495	1.244721038439661	2.00 1.50 1.20 1.05
c6d109fe	ok	175937.9	175937.9	176845.1	-0.512991312736407	7.427	1.2316749585406301	0.346054016015774	0.512991312736407	0.16693729672063293	0	<ORIGINAL_WORKSPACE>/OpenROAD-flow-scripts/flow/reports/nangate45/aes/place_batch_20260421_220319/dpl_evolve_baseline/openroad_dpl_hpwl_only_9case_bo_place_batch_20260421_220319_aes_nangate45_trial_c6d109fe_0de73784079e/metrics.json	67	64 8	1	0.5382865643798238	1.548245490847794	1.3509156070747044	23.290066538974777	884	3818	1.8199863399628438	omit
c79f01fe	ok	177860.5	177860.5	176845.1	0.5741748004326918	5.741	0.9520729684908789	-0.5741748004326918	-0.5741748004326918	0.0	0	<ORIGINAL_WORKSPACE>/OpenROAD-flow-scripts/flow/reports/nangate45/aes/place_batch_20260421_220319/dpl_evolve_baseline/openroad_dpl_hpwl_only_9case_bo_place_batch_20260421_220319_aes_nangate45_trial_c79f01fe_1f37797cff34/metrics.json	107	32	0	0.4775145378125062	0.4478871071097715	0.7330014605430237	117.09792306520242	517	2237	1.5255850223726455	omit
c7aff420	ok	178750.9	178750.9	176845.1	1.0776662740443408	6.155	1.0207296849087895	-1.0776662740443406	-1.0776662740443406	0.0	0	<ORIGINAL_WORKSPACE>/OpenROAD-flow-scripts/flow/reports/nangate45/aes/place_batch_20260421_220319/dpl_evolve_baseline/openroad_dpl_hpwl_only_9case_bo_place_batch_20260421_220319_aes_nangate45_trial_c7aff420_842d738a1db5/metrics.json	54	omit	0	0.6704675101784022	0.8346096047342539	1.1394451654692157	21.058040789285066	278	3223	1.9682615757193975	2.00 1.50 1.20 1.05
c7c182b1	ok	176446.7	176446.7	176845.1	-0.2252818992440244	7.32	1.2139303482587065	0.08030231002946098	0.2252818992440244	0.14497958921456341	0	<ORIGINAL_WORKSPACE>/OpenROAD-flow-scripts/flow/reports/nangate45/aes/place_batch_20260421_220319/dpl_evolve_baseline/openroad_dpl_hpwl_only_9case_bo_place_batch_20260421_220319_aes_nangate45_trial_c7c182b1_fe3f2ebb3cd6/metrics.json	81	64 8	1	0.1388669786969008	1.244537963673569	0.9718729635621961	112.62626507471711	766	3493	1.7131552554133183	2.50 1.75 1.25 1.08
c81f1a5d	ok	176260.4	176260.4	176845.1	-0.3306283295381165	7.346	1.2182421227197346	0.1802985420321851	0.3306283295381165	0.1503297875059314	0	<ORIGINAL_WORKSPACE>/OpenROAD-flow-scripts/flow/reports/nangate45/aes/place_batch_20260421_220319/dpl_evolve_baseline/openroad_dpl_hpwl_only_9case_bo_place_batch_20260421_220319_aes_nangate45_trial_c81f1a5d_d4417939554f/metrics.json	63	64 8	0	0.4176220764173977	1.7919042641852703	1.5509474022551808	56.19421942889106	1188	2604	1.735193904218514	1.25 1.10 1.04
c8a4084e	ok	176469.0	176469.0	176845.1	-0.21267199373915693	6.963	1.154726368159204	0.14213896216137764	0.21267199373915693	0.07053303157777929	0	<ORIGINAL_WORKSPACE>/OpenROAD-flow-scripts/flow/reports/nangate45/aes/place_batch_20260421_220319/dpl_evolve_baseline/openroad_dpl_hpwl_only_9case_bo_place_batch_20260421_220319_aes_nangate45_trial_c8a4084e_4ec2d71778aa/metrics.json	97	64 8	0	0.8151755254615681	1.3628744012461218	1.102084459415104	136.03602509888057	569	1459	1.6153117748611696	1.04
c91c9e1e	ok	175821.1	175821.1	176845.1	-0.5790378133179828	7.371	1.2223880597014927	0.4235725259669155	0.5790378133179828	0.15546528735106727	0	<ORIGINAL_WORKSPACE>/OpenROAD-flow-scripts/flow/reports/nangate45/aes/place_batch_20260421_220319/dpl_evolve_baseline/openroad_dpl_hpwl_only_9case_bo_place_batch_20260421_220319_aes_nangate45_trial_c91c9e1e_a05cb4a86031/metrics.json	98	64 8	1	0.5227385783116025	1.0856065672502213	1.0718830780739776	137.05954302561037	638	2278	1.4653032942882	1.10 1.04
ca1f2d59	ok	177758.7	177758.7	176845.1	0.5166102990696411	6.025	0.9991708126036485	-0.5166102990696411	-0.5166102990696411	0.0	0	<ORIGINAL_WORKSPACE>/OpenROAD-flow-scripts/flow/reports/nangate45/aes/place_batch_20260421_220319/dpl_evolve_baseline/openroad_dpl_hpwl_only_9case_bo_place_batch_20260421_220319_aes_nangate45_trial_ca1f2d59_f88b5a359616/metrics.json	29	256	0	0.26021553597797464	1.5477408637037375	0.6660990648991021	0.23908155716728885	1029	3893	1.6804087326649393	1.25 1.10 1.04
ca2476a2	ok	178524.1	178524.1	176845.1	0.9494184458602472	5.892	0.9771144278606966	-0.9494184458602472	-0.9494184458602472	0.0	0	<ORIGINAL_WORKSPACE>/OpenROAD-flow-scripts/flow/reports/nangate45/aes/place_batch_20260421_220319/dpl_evolve_baseline/openroad_dpl_hpwl_only_9case_bo_place_batch_20260421_220319_aes_nangate45_trial_ca2476a2_79bf6e3ed9d5/metrics.json	122	omit	1	0.8143292562809966	1.9861095109176712	1.1260617944918128	53.49476392501767	687	1742	1.2910903475504973	1.75 1.35 1.15 1.05
cb0271fc	ok	177616.8	177616.8	176845.1	0.43637058646238014	5.954	0.987396351575456	-0.4363705864623801	-0.4363705864623801	0.0	0	<ORIGINAL_WORKSPACE>/OpenROAD-flow-scripts/flow/reports/nangate45/aes/place_batch_20260421_220319/dpl_evolve_baseline/openroad_dpl_hpwl_only_9case_bo_place_batch_20260421_220319_aes_nangate45_trial_cb0271fc_3f6d47c7437b/metrics.json	93	64 8	1	0.027564241880555212	1.8465263081584384	1.062041095970419	98.12141860183908	200	2160	1.1475565478375627	2.50 1.75 1.25 1.08
cca37a2a	ok	176113.6	176113.6	176845.1	-0.4136388285567426	7.2	1.1940298507462686	0.29347650021368715	0.41363882855674255	0.12016232834305539	0	<ORIGINAL_WORKSPACE>/OpenROAD-flow-scripts/flow/reports/nangate45/aes/place_batch_20260421_220319/dpl_evolve_baseline/openroad_dpl_hpwl_only_9case_bo_place_batch_20260421_220319_aes_nangate45_trial_cca37a2a_7456f6dda814/metrics.json	8	64 8	1	0.38314762481124043	0.1928712331530847	0.9474709466389235	27.001218739201533	871	3661	1.8824813008405517	1.04
ccea04b9	ok	177880.9	177880.9	176845.1	0.5857103193698827	5.937	0.9845771144278607	-0.5857103193698826	-0.5857103193698826	0.0	0	<ORIGINAL_WORKSPACE>/OpenROAD-flow-scripts/flow/reports/nangate45/aes/place_batch_20260421_220319/dpl_evolve_baseline/openroad_dpl_hpwl_only_9case_bo_place_batch_20260421_220319_aes_nangate45_trial_ccea04b9_90c9dcded0c3/metrics.json	117	1024	1	0.29499847318221606	1.3994107678540015	0.7018623765671388	101.9064775893545	583	243	1.6111476428249019	omit
cdba6fd0	ok	178729.9	178729.9	176845.1	1.0657914751384054	6.001	0.9951907131011609	-1.0657914751384054	-1.0657914751384054	0.0	0	<ORIGINAL_WORKSPACE>/OpenROAD-flow-scripts/flow/reports/nangate45/aes/place_batch_20260421_220319/dpl_evolve_baseline/openroad_dpl_hpwl_only_9case_bo_place_batch_20260421_220319_aes_nangate45_trial_cdba6fd0_c9c0e875862b/metrics.json	59	1024	1	0.29443897424665916	1.0148230438762593	1.7462792242590601	19.10128023674953	964	3963	1.973329911746749	omit
cdc95921	ok	178581.3	178581.3	176845.1	0.9817631362135464	5.879	0.9749585406301823	-0.9817631362135465	-0.9817631362135465	0.0	0	<ORIGINAL_WORKSPACE>/OpenROAD-flow-scripts/flow/reports/nangate45/aes/place_batch_20260421_220319/dpl_evolve_baseline/openroad_dpl_hpwl_only_9case_bo_place_batch_20260421_220319_aes_nangate45_trial_cdc95921_2c03f6a122b0/metrics.json	42	32	1	0.04920462317964181	1.6321179262941432	0.3124535545147475	119.46953654417926	945	3499	1.4163620724680017	1.10 1.04
ce4f8b04	ok	178596.0	178596.0	176845.1	0.9900754954477077	5.872	0.9737976782752902	-0.9900754954477077	-0.9900754954477077	0.0	0	<ORIGINAL_WORKSPACE>/OpenROAD-flow-scripts/flow/reports/nangate45/aes/place_batch_20260421_220319/dpl_evolve_baseline/openroad_dpl_hpwl_only_9case_bo_place_batch_20260421_220319_aes_nangate45_trial_ce4f8b04_79c44a7228c4/metrics.json	7	256	1	0.7307674011327536	1.5318900716853237	1.1236758218381662	22.114101097121118	938	3457	1.799507667285956	1.25 1.10 1.04
ce62d05b	ok	178036.3	178036.3	176845.1	0.6735838312737998	6.146	1.0192371475953566	-0.6735838312737997	-0.6735838312737997	0.0	0	<ORIGINAL_WORKSPACE>/OpenROAD-flow-scripts/flow/reports/nangate45/aes/place_batch_20260421_220319/dpl_evolve_baseline/openroad_dpl_hpwl_only_9case_bo_place_batch_20260421_220319_aes_nangate45_trial_ce62d05b_4ea5b617cae3/metrics.json	83	512 64	1	0.19214451124005277	1.8503399532260814	0.8249961976768702	148.52626653361276	542	3412	1.436310883534878	1.10 1.04
cea96966	ok	175872.2	175872.2	176845.1	-0.5501424693135372	7.241	1.2008291873963515	0.42147781286539854	0.5501424693135372	0.12866465644813865	0	<ORIGINAL_WORKSPACE>/OpenROAD-flow-scripts/flow/reports/nangate45/aes/place_batch_20260421_220319/dpl_evolve_baseline/openroad_dpl_hpwl_only_9case_bo_place_batch_20260421_220319_aes_nangate45_trial_cea96966_938dd9d8c8b6/metrics.json	32	64 8	1	0.9067157489244714	0.1144814916655163	1.093898352628676	24.052934817473684	1042	3771	1.60492751362881	1.75 1.35 1.15 1.05
cfaca393	ok	176531.3	176531.3	176845.1	-0.17744342365155577	7.351	1.2190713101160862	0.026085837919966437	0.17744342365155577	0.15135758573158933	0	<ORIGINAL_WORKSPACE>/OpenROAD-flow-scripts/flow/reports/nangate45/aes/place_batch_20260421_220319/dpl_evolve_baseline/openroad_dpl_hpwl_only_9case_bo_place_batch_20260421_220319_aes_nangate45_trial_cfaca393_10cd4f5a11fa/metrics.json	12	64 8	0	0.04246067015919971	1.4036037516191862	1.2711451385315091	146.0549376615135	1107	3906	1.3858194590232402	1.04
d09902d3	ok	177879.1	177879.1	176845.1	0.5846924794636662	5.498	0.9117744610281924	-0.5846924794636662	-0.5846924794636662	0.0	0	<ORIGINAL_WORKSPACE>/OpenROAD-flow-scripts/flow/reports/nangate45/aes/place_batch_20260421_220319/dpl_evolve_baseline/openroad_dpl_hpwl_only_9case_bo_place_batch_20260421_220319_aes_nangate45_trial_d09902d3_45ceca9052b1/metrics.json	53	256 32	1	0.24657091446252868	0.9128366662917523	0.9097343273834197	41.36273850149197	783	3961	1.938453626997089	omit
d169c578	ok	177794.4	177794.4	176845.1	0.536797457209721	5.908	0.9797678275290216	-0.536797457209721	-0.536797457209721	0.0	0	<ORIGINAL_WORKSPACE>/OpenROAD-flow-scripts/flow/reports/nangate45/aes/place_batch_20260421_220319/dpl_evolve_baseline/openroad_dpl_hpwl_only_9case_bo_place_batch_20260421_220319_aes_nangate45_trial_d169c578_33bd915b4b08/metrics.json	48	256	0	0.08201369849317725	1.0343979660163591	1.1958576201292441	115.67067624428813	587	3774	1.1514668591802213	1.10 1.04
d283ad77	ok	176567.6	176567.6	176845.1	-0.15691698554271505	7.754	1.2859038142620232	-0.07616195050094093	0.15691698554271505	0.23307893604365598	0	<ORIGINAL_WORKSPACE>/OpenROAD-flow-scripts/flow/reports/nangate45/aes/place_batch_20260421_220319/dpl_evolve_baseline/openroad_dpl_hpwl_only_9case_bo_place_batch_20260421_220319_aes_nangate45_trial_d283ad77_3ffde563ce75/metrics.json	94	64 8	1	0.10035682339743304	1.207108344677419	0.8064327016975552	143.10194266326002	633	2550	1.1136233302327054	omit
d3f73fa8	ok	175822.5	175822.5	176845.1	-0.5782461600575904	7.165	1.1882255389718075	0.46536108936819004	0.5782461600575904	0.11288507068940042	0	<ORIGINAL_WORKSPACE>/OpenROAD-flow-scripts/flow/reports/nangate45/aes/place_batch_20260421_220319/dpl_evolve_baseline/openroad_dpl_hpwl_only_9case_bo_place_batch_20260421_220319_aes_nangate45_trial_d3f73fa8_e47395dce090/metrics.json	117	64 8	1	0.5217751434168841	0.5095482108178592	1.2719305283518516	73.47858367998833	883	1138	1.6890082220222467	1.75 1.35 1.15 1.05
d4c22f84	ok	175938.2	175938.2	176845.1	-0.5128216727520266	7.447	1.2349917081260364	0.34179771698813977	0.5128216727520266	0.17102395576388682	0	<ORIGINAL_WORKSPACE>/OpenROAD-flow-scripts/flow/reports/nangate45/aes/place_batch_20260421_220319/dpl_evolve_baseline/openroad_dpl_hpwl_only_9case_bo_place_batch_20260421_220319_aes_nangate45_trial_d4c22f84_ac74819db8d2/metrics.json	28	64 8	1	0.6231390740500878	0.6326008038145929	0.9266844901896069	38.25001892351267	640	2601	1.9382056790861624	omit
d4d2aaca	ok	175938.2	175938.2	176845.1	-0.5128216727520266	7.25	1.2023217247097844	0.38229387603634124	0.5128216727520266	0.1305277967156854	0	<ORIGINAL_WORKSPACE>/OpenROAD-flow-scripts/flow/reports/nangate45/aes/place_batch_20260421_220319/dpl_evolve_baseline/openroad_dpl_hpwl_only_9case_bo_place_batch_20260421_220319_aes_nangate45_trial_d4d2aaca_1c09f68dc55f/metrics.json	28	64 8	1	0.9090388259397254	0.000444570237678632	1.1391893188178124	44.212574317704195	941	3912	1.8572334418716994	1.75 1.35 1.15 1.05
d58fce0d	ok	177901.9	177901.9	176845.1	0.5975851182758178	5.695	0.9444444444444444	-0.5975851182758178	-0.5975851182758178	0.0	0	<ORIGINAL_WORKSPACE>/OpenROAD-flow-scripts/flow/reports/nangate45/aes/place_batch_20260421_220319/dpl_evolve_baseline/openroad_dpl_hpwl_only_9case_bo_place_batch_20260421_220319_aes_nangate45_trial_d58fce0d_dd65b6644f38/metrics.json	63	256 32	1	0.2218325324648141	1.852593286246399	1.9558059656582722	30.638149382433053	895	1984	1.991196473777868	1.75 1.35 1.15 1.05
d5d6092a	ok	177717.9	177717.9	176845.1	0.49353926119524283	5.99	0.9933665008291874	-0.49353926119524283	-0.49353926119524283	0.0	0	<ORIGINAL_WORKSPACE>/OpenROAD-flow-scripts/flow/reports/nangate45/aes/place_batch_20260421_220319/dpl_evolve_baseline/openroad_dpl_hpwl_only_9case_bo_place_batch_20260421_220319_aes_nangate45_trial_d5d6092a_126dcf591ead/metrics.json	86	256	1	0.6160815878496492	1.9407065322080161	1.4318747610210745	67.38786963931092	450	2735	1.1648451095949088	1.25 1.10 1.04
d6035e7c	ok	175815.8	175815.8	176845.1	-0.5820347863752049	7.379	1.223714759535655	0.42492797896967105	0.5820347863752049	0.15710680740553384	0	<ORIGINAL_WORKSPACE>/OpenROAD-flow-scripts/flow/reports/nangate45/aes/place_batch_20260421_220319/dpl_evolve_baseline/openroad_dpl_hpwl_only_9case_bo_place_batch_20260421_220319_aes_nangate45_trial_d6035e7c_121e11bde846/metrics.json	31	64 8	1	0.036340218043336245	1.1348913527216828	0.9185962058024751	131.42644086225712	663	3599	1.5156357265894158	omit
d605d592	ok	176447.2	176447.2	176845.1	-0.22499916593674021	7.404	1.2278606965174128	0.06276833547135419	0.22499916593674021	0.16223083046538603	0	<ORIGINAL_WORKSPACE>/OpenROAD-flow-scripts/flow/reports/nangate45/aes/place_batch_20260421_220319/dpl_evolve_baseline/openroad_dpl_hpwl_only_9case_bo_place_batch_20260421_220319_aes_nangate45_trial_d605d592_f825bc70c015/metrics.json	126	64 8	1	0.30809736553937106	1.5190392964295318	0.8492233501746875	125.70728936037149	271	2266	1.427961990280806	1.10 1.04
d6cefba1	ok	176610.6	176610.6	176845.1	-0.13260192111627633	7.327	1.2150912106135987	-0.013819039535665323	0.13260192111627633	0.14642096065194166	0	<ORIGINAL_WORKSPACE>/OpenROAD-flow-scripts/flow/reports/nangate45/aes/place_batch_20260421_220319/dpl_evolve_baseline/openroad_dpl_hpwl_only_9case_bo_place_batch_20260421_220319_aes_nangate45_trial_d6cefba1_f8b960d76163/metrics.json	41	64 8	1	0.6193221554122448	1.254683259098785	1.3049965062214612	4.3716091276393705	1131	3068	1.3845235366087492	2.00 1.50 1.20 1.05
d6fe5597	ok	178116.5	178116.5	176845.1	0.7189342537621874	6.584	1.0918739635157544	-0.7189342537621874	-0.7189342537621874	0.0	0	<ORIGINAL_WORKSPACE>/OpenROAD-flow-scripts/flow/reports/nangate45/aes/place_batch_20260421_220319/dpl_evolve_baseline/openroad_dpl_hpwl_only_9case_bo_place_batch_20260421_220319_aes_nangate45_trial_d6fe5597_f0950bddfce9/metrics.json	67	512	1	0.3661129693909604	0.32390267661492816	0.721192346662039	24.888484512142206	1094	3701	1.8977947629373135	2.50 1.75 1.25 1.08
d7479274	ok	177902.1	177902.1	176845.1	0.597698211598738	6.036	1.0009950248756219	-0.597698211598738	-0.597698211598738	0.0	0	<ORIGINAL_WORKSPACE>/OpenROAD-flow-scripts/flow/reports/nangate45/aes/place_batch_20260421_220319/dpl_evolve_baseline/openroad_dpl_hpwl_only_9case_bo_place_batch_20260421_220319_aes_nangate45_trial_d7479274_7457e8c04c3e/metrics.json	94	256 32	1	0.2399085000171599	1.8040734553581426	1.1378299366472897	133.2402978308702	502	2244	1.2790554770782163	1.75 1.35 1.15 1.05
d7b16286	ok	176296.0	176296.0	176845.1	-0.3104977180594802	7.22	1.1973466003316748	0.18618489686707856	0.3104977180594802	0.1243128211924016	0	<ORIGINAL_WORKSPACE>/OpenROAD-flow-scripts/flow/reports/nangate45/aes/place_batch_20260421_220319/dpl_evolve_baseline/openroad_dpl_hpwl_only_9case_bo_place_batch_20260421_220319_aes_nangate45_trial_d7b16286_3792cb0d4d6e/metrics.json	120	64 8	1	0.6017895961338915	1.2820081501426472	0.9725309646602176	143.71907638757605	150	3111	1.157653686972647	omit
d99a253e	ok	177761.9	177761.9	176845.1	0.5184197922362499	5.987	0.9928689883913764	-0.5184197922362499	-0.5184197922362499	0.0	0	<ORIGINAL_WORKSPACE>/OpenROAD-flow-scripts/flow/reports/nangate45/aes/place_batch_20260421_220319/dpl_evolve_baseline/openroad_dpl_hpwl_only_9case_bo_place_batch_20260421_220319_aes_nangate45_trial_d99a253e_e9f559c50de6/metrics.json	34	1024 128	1	0.25907270906726215	1.0849701167965062	1.37620257389333	77.96267834998301	996	3286	1.7416226321987296	1.25 1.10 1.04
d9b40500	ok	176978.1	176978.1	176845.1	0.07520705973758955	6.911	1.1461028192371474	-0.13473850118067932	-0.07520705973758957	0.059531441443089764	0	<ORIGINAL_WORKSPACE>/OpenROAD-flow-scripts/flow/reports/nangate45/aes/place_batch_20260421_220319/dpl_evolve_baseline/openroad_dpl_hpwl_only_9case_bo_place_batch_20260421_220319_aes_nangate45_trial_d9b40500_0bbe322569bb/metrics.json	117	256 32	0	0.11044045341234576	1.5870556737644586	0.7067551782356859	132.8066797363702	549	3023	1.3237071267424094	1.25 1.10 1.04
da1e861f	ok	176519.7	176519.7	176845.1	-0.18400283638053538	7.145	1.1849087893864012	0.0752841802957802	0.18400283638053538	0.10871865608475519	0	<ORIGINAL_WORKSPACE>/OpenROAD-flow-scripts/flow/reports/nangate45/aes/place_batch_20260421_220319/dpl_evolve_baseline/openroad_dpl_hpwl_only_9case_bo_place_batch_20260421_220319_aes_nangate45_trial_da1e861f_b5d9b60989c8/metrics.json	46	64 8	0	0.007076035102712333	1.8527964578375702	1.4255355348096028	92.60699860404493	458	2957	1.5516350387566646	1.04
db0cf5ab	ok	178577.2	178577.2	176845.1	0.9794447230938295	5.977	0.9912106135986734	-0.9794447230938295	-0.9794447230938295	0.0	0	<ORIGINAL_WORKSPACE>/OpenROAD-flow-scripts/flow/reports/nangate45/aes/place_batch_20260421_220319/dpl_evolve_baseline/openroad_dpl_hpwl_only_9case_bo_place_batch_20260421_220319_aes_nangate45_trial_db0cf5ab_0676db566bf5/metrics.json	108	omit	1	0.4313138065973692	0.8903275191918397	0.4715404526667597	116.94947568496474	442	2544	1.3700528996605434	omit
db1715c9	ok	178456.6	178456.6	176845.1	0.911249449376884	5.906	0.9794361525704809	-0.911249449376884	-0.911249449376884	0.0	0	<ORIGINAL_WORKSPACE>/OpenROAD-flow-scripts/flow/reports/nangate45/aes/place_batch_20260421_220319/dpl_evolve_baseline/openroad_dpl_hpwl_only_9case_bo_place_batch_20260421_220319_aes_nangate45_trial_db1715c9_58c080e1547b/metrics.json	1	512 64	1	0.1774933256471594	1.928524614022912	0.6808207742047174	15.714061005745817	754	3796	1.362678460392957	1.10 1.04
dbfd7b60	ok	176571.6	176571.6	176845.1	-0.15465511908444168	7.255	1.203150912106136	0.02309274411799342	0.15465511908444168	0.13156237496644826	0	<ORIGINAL_WORKSPACE>/OpenROAD-flow-scripts/flow/reports/nangate45/aes/place_batch_20260421_220319/dpl_evolve_baseline/openroad_dpl_hpwl_only_9case_bo_place_batch_20260421_220319_aes_nangate45_trial_dbfd7b60_1c403c9e358c/metrics.json	54	64 8	1	0.3106521363981584	0.27042040601085576	0.8049111381892293	27.97200592684636	686	3127	1.9169836742700848	1.10 1.04
dc78c341	ok	176544.9	176544.9	176845.1	-0.16975307769342302	7.127	1.1819237147595356	0.06478918325476246	0.16975307769342302	0.10496389443866055	0	<ORIGINAL_WORKSPACE>/OpenROAD-flow-scripts/flow/reports/nangate45/aes/place_batch_20260421_220319/dpl_evolve_baseline/openroad_dpl_hpwl_only_9case_bo_place_batch_20260421_220319_aes_nangate45_trial_dc78c341_b34dc9966fac/metrics.json	125	64 8	0	0.3299845803408612	1.7772083665095544	0.6893827021499364	123.10400781345554	215	2173	1.1893559053010505	omit
dd12a2a1	ok	178608.2	178608.2	176845.1	0.9969741881454481	6.043	1.002155887230514	-0.996974188145448	-0.996974188145448	0.0	0	<ORIGINAL_WORKSPACE>/OpenROAD-flow-scripts/flow/reports/nangate45/aes/place_batch_20260421_220319/dpl_evolve_baseline/openroad_dpl_hpwl_only_9case_bo_place_batch_20260421_220319_aes_nangate45_trial_dd12a2a1_c2cf4205d9dd/metrics.json	50	1024	1	0.49557303413137965	1.1722800903194477	0.7863997136940905	51.25370989117026	1153	3987	1.8611430109127989	2.00 1.50 1.20 1.05
dd9382a7	ok	177815.3	177815.3	176845.1	0.548615709454196	5.987	0.9928689883913764	-0.548615709454196	-0.548615709454196	0.0	0	<ORIGINAL_WORKSPACE>/OpenROAD-flow-scripts/flow/reports/nangate45/aes/place_batch_20260421_220319/dpl_evolve_baseline/openroad_dpl_hpwl_only_9case_bo_place_batch_20260421_220319_aes_nangate45_trial_dd9382a7_0c79c9c9805b/metrics.json	28	omit	0	0.22392014408951855	0.4123986785532424	0.9705915743239343	30.771558703759847	867	3671	1.7364444925202613	1.75 1.35 1.15 1.05
ddf93b1d	ok	177093.4	177093.4	176845.1	0.14040536039731288	7.242	1.2009950248756218	-0.2692770895877604	-0.14040536039731288	0.12887172919044756	0	<ORIGINAL_WORKSPACE>/OpenROAD-flow-scripts/flow/reports/nangate45/aes/place_batch_20260421_220319/dpl_evolve_baseline/openroad_dpl_hpwl_only_9case_bo_place_batch_20260421_220319_aes_nangate45_trial_ddf93b1d_2dc517b8c004/metrics.json	19	512 64	0	0.651304332340991	1.407033976305306	1.2399695846609278	119.94228926040421	89	3104	1.731728600739527	1.04
ddfe66ef	ok	178542.8	178542.8	176845.1	0.9599926715526653	5.853	0.9706467661691541	-0.9599926715526653	-0.9599926715526653	0.0	0	<ORIGINAL_WORKSPACE>/OpenROAD-flow-scripts/flow/reports/nangate45/aes/place_batch_20260421_220319/dpl_evolve_baseline/openroad_dpl_hpwl_only_9case_bo_place_batch_20260421_220319_aes_nangate45_trial_ddfe66ef_7751edb9b344/metrics.json	38	1024 128	0	0.10064749732795089	1.5076902272217134	0.7840055715639187	148.3130250592928	1068	3305	1.4433709785443734	2.50 1.75 1.25 1.08
deba9412	ok	176113.6	176113.6	176845.1	-0.4136388285567426	7.374	1.2228855721393033	0.25755786684426957	0.41363882855674255	0.156080961712473	0	<ORIGINAL_WORKSPACE>/OpenROAD-flow-scripts/flow/reports/nangate45/aes/place_batch_20260421_220319/dpl_evolve_baseline/openroad_dpl_hpwl_only_9case_bo_place_batch_20260421_220319_aes_nangate45_trial_deba9412_5ad42129f440/metrics.json	8	64 8	1	0.22817802138767074	1.0615906311371128	1.0740961869324765	10.585610508576393	1050	2808	1.903639384919382	1.75 1.35 1.15 1.05
dfcc8617	ok	176440.2	176440.2	176845.1	-0.2289574322387186	7.143	1.1845771144278605	0.12065573815286385	0.22895743223871862	0.10830169408585477	0	<ORIGINAL_WORKSPACE>/OpenROAD-flow-scripts/flow/reports/nangate45/aes/place_batch_20260421_220319/dpl_evolve_baseline/openroad_dpl_hpwl_only_9case_bo_place_batch_20260421_220319_aes_nangate45_trial_dfcc8617_dfd3b9792fd8/metrics.json	77	64 8	1	0.6577803291274751	1.4699790297381594	0.8688673251949997	90.20378759487713	249	467	1.3505945179109047	2.00 1.50 1.20 1.05
e021a016	ok	177875.0	177875.0	176845.1	0.5823740663439327	6.075	1.007462686567164	-0.5823740663439327	-0.5823740663439327	0.0	0	<ORIGINAL_WORKSPACE>/OpenROAD-flow-scripts/flow/reports/nangate45/aes/place_batch_20260421_220319/dpl_evolve_baseline/openroad_dpl_hpwl_only_9case_bo_place_batch_20260421_220319_aes_nangate45_trial_e021a016_bfcece8cc227/metrics.json	49	128	0	0.34557547367235475	1.666564899257807	1.016872434976341	116.42097688066474	682	3802	1.3037351495941132	omit
e08cb193	ok	177969.7	177969.7	176845.1	0.6359237547435613	5.942	0.9854063018242123	-0.6359237547435613	-0.6359237547435613	0.0	0	<ORIGINAL_WORKSPACE>/OpenROAD-flow-scripts/flow/reports/nangate45/aes/place_batch_20260421_220319/dpl_evolve_baseline/openroad_dpl_hpwl_only_9case_bo_place_batch_20260421_220319_aes_nangate45_trial_e08cb193_61853c7f01ce/metrics.json	24	32	1	0.7470451704720409	1.6796100718052402	1.6677967960325482	34.9240132171262	1144	3147	1.6236498842023972	1.75 1.35 1.15 1.05
e1e0132d	ok	178474.7	178474.7	176845.1	0.9214843951005743	6.362	1.0550580431177445	-0.9214843951005743	-0.9214843951005743	0.0	0	<ORIGINAL_WORKSPACE>/OpenROAD-flow-scripts/flow/reports/nangate45/aes/place_batch_20260421_220319/dpl_evolve_baseline/openroad_dpl_hpwl_only_9case_bo_place_batch_20260421_220319_aes_nangate45_trial_e1e0132d_6495108e625e/metrics.json	15	omit	1	0.6233601157918027	0.031642485693112565	1.8624026058003345	103.63453762753859	1197	772	1.1371357496288779	omit
e24335e2	ok	177802.6	177802.6	176845.1	0.541434283449188	5.858	0.9714759535655058	-0.541434283449188	-0.541434283449188	0.0	0	<ORIGINAL_WORKSPACE>/OpenROAD-flow-scripts/flow/reports/nangate45/aes/place_batch_20260421_220319/dpl_evolve_baseline/openroad_dpl_hpwl_only_9case_bo_place_batch_20260421_220319_aes_nangate45_trial_e24335e2_9d312b6d03d9/metrics.json	32	128 16	1	0.7189814462303377	1.3251905365783445	1.869245899871088	10.267053723419675	1008	3625	1.904356247010445	2.00 1.50 1.20 1.05
e2ca0035	ok	176327.4	176327.4	176845.1	-0.29274206636203753	6.925	1.1484245439469318	0.23024459850265822	0.29274206636203753	0.062497467859379326	0	<ORIGINAL_WORKSPACE>/OpenROAD-flow-scripts/flow/reports/nangate45/aes/place_batch_20260421_220319/dpl_evolve_baseline/openroad_dpl_hpwl_only_9case_bo_place_batch_20260421_220319_aes_nangate45_trial_e2ca0035_81e48b706d0a/metrics.json	118	64 8	1	0.83578630245238	0.8198746955068101	1.1137682188801952	120.5229893564685	215	1637	1.335502092248137	1.04
e2d07904	ok	178691.9	178691.9	176845.1	1.0443037437848084	5.753	0.9540630182421227	-1.0443037437848084	-1.0443037437848084	0.0	0	<ORIGINAL_WORKSPACE>/OpenROAD-flow-scripts/flow/reports/nangate45/aes/place_batch_20260421_220319/dpl_evolve_baseline/openroad_dpl_hpwl_only_9case_bo_place_batch_20260421_220319_aes_nangate45_trial_e2d07904_72adbaa0b4e3/metrics.json	110	128	1	0.2761368765740889	0.320526849237951	1.553934064694054	67.4733134379151	563	1204	1.9325240801662287	1.75 1.35 1.15 1.05
e30bb7d9	ok	176053.3	176053.3	176845.1	-0.4477364654152235	7.173	1.18955223880597	0.3331864572996217	0.4477364654152235	0.1145500081156018	0	<ORIGINAL_WORKSPACE>/OpenROAD-flow-scripts/flow/reports/nangate45/aes/place_batch_20260421_220319/dpl_evolve_baseline/openroad_dpl_hpwl_only_9case_bo_place_batch_20260421_220319_aes_nangate45_trial_e30bb7d9_23e588dcbf93/metrics.json	83	64 8	1	0.8359177361467829	1.0802798592707334	1.6124780484063372	137.09901305316447	333	432	1.3046477544797153	omit
e3471c4c	ok	176260.4	176260.4	176845.1	-0.3306283295381165	7.215	1.1965174129353233	0.20735259206570258	0.3306283295381165	0.12327573747241391	0	<ORIGINAL_WORKSPACE>/OpenROAD-flow-scripts/flow/reports/nangate45/aes/place_batch_20260421_220319/dpl_evolve_baseline/openroad_dpl_hpwl_only_9case_bo_place_batch_20260421_220319_aes_nangate45_trial_e3471c4c_14bbc546aebf/metrics.json	63	64 8	0	0.006941313690584025	1.519334305877522	0.6867280649460568	138.37817641144412	644	3755	1.151220192801511	1.10 1.04
e3b34a01	ok	175781.9	175781.9	176845.1	-0.6012041046090685	6.77	1.122719734660033	0.571713924118838	0.6012041046090684	0.029490180490230316	0	<ORIGINAL_WORKSPACE>/OpenROAD-flow-scripts/flow/reports/nangate45/aes/place_batch_20260421_220319/dpl_evolve_baseline/openroad_dpl_hpwl_only_9case_bo_place_batch_20260421_220319_aes_nangate45_trial_e3b34a01_68480a89a128/metrics.json	62	64 8	1	0.40275751025838724	0.3405250635354616	1.5438235546628225	110.79600879032886	681	3003	1.5304268640607133	1.75 1.35 1.15 1.05
e3cb2ba5	ok	176378.4	176378.4	176845.1	-0.26390326901905203	7.236	1.2	0.1362741908285637	0.26390326901905203	0.12762907819048833	0	<ORIGINAL_WORKSPACE>/OpenROAD-flow-scripts/flow/reports/nangate45/aes/place_batch_20260421_220319/dpl_evolve_baseline/openroad_dpl_hpwl_only_9case_bo_place_batch_20260421_220319_aes_nangate45_trial_e3cb2ba5_eb28bec15da8/metrics.json	16	64 8	0	0.7682568049152537	1.3277965370813758	1.6480343954449879	17.503630039205994	1001	3688	1.6067987402759036	1.50 1.25 1.10 1.04
e4d794e6	ok	176296.0	176296.0	176845.1	-0.3104977180594802	7.278	1.2069651741293532	0.17418086845263012	0.3104977180594802	0.13631684960685006	0	<ORIGINAL_WORKSPACE>/OpenROAD-flow-scripts/flow/reports/nangate45/aes/place_batch_20260421_220319/dpl_evolve_baseline/openroad_dpl_hpwl_only_9case_bo_place_batch_20260421_220319_aes_nangate45_trial_e4d794e6_7a3139201700/metrics.json	120	64 8	1	0.029405919071328362	0.28308851974070787	1.8365724704637056	45.8679043898857	836	679	1.6444410388335422	1.75 1.35 1.15 1.05
e4f18273	ok	177798.2	177798.2	176845.1	0.5389462303450906	5.993	0.9938640132669984	-0.5389462303450906	-0.5389462303450906	0.0	0	<ORIGINAL_WORKSPACE>/OpenROAD-flow-scripts/flow/reports/nangate45/aes/place_batch_20260421_220319/dpl_evolve_baseline/openroad_dpl_hpwl_only_9case_bo_place_batch_20260421_220319_aes_nangate45_trial_e4f18273_0a3cbcbc0532/metrics.json	120	1024	1	0.5526398658660527	1.5890791731858314	1.471554374305105	96.58271799418347	354	1936	1.3099922501905013	1.10 1.04
e6997018	ok	177910.8	177910.8	176845.1	0.6026177711454728	5.895	0.9776119402985074	-0.6026177711454728	-0.6026177711454728	0.0	0	<ORIGINAL_WORKSPACE>/OpenROAD-flow-scripts/flow/reports/nangate45/aes/place_batch_20260421_220319/dpl_evolve_baseline/openroad_dpl_hpwl_only_9case_bo_place_batch_20260421_220319_aes_nangate45_trial_e6997018_e61467d2dde5/metrics.json	83	32	1	0.5520337687492008	1.0855784334076999	1.312873050348684	105.60526063910643	803	2578	1.5868283797055716	1.10 1.04
e8011ed1	ok	176610.6	176610.6	176845.1	-0.13260192111627633	7.372	1.2225538971807628	-0.023068604940660875	0.13260192111627633	0.1556705260569372	0	<ORIGINAL_WORKSPACE>/OpenROAD-flow-scripts/flow/reports/nangate45/aes/place_batch_20260421_220319/dpl_evolve_baseline/openroad_dpl_hpwl_only_9case_bo_place_batch_20260421_220319_aes_nangate45_trial_e8011ed1_6c5a0092d937/metrics.json	41	64 8	0	0.25860702245642586	1.2533546081729483	1.0545344376872476	18.711181926468058	742	2924	1.7852926868346106	2.00 1.50 1.20 1.05
e84535bf	ok	174740.2	174740.2	176845.1	-1.1902506770049008	8.474	1.4053067993366501	0.8162885630622085	1.190250677004901	0.3739621139426925	0	<ORIGINAL_WORKSPACE>/OpenROAD-flow-scripts/flow/reports/nangate45/aes/place_batch_20260421_220319/dpl_evolve_baseline/openroad_dpl_hpwl_only_9case_bo_place_batch_20260421_220319_aes_nangate45_trial_e84535bf_bc2795723f65/metrics.json	26	64 8	0	0.026161555987385246	1.4686900046122795	0.9645189009384967	134.1368220477585	572	3888	1.185997491713818	1.10 1.04
e9278cd9	ok	176225.6	176225.6	176845.1	-0.3503065677250882	7.013	1.1630182421227198	0.2692337583939236	0.3503065677250882	0.0810728093311646	0	<ORIGINAL_WORKSPACE>/OpenROAD-flow-scripts/flow/reports/nangate45/aes/place_batch_20260421_220319/dpl_evolve_baseline/openroad_dpl_hpwl_only_9case_bo_place_batch_20260421_220319_aes_nangate45_trial_e9278cd9_f559e2e91cd8/metrics.json	35	64 8	1	0.7458472513092167	0.553334800459447	0.9461663920760162	13.83414410409408	975	3285	1.4384043551335548	1.75 1.35 1.15 1.05
e98392cb	ok	176566.1	176566.1	176845.1	-0.15776518546456755	7.442	1.234162520729685	-0.012237620525300613	0.15776518546456758	0.1700028059898682	0	<ORIGINAL_WORKSPACE>/OpenROAD-flow-scripts/flow/reports/nangate45/aes/place_batch_20260421_220319/dpl_evolve_baseline/openroad_dpl_hpwl_only_9case_bo_place_batch_20260421_220319_aes_nangate45_trial_e98392cb_13effd79ba3f/metrics.json	33	64 8	0	0.222115819891329	1.6336479760320815	0.7891253137023644	102.41466140100617	630	3603	1.0428978809651464	1.10 1.04
ea9d87bc	ok	177374.1	177374.1	176845.1	0.2991318391066532	5.964	0.9890547263681593	-0.2991318391066532	-0.2991318391066532	0.0	0	<ORIGINAL_WORKSPACE>/OpenROAD-flow-scripts/flow/reports/nangate45/aes/place_batch_20260421_220319/dpl_evolve_baseline/openroad_dpl_hpwl_only_9case_bo_place_batch_20260421_220319_aes_nangate45_trial_ea9d87bc_10b01b2322a7/metrics.json	34	64 8	0	0.01832259453179063	0.42484165019828235	1.7794676563935568	81.5456715873816	559	2710	1.7669915696317406	2.00 1.50 1.20 1.05
eacca5a0	ok	177064.8	177064.8	176845.1	0.124233015220655	7.176	1.190049751243781	-0.23940713548914805	-0.12423301522065498	0.11517412026849307	0	<ORIGINAL_WORKSPACE>/OpenROAD-flow-scripts/flow/reports/nangate45/aes/place_batch_20260421_220319/dpl_evolve_baseline/openroad_dpl_hpwl_only_9case_bo_place_batch_20260421_220319_aes_nangate45_trial_eacca5a0_e2ffe6c452c1/metrics.json	33	1024	1	0.2908367381129341	1.0034472715184077	0.43797560089342197	148.3800782992007	768	3783	1.507302021640129	omit
eb7e50cb	ok	176544.5	176544.5	176845.1	-0.16997926433924707	6.98	1.1575456053067994	0.09585847519960133	0.16997926433924707	0.07412078913964573	0	<ORIGINAL_WORKSPACE>/OpenROAD-flow-scripts/flow/reports/nangate45/aes/place_batch_20260421_220319/dpl_evolve_baseline/openroad_dpl_hpwl_only_9case_bo_place_batch_20260421_220319_aes_nangate45_trial_eb7e50cb_c4d6541813f5/metrics.json	23	64 8	1	0.18905529051770215	1.9120932251788016	0.47888354237913217	143.8442741349983	565	3312	1.628517203068998	1.10 1.04
ec816a1a	ok	176239.1	176239.1	176845.1	-0.3426727684284156	7.029	1.1656716417910447	0.2582351706140934	0.3426727684284156	0.0844375978143222	0	<ORIGINAL_WORKSPACE>/OpenROAD-flow-scripts/flow/reports/nangate45/aes/place_batch_20260421_220319/dpl_evolve_baseline/openroad_dpl_hpwl_only_9case_bo_place_batch_20260421_220319_aes_nangate45_trial_ec816a1a_545a5e3797a0/metrics.json	30	64 8	0	0.047616374024816596	1.9081607260831204	0.16879929029124074	126.84350299949057	1017	3987	1.6980179233962536	1.10 1.04
ece90bdf	ok	177794.4	177794.4	176845.1	0.536797457209721	5.941	0.9852404643449418	-0.536797457209721	-0.536797457209721	0.0	0	<ORIGINAL_WORKSPACE>/OpenROAD-flow-scripts/flow/reports/nangate45/aes/place_batch_20260421_220319/dpl_evolve_baseline/openroad_dpl_hpwl_only_9case_bo_place_batch_20260421_220319_aes_nangate45_trial_ece90bdf_98dd7ce5c924/metrics.json	48	512	1	0.18763399695138258	1.7203609028679234	0.41715569559272375	110.97894169591238	772	1686	1.6061056128386717	1.75 1.35 1.15 1.05
eda594b8	ok	177949.2	177949.2	176845.1	0.6243316891449103	5.809	0.9633499170812604	-0.6243316891449103	-0.6243316891449103	0.0	0	<ORIGINAL_WORKSPACE>/OpenROAD-flow-scripts/flow/reports/nangate45/aes/place_batch_20260421_220319/dpl_evolve_baseline/openroad_dpl_hpwl_only_9case_bo_place_batch_20260421_220319_aes_nangate45_trial_eda594b8_c495f1a624b7/metrics.json	128	256 32	1	0.37858242684108256	0.02846960331060877	0.6703393419845041	98.02848724165398	406	2657	1.016085179443538	omit
ef7f48e4	ok	176634.9	176634.9	176845.1	-0.11886108238227219	6.906	1.145273631840796	0.06038966404703946	0.11886108238227219	0.058471418335232735	0	<ORIGINAL_WORKSPACE>/OpenROAD-flow-scripts/flow/reports/nangate45/aes/place_batch_20260421_220319/dpl_evolve_baseline/openroad_dpl_hpwl_only_9case_bo_place_batch_20260421_220319_aes_nangate45_trial_ef7f48e4_9036830ab689/metrics.json	10	64 8	0	0.018576202177409518	0.14004428743844466	0.9983729663272121	90.94941924799956	704	1338	1.988616154412449	2.00 1.50 1.20 1.05
efeac19c	ok	175781.9	175781.9	176845.1	-0.6012041046090685	7.176	1.190049751243781	0.4860299843405753	0.6012041046090684	0.11517412026849307	0	<ORIGINAL_WORKSPACE>/OpenROAD-flow-scripts/flow/reports/nangate45/aes/place_batch_20260421_220319/dpl_evolve_baseline/openroad_dpl_hpwl_only_9case_bo_place_batch_20260421_220319_aes_nangate45_trial_efeac19c_e5c427bed9e8/metrics.json	62	64 8	0	0.473208934484294	1.92850396914845	1.1583855467704511	38.94510954190582	1147	3174	1.9043540335460853	1.25 1.10 1.04
f01cf4c1	ok	177979.0	177979.0	176845.1	0.6411825942590403	5.981	0.9918739635157545	-0.6411825942590403	-0.6411825942590403	0.0	0	<ORIGINAL_WORKSPACE>/OpenROAD-flow-scripts/flow/reports/nangate45/aes/place_batch_20260421_220319/dpl_evolve_baseline/openroad_dpl_hpwl_only_9case_bo_place_batch_20260421_220319_aes_nangate45_trial_f01cf4c1_8e6ed4613fc4/metrics.json	74	512	0	0.016601891493609397	1.9135048080148187	0.5697412860342932	141.34152985900977	950	2939	1.4156941536150023	1.10 1.04
f1b2834a	ok	176619.7	176619.7	176845.1	-0.12745617492370112	7.195	1.193200663349917	0.008332370195505714	0.12745617492370112	0.1191238047281954	0	<ORIGINAL_WORKSPACE>/OpenROAD-flow-scripts/flow/reports/nangate45/aes/place_batch_20260421_220319/dpl_evolve_baseline/openroad_dpl_hpwl_only_9case_bo_place_batch_20260421_220319_aes_nangate45_trial_f1b2834a_22d324408741/metrics.json	37	64 8	1	0.4874962166649784	1.8728114646779952	1.642086840950074	18.62580100416383	1199	3934	1.7536184971616808	1.75 1.35 1.15 1.05
f2c8aa59	ok	176422.7	176422.7	176845.1	-0.2388530979936646	7.396	1.2265339966832502	0.07826101239852029	0.2388530979936646	0.16059208559514432	0	<ORIGINAL_WORKSPACE>/OpenROAD-flow-scripts/flow/reports/nangate45/aes/place_batch_20260421_220319/dpl_evolve_baseline/openroad_dpl_hpwl_only_9case_bo_place_batch_20260421_220319_aes_nangate45_trial_f2c8aa59_9f580b355521/metrics.json	2	64 8	0	0.27005178865075424	1.536304105892532	1.0374228741271452	147.1428401362523	778	3343	1.0751205798924468	1.25 1.10 1.04
f5ccae3b	ok	177865.1	177865.1	176845.1	0.5767759468597095	6.184	1.0255389718076284	-0.5767759468597095	-0.5767759468597095	0.0	0	<ORIGINAL_WORKSPACE>/OpenROAD-flow-scripts/flow/reports/nangate45/aes/place_batch_20260421_220319/dpl_evolve_baseline/openroad_dpl_hpwl_only_9case_bo_place_batch_20260421_220319_aes_nangate45_trial_f5ccae3b_322b8c419331/metrics.json	39	512	0	0.36654309724374434	1.7246925056760882	1.400721549139341	103.64132130992529	267	1823	1.5815774073442912	omit
f5e2f8d0	ok	176113.6	176113.6	176845.1	-0.4136388285567426	7.24	1.2006633499170813	0.28518125915003506	0.41363882855674255	0.1284575694067075	0	<ORIGINAL_WORKSPACE>/OpenROAD-flow-scripts/flow/reports/nangate45/aes/place_batch_20260421_220319/dpl_evolve_baseline/openroad_dpl_hpwl_only_9case_bo_place_batch_20260421_220319_aes_nangate45_trial_f5e2f8d0_76bc658405d0/metrics.json	8	64 8	1	0.1521509497904108	1.5897911196832046	0.9064525637851673	22.375210353193765	1127	3909	1.3542401018196102	1.50 1.25 1.10 1.04
f5e6d5f6	ok	177922.6	177922.6	176845.1	0.609290277197389	6.049	1.003150912106136	-0.6092902771973892	-0.6092902771973892	0.0	0	<ORIGINAL_WORKSPACE>/OpenROAD-flow-scripts/flow/reports/nangate45/aes/place_batch_20260421_220319/dpl_evolve_baseline/openroad_dpl_hpwl_only_9case_bo_place_batch_20260421_220319_aes_nangate45_trial_f5e6d5f6_753e995ea773/metrics.json	6	512	1	0.5457924059560764	1.7058371099263174	0.995617097845092	12.649967461498745	1124	2394	1.7801170240855293	2.00 1.50 1.20 1.05
f678cc39	ok	176439.2	176439.2	176845.1	-0.22952289885328694	7.204	1.1946932006633497	0.10853001122222426	0.22952289885328694	0.12099288763106268	0	<ORIGINAL_WORKSPACE>/OpenROAD-flow-scripts/flow/reports/nangate45/aes/place_batch_20260421_220319/dpl_evolve_baseline/openroad_dpl_hpwl_only_9case_bo_place_batch_20260421_220319_aes_nangate45_trial_f678cc39_51cb0b139cb9/metrics.json	68	64 8	0	0.1379582983632744	1.6088802488367189	0.7064837771066825	81.01858756703552	776	3881	1.5703325296391828	1.10 1.04
f6f94148	ok	176041.6	176041.6	176845.1	-0.4543524248056633	7.254	1.2029850746268655	0.32299693696206505	0.45435242480566324	0.13135548784359818	0	<ORIGINAL_WORKSPACE>/OpenROAD-flow-scripts/flow/reports/nangate45/aes/place_batch_20260421_220319/dpl_evolve_baseline/openroad_dpl_hpwl_only_9case_bo_place_batch_20260421_220319_aes_nangate45_trial_f6f94148_817dabbb9754/metrics.json	100	64 8	1	0.5746895473976914	1.760145061757215	0.8956802825537814	28.648376763084585	731	2916	1.6335421573778812	1.75 1.35 1.15 1.05
f7941fe4	ok	177830.0	177830.0	176845.1	0.5569280686883573	5.829	0.9666666666666666	-0.5569280686883573	-0.5569280686883573	0.0	0	<ORIGINAL_WORKSPACE>/OpenROAD-flow-scripts/flow/reports/nangate45/aes/place_batch_20260421_220319/dpl_evolve_baseline/openroad_dpl_hpwl_only_9case_bo_place_batch_20260421_220319_aes_nangate45_trial_f7941fe4_9cd81d80cc4f/metrics.json	107	256 32	1	0.4441089386325882	1.4272548500498003	0.4264121134717931	118.48174422687651	352	1554	1.5818975993026398	1.04
f7b28da9	ok	177761.3	177761.3	176845.1	0.5180805122675056	5.859	0.9716417910447761	-0.5180805122675056	-0.5180805122675056	0.0	0	<ORIGINAL_WORKSPACE>/OpenROAD-flow-scripts/flow/reports/nangate45/aes/place_batch_20260421_220319/dpl_evolve_baseline/openroad_dpl_hpwl_only_9case_bo_place_batch_20260421_220319_aes_nangate45_trial_f7b28da9_50e934b5c1d4/metrics.json	94	512 64	1	0.3679360111268125	1.9986459931264908	0.7575671856917108	79.7278272776469	730	2786	1.3289529313247588	1.75 1.35 1.15 1.05
f817d238	ok	177761.9	177761.9	176845.1	0.5184197922362499	6.003	0.9955223880597015	-0.5184197922362499	-0.5184197922362499	0.0	0	<ORIGINAL_WORKSPACE>/OpenROAD-flow-scripts/flow/reports/nangate45/aes/place_batch_20260421_220319/dpl_evolve_baseline/openroad_dpl_hpwl_only_9case_bo_place_batch_20260421_220319_aes_nangate45_trial_f817d238_fbb0dfe74486/metrics.json	34	128	1	0.1448387115044662	1.5406741903208216	1.918521611243277	7.98862933774726	772	3941	1.8252002139100176	2.00 1.50 1.20 1.05
f8b293b0	ok	178559.6	178559.6	176845.1	0.9694925106774234	5.754	0.9542288557213929	-0.9694925106774234	-0.9694925106774234	0.0	0	<ORIGINAL_WORKSPACE>/OpenROAD-flow-scripts/flow/reports/nangate45/aes/place_batch_20260421_220319/dpl_evolve_baseline/openroad_dpl_hpwl_only_9case_bo_place_batch_20260421_220319_aes_nangate45_trial_f8b293b0_ff84793cb15c/metrics.json	12	128	0	0.0686117478822102	0.18305464224263032	0.7452966629105438	86.29917365864976	710	1170	1.8782700865719877	2.00 1.50 1.20 1.05
f900d51d	ok	176845.1	176845.1	176845.1	0.0	6.573	1.090049751243781	0.0	0.0	0.0	0	<ORIGINAL_WORKSPACE>/OpenROAD-flow-scripts/flow/reports/nangate45/aes/place_batch_20260421_220319/dpl_evolve_baseline/openroad_dpl_hpwl_only_9case_bo_place_batch_20260421_220319_aes_nangate45_trial_f900d51d_6d35be55b58b/metrics.json	1	omit	0	0.4	0.4	0.6	35.0	150	1000	1.1	1.50 1.25 1.10 1.04
f9a0c0a1	ok	178601.6	178601.6	176845.1	0.9932421084892937	5.853	0.9706467661691541	-0.9932421084892937	-0.9932421084892937	0.0	0	<ORIGINAL_WORKSPACE>/OpenROAD-flow-scripts/flow/reports/nangate45/aes/place_batch_20260421_220319/dpl_evolve_baseline/openroad_dpl_hpwl_only_9case_bo_place_batch_20260421_220319_aes_nangate45_trial_f9a0c0a1_f9c42cb427e4/metrics.json	30	512	1	0.4418203176619733	1.5918482248586827	1.9460029995915313	19.40524779134728	959	2722	1.717749787554693	1.75 1.35 1.15 1.05
f9dd31b8	ok	178601.6	178601.6	176845.1	0.9932421084892937	6.02	0.9983416252072967	-0.9932421084892937	-0.9932421084892937	0.0	0	<ORIGINAL_WORKSPACE>/OpenROAD-flow-scripts/flow/reports/nangate45/aes/place_batch_20260421_220319/dpl_evolve_baseline/openroad_dpl_hpwl_only_9case_bo_place_batch_20260421_220319_aes_nangate45_trial_f9dd31b8_5ffc7a557eca/metrics.json	30	512	1	0.5287237742832469	1.3637700709008473	1.39989103124979	13.206584828336158	1157	2961	1.2314653344978637	1.50 1.25 1.10 1.04
fa26c276	ok	177875.0	177875.0	176845.1	0.5823740663439327	6.092	1.0102819237147593	-0.5823740663439327	-0.5823740663439327	0.0	0	<ORIGINAL_WORKSPACE>/OpenROAD-flow-scripts/flow/reports/nangate45/aes/place_batch_20260421_220319/dpl_evolve_baseline/openroad_dpl_hpwl_only_9case_bo_place_batch_20260421_220319_aes_nangate45_trial_fa26c276_a7a1a4a4f704/metrics.json	49	128	1	0.202461382232271	1.2538270265526812	1.0646802499118408	126.49871436770759	825	3348	1.6321537954739622	2.00 1.50 1.20 1.05
fa7c13f5	ok	175914.6	175914.6	176845.1	-0.5261666848558427	7.376	1.2232172470978442	0.3696753431438996	0.5261666848558427	0.15649134171194312	0	<ORIGINAL_WORKSPACE>/OpenROAD-flow-scripts/flow/reports/nangate45/aes/place_batch_20260421_220319/dpl_evolve_baseline/openroad_dpl_hpwl_only_9case_bo_place_batch_20260421_220319_aes_nangate45_trial_fa7c13f5_2d258a530c11/metrics.json	90	64 8	1	0.11186229970452291	1.807822611986434	0.6549412776272687	139.2899340106816	339	3884	1.1995634170452514	1.50 1.25 1.10 1.04
fbf8c628	ok	175815.8	175815.8	176845.1	-0.5820347863752049	7.26	1.2039800995024874	0.44943818960186677	0.5820347863752049	0.13259659677333813	0	<ORIGINAL_WORKSPACE>/OpenROAD-flow-scripts/flow/reports/nangate45/aes/place_batch_20260421_220319/dpl_evolve_baseline/openroad_dpl_hpwl_only_9case_bo_place_batch_20260421_220319_aes_nangate45_trial_fbf8c628_73129d2939cf/metrics.json	31	64 8	0	0.15030688915016346	0.9107249659097315	1.3868124605099987	91.21590194407482	480	3756	1.239199562251458	1.75 1.35 1.15 1.05
fca73190	ok	176349.1	176349.1	176845.1	-0.2804714408258979	6.94	1.1509121061359868	0.21479941263067093	0.2804714408258979	0.06567202819522701	0	<ORIGINAL_WORKSPACE>/OpenROAD-flow-scripts/flow/reports/nangate45/aes/place_batch_20260421_220319/dpl_evolve_baseline/openroad_dpl_hpwl_only_9case_bo_place_batch_20260421_220319_aes_nangate45_trial_fca73190_54d913506d87/metrics.json	113	64 8	1	0.4532619643912712	1.0501801073486448	0.7052802194207751	145.61062157570737	766	772	1.2190963467323808	omit
fd23b12f	ok	177061.2	177061.2	176845.1	0.12219733540822211	6.997	1.1603648424543946	-0.19990151571775625	-0.12219733540822211	0.07770418030953413	0	<ORIGINAL_WORKSPACE>/OpenROAD-flow-scripts/flow/reports/nangate45/aes/place_batch_20260421_220319/dpl_evolve_baseline/openroad_dpl_hpwl_only_9case_bo_place_batch_20260421_220319_aes_nangate45_trial_fd23b12f_803f320a09c9/metrics.json	72	omit	0	0.06087030510796766	1.644599637520133	0.5921866152612012	88.27915262551394	68	3712	1.1733024364038256	1.10 1.04
fd603446	ok	177616.8	177616.8	176845.1	0.43637058646238014	5.878	0.974792703150912	-0.4363705864623801	-0.4363705864623801	0.0	0	<ORIGINAL_WORKSPACE>/OpenROAD-flow-scripts/flow/reports/nangate45/aes/place_batch_20260421_220319/dpl_evolve_baseline/openroad_dpl_hpwl_only_9case_bo_place_batch_20260421_220319_aes_nangate45_trial_fd603446_1f2959ef97f0/metrics.json	93	64 8	0	0.14754992083317406	1.970545569571387	1.082191843756119	127.32654091572125	670	3057	1.1757738093502548	1.50 1.25 1.10 1.04
fe65cc25	ok	176327.4	176327.4	176845.1	-0.29274206636203753	7.117	1.1802653399668324	0.18986619956839018	0.29274206636203753	0.10287586679364737	0	<ORIGINAL_WORKSPACE>/OpenROAD-flow-scripts/flow/reports/nangate45/aes/place_batch_20260421_220319/dpl_evolve_baseline/openroad_dpl_hpwl_only_9case_bo_place_batch_20260421_220319_aes_nangate45_trial_fe65cc25_8ae33351bcf1/metrics.json	118	64 8	1	0.8518865243897746	1.2206420756816176	0.6042325456453133	65.6380152917152	718	1993	1.0095497923594061	1.50 1.25 1.10 1.04
fee81381	ok	177951.6	177951.6	176845.1	0.625688809019871	6.08	1.0082918739635158	-0.625688809019871	-0.625688809019871	0.0	0	<ORIGINAL_WORKSPACE>/OpenROAD-flow-scripts/flow/reports/nangate45/aes/place_batch_20260421_220319/dpl_evolve_baseline/openroad_dpl_hpwl_only_9case_bo_place_batch_20260421_220319_aes_nangate45_trial_fee81381_5f22f5972360/metrics.json	28	256 32	1	0.35518940475495636	1.0260091088729997	1.5702421861544549	7.198076053149024	1149	3763	1.4378803398984925	1.75 1.35 1.15 1.05
ff1eb764	ok	175827.8	175827.8	176845.1	-0.5752491870003847	7.279	1.2071310116086236	0.4387257916453388	0.5752491870003847	0.13652339535504593	0	<ORIGINAL_WORKSPACE>/OpenROAD-flow-scripts/flow/reports/nangate45/aes/place_batch_20260421_220319/dpl_evolve_baseline/openroad_dpl_hpwl_only_9case_bo_place_batch_20260421_220319_aes_nangate45_trial_ff1eb764_4f125139858e/metrics.json	17	64 8	0	0.10695111985333977	1.656895843918503	0.8349259917153382	93.59324476746272	651	3908	1.0065222020237583	1.10 1.04
ff437e8b	ok	177340.5	177340.5	176845.1	0.28013216085715364	5.774	0.9575456053067993	-0.2801321608571536	-0.2801321608571536	0.0	0	<ORIGINAL_WORKSPACE>/OpenROAD-flow-scripts/flow/reports/nangate45/aes/place_batch_20260421_220319/dpl_evolve_baseline/openroad_dpl_hpwl_only_9case_bo_place_batch_20260421_220319_aes_nangate45_trial_ff437e8b_7d78b80f996c/metrics.json	25	64 8	1	0.35460138267313845	0.9748541238033245	1.416371224338587	15.080558387127322	1073	3523	1.9000787633708334	omit
ffa8a02f	ok	176983.9	176983.9	176845.1	0.07848676610207936	7.298	1.2102819237147595	-0.2189318384141	-0.07848676610207936	0.14044507231202064	0	<ORIGINAL_WORKSPACE>/OpenROAD-flow-scripts/flow/reports/nangate45/aes/place_batch_20260421_220319/dpl_evolve_baseline/openroad_dpl_hpwl_only_9case_bo_place_batch_20260421_220319_aes_nangate45_trial_ffa8a02f_9fcf26ba4e08/metrics.json	27	128 16	0	0.08544978469279316	1.667290344011174	0.8924211895082206	91.25964379713632	408	3518	1.1536433374738266	omit
ffd88287	ok	178691.9	178691.9	176845.1	1.0443037437848084	5.689	0.9434494195688226	-1.0443037437848084	-1.0443037437848084	0.0	0	<ORIGINAL_WORKSPACE>/OpenROAD-flow-scripts/flow/reports/nangate45/aes/place_batch_20260421_220319/dpl_evolve_baseline/openroad_dpl_hpwl_only_9case_bo_place_batch_20260421_220319_aes_nangate45_trial_ffd88287_3d262ea277c2/metrics.json	110	128	1	0.501203648651221	0.6127730537478077	1.1038111024462762	142.03546616292272	688	2925	1.1939877780997064	1.10 1.04
fff3c3fe	ok	177033.4	177033.4	176845.1	0.10647736352321231	6.866	1.1386401326699833	-0.15645474497785583	-0.10647736352321233	0.04997738145464351	0	<ORIGINAL_WORKSPACE>/OpenROAD-flow-scripts/flow/reports/nangate45/aes/place_batch_20260421_220319/dpl_evolve_baseline/openroad_dpl_hpwl_only_9case_bo_place_batch_20260421_220319_aes_nangate45_trial_fff3c3fe_01015f09b10d/metrics.json	3	512 64	1	0.23297427384102043	1.6142103912375583	0.8063282559251349	129.5312781839143	909	2269	1.136455225660685	1.25 1.10 1.04
