trial	status	score	hpwl_final	hpwl_ref	hpwl_delta_percent	runtime	runtime_ratio	gain_hr	hpwl_gain_percent	runtime_penalty_pp	legalize_exit_status	metrics_path	improve_random_seed	improve_max_displacement	improve_enable_extra_dpl	global_swap_tradeoff	global_swap_area_weight	global_swap_pin_weight	global_swap_congestion_user_weight	global_swap_sampling_moves	global_swap_normalization_interval	global_swap_profiling_excess	global_swap_budget_multipliers
00727db9	ok	41824.0	41824.0	42207.8	-0.9093106013580496	7.732	1.450656660412758	0.48341778664518537	0.9093106013580496	0.4258928147128643	0	<ORIGINAL_WORKSPACE>/OpenROAD-flow-scripts/flow/reports/asap7/aes/place_batch_20260421_220319/dpl_evolve_baseline/openroad_dpl_hpwl_only_9case_bo_place_batch_20260421_220319_aes_asap7_trial_00727db9_1595a93e92b9/metrics.json	84	64 8	0	0.9255165833673936	0.1076602246473624	0.32195573416117584	134.62670503520638	373	3863	1.1883835472283477	1.50 1.25 1.10 1.04
00a9a3e0	ok	41821.4	41821.4	42207.8	-0.9154706002208156	7.464	1.400375234521576	0.5472058840797809	0.9154706002208156	0.3682647161410348	0	<ORIGINAL_WORKSPACE>/OpenROAD-flow-scripts/flow/reports/asap7/aes/place_batch_20260421_220319/dpl_evolve_baseline/openroad_dpl_hpwl_only_9case_bo_place_batch_20260421_220319_aes_asap7_trial_00a9a3e0_23ee6086dfaa/metrics.json	59	64 8	0	0.12457206152205591	1.0450679026239789	1.7459827625406332	129.03236559306572	455	193	1.2842692524057988	1.10 1.04
0182e396	ok	42182.6	42182.6	42207.8	-0.05970460436223723	6.068	1.1384615384615384	0.009956250082860739	0.05970460436223723	0.04974835427937649	0	<ORIGINAL_WORKSPACE>/OpenROAD-flow-scripts/flow/reports/asap7/aes/place_batch_20260421_220319/dpl_evolve_baseline/openroad_dpl_hpwl_only_9case_bo_place_batch_20260421_220319_aes_asap7_trial_0182e396_58948cb254c1/metrics.json	16	512 64	0	0.8175520215458741	0.10829493266360818	0.39889180491339016	125.31084921117213	178	1121	1.315802324919694	2.50 1.75 1.25 1.08
0245b32c	ok	42180.0	42180.0	42207.8	-0.06586460322500322	6.253	1.173170731707317	-0.028061973872266083	0.06586460322500322	0.0939265770972693	0	<ORIGINAL_WORKSPACE>/OpenROAD-flow-scripts/flow/reports/asap7/aes/place_batch_20260421_220319/dpl_evolve_baseline/openroad_dpl_hpwl_only_9case_bo_place_batch_20260421_220319_aes_asap7_trial_0245b32c_4e937653b7ae/metrics.json	62	omit	0	0.2201872894346847	0.5737156713188717	1.1430499849434128	117.31134028281167	621	2797	1.0223635853501962	1.10 1.04
032b6b39	ok	41830.1	41830.1	42207.8	-0.8948582963338633	7.512	1.4093808630393996	0.5161969850813255	0.8948582963338633	0.3786613112525377	0	<ORIGINAL_WORKSPACE>/OpenROAD-flow-scripts/flow/reports/asap7/aes/place_batch_20260421_220319/dpl_evolve_baseline/openroad_dpl_hpwl_only_9case_bo_place_batch_20260421_220319_aes_asap7_trial_032b6b39_3e46f044e2f9/metrics.json	12	64 8	0	0.22065768020421342	0.6494081056789829	0.2065790966363507	147.49338479212926	460	1524	1.0442468586050868	1.10 1.04
034eb26b	ok	41908.2	41908.2	42207.8	-0.7098214074176	7.701	1.44484052532833	0.2905428941882063	0.7098214074176	0.41927851322939375	0	<ORIGINAL_WORKSPACE>/OpenROAD-flow-scripts/flow/reports/asap7/aes/place_batch_20260421_220319/dpl_evolve_baseline/openroad_dpl_hpwl_only_9case_bo_place_batch_20260421_220319_aes_asap7_trial_034eb26b_38e8060247af/metrics.json	14	64	0	0.9770052657561492	1.4883070934189189	1.7208526902056318	63.59948231518551	172	3590	1.4735208706601854	2.00 1.50 1.20 1.05
06308227	ok	42187.1	42187.1	42207.8	-0.04904306786898242	6.135	1.1510318949343339	-0.016781744963500586	0.04904306786898242	0.06582481283248301	0	<ORIGINAL_WORKSPACE>/OpenROAD-flow-scripts/flow/reports/asap7/aes/place_batch_20260421_220319/dpl_evolve_baseline/openroad_dpl_hpwl_only_9case_bo_place_batch_20260421_220319_aes_asap7_trial_06308227_340c3bf027f5/metrics.json	52	128	0	0.8548979426974024	1.0554292926174933	1.6142141138089663	85.87327757874095	893	2124	1.770883910501888	1.10 1.04
065c4afa	ok	41872.2	41872.2	42207.8	-0.7951136993636384	7.899	1.4819887429643528	0.33381491130289936	0.7951136993636385	0.46129878806073915	0	<ORIGINAL_WORKSPACE>/OpenROAD-flow-scripts/flow/reports/asap7/aes/place_batch_20260421_220319/dpl_evolve_baseline/openroad_dpl_hpwl_only_9case_bo_place_batch_20260421_220319_aes_asap7_trial_065c4afa_2c18d34bf323/metrics.json	26	64 8	0	0.5568511992106088	0.6883562275002234	1.2784469026172802	142.99693746185957	567	2541	1.489016353836998	1.50 1.25 1.10 1.04
0677c719	ok	42162.3	42162.3	42207.8	-0.10779998009846521	5.982	1.1223264540337712	0.0788177259895827	0.10779998009846521	0.02898225410888251	0	<ORIGINAL_WORKSPACE>/OpenROAD-flow-scripts/flow/reports/asap7/aes/place_batch_20260421_220319/dpl_evolve_baseline/openroad_dpl_hpwl_only_9case_bo_place_batch_20260421_220319_aes_asap7_trial_0677c719_98642270d97c/metrics.json	53	omit	0	0.40022166411229815	0.02537805814818101	1.8600849035190563	119.50004584696009	188	3886	1.4158386019871025	1.25 1.10 1.04
067b6dd9	ok	42193.1	42193.1	42207.8	-0.03482768587797603	5.914	1.1095684803001875	0.02237104028953049	0.03482768587797602	0.01245664558844553	0	<ORIGINAL_WORKSPACE>/OpenROAD-flow-scripts/flow/reports/asap7/aes/place_batch_20260421_220319/dpl_evolve_baseline/openroad_dpl_hpwl_only_9case_bo_place_batch_20260421_220319_aes_asap7_trial_067b6dd9_adad0f595ea6/metrics.json	71	256	0	0.9756194050241753	1.531487926366887	1.881857448405305	22.898737315609928	190	3660	1.3512002656195257	1.75 1.35 1.15 1.05
07a3b52b	ok	41830.1	41830.1	42207.8	-0.8948582963338633	7.595	1.4249530956848029	0.4982976100278337	0.8948582963338633	0.3965606863060296	0	<ORIGINAL_WORKSPACE>/OpenROAD-flow-scripts/flow/reports/asap7/aes/place_batch_20260421_220319/dpl_evolve_baseline/openroad_dpl_hpwl_only_9case_bo_place_batch_20260421_220319_aes_asap7_trial_07a3b52b_5227df0526ce/metrics.json	12	64 8	0	0.5479930212160143	1.9170867585639242	1.9986712179067752	124.60504617158085	897	1927	1.3782565033087613	1.10 1.04
08dc3845	ok	41967.4	41967.4	42207.8	-0.5695629717729933	7.769	1.4575984990619137	0.13579300141386302	0.5695629717729932	0.4337699703591302	0	<ORIGINAL_WORKSPACE>/OpenROAD-flow-scripts/flow/reports/asap7/aes/place_batch_20260421_220319/dpl_evolve_baseline/openroad_dpl_hpwl_only_9case_bo_place_batch_20260421_220319_aes_asap7_trial_08dc3845_db4642f7e677/metrics.json	10	1024	1	0.12420778174363717	1.81285154608317	1.2456020110844965	74.46173680607767	304	3882	1.2793031511929989	2.00 1.50 1.20 1.05
0a9c8f02	ok	41810.0	41810.0	42207.8	-0.9424798260037313	7.785	1.4606003752345216	0.5053093285118759	0.9424798260037313	0.43717049749185527	0	<ORIGINAL_WORKSPACE>/OpenROAD-flow-scripts/flow/reports/asap7/aes/place_batch_20260421_220319/dpl_evolve_baseline/openroad_dpl_hpwl_only_9case_bo_place_batch_20260421_220319_aes_asap7_trial_0a9c8f02_42dbe96ac9b0/metrics.json	82	64 8	0	0.07257808011658629	1.7677825776873695	0.2273859426194787	105.55223623566805	703	3087	1.3358817077603014	1.50 1.25 1.10 1.04
0abb153d	ok	41833.0	41833.0	42207.8	-0.88798752837154	7.563	1.4189493433395872	0.4983161646494715	0.88798752837154	0.38967136372206856	0	<ORIGINAL_WORKSPACE>/OpenROAD-flow-scripts/flow/reports/asap7/aes/place_batch_20260421_220319/dpl_evolve_baseline/openroad_dpl_hpwl_only_9case_bo_place_batch_20260421_220319_aes_asap7_trial_0abb153d_db66a88801d3/metrics.json	2	64 8	0	0.44166558251041704	1.247904527866984	1.7492646883313012	111.7835713311053	741	1782	1.3343818428866174	1.50 1.25 1.10 1.04
0b08adbe	ok	41828.2	41828.2	42207.8	-0.899359833964352	7.579	1.421951219512195	0.5062419909457267	0.899359833964352	0.39311784301862535	0	<ORIGINAL_WORKSPACE>/OpenROAD-flow-scripts/flow/reports/asap7/aes/place_batch_20260421_220319/dpl_evolve_baseline/openroad_dpl_hpwl_only_9case_bo_place_batch_20260421_220319_aes_asap7_trial_0b08adbe_8e262c431701/metrics.json	70	64 8	0	0.9492443545248063	1.3110624143771243	1.936557659965393	86.33847378195841	260	3546	1.8387951274217909	1.50 1.25 1.10 1.04
0c2350fc	ok	42196.6	42196.6	42207.8	-0.026535379716555625	6.434	1.2071294559099437	-0.10998607812704006	0.026535379716555625	0.13652145784359568	0	<ORIGINAL_WORKSPACE>/OpenROAD-flow-scripts/flow/reports/asap7/aes/place_batch_20260421_220319/dpl_evolve_baseline/openroad_dpl_hpwl_only_9case_bo_place_batch_20260421_220319_aes_asap7_trial_0c2350fc_a04faaac15a2/metrics.json	37	1024	0	0.9124460675563278	0.29251455463962067	0.1271375134957347	146.31536322684556	381	3407	1.3993253138598718	1.50 1.25 1.10 1.04
0c2aacc4	ok	41857.2	41857.2	42207.8	-0.8306521543411544	7.534	1.4135084427767355	0.44723683934072533	0.8306521543411545	0.38341531500042914	0	<ORIGINAL_WORKSPACE>/OpenROAD-flow-scripts/flow/reports/asap7/aes/place_batch_20260421_220319/dpl_evolve_baseline/openroad_dpl_hpwl_only_9case_bo_place_batch_20260421_220319_aes_asap7_trial_0c2aacc4_c919c216a20d/metrics.json	86	64 8	0	0.3665826238133033	0.2702649892394215	0.762939379789998	111.01193091312624	684	3100	1.0904910267509031	1.10 1.04
0c4cfb48	ok	42231.0	42231.0	42207.8	0.05496614369855119	5.981	1.122138836772983	-0.08370605663723785	-0.054966143698551184	0.028739912938686666	0	<ORIGINAL_WORKSPACE>/OpenROAD-flow-scripts/flow/reports/asap7/aes/place_batch_20260421_220319/dpl_evolve_baseline/openroad_dpl_hpwl_only_9case_bo_place_batch_20260421_220319_aes_asap7_trial_0c4cfb48_ecc71a88bad3/metrics.json	26	512 64	0	0.8545888301952937	1.6075893824898184	1.9549350614246634	75.52214115151945	698	3193	1.412548901697949	1.50 1.25 1.10 1.04
0c4d1ada	ok	42147.3	42147.3	42207.8	-0.1433384350759812	5.83	1.0938086303939962	0.1433384350759812	0.1433384350759812	0.0	0	<ORIGINAL_WORKSPACE>/OpenROAD-flow-scripts/flow/reports/asap7/aes/place_batch_20260421_220319/dpl_evolve_baseline/openroad_dpl_hpwl_only_9case_bo_place_batch_20260421_220319_aes_asap7_trial_0c4d1ada_7d519191da55/metrics.json	77	64 8	0	0.2521474286272257	0.6106753649502105	0.556411470475312	147.24751881938192	228	1946	1.013732775395045	1.75 1.35 1.15 1.05
0c78f326	ok	41816.7	41816.7	42207.8	-0.9266059827804476	7.93	1.4878048780487805	0.4587761536597597	0.9266059827804477	0.467829829120688	0	<ORIGINAL_WORKSPACE>/OpenROAD-flow-scripts/flow/reports/asap7/aes/place_batch_20260421_220319/dpl_evolve_baseline/openroad_dpl_hpwl_only_9case_bo_place_batch_20260421_220319_aes_asap7_trial_0c78f326_e7441eaf77e3/metrics.json	6	64 8	0	0.08833906904642211	1.5109297178669796	1.6094719460229643	44.148205948691356	73	2361	1.0392235394867735	2.00 1.50 1.20 1.05
0cea0e63	ok	41826.6	41826.6	42207.8	-0.9031506024952837	7.802	1.4637898686679174	0.4623708715852521	0.9031506024952837	0.4407797309100316	0	<ORIGINAL_WORKSPACE>/OpenROAD-flow-scripts/flow/reports/asap7/aes/place_batch_20260421_220319/dpl_evolve_baseline/openroad_dpl_hpwl_only_9case_bo_place_batch_20260421_220319_aes_asap7_trial_0cea0e63_d2ccd96f6442/metrics.json	30	64 8	0	0.0461958699266845	1.8773784847955393	1.0464654909363094	86.35887541155134	548	3615	1.2622948200091406	1.10 1.04
0dc2875c	ok	42185.9	42185.9	42207.8	-0.05188614426717681	6.134	1.150844277673546	-0.013699368581755404	0.05188614426717681	0.06558551284893221	0	<ORIGINAL_WORKSPACE>/OpenROAD-flow-scripts/flow/reports/asap7/aes/place_batch_20260421_220319/dpl_evolve_baseline/openroad_dpl_hpwl_only_9case_bo_place_batch_20260421_220319_aes_asap7_trial_0dc2875c_f117e3be9915/metrics.json	55	64	0	0.04666949934329377	1.1201420496460412	0.16651979648535942	88.34781379985864	579	3137	1.220501373631137	1.75 1.35 1.15 1.05
0f270667	ok	42189.2	42189.2	42207.8	-0.04406768417213363	6.15	1.153846153846154	-0.025344290832959256	0.04406768417213363	0.06941197500509289	0	<ORIGINAL_WORKSPACE>/OpenROAD-flow-scripts/flow/reports/asap7/aes/place_batch_20260421_220319/dpl_evolve_baseline/openroad_dpl_hpwl_only_9case_bo_place_batch_20260421_220319_aes_asap7_trial_0f270667_8aed1e14eec5/metrics.json	35	128	0	0.7703090657979619	0.40723725622733997	1.3524267681370827	110.54744956931115	605	1000	1.0435288803455345	1.25 1.10 1.04
0f9f1f7f	ok	42209.6	42209.6	42207.8	0.004264614597291577	5.572	1.045403377110694	-0.004264614597291577	-0.004264614597291577	0.0	0	<ORIGINAL_WORKSPACE>/OpenROAD-flow-scripts/flow/reports/asap7/aes/place_batch_20260421_220319/dpl_evolve_baseline/openroad_dpl_hpwl_only_9case_bo_place_batch_20260421_220319_aes_asap7_trial_0f9f1f7f_d873d09e9106/metrics.json	43	128	0	0.6211659767245558	0.12857855962007755	0.1334305118167679	145.57041751902145	536	2074	1.2052616780825616	1.04
102e87ae	ok	41827.3	41827.3	42207.8	-0.9014921412629893	8.084	1.5166979362101312	0.4014053784902659	0.9014921412629893	0.5000867627727233	0	<ORIGINAL_WORKSPACE>/OpenROAD-flow-scripts/flow/reports/asap7/aes/place_batch_20260421_220319/dpl_evolve_baseline/openroad_dpl_hpwl_only_9case_bo_place_batch_20260421_220319_aes_asap7_trial_102e87ae_d4495f6ff467/metrics.json	14	64 8	0	0.16535419711693278	1.8550171607920678	0.7281434265037379	112.62181547042333	885	3545	1.6236722070556089	1.25 1.10 1.04
106cd9c1	ok	42186.2	42186.2	42207.8	-0.05117537516763684	6.081	1.1409005628517823	-0.0016992053232788087	0.05117537516763683	0.05287458049091564	0	<ORIGINAL_WORKSPACE>/OpenROAD-flow-scripts/flow/reports/asap7/aes/place_batch_20260421_220319/dpl_evolve_baseline/openroad_dpl_hpwl_only_9case_bo_place_batch_20260421_220319_aes_asap7_trial_106cd9c1_433b93afd8c1/metrics.json	52	128 16	0	0.22223521751074626	1.1871319972486973	1.684717138057366	120.05150257633078	86	358	1.5633975327001584	1.25 1.10 1.04
11437967	ok	42168.7	42168.7	42207.8	-0.09263690597473884	6.294	1.1808630393996247	-0.010991681593986544	0.09263690597473884	0.10362858756872538	0	<ORIGINAL_WORKSPACE>/OpenROAD-flow-scripts/flow/reports/asap7/aes/place_batch_20260421_220319/dpl_evolve_baseline/openroad_dpl_hpwl_only_9case_bo_place_batch_20260421_220319_aes_asap7_trial_11437967_b00572370c23/metrics.json	65	64	0	0.7244368483287116	0.28392448604456627	0.5769713279374933	94.22855466616991	704	3042	1.0135047235497594	1.25 1.10 1.04
134aad77	ok	42207.8	42207.8	42207.8	0.0	5.849	1.0973733583489682	0.0	0.0	0.0	0	<ORIGINAL_WORKSPACE>/OpenROAD-flow-scripts/flow/reports/asap7/aes/place_batch_20260421_220319/dpl_evolve_baseline/openroad_dpl_hpwl_only_9case_bo_place_batch_20260421_220319_aes_asap7_trial_134aad77_48526ecba260/metrics.json	1	omit	0	0.2298319767026626	1.888887147712566	1.7025509041407596	77.03475525198567	706	3783	1.4055291390350233	2.00 1.50 1.20 1.05
1398bb0e	ok	41811.8	41811.8	42207.8	-0.9382152114064225	7.738	1.451782363977486	0.5110437417756712	0.9382152114064225	0.42717146963075125	0	<ORIGINAL_WORKSPACE>/OpenROAD-flow-scripts/flow/reports/asap7/aes/place_batch_20260421_220319/dpl_evolve_baseline/openroad_dpl_hpwl_only_9case_bo_place_batch_20260421_220319_aes_asap7_trial_1398bb0e_8f672e1d22c4/metrics.json	31	64 8	0	0.6445122416070221	0.6264648203823393	0.6746210448491415	119.31851079529541	660	2981	1.04016135394267	1.50 1.25 1.10 1.04
13cc1e84	ok	42191.8	42191.8	42207.8	-0.0379076853093504	5.857	1.098874296435272	0.0379076853093504	0.0379076853093504	0.0	0	<ORIGINAL_WORKSPACE>/OpenROAD-flow-scripts/flow/reports/asap7/aes/place_batch_20260421_220319/dpl_evolve_baseline/openroad_dpl_hpwl_only_9case_bo_place_batch_20260421_220319_aes_asap7_trial_13cc1e84_3e52918cb9f6/metrics.json	5	128 16	0	0.8296743965844287	1.36496036367512	1.5125206419667379	18.134392753731753	529	3662	1.597215693443921	1.25 1.10 1.04
141d70be	ok	41813.6	41813.6	42207.8	-0.9339505968091308	8.101	1.5198874296435274	0.43032190479360033	0.9339505968091308	0.5036286920155305	0	<ORIGINAL_WORKSPACE>/OpenROAD-flow-scripts/flow/reports/asap7/aes/place_batch_20260421_220319/dpl_evolve_baseline/openroad_dpl_hpwl_only_9case_bo_place_batch_20260421_220319_aes_asap7_trial_141d70be_27651ca6e335/metrics.json	61	64 8	0	0.9318871671606952	1.7273983743109846	1.505018833164298	88.7553805612882	180	3788	1.0566786011346885	1.75 1.35 1.15 1.05
14b6bedc	ok	42186.7	42186.7	42207.8	-0.049990760001719634	5.821	1.0921200750469042	0.049990760001719634	0.049990760001719634	0.0	0	<ORIGINAL_WORKSPACE>/OpenROAD-flow-scripts/flow/reports/asap7/aes/place_batch_20260421_220319/dpl_evolve_baseline/openroad_dpl_hpwl_only_9case_bo_place_batch_20260421_220319_aes_asap7_trial_14b6bedc_157de631d27e/metrics.json	31	128 16	0	0.003988869089738306	1.5508068225516805	1.2341366513947736	68.33281800729486	122	2508	1.0263305755633594	2.00 1.50 1.20 1.05
161dc570	ok	41830.2	41830.2	42207.8	-0.8946213733006833	7.6	1.425891181988743	0.49698554231628705	0.8946213733006833	0.3976358309843962	0	<ORIGINAL_WORKSPACE>/OpenROAD-flow-scripts/flow/reports/asap7/aes/place_batch_20260421_220319/dpl_evolve_baseline/openroad_dpl_hpwl_only_9case_bo_place_batch_20260421_220319_aes_asap7_trial_161dc570_8a9bea97d296/metrics.json	104	64 8	0	0.7447855256110741	0.46998144024207206	0.28717838168333104	148.57675800830395	209	1557	1.0048070398477893	2.50 1.75 1.25 1.08
186d2c51	ok	42153.4	42153.4	42207.8	-0.1288861300517948	6.01	1.127579737335835	0.09312652821050557	0.1288861300517948	0.035759601841289235	0	<ORIGINAL_WORKSPACE>/OpenROAD-flow-scripts/flow/reports/asap7/aes/place_batch_20260421_220319/dpl_evolve_baseline/openroad_dpl_hpwl_only_9case_bo_place_batch_20260421_220319_aes_asap7_trial_186d2c51_893cb5f9e74f/metrics.json	6	512 64	0	0.8275210056383014	1.5890896788291573	1.3987600976448533	137.80919938468767	758	1872	1.0123579357042591	1.50 1.25 1.10 1.04
19a25627	ok	42178.6	42178.6	42207.8	-0.06918152568957484	6.285	1.179174484052533	-0.03232006559938731	0.06918152568957482	0.10150159128896213	0	<ORIGINAL_WORKSPACE>/OpenROAD-flow-scripts/flow/reports/asap7/aes/place_batch_20260421_220319/dpl_evolve_baseline/openroad_dpl_hpwl_only_9case_bo_place_batch_20260421_220319_aes_asap7_trial_19a25627_6c71e6f869a2/metrics.json	28	256 32	0	0.9475489413950998	0.4428654686469766	0.5707904383845133	12.2210947315893	543	525	1.6337867606119179	2.50 1.75 1.25 1.08
1a5a7c55	ok	41842.6	41842.6	42207.8	-0.8652429171859332	7.667	1.4384615384615385	0.453234125204194	0.8652429171859333	0.4120087919817393	0	<ORIGINAL_WORKSPACE>/OpenROAD-flow-scripts/flow/reports/asap7/aes/place_batch_20260421_220319/dpl_evolve_baseline/openroad_dpl_hpwl_only_9case_bo_place_batch_20260421_220319_aes_asap7_trial_1a5a7c55_c828448fe501/metrics.json	111	64 8	0	0.5956826841839991	1.3900582259239131	0.8298599249009481	137.6534725681998	259	443	1.367492150826606	1.10 1.04
1a8fa6a7	ok	42199.2	42199.2	42207.8	-0.02037538085378963	5.741	1.0771106941838648	0.02037538085378963	0.02037538085378963	0.0	0	<ORIGINAL_WORKSPACE>/OpenROAD-flow-scripts/flow/reports/asap7/aes/place_batch_20260421_220319/dpl_evolve_baseline/openroad_dpl_hpwl_only_9case_bo_place_batch_20260421_220319_aes_asap7_trial_1a8fa6a7_bf27dd92b212/metrics.json	68	32	0	0.5982298208055729	0.8695104746368727	1.042133024650783	121.517283442087	499	3062	1.1220315901110591	1.10 1.04
1a941943	ok	41809.3	41809.3	42207.8	-0.9441382872360085	7.424	1.3928705440900564	0.5845629643955514	0.9441382872360085	0.359575322840457	0	<ORIGINAL_WORKSPACE>/OpenROAD-flow-scripts/flow/reports/asap7/aes/place_batch_20260421_220319/dpl_evolve_baseline/openroad_dpl_hpwl_only_9case_bo_place_batch_20260421_220319_aes_asap7_trial_1a941943_bc25a88ce9e6/metrics.json	58	64 8	0	0.5210437755824177	1.8032065209012946	0.9363999843976326	141.43775376679744	524	2229	1.1034022966897492	1.25 1.10 1.04
1baea038	ok	42195.1	42195.1	42207.8	-0.030089225214307225	6.099	1.1442776735459663	-0.02710846472915836	0.030089225214307225	0.057197689943465586	0	<ORIGINAL_WORKSPACE>/OpenROAD-flow-scripts/flow/reports/asap7/aes/place_batch_20260421_220319/dpl_evolve_baseline/openroad_dpl_hpwl_only_9case_bo_place_batch_20260421_220319_aes_asap7_trial_1baea038_057d7db725cc/metrics.json	62	256 32	0	0.7358000066898119	0.1990708660706287	0.6596250424244811	134.68946587889135	303	1030	1.1035827480581448	omit
1c47cc5f	ok	41808.8	41808.8	42207.8	-0.9453229024019256	7.916	1.4851782363977486	0.4804409919937808	0.9453229024019256	0.4648819104081448	0	<ORIGINAL_WORKSPACE>/OpenROAD-flow-scripts/flow/reports/asap7/aes/place_batch_20260421_220319/dpl_evolve_baseline/openroad_dpl_hpwl_only_9case_bo_place_batch_20260421_220319_aes_asap7_trial_1c47cc5f_8a235b3ab11e/metrics.json	53	64 8	0	0.9867489581630313	0.28243774712095754	1.3884796947247047	120.39761281419916	632	1184	1.1374614849775193	2.50 1.75 1.25 1.08
1c5512e1	ok	41823.2	41823.2	42207.8	-0.9112059856235242	7.771	1.4579737335834897	0.4770107580001545	0.9112059856235241	0.43419522762336954	0	<ORIGINAL_WORKSPACE>/OpenROAD-flow-scripts/flow/reports/asap7/aes/place_batch_20260421_220319/dpl_evolve_baseline/openroad_dpl_hpwl_only_9case_bo_place_batch_20260421_220319_aes_asap7_trial_1c5512e1_9f12be3350ff/metrics.json	83	64 8	0	0.1513088114612478	1.744505799668091	0.14353355014513886	66.68453594939211	451	2751	1.378735057600789	1.10 1.04
1c6d2959	ok	42180.1	42180.1	42207.8	-0.06562768019182322	6.176	1.1587242026266418	-0.009991695207251836	0.06562768019182323	0.07561937539907507	0	<ORIGINAL_WORKSPACE>/OpenROAD-flow-scripts/flow/reports/asap7/aes/place_batch_20260421_220319/dpl_evolve_baseline/openroad_dpl_hpwl_only_9case_bo_place_batch_20260421_220319_aes_asap7_trial_1c6d2959_1522b0eaff83/metrics.json	83	256	0	0.8222088976716438	0.16695498743269688	0.25844642996271716	130.78934987213898	528	3373	1.5080853212406338	1.50 1.25 1.10 1.04
1c99510f	ok	41934.8	41934.8	42207.8	-0.6467998805907913	7.625	1.4305816135084428	0.24379362336800492	0.6467998805907912	0.40300625722278627	0	<ORIGINAL_WORKSPACE>/OpenROAD-flow-scripts/flow/reports/asap7/aes/place_batch_20260421_220319/dpl_evolve_baseline/openroad_dpl_hpwl_only_9case_bo_place_batch_20260421_220319_aes_asap7_trial_1c99510f_102ddaa5e560/metrics.json	23	512 64	0	0.3614291232125923	0.6194137697708154	0.8818167666246219	136.24357320260938	280	3472	1.1131255606497652	1.50 1.25 1.10 1.04
1d07392b	ok	42167.2	42167.2	42207.8	-0.09619075147249043	6.344	1.1902439024390243	-0.01922688936826937	0.09619075147249044	0.11541764084075981	0	<ORIGINAL_WORKSPACE>/OpenROAD-flow-scripts/flow/reports/asap7/aes/place_batch_20260421_220319/dpl_evolve_baseline/openroad_dpl_hpwl_only_9case_bo_place_batch_20260421_220319_aes_asap7_trial_1d07392b_cd6f2d4bbb6b/metrics.json	106	512	0	0.8617923311087103	0.6151095810211802	0.16571467915145716	142.10703008227625	206	2021	1.1649537167199338	2.50 1.75 1.25 1.08
1d34b3df	ok	41820.2	41820.2	42207.8	-0.9183136766190272	7.675	1.4399624765478423	0.5045929141871006	0.9183136766190273	0.41372076243192674	0	<ORIGINAL_WORKSPACE>/OpenROAD-flow-scripts/flow/reports/asap7/aes/place_batch_20260421_220319/dpl_evolve_baseline/openroad_dpl_hpwl_only_9case_bo_place_batch_20260421_220319_aes_asap7_trial_1d34b3df_a4d8ece9fc19/metrics.json	60	64 8	0	0.8286742531071984	0.21989047651849958	0.8007041837875715	144.45310729694927	695	3390	1.0911617352677119	1.50 1.25 1.10 1.04
1de65c62	ok	41973.6	41973.6	42207.8	-0.5548737437156268	7.765	1.4568480300187616	0.12195445212982003	0.5548737437156268	0.4329192915858068	0	<ORIGINAL_WORKSPACE>/OpenROAD-flow-scripts/flow/reports/asap7/aes/place_batch_20260421_220319/dpl_evolve_baseline/openroad_dpl_hpwl_only_9case_bo_place_batch_20260421_220319_aes_asap7_trial_1de65c62_d9e7479a5ea3/metrics.json	121	128 16	1	0.3259792958379141	0.7041206867146738	0.6334593573914746	118.9134117388254	299	639	1.2730984266889867	1.25 1.10 1.04
1e67e1c8	ok	41828.2	41828.2	42207.8	-0.899359833964352	7.874	1.4772983114446527	0.4433373551894263	0.899359833964352	0.45602247877492574	0	<ORIGINAL_WORKSPACE>/OpenROAD-flow-scripts/flow/reports/asap7/aes/place_batch_20260421_220319/dpl_evolve_baseline/openroad_dpl_hpwl_only_9case_bo_place_batch_20260421_220319_aes_asap7_trial_1e67e1c8_b7c9127661d1/metrics.json	70	64 8	0	0.9340151503327034	0.8688506604273353	0.6467797531414725	126.41451924433659	80	2120	1.5238590807360803	1.04
1e78826e	ok	42207.8	42207.8	42207.8	0.0	5.966	1.1193245778611634	-0.02510236132400299	0.0	0.02510236132400299	0	<ORIGINAL_WORKSPACE>/OpenROAD-flow-scripts/flow/reports/asap7/aes/place_batch_20260421_220319/dpl_evolve_baseline/openroad_dpl_hpwl_only_9case_bo_place_batch_20260421_220319_aes_asap7_trial_1e78826e_2274519dc40f/metrics.json	1	256	0	0.25	0.3	0.9	25.0	100	1500	1.05	1.25 1.10 1.04
20d113d7	ok	42180.8	42180.8	42207.8	-0.0639692189595288	6.048	1.1347091932457787	0.019036989819939155	0.0639692189595288	0.04493222913958964	0	<ORIGINAL_WORKSPACE>/OpenROAD-flow-scripts/flow/reports/asap7/aes/place_batch_20260421_220319/dpl_evolve_baseline/openroad_dpl_hpwl_only_9case_bo_place_batch_20260421_220319_aes_asap7_trial_20d113d7_a474e2463f96/metrics.json	92	512 64	0	0.9871319396841073	0.022183221863951844	0.08666266157699126	138.3848965808661	628	3586	1.2057611129439625	2.00 1.50 1.20 1.05
21bc3e7c	ok	41903.6	41903.6	42207.8	-0.7207198669440349	7.918	1.4855534709193245	0.25541666578187294	0.7207198669440349	0.46530320116216195	0	<ORIGINAL_WORKSPACE>/OpenROAD-flow-scripts/flow/reports/asap7/aes/place_batch_20260421_220319/dpl_evolve_baseline/openroad_dpl_hpwl_only_9case_bo_place_batch_20260421_220319_aes_asap7_trial_21bc3e7c_ff84793cb15c/metrics.json	12	128	0	0.0686117478822102	0.18305464224263032	0.7452966629105438	86.29917365864976	710	1170	1.8782700865719877	2.00 1.50 1.20 1.05
21f9d439	ok	42000.2	42000.2	42207.8	-0.4918522168888353	8.036	1.5076923076923077	0.0017863477324958632	0.49185221688883524	0.4900658691563394	0	<ORIGINAL_WORKSPACE>/OpenROAD-flow-scripts/flow/reports/asap7/aes/place_batch_20260421_220319/dpl_evolve_baseline/openroad_dpl_hpwl_only_9case_bo_place_batch_20260421_220319_aes_asap7_trial_21f9d439_5b212f5fdfcc/metrics.json	65	512 64	1	0.3652475810159921	1.9425378531350879	0.6850779575179137	109.61869065871437	734	3289	1.6029288016520882	1.10 1.04
23ccb7ee	ok	41833.4	41833.4	42207.8	-0.8870398362388029	7.687	1.4422138836772984	0.47075279019599314	0.8870398362388029	0.41628704604280975	0	<ORIGINAL_WORKSPACE>/OpenROAD-flow-scripts/flow/reports/asap7/aes/place_batch_20260421_220319/dpl_evolve_baseline/openroad_dpl_hpwl_only_9case_bo_place_batch_20260421_220319_aes_asap7_trial_23ccb7ee_142734f6d089/metrics.json	24	64 8	0	0.3822098885400138	1.205729469450497	0.19328353039149848	126.4782534735168	703	2354	1.0666359330468123	1.50 1.25 1.10 1.04
23f440cd	ok	41915.6	41915.6	42207.8	-0.6922891029620221	7.574	1.4210131332082552	0.3002478935953048	0.6922891029620221	0.39204120936671727	0	<ORIGINAL_WORKSPACE>/OpenROAD-flow-scripts/flow/reports/asap7/aes/place_batch_20260421_220319/dpl_evolve_baseline/openroad_dpl_hpwl_only_9case_bo_place_batch_20260421_220319_aes_asap7_trial_23f440cd_13f7c79e4d9c/metrics.json	15	64 8	1	0.932035940796762	1.977146781085033	1.8547238608345744	92.67604636118861	199	2497	1.9320403562964796	1.04
2542ccc1	ok	41812.2	41812.2	42207.8	-0.9372675192737024	7.833	1.4696060037523453	0.4899163533702007	0.9372675192737024	0.44735116590350177	0	<ORIGINAL_WORKSPACE>/OpenROAD-flow-scripts/flow/reports/asap7/aes/place_batch_20260421_220319/dpl_evolve_baseline/openroad_dpl_hpwl_only_9case_bo_place_batch_20260421_220319_aes_asap7_trial_2542ccc1_102ca2dc7608/metrics.json	54	64 8	0	0.8571488661588882	0.1713246168123141	1.0969787669136137	137.754716928303	259	2656	1.2014789719018952	2.50 1.75 1.25 1.08
25e0a026	ok	41911.1	41911.1	42207.8	-0.7029506394552768	7.849	1.4726078799249531	0.25221285279363453	0.7029506394552768	0.45073778666164227	0	<ORIGINAL_WORKSPACE>/OpenROAD-flow-scripts/flow/reports/asap7/aes/place_batch_20260421_220319/dpl_evolve_baseline/openroad_dpl_hpwl_only_9case_bo_place_batch_20260421_220319_aes_asap7_trial_25e0a026_01dd9ba586c1/metrics.json	23	256 32	0	0.0825411444390607	1.758384583443915	1.995365424158773	134.2216664760275	403	3274	1.2793457183237047	2.00 1.50 1.20 1.05
26124e22	ok	42154.9	42154.9	42207.8	-0.12533228455404322	5.96	1.1181988742964353	0.10168622411441822	0.12533228455404322	0.023646060439625003	0	<ORIGINAL_WORKSPACE>/OpenROAD-flow-scripts/flow/reports/asap7/aes/place_batch_20260421_220319/dpl_evolve_baseline/openroad_dpl_hpwl_only_9case_bo_place_batch_20260421_220319_aes_asap7_trial_26124e22_750398a66ca7/metrics.json	65	32	0	0.30160382423220256	1.7805095938813633	1.4692689407935635	100.6373085206734	625	3709	1.5309150970939798	2.00 1.50 1.20 1.05
263c35b0	ok	41871.8	41871.8	42207.8	-0.7960613914963585	7.525	1.4118198874296435	0.4145900561436399	0.7960613914963585	0.38147133535271854	0	<ORIGINAL_WORKSPACE>/OpenROAD-flow-scripts/flow/reports/asap7/aes/place_batch_20260421_220319/dpl_evolve_baseline/openroad_dpl_hpwl_only_9case_bo_place_batch_20260421_220319_aes_asap7_trial_263c35b0_02d80728ac94/metrics.json	21	64 8	0	0.5041558083788982	1.8074987302625725	1.9673194265458391	40.15294525288935	515	3826	1.1569109467070422	1.75 1.35 1.15 1.05
264228bd	ok	41825.2	41825.2	42207.8	-0.9064675249598553	7.774	1.4585365853658536	0.47163451403371703	0.9064675249598553	0.43483301092613824	0	<ORIGINAL_WORKSPACE>/OpenROAD-flow-scripts/flow/reports/asap7/aes/place_batch_20260421_220319/dpl_evolve_baseline/openroad_dpl_hpwl_only_9case_bo_place_batch_20260421_220319_aes_asap7_trial_264228bd_9d86b823070f/metrics.json	47	64 8	0	0.22592674874200463	1.6780198259010533	0.20489823526681034	147.92324020167445	855	3990	1.1351169528816576	1.75 1.35 1.15 1.05
27d8c329	ok	41804.4	41804.4	42207.8	-0.9557475158620006	7.714	1.4472795497185742	0.5336936454872103	0.9557475158620005	0.4220538703747901	0	<ORIGINAL_WORKSPACE>/OpenROAD-flow-scripts/flow/reports/asap7/aes/place_batch_20260421_220319/dpl_evolve_baseline/openroad_dpl_hpwl_only_9case_bo_place_batch_20260421_220319_aes_asap7_trial_27d8c329_967ded6df400/metrics.json	37	64 8	0	0.5978628888701336	1.9301990551463721	1.89805251281199	42.49580888472406	629	3940	1.0057376633490092	1.75 1.35 1.15 1.05
2905a340	ok	41995.8	41995.8	42207.8	-0.5022768303488928	7.538	1.4142589118198874	0.11799789711282604	0.5022768303488928	0.38427893323606677	0	<ORIGINAL_WORKSPACE>/OpenROAD-flow-scripts/flow/reports/asap7/aes/place_batch_20260421_220319/dpl_evolve_baseline/openroad_dpl_hpwl_only_9case_bo_place_batch_20260421_220319_aes_asap7_trial_2905a340_deea98496c34/metrics.json	15	128 16	1	0.13130131477502055	1.5720582410632569	1.4023180839220801	27.44037300396989	260	1783	1.12749984286884	2.00 1.50 1.20 1.05
290df4b1	ok	42153.8	42153.8	42207.8	-0.1279384379190576	6.006	1.126829268292683	0.0931460605786179	0.1279384379190576	0.03479237734043969	0	<ORIGINAL_WORKSPACE>/OpenROAD-flow-scripts/flow/reports/asap7/aes/place_batch_20260421_220319/dpl_evolve_baseline/openroad_dpl_hpwl_only_9case_bo_place_batch_20260421_220319_aes_asap7_trial_290df4b1_391f4c9b93b7/metrics.json	8	1024 128	0	0.8721164448922587	1.0740022387690475	1.7866704880430155	32.908535978204256	596	3591	1.7972834303972771	1.50 1.25 1.10 1.04
29dbbdfb	ok	42185.7	42185.7	42207.8	-0.05235999033355403	6.11	1.1463414634146343	-0.007476459864142193	0.052359990333554034	0.05983645019769623	0	<ORIGINAL_WORKSPACE>/OpenROAD-flow-scripts/flow/reports/asap7/aes/place_batch_20260421_220319/dpl_evolve_baseline/openroad_dpl_hpwl_only_9case_bo_place_batch_20260421_220319_aes_asap7_trial_29dbbdfb_3cdd0240b2bc/metrics.json	32	512	0	0.8699658050060851	1.464161071903223	1.67019427343106	149.13335005274337	729	2990	1.1011765297335563	1.50 1.25 1.10 1.04
2a4eb83b	ok	42178.3	42178.3	42207.8	-0.0698922947891148	6.007	1.1270168855534708	0.034858081135431866	0.06989229478911481	0.03503421365368294	0	<ORIGINAL_WORKSPACE>/OpenROAD-flow-scripts/flow/reports/asap7/aes/place_batch_20260421_220319/dpl_evolve_baseline/openroad_dpl_hpwl_only_9case_bo_place_batch_20260421_220319_aes_asap7_trial_2a4eb83b_5b7a9f9cd75c/metrics.json	41	512 64	0	0.828845807980693	1.1494230094162046	1.2747485866993333	42.83644225435409	725	3025	1.8583138364290424	1.75 1.35 1.15 1.05
2a972a71	ok	41914.7	41914.7	42207.8	-0.6944214102606765	8.199	1.5382739212007503	0.17044660359217645	0.6944214102606765	0.5239748066685	0	<ORIGINAL_WORKSPACE>/OpenROAD-flow-scripts/flow/reports/asap7/aes/place_batch_20260421_220319/dpl_evolve_baseline/openroad_dpl_hpwl_only_9case_bo_place_batch_20260421_220319_aes_asap7_trial_2a972a71_08ca803f247f/metrics.json	50	64 8	1	0.014381279246524832	1.5421173552821157	1.130014277692484	118.15099098623716	833	3696	1.1536762094535258	2.50 1.75 1.25 1.08
2a9d99fb	ok	41946.0	41946.0	42207.8	-0.6202645008742528	7.981	1.4973733583489681	0.14171777004333458	0.6202645008742529	0.4785467308309183	0	<ORIGINAL_WORKSPACE>/OpenROAD-flow-scripts/flow/reports/asap7/aes/place_batch_20260421_220319/dpl_evolve_baseline/openroad_dpl_hpwl_only_9case_bo_place_batch_20260421_220319_aes_asap7_trial_2a9d99fb_ce59613c25c1/metrics.json	26	256	0	0.4963741719984022	0.04219537518793278	1.4085742210124124	111.5748163530844	280	1636	1.1688083501019078	1.50 1.25 1.10 1.04
2ab0d525	ok	41793.9	41793.9	42207.8	-0.9806244343462617	7.842	1.471294559099437	0.531367869130112	0.9806244343462617	0.4492565652161497	0	<ORIGINAL_WORKSPACE>/OpenROAD-flow-scripts/flow/reports/asap7/aes/place_batch_20260421_220319/dpl_evolve_baseline/openroad_dpl_hpwl_only_9case_bo_place_batch_20260421_220319_aes_asap7_trial_2ab0d525_f9ab9ded13df/metrics.json	7	64 8	0	0.6442591947952155	1.5288313736452899	1.6206913539178656	140.96481717088588	675	1817	1.2646371064510928	1.50 1.25 1.10 1.04
2b07c960	ok	41974.7	41974.7	42207.8	-0.5522675903506125	8.318	1.5606003752345214	0.0037495689791343656	0.5522675903506125	0.5485180213714781	0	<ORIGINAL_WORKSPACE>/OpenROAD-flow-scripts/flow/reports/asap7/aes/place_batch_20260421_220319/dpl_evolve_baseline/openroad_dpl_hpwl_only_9case_bo_place_batch_20260421_220319_aes_asap7_trial_2b07c960_6495108e625e/metrics.json	15	omit	1	0.6233601157918027	0.031642485693112565	1.8624026058003345	103.63453762753859	1197	772	1.1371357496288779	omit
2ba57f48	ok	41881.8	41881.8	42207.8	-0.7723690881780144	8.36	1.568480300187617	0.21523071676049044	0.7723690881780144	0.557138371417524	0	<ORIGINAL_WORKSPACE>/OpenROAD-flow-scripts/flow/reports/asap7/aes/place_batch_20260421_220319/dpl_evolve_baseline/openroad_dpl_hpwl_only_9case_bo_place_batch_20260421_220319_aes_asap7_trial_2ba57f48_578eb0f74236/metrics.json	60	64 8	1	0.17713264689856628	1.3179440901802149	0.23818676646507708	137.60100164435372	1055	1794	1.1548394724826148	1.50 1.25 1.10 1.04
2bf0fb88	ok	41856.2	41856.2	42207.8	-0.8330213846729889	7.453	1.3983114446529081	0.4671439257846775	0.8330213846729889	0.3658774588883114	0	<ORIGINAL_WORKSPACE>/OpenROAD-flow-scripts/flow/reports/asap7/aes/place_batch_20260421_220319/dpl_evolve_baseline/openroad_dpl_hpwl_only_9case_bo_place_batch_20260421_220319_aes_asap7_trial_2bf0fb88_d7e8aeaa7748/metrics.json	18	64 8	1	0.41260684071125714	0.15996052445121356	1.6650015283494284	113.30632329545148	449	1957	1.1790575778384829	1.25 1.10 1.04
2c28cf65	ok	41825.5	41825.5	42207.8	-0.905756755860298	8.108	1.5212007504690432	0.40067070268597704	0.905756755860298	0.505086053174321	0	<ORIGINAL_WORKSPACE>/OpenROAD-flow-scripts/flow/reports/asap7/aes/place_batch_20260421_220319/dpl_evolve_baseline/openroad_dpl_hpwl_only_9case_bo_place_batch_20260421_220319_aes_asap7_trial_2c28cf65_d21fb057dbe7/metrics.json	36	64 8	0	0.1047528536616913	1.9967868302533034	1.3791858933360508	104.28072577144535	624	3496	1.2513810374334586	1.10 1.04
2c37c4eb	ok	42168.5	42168.5	42207.8	-0.09311075204109882	6.235	1.1697936210131332	0.0034536396176599593	0.09311075204109882	0.08965711242343886	0	<ORIGINAL_WORKSPACE>/OpenROAD-flow-scripts/flow/reports/asap7/aes/place_batch_20260421_220319/dpl_evolve_baseline/openroad_dpl_hpwl_only_9case_bo_place_batch_20260421_220319_aes_asap7_trial_2c37c4eb_54ac3e0b59dd/metrics.json	21	256 32	0	0.10841715600806749	0.5756917025701355	1.0110458481214324	27.15205501573037	101	2402	1.1019006484320837	2.00 1.50 1.20 1.05
2cc2d481	ok	41842.6	41842.6	42207.8	-0.8652429171859332	7.542	1.4150093808630393	0.48010059482108147	0.8652429171859333	0.3851423223648518	0	<ORIGINAL_WORKSPACE>/OpenROAD-flow-scripts/flow/reports/asap7/aes/place_batch_20260421_220319/dpl_evolve_baseline/openroad_dpl_hpwl_only_9case_bo_place_batch_20260421_220319_aes_asap7_trial_2cc2d481_33d6d3bcbfb9/metrics.json	72	64 8	0	0.382707292791214	0.5880353678703069	0.6345023790252661	123.75633828372256	460	960	1.0365290797651123	1.50 1.25 1.10 1.04
2d40d5a4	ok	42227.8	42227.8	42207.8	0.047384606636688004	6.181	1.1596622889305817	-0.1241962139457822	-0.047384606636688004	0.0768116073090942	0	<ORIGINAL_WORKSPACE>/OpenROAD-flow-scripts/flow/reports/asap7/aes/place_batch_20260421_220319/dpl_evolve_baseline/openroad_dpl_hpwl_only_9case_bo_place_batch_20260421_220319_aes_asap7_trial_2d40d5a4_cd476b2d5d5d/metrics.json	49	128 16	0	0.6565765596096433	1.1678226040469823	0.9498948118351896	147.3188951397669	410	1707	1.1749058854827406	2.00 1.50 1.20 1.05
2dc32ba5	ok	41833.0	41833.0	42207.8	-0.88798752837154	7.643	1.4339587242026266	0.481120013722763	0.88798752837154	0.4068675146487771	0	<ORIGINAL_WORKSPACE>/OpenROAD-flow-scripts/flow/reports/asap7/aes/place_batch_20260421_220319/dpl_evolve_baseline/openroad_dpl_hpwl_only_9case_bo_place_batch_20260421_220319_aes_asap7_trial_2dc32ba5_459ce62cac58/metrics.json	2	64 8	0	0.9229550685248032	1.219870650114654	1.5627261771477188	28.054567746800657	363	3966	1.4517850956214704	1.50 1.25 1.10 1.04
2df61dc2	ok	42150.9	42150.9	42207.8	-0.13480920588138082	6.729	1.2624765478424016	-0.06987060670280307	0.13480920588138082	0.20467981258418388	0	<ORIGINAL_WORKSPACE>/OpenROAD-flow-scripts/flow/reports/asap7/aes/place_batch_20260421_220319/dpl_evolve_baseline/openroad_dpl_hpwl_only_9case_bo_place_batch_20260421_220319_aes_asap7_trial_2df61dc2_6a21b19bc113/metrics.json	95	omit	0	0.2740638865725128	1.6899970997136151	1.9889371032185081	37.168217795967294	481	3805	1.0457415025097643	1.75 1.35 1.15 1.05
2e84381c	ok	42187.5	42187.5	42207.8	-0.04809537573624521	6.212	1.1654784240150093	-0.036097331080893545	0.04809537573624522	0.08419270681713877	0	<ORIGINAL_WORKSPACE>/OpenROAD-flow-scripts/flow/reports/asap7/aes/place_batch_20260421_220319/dpl_evolve_baseline/openroad_dpl_hpwl_only_9case_bo_place_batch_20260421_220319_aes_asap7_trial_2e84381c_aab329badc4b/metrics.json	71	128	0	0.5134561805091059	1.033621034949637	1.2485149346814999	144.56509698123733	244	1878	1.3930935391788977	1.25 1.10 1.04
2ebb3045	ok	41872.2	41872.2	42207.8	-0.7951136993636384	8.273	1.5521575984990619	0.25585595297316266	0.7951136993636385	0.5392577463904759	0	<ORIGINAL_WORKSPACE>/OpenROAD-flow-scripts/flow/reports/asap7/aes/place_batch_20260421_220319/dpl_evolve_baseline/openroad_dpl_hpwl_only_9case_bo_place_batch_20260421_220319_aes_asap7_trial_2ebb3045_b75960e9e728/metrics.json	26	64 8	0	0.7487074710115605	1.9014910744482374	1.9808884115873904	59.620109680848664	184	3129	1.7835025273530594	1.50 1.25 1.10 1.04
2f4e6566	ok	41817.9	41817.9	42207.8	-0.9237629063822361	7.727	1.449718574108818	0.4989360164604231	0.923762906382236	0.4248268899218129	0	<ORIGINAL_WORKSPACE>/OpenROAD-flow-scripts/flow/reports/asap7/aes/place_batch_20260421_220319/dpl_evolve_baseline/openroad_dpl_hpwl_only_9case_bo_place_batch_20260421_220319_aes_asap7_trial_2f4e6566_ae9a8d57cfc8/metrics.json	75	64 8	0	0.382631091041798	1.2049772322931367	0.7534345368951934	139.84085326841998	466	3414	1.2039461215008966	1.04
306cd65f	ok	42177.6	42177.6	42207.8	-0.07155075602140923	5.758	1.0803001876172609	0.07155075602140923	0.07155075602140923	0.0	0	<ORIGINAL_WORKSPACE>/OpenROAD-flow-scripts/flow/reports/asap7/aes/place_batch_20260421_220319/dpl_evolve_baseline/openroad_dpl_hpwl_only_9case_bo_place_batch_20260421_220319_aes_asap7_trial_306cd65f_6bd3eb2062ee/metrics.json	74	128 16	0	0.032426325314457105	0.1871541916349615	0.17747484433234145	67.7599723037213	482	3904	1.1679832931996148	omit
309b5f31	ok	41881.3	41881.3	42207.8	-0.7735537033439316	8.026	1.5058161350844277	0.2855792840694306	0.7735537033439316	0.48797441927450097	0	<ORIGINAL_WORKSPACE>/OpenROAD-flow-scripts/flow/reports/asap7/aes/place_batch_20260421_220319/dpl_evolve_baseline/openroad_dpl_hpwl_only_9case_bo_place_batch_20260421_220319_aes_asap7_trial_309b5f31_6370a1196163/metrics.json	31	64 8	1	0.4279932091500772	1.902572082762708	1.4288070056544555	101.27377759060477	480	3202	1.2861793173196936	omit
310a9c3c	ok	41840.3	41840.3	42207.8	-0.8706921469491421	7.69	1.4427767354596623	0.45376384304653206	0.870692146949142	0.41692830390260993	0	<ORIGINAL_WORKSPACE>/OpenROAD-flow-scripts/flow/reports/asap7/aes/place_batch_20260421_220319/dpl_evolve_baseline/openroad_dpl_hpwl_only_9case_bo_place_batch_20260421_220319_aes_asap7_trial_310a9c3c_7e32abb983a6/metrics.json	85	64 8	0	0.3742686330608355	0.8988469824022101	1.2444179683246746	149.04339266674887	287	2775	1.049579075871465	1.10 1.04
317a642b	ok	41966.9	41966.9	42207.8	-0.5707475869389104	7.889	1.4801125703564728	0.11155831920525594	0.5707475869389105	0.45918926773365454	0	<ORIGINAL_WORKSPACE>/OpenROAD-flow-scripts/flow/reports/asap7/aes/place_batch_20260421_220319/dpl_evolve_baseline/openroad_dpl_hpwl_only_9case_bo_place_batch_20260421_220319_aes_asap7_trial_317a642b_4ca665defb37/metrics.json	42	512 64	1	0.9318611166365406	1.8737367626181873	1.6964433997031407	138.03097714584908	312	441	1.2273097362846888	2.50 1.75 1.25 1.08
3219269d	ok	41842.6	41842.6	42207.8	-0.8652429171859332	7.725	1.449343339587242	0.4408424937410747	0.8652429171859333	0.42440042344485857	0	<ORIGINAL_WORKSPACE>/OpenROAD-flow-scripts/flow/reports/asap7/aes/place_batch_20260421_220319/dpl_evolve_baseline/openroad_dpl_hpwl_only_9case_bo_place_batch_20260421_220319_aes_asap7_trial_3219269d_7b4683387eb3/metrics.json	111	64 8	0	0.9691055769746223	0.5073613907627308	0.24646788986376297	142.23023759553695	182	2912	1.2495443712614698	1.75 1.35 1.15 1.05
3225e0ba	ok	41808.8	41808.8	42207.8	-0.9453229024019256	7.503	1.4076923076923078	0.5686084170358057	0.9453229024019256	0.37671448536612	0	<ORIGINAL_WORKSPACE>/OpenROAD-flow-scripts/flow/reports/asap7/aes/place_batch_20260421_220319/dpl_evolve_baseline/openroad_dpl_hpwl_only_9case_bo_place_batch_20260421_220319_aes_asap7_trial_3225e0ba_a35e249212d7/metrics.json	53	64 8	0	0.45724894305293706	1.0069615656655513	0.7368211469591679	148.8763065816435	537	2842	1.0051468269441752	1.04
32cae01f	ok	41828.3	41828.3	42207.8	-0.8991229109311549	7.653	1.4358348968105066	0.49011221781439124	0.8991229109311548	0.4090106931167636	0	<ORIGINAL_WORKSPACE>/OpenROAD-flow-scripts/flow/reports/asap7/aes/place_batch_20260421_220319/dpl_evolve_baseline/openroad_dpl_hpwl_only_9case_bo_place_batch_20260421_220319_aes_asap7_trial_32cae01f_9d33b98e1cb1/metrics.json	48	64 8	0	0.6195934340822613	1.3768577989153592	1.3528122079367306	38.765200973947955	792	3170	1.0434679892914076	1.75 1.35 1.15 1.05
33d6c6a6	ok	42193.5	42193.5	42207.8	-0.03387999374523881	6.026	1.1305816135084428	-0.00574529112500171	0.03387999374523882	0.03962528487024053	0	<ORIGINAL_WORKSPACE>/OpenROAD-flow-scripts/flow/reports/asap7/aes/place_batch_20260421_220319/dpl_evolve_baseline/openroad_dpl_hpwl_only_9case_bo_place_batch_20260421_220319_aes_asap7_trial_33d6c6a6_be1a54e491cb/metrics.json	85	512	0	0.693487600450789	0.4033173752843586	0.46539650380349157	90.87551369457633	375	3972	1.2083459548876938	1.50 1.25 1.10 1.04
3456ea29	ok	41875.6	41875.6	42207.8	-0.7870583162353981	8.635	1.620075046904315	0.17400426924217838	0.787058316235398	0.6130540469932196	0	<ORIGINAL_WORKSPACE>/OpenROAD-flow-scripts/flow/reports/asap7/aes/place_batch_20260421_220319/dpl_evolve_baseline/openroad_dpl_hpwl_only_9case_bo_place_batch_20260421_220319_aes_asap7_trial_3456ea29_83fb041b96e0/metrics.json	21	512	0	0.6999303090733804	1.282423473103577	0.8847273598290557	111.031122710306	560	1663	1.128359057227326	1.04
34955e6a	ok	42196.6	42196.6	42207.8	-0.026535379716555625	6.109	1.146153846153846	-0.033061281391114576	0.026535379716555625	0.0595966611076702	0	<ORIGINAL_WORKSPACE>/OpenROAD-flow-scripts/flow/reports/asap7/aes/place_batch_20260421_220319/dpl_evolve_baseline/openroad_dpl_hpwl_only_9case_bo_place_batch_20260421_220319_aes_asap7_trial_34955e6a_5f4e32390ab4/metrics.json	37	omit	0	0.09637949678326244	1.9616584556593597	0.1103689622604378	81.48627250258785	927	2516	1.3439704903400023	1.50 1.25 1.10 1.04
35c37ef8	ok	42183.0	42183.0	42207.8	-0.058756912229500025	5.963	1.1187617260787992	0.034382609764111324	0.05875691222950002	0.024374302465388693	0	<ORIGINAL_WORKSPACE>/OpenROAD-flow-scripts/flow/reports/asap7/aes/place_batch_20260421_220319/dpl_evolve_baseline/openroad_dpl_hpwl_only_9case_bo_place_batch_20260421_220319_aes_asap7_trial_35c37ef8_d7935a21c624/metrics.json	41	128 16	0	0.8430520555028566	1.1519977003317559	1.4206907180433235	130.52589599619492	66	3777	1.4653623358468697	1.50 1.25 1.10 1.04
35c5c22a	ok	42159.1	42159.1	42207.8	-0.11538151716034564	5.793	1.0868667917448405	0.11538151716034563	0.11538151716034563	0.0	0	<ORIGINAL_WORKSPACE>/OpenROAD-flow-scripts/flow/reports/asap7/aes/place_batch_20260421_220319/dpl_evolve_baseline/openroad_dpl_hpwl_only_9case_bo_place_batch_20260421_220319_aes_asap7_trial_35c5c22a_ab9c9e4aca68/metrics.json	60	32	0	0.48642790715348405	0.9789976016465087	0.9663598836630383	92.79469249045361	130	639	1.3361002833997695	1.25 1.10 1.04
35d1b8c1	ok	41820.0	41820.0	42207.8	-0.9187875226853872	7.635	1.4324577861163226	0.5136355604876992	0.9187875226853872	0.40515196219768806	0	<ORIGINAL_WORKSPACE>/OpenROAD-flow-scripts/flow/reports/asap7/aes/place_batch_20260421_220319/dpl_evolve_baseline/openroad_dpl_hpwl_only_9case_bo_place_batch_20260421_220319_aes_asap7_trial_35d1b8c1_666f6c2e16cd/metrics.json	15	64 8	0	0.7827052531772126	0.36579864461848177	0.26942327565206026	138.0249316860582	900	3307	1.0969181383105675	1.04
36847c30	ok	41980.3	41980.3	42207.8	-0.538999900492326	7.818	1.4667917448405252	0.09482683427063876	0.538999900492326	0.4441730662216873	0	<ORIGINAL_WORKSPACE>/OpenROAD-flow-scripts/flow/reports/asap7/aes/place_batch_20260421_220319/dpl_evolve_baseline/openroad_dpl_hpwl_only_9case_bo_place_batch_20260421_220319_aes_asap7_trial_36847c30_c5ffdfee1421/metrics.json	35	256	1	0.607643109550505	1.3268327631737824	1.3746765868326074	121.76928847071134	298	1976	1.0370036017439275	1.50 1.25 1.10 1.04
37a8c7eb	ok	41902.7	41902.7	42207.8	-0.7228521742426892	7.706	1.4457786116322702	0.30250593894171857	0.7228521742426892	0.42034623530097065	0	<ORIGINAL_WORKSPACE>/OpenROAD-flow-scripts/flow/reports/asap7/aes/place_batch_20260421_220319/dpl_evolve_baseline/openroad_dpl_hpwl_only_9case_bo_place_batch_20260421_220319_aes_asap7_trial_37a8c7eb_ce67d830b732/metrics.json	16	64 8	1	0.8769089415103023	1.7800790142334937	1.936568454965377	58.415636696269246	458	3985	1.4952838100820234	1.50 1.25 1.10 1.04
399f3c57	ok	41805.1	41805.1	42207.8	-0.9540890546297233	8.061	1.5123827392120075	0.4588002468872613	0.9540890546297233	0.495288807742462	0	<ORIGINAL_WORKSPACE>/OpenROAD-flow-scripts/flow/reports/asap7/aes/place_batch_20260421_220319/dpl_evolve_baseline/openroad_dpl_hpwl_only_9case_bo_place_batch_20260421_220319_aes_asap7_trial_399f3c57_4a6b2fbf47dc/metrics.json	46	64 8	0	0.7715297946940906	1.7979099701865857	1.7212249867700913	67.45059165299364	359	3682	1.2891304598686155	1.75 1.35 1.15 1.05
39bc3911	ok	42198.7	42198.7	42207.8	-0.02155999601970683	6.079	1.1405253283302064	-0.03083384424742435	0.02155999601970683	0.05239384026713118	0	<ORIGINAL_WORKSPACE>/OpenROAD-flow-scripts/flow/reports/asap7/aes/place_batch_20260421_220319/dpl_evolve_baseline/openroad_dpl_hpwl_only_9case_bo_place_batch_20260421_220319_aes_asap7_trial_39bc3911_aa1bc44e23b7/metrics.json	85	128	0	0.9971137951376746	0.047816456218680095	0.2837615604200846	123.7976362755981	82	1575	1.2091735892248452	1.50 1.25 1.10 1.04
3a3cf0f3	ok	41816.7	41816.7	42207.8	-0.9266059827804476	7.62	1.4296435272045027	0.5246731056775829	0.9266059827804477	0.4019328771028648	0	<ORIGINAL_WORKSPACE>/OpenROAD-flow-scripts/flow/reports/asap7/aes/place_batch_20260421_220319/dpl_evolve_baseline/openroad_dpl_hpwl_only_9case_bo_place_batch_20260421_220319_aes_asap7_trial_3a3cf0f3_8a6ee87cc4f6/metrics.json	6	64 8	0	0.9225136075414345	1.9424836350102936	1.568624735644333	32.76812706167956	88	2197	1.6856151803118042	1.04
3a7f9cdd	ok	42190.6	42190.6	42207.8	-0.040750761707562026	5.951	1.1165103189493433	0.019290527732146952	0.040750761707562026	0.021460233975415074	0	<ORIGINAL_WORKSPACE>/OpenROAD-flow-scripts/flow/reports/asap7/aes/place_batch_20260421_220319/dpl_evolve_baseline/openroad_dpl_hpwl_only_9case_bo_place_batch_20260421_220319_aes_asap7_trial_3a7f9cdd_cefc88dcefb0/metrics.json	35	512	0	0.4292046060732099	0.9292927778968679	0.059945641289001095	132.70073554544055	347	1512	1.249334608853981	1.75 1.35 1.15 1.05
3b2363d9	ok	41861.0	41861.0	42207.8	-0.8216490790801768	7.544	1.4153846153846152	0.43607514800904273	0.8216490790801768	0.3855739310711341	0	<ORIGINAL_WORKSPACE>/OpenROAD-flow-scripts/flow/reports/asap7/aes/place_batch_20260421_220319/dpl_evolve_baseline/openroad_dpl_hpwl_only_9case_bo_place_batch_20260421_220319_aes_asap7_trial_3b2363d9_801d1900ef33/metrics.json	18	64 8	0	0.9882081986163326	1.833916474378771	1.5898550448491762	21.083720853162994	545	3116	1.5969785705760373	1.10 1.04
3c7c39f3	ok	42174.7	42174.7	42207.8	-0.07842152398373244	5.684	1.0664165103189494	0.07842152398373244	0.07842152398373244	0.0	0	<ORIGINAL_WORKSPACE>/OpenROAD-flow-scripts/flow/reports/asap7/aes/place_batch_20260421_220319/dpl_evolve_baseline/openroad_dpl_hpwl_only_9case_bo_place_batch_20260421_220319_aes_asap7_trial_3c7c39f3_022246a8744f/metrics.json	40	128 16	0	0.7236499252626194	1.4464147814529167	1.8879474610167053	119.14148150069953	555	1565	1.327847027130203	1.75 1.35 1.15 1.05
3cc1e2e4	ok	42191.6	42191.6	42207.8	-0.038381531375727626	6.058	1.1365853658536584	-0.008959754087386931	0.038381531375727626	0.04734128546311456	0	<ORIGINAL_WORKSPACE>/OpenROAD-flow-scripts/flow/reports/asap7/aes/place_batch_20260421_220319/dpl_evolve_baseline/openroad_dpl_hpwl_only_9case_bo_place_batch_20260421_220319_aes_asap7_trial_3cc1e2e4_beb167534c76/metrics.json	32	32	0	0.13374611151440355	1.190610211543297	0.7176421909020188	87.20136674796224	334	3979	1.4690915390354498	1.75 1.35 1.15 1.05
3e0b1a89	ok	42153.4	42153.4	42207.8	-0.1288861300517948	6.11	1.1463414634146343	0.06904967985409857	0.1288861300517948	0.05983645019769623	0	<ORIGINAL_WORKSPACE>/OpenROAD-flow-scripts/flow/reports/asap7/aes/place_batch_20260421_220319/dpl_evolve_baseline/openroad_dpl_hpwl_only_9case_bo_place_batch_20260421_220319_aes_asap7_trial_3e0b1a89_a3eecd55a4e4/metrics.json	6	512 64	0	0.95984350289026	1.966244687699419	1.7589029962575267	71.52533730276463	311	2316	1.6347391660860575	1.75 1.35 1.15 1.05
3e1ff440	ok	41826.6	41826.6	42207.8	-0.9031506024952837	7.439	1.3956848030018763	0.5403140203810194	0.9031506024952837	0.3628365821142643	0	<ORIGINAL_WORKSPACE>/OpenROAD-flow-scripts/flow/reports/asap7/aes/place_batch_20260421_220319/dpl_evolve_baseline/openroad_dpl_hpwl_only_9case_bo_place_batch_20260421_220319_aes_asap7_trial_3e1ff440_798a6b0f0013/metrics.json	30	64 8	0	0.7371990095101398	1.2649608834911703	1.8321180331285547	133.56180848845474	631	2067	1.2907565111203645	omit
3e434886	ok	41805.1	41805.1	42207.8	-0.9540890546297233	7.655	1.4362101313320825	0.5446498938788606	0.9540890546297233	0.40943916075086256	0	<ORIGINAL_WORKSPACE>/OpenROAD-flow-scripts/flow/reports/asap7/aes/place_batch_20260421_220319/dpl_evolve_baseline/openroad_dpl_hpwl_only_9case_bo_place_batch_20260421_220319_aes_asap7_trial_3e434886_192a21ae2993/metrics.json	46	64 8	0	0.29965751319045275	1.0185639108809446	0.3852432083899519	148.36835153697194	564	2137	1.005940406856215	1.50 1.25 1.10 1.04
3ea6555c	ok	42169.5	42169.5	42207.8	-0.09074152170926442	5.917	1.1101313320825514	0.07755380810719222	0.09074152170926442	0.013187713602072198	0	<ORIGINAL_WORKSPACE>/OpenROAD-flow-scripts/flow/reports/asap7/aes/place_batch_20260421_220319/dpl_evolve_baseline/openroad_dpl_hpwl_only_9case_bo_place_batch_20260421_220319_aes_asap7_trial_3ea6555c_b91e0a64b309/metrics.json	10	128 16	0	0.8244252032040169	1.3588540165620118	1.2936300092261492	114.19803850750412	801	2250	1.6868660995643099	1.50 1.25 1.10 1.04
3f4dbc8c	ok	42183.3	42183.3	42207.8	-0.0580461431299428	6.086	1.1418386491557224	0.003970057836364976	0.0580461431299428	0.054076085293577825	0	<ORIGINAL_WORKSPACE>/OpenROAD-flow-scripts/flow/reports/asap7/aes/place_batch_20260421_220319/dpl_evolve_baseline/openroad_dpl_hpwl_only_9case_bo_place_batch_20260421_220319_aes_asap7_trial_3f4dbc8c_e65eb0b7dbbe/metrics.json	42	256 32	0	0.949510258787602	1.4516033739014997	1.8378979608489447	21.261316063098395	308	3962	1.7137004771176496	omit
4033cf5a	ok	41871.5	41871.5	42207.8	-0.7967721605959157	7.862	1.475046904315197	0.34328528539815295	0.7967721605959156	0.45348687519776265	0	<ORIGINAL_WORKSPACE>/OpenROAD-flow-scripts/flow/reports/asap7/aes/place_batch_20260421_220319/dpl_evolve_baseline/openroad_dpl_hpwl_only_9case_bo_place_batch_20260421_220319_aes_asap7_trial_4033cf5a_71d4897d7bd9/metrics.json	5	64 8	0	0.9774861673963918	1.8559019893729671	1.7373723591441628	85.65698058431656	664	1778	1.1601690924261157	1.50 1.25 1.10 1.04
4049b9ce	ok	41821.4	41821.4	42207.8	-0.9154706002208156	7.83	1.4690431519699811	0.4687548106510864	0.9154706002208156	0.44671578956972924	0	<ORIGINAL_WORKSPACE>/OpenROAD-flow-scripts/flow/reports/asap7/aes/place_batch_20260421_220319/dpl_evolve_baseline/openroad_dpl_hpwl_only_9case_bo_place_batch_20260421_220319_aes_asap7_trial_4049b9ce_0cbe2ee9516e/metrics.json	59	64 8	0	0.5813835467743165	1.856930058187554	1.282420393559726	118.85141319713846	869	1359	1.090012855519637	1.50 1.25 1.10 1.04
404af04a	ok	42183.3	42183.3	42207.8	-0.0580461431299428	6.138	1.1515947467166978	-0.008496452659919829	0.0580461431299428	0.06654259578986263	0	<ORIGINAL_WORKSPACE>/OpenROAD-flow-scripts/flow/reports/asap7/aes/place_batch_20260421_220319/dpl_evolve_baseline/openroad_dpl_hpwl_only_9case_bo_place_batch_20260421_220319_aes_asap7_trial_404af04a_ccc3c28eb30f/metrics.json	42	256 32	0	0.06867448528275508	1.5609523354573596	0.8058977029264087	137.21370222865977	718	3907	1.3296934279425476	1.04
41074e34	ok	41826.5	41826.5	42207.8	-0.9033875255284638	7.652	1.4356472795497186	0.4945910872238316	0.9033875255284637	0.4087964383046321	0	<ORIGINAL_WORKSPACE>/OpenROAD-flow-scripts/flow/reports/asap7/aes/place_batch_20260421_220319/dpl_evolve_baseline/openroad_dpl_hpwl_only_9case_bo_place_batch_20260421_220319_aes_asap7_trial_41074e34_a2e3b220069c/metrics.json	66	64 8	0	0.47768827132341274	0.2904792590964116	0.5620789522079305	134.51160293796403	374	2076	1.4174972476929912	2.50 1.75 1.25 1.08
410fe8f9	ok	41832.1	41832.1	42207.8	-0.8901198356701945	7.453	1.3983114446529081	0.5242423767818831	0.8901198356701945	0.3658774588883114	0	<ORIGINAL_WORKSPACE>/OpenROAD-flow-scripts/flow/reports/asap7/aes/place_batch_20260421_220319/dpl_evolve_baseline/openroad_dpl_hpwl_only_9case_bo_place_batch_20260421_220319_aes_asap7_trial_410fe8f9_20b2285e06f9/metrics.json	34	64 8	0	0.8860421009505524	1.035361562478687	1.6021900308467674	89.68035385889382	482	2958	1.3144932345527272	1.25 1.10 1.04
4168f6c9	ok	42169.4	42169.4	42207.8	-0.09097844474244442	6.097	1.1439024390243904	0.034260784976906045	0.09097844474244442	0.05671765976553837	0	<ORIGINAL_WORKSPACE>/OpenROAD-flow-scripts/flow/reports/asap7/aes/place_batch_20260421_220319/dpl_evolve_baseline/openroad_dpl_hpwl_only_9case_bo_place_batch_20260421_220319_aes_asap7_trial_4168f6c9_6a8ca47c9297/metrics.json	88	32	0	0.01880708962468943	1.7327560162156104	0.10540191993455321	144.6166322632398	681	2363	1.531170264300904	1.50 1.25 1.10 1.04
41ec1e2c	ok	41825.5	41825.5	42207.8	-0.905756755860298	7.535	1.4136960600375235	0.5221255148122167	0.905756755860298	0.38363124104808133	0	<ORIGINAL_WORKSPACE>/OpenROAD-flow-scripts/flow/reports/asap7/aes/place_batch_20260421_220319/dpl_evolve_baseline/openroad_dpl_hpwl_only_9case_bo_place_batch_20260421_220319_aes_asap7_trial_41ec1e2c_f05ef9684fed/metrics.json	36	64 8	0	0.6865286296631645	0.17114133759227046	0.5105188671019929	77.38407428776438	830	2044	1.0188660747223577	1.50 1.25 1.10 1.04
439d9197	ok	42160.4	42160.4	42207.8	-0.112301517728954	6.338	1.1891181988742965	-0.0017038956912259207	0.11230151772895401	0.11400541342017993	0	<ORIGINAL_WORKSPACE>/OpenROAD-flow-scripts/flow/reports/asap7/aes/place_batch_20260421_220319/dpl_evolve_baseline/openroad_dpl_hpwl_only_9case_bo_place_batch_20260421_220319_aes_asap7_trial_439d9197_322b8c419331/metrics.json	39	512	0	0.36654309724374434	1.7246925056760882	1.400721549139341	103.64132130992529	267	1823	1.5815774073442912	omit
43bce765	ok	42182.4	42182.4	42207.8	-0.06017845042859721	5.743	1.077485928705441	0.06017845042859721	0.06017845042859721	0.0	0	<ORIGINAL_WORKSPACE>/OpenROAD-flow-scripts/flow/reports/asap7/aes/place_batch_20260421_220319/dpl_evolve_baseline/openroad_dpl_hpwl_only_9case_bo_place_batch_20260421_220319_aes_asap7_trial_43bce765_0872a1a3571c/metrics.json	8	32	0	0.9582485530927207	1.4991708447700276	1.5717763245720464	61.797667662685406	185	1917	1.5382321908263759	1.50 1.25 1.10 1.04
4418145b	ok	41815.1	41815.1	42207.8	-0.9303967513113792	7.682	1.4412757973733583	0.5151787465018441	0.9303967513113792	0.4152180048095351	0	<ORIGINAL_WORKSPACE>/OpenROAD-flow-scripts/flow/reports/asap7/aes/place_batch_20260421_220319/dpl_evolve_baseline/openroad_dpl_hpwl_only_9case_bo_place_batch_20260421_220319_aes_asap7_trial_4418145b_ab635c4856a6/metrics.json	20	64 8	0	0.9199239286790806	1.1883881951684696	0.46697517506880176	110.2220093939054	940	3727	1.1825467072249867	2.00 1.50 1.20 1.05
4428cb45	ok	42188.8	42188.8	42207.8	-0.045015376304853603	5.865	1.100375234521576	0.04452586213220356	0.045015376304853603	0.0004895141726500405	0	<ORIGINAL_WORKSPACE>/OpenROAD-flow-scripts/flow/reports/asap7/aes/place_batch_20260421_220319/dpl_evolve_baseline/openroad_dpl_hpwl_only_9case_bo_place_batch_20260421_220319_aes_asap7_trial_4428cb45_f2a4b759bff6/metrics.json	101	128 16	0	0.4817947920640837	0.04421421594968483	0.3420061886953347	129.31816379230204	480	1271	1.1585328676983295	1.04
44778bef	ok	41833.3	41833.3	42207.8	-0.8872767592719828	7.766	1.4570356472795496	0.4541447774556308	0.8872767592719828	0.433131981816352	0	<ORIGINAL_WORKSPACE>/OpenROAD-flow-scripts/flow/reports/asap7/aes/place_batch_20260421_220319/dpl_evolve_baseline/openroad_dpl_hpwl_only_9case_bo_place_batch_20260421_220319_aes_asap7_trial_44778bef_1c1766dc9e93/metrics.json	98	64 8	0	0.042896518145093876	1.8985647456776937	0.6279522166965175	100.45176796269813	649	1686	1.1473391687930186	1.75 1.35 1.15 1.05
448b68b8	ok	42202.7	42202.7	42207.8	-0.01208307469236923	6.201	1.1634146341463414	-0.06949264490508872	0.01208307469236923	0.08157571959745795	0	<ORIGINAL_WORKSPACE>/OpenROAD-flow-scripts/flow/reports/asap7/aes/place_batch_20260421_220319/dpl_evolve_baseline/openroad_dpl_hpwl_only_9case_bo_place_batch_20260421_220319_aes_asap7_trial_448b68b8_7b9e97b11792/metrics.json	31	128	0	0.7971285077647383	1.8157707733513564	1.510452526735013	37.91322967190018	480	3237	1.0018743270698165	1.10 1.04
456af1f1	ok	42212.2	42212.2	42207.8	0.01042461346005757	7.193	1.34953095684803	-0.3193541092603053	-0.01042461346005757	0.3089294958002477	0	<ORIGINAL_WORKSPACE>/OpenROAD-flow-scripts/flow/reports/asap7/aes/place_batch_20260421_220319/dpl_evolve_baseline/openroad_dpl_hpwl_only_9case_bo_place_batch_20260421_220319_aes_asap7_trial_456af1f1_ce0b828ce9e6/metrics.json	29	omit	0	0.8457799099163751	0.6787272259058008	1.2100662060567633	124.84439472459253	466	1972	1.0868071978229845	2.50 1.75 1.25 1.08
45c28886	ok	41827.9	41827.9	42207.8	-0.9000706030638921	8.408	1.5774859287054408	0.33310687550665663	0.9000706030638921	0.5669637275572355	0	<ORIGINAL_WORKSPACE>/OpenROAD-flow-scripts/flow/reports/asap7/aes/place_batch_20260421_220319/dpl_evolve_baseline/openroad_dpl_hpwl_only_9case_bo_place_batch_20260421_220319_aes_asap7_trial_45c28886_28f14638b146/metrics.json	67	64 8	0	0.6054999969317472	1.7166444517899468	1.9735409639709425	68.64576225942743	404	2736	1.3281757627506314	1.75 1.35 1.15 1.05
46701044	ok	41827.3	41827.3	42207.8	-0.9014921412629893	7.873	1.477110694183865	0.44568088895655605	0.9014921412629893	0.4558112523064332	0	<ORIGINAL_WORKSPACE>/OpenROAD-flow-scripts/flow/reports/asap7/aes/place_batch_20260421_220319/dpl_evolve_baseline/openroad_dpl_hpwl_only_9case_bo_place_batch_20260421_220319_aes_asap7_trial_46701044_0193f006659a/metrics.json	14	64 8	0	0.6734265581488037	0.8662143260489108	1.6740464237232726	133.02945111847734	691	728	1.5096400000067773	1.04
48362b4f	ok	41831.1	41831.1	42207.8	-0.8924890660020288	7.611	1.4279549718574107	0.492489160934086	0.8924890660020288	0.3999999050679428	0	<ORIGINAL_WORKSPACE>/OpenROAD-flow-scripts/flow/reports/asap7/aes/place_batch_20260421_220319/dpl_evolve_baseline/openroad_dpl_hpwl_only_9case_bo_place_batch_20260421_220319_aes_asap7_trial_48362b4f_abd7bcc44169/metrics.json	81	64 8	0	0.9877113910380424	0.1535961692680447	0.18914250859065646	84.75087410680983	488	3969	1.3169330482916082	1.25 1.10 1.04
48fbb9b4	ok	41822.4	41822.4	42207.8	-0.9131013698889813	7.492	1.4056285178236398	0.5387679247400218	0.9131013698889813	0.3743334451489595	0	<ORIGINAL_WORKSPACE>/OpenROAD-flow-scripts/flow/reports/asap7/aes/place_batch_20260421_220319/dpl_evolve_baseline/openroad_dpl_hpwl_only_9case_bo_place_batch_20260421_220319_aes_asap7_trial_48fbb9b4_d5c511ffb180/metrics.json	29	64 8	0	0.7818215943983413	0.13944751742064768	1.3228563285414217	111.36820892026958	645	2367	1.2619462814494216	1.25 1.10 1.04
48fff59f	ok	41831.0	41831.0	42207.8	-0.8927259890352088	7.666	1.4382739212007505	0.4809312561479968	0.8927259890352088	0.411794732887212	0	<ORIGINAL_WORKSPACE>/OpenROAD-flow-scripts/flow/reports/asap7/aes/place_batch_20260421_220319/dpl_evolve_baseline/openroad_dpl_hpwl_only_9case_bo_place_batch_20260421_220319_aes_asap7_trial_48fff59f_33be6148f6f5/metrics.json	22	64 8	0	0.19420759105611973	1.128447502504935	1.005036349824913	140.76641557071304	129	159	1.3543692254306015	1.25 1.10 1.04
494ad71b	ok	41851.6	41851.6	42207.8	-0.8439198441994237	7.883	1.4789868667917447	0.38599693046334904	0.8439198441994237	0.45792291373607463	0	<ORIGINAL_WORKSPACE>/OpenROAD-flow-scripts/flow/reports/asap7/aes/place_batch_20260421_220319/dpl_evolve_baseline/openroad_dpl_hpwl_only_9case_bo_place_batch_20260421_220319_aes_asap7_trial_494ad71b_19317beb7b80/metrics.json	52	64 8	0	0.008523966295565264	1.4660163091773586	0.7000250545894555	64.79214228900963	668	3336	1.5583016554162885	1.75 1.35 1.15 1.05
4aba1cb6	ok	42212.2	42212.2	42207.8	0.01042461346005757	6.142	1.15234521575985	-0.07792398038664224	-0.01042461346005757	0.06749936692658466	0	<ORIGINAL_WORKSPACE>/OpenROAD-flow-scripts/flow/reports/asap7/aes/place_batch_20260421_220319/dpl_evolve_baseline/openroad_dpl_hpwl_only_9case_bo_place_batch_20260421_220319_aes_asap7_trial_4aba1cb6_2f90ae3009a9/metrics.json	29	1024 128	0	0.8500831144823616	1.8292131248487544	1.9043586516533182	123.26848709413673	548	2421	1.4229583064610152	1.50 1.25 1.10 1.04
4ce6cd73	ok	42187.0	42187.0	42207.8	-0.04927999090216242	5.944	1.1151969981238274	0.02952098714089963	0.04927999090216242	0.019759003761262786	0	<ORIGINAL_WORKSPACE>/OpenROAD-flow-scripts/flow/reports/asap7/aes/place_batch_20260421_220319/dpl_evolve_baseline/openroad_dpl_hpwl_only_9case_bo_place_batch_20260421_220319_aes_asap7_trial_4ce6cd73_ae2393a81230/metrics.json	88	1024	0	0.5624723956999048	0.716401581613757	0.631467576793016	143.53034960293792	543	2905	1.0072590780035169	1.04
4d57d1bd	ok	42207.8	42207.8	42207.8	0.0	5.946	1.1155722326454034	-0.020245171707207958	0.0	0.020245171707207958	0	<ORIGINAL_WORKSPACE>/OpenROAD-flow-scripts/flow/reports/asap7/aes/place_batch_20260421_220319/dpl_evolve_baseline/openroad_dpl_hpwl_only_9case_bo_place_batch_20260421_220319_aes_asap7_trial_4d57d1bd_dce7bb395b69/metrics.json	1	omit	0	0.4	0.4	0.6	35.0	150	1000	1.1	omit
4e7cce6f	ok	42177.3	42177.3	42207.8	-0.0722615251209492	5.989	1.123639774859287	0.041583449677003545	0.0722615251209492	0.030678075443945657	0	<ORIGINAL_WORKSPACE>/OpenROAD-flow-scripts/flow/reports/asap7/aes/place_batch_20260421_220319/dpl_evolve_baseline/openroad_dpl_hpwl_only_9case_bo_place_batch_20260421_220319_aes_asap7_trial_4e7cce6f_24fcbcc897e2/metrics.json	51	omit	0	0.9401074823333672	1.16402835989416	1.763722369603096	126.71016680883328	1092	1893	1.5463468160203733	1.04
4f155b75	ok	41801.3	41801.3	42207.8	-0.9630921298906836	7.316	1.372607879924953	0.627095796047682	0.9630921298906836	0.3359963338430017	0	<ORIGINAL_WORKSPACE>/OpenROAD-flow-scripts/flow/reports/asap7/aes/place_batch_20260421_220319/dpl_evolve_baseline/openroad_dpl_hpwl_only_9case_bo_place_batch_20260421_220319_aes_asap7_trial_4f155b75_3a9accc74a06/metrics.json	69	64 8	0	0.5902165336203089	0.15247059181694164	0.2627534472714924	144.3926660879094	366	1739	1.1587907741780277	1.04
50409d31	ok	42171.6	42171.6	42207.8	-0.08576613801241563	6.115	1.1472795497185742	0.02473103659638274	0.08576613801241563	0.06103510141603289	0	<ORIGINAL_WORKSPACE>/OpenROAD-flow-scripts/flow/reports/asap7/aes/place_batch_20260421_220319/dpl_evolve_baseline/openroad_dpl_hpwl_only_9case_bo_place_batch_20260421_220319_aes_asap7_trial_50409d31_d9b1cf8c254c/metrics.json	79	64	0	0.8367290048293251	0.26942716479084755	0.17608844267418658	148.36222779607334	886	3991	1.5176978591442218	1.10 1.04
512722cf	ok	41826.5	41826.5	42207.8	-0.9033875255284638	7.742	1.452532833020638	0.47536389467400253	0.9033875255284637	0.42802363085446116	0	<ORIGINAL_WORKSPACE>/OpenROAD-flow-scripts/flow/reports/asap7/aes/place_batch_20260421_220319/dpl_evolve_baseline/openroad_dpl_hpwl_only_9case_bo_place_batch_20260421_220319_aes_asap7_trial_512722cf_cc63a06e7471/metrics.json	66	64 8	0	0.13493087074913723	1.0010882868553452	0.7445861462062738	83.00326630533958	604	3429	1.3676495145053147	1.25 1.10 1.04
52f671ef	ok	41817.9	41817.9	42207.8	-0.9237629063822361	8.764	1.644277673545966	0.28478630453699316	0.923762906382236	0.6389766018452429	0	<ORIGINAL_WORKSPACE>/OpenROAD-flow-scripts/flow/reports/asap7/aes/place_batch_20260421_220319/dpl_evolve_baseline/openroad_dpl_hpwl_only_9case_bo_place_batch_20260421_220319_aes_asap7_trial_52f671ef_9a48fa6e2abb/metrics.json	75	64 8	0	0.8394770408939297	0.0949417531956322	1.7379646976205434	84.7009893081291	961	1524	1.1789940135551586	1.25 1.10 1.04
537310cd	ok	42170.8	42170.8	42207.8	-0.0876615222778728	5.891	1.1052532833020638	0.08081590290776215	0.0876615222778728	0.006845619370110647	0	<ORIGINAL_WORKSPACE>/OpenROAD-flow-scripts/flow/reports/asap7/aes/place_batch_20260421_220319/dpl_evolve_baseline/openroad_dpl_hpwl_only_9case_bo_place_batch_20260421_220319_aes_asap7_trial_537310cd_b4c736edf92f/metrics.json	13	256	0	0.8252787152619513	1.9796626420884085	1.3906106662726923	43.032256027910904	527	3362	1.0689598835038803	1.75 1.35 1.15 1.05
5392b934	ok	41830.0	41830.0	42207.8	-0.8950952193670432	7.99	1.4990619136960601	0.41466082875188387	0.8950952193670433	0.4804343906151594	0	<ORIGINAL_WORKSPACE>/OpenROAD-flow-scripts/flow/reports/asap7/aes/place_batch_20260421_220319/dpl_evolve_baseline/openroad_dpl_hpwl_only_9case_bo_place_batch_20260421_220319_aes_asap7_trial_5392b934_7d29dfb3c266/metrics.json	64	64 8	0	0.4706034740277557	0.9689479995551076	1.3919823240403524	73.52177052381248	365	432	1.512970366551077	1.25 1.10 1.04
53af27b9	ok	42012.4	42012.4	42207.8	-0.4629476068404453	7.821	1.4673545966228891	0.01813867693968274	0.4629476068404452	0.4448089299007625	0	<ORIGINAL_WORKSPACE>/OpenROAD-flow-scripts/flow/reports/asap7/aes/place_batch_20260421_220319/dpl_evolve_baseline/openroad_dpl_hpwl_only_9case_bo_place_batch_20260421_220319_aes_asap7_trial_53af27b9_212fa0f14947/metrics.json	33	512	1	0.9080952309723576	1.7430951893542075	1.5745146058675705	60.844485200061904	197	3003	1.2494886618331897	1.75 1.35 1.15 1.05
54508760	ok	41894.3	41894.3	42207.8	-0.7427537090300844	7.804	1.4641651031894936	0.30154962104540073	0.7427537090300844	0.4412040879846837	0	<ORIGINAL_WORKSPACE>/OpenROAD-flow-scripts/flow/reports/asap7/aes/place_batch_20260421_220319/dpl_evolve_baseline/openroad_dpl_hpwl_only_9case_bo_place_batch_20260421_220319_aes_asap7_trial_54508760_de807bde01d7/metrics.json	81	1024 128	0	0.19240470292979836	1.030286617383173	0.9062995945387617	90.42316203931999	643	2701	1.2475081341349399	1.75 1.35 1.15 1.05
54a29ba2	ok	42181.8	42181.8	42207.8	-0.061599988627694405	6.419	1.2043151969981238	-0.07141446465365774	0.061599988627694405	0.13301445328135214	0	<ORIGINAL_WORKSPACE>/OpenROAD-flow-scripts/flow/reports/asap7/aes/place_batch_20260421_220319/dpl_evolve_baseline/openroad_dpl_hpwl_only_9case_bo_place_batch_20260421_220319_aes_asap7_trial_54a29ba2_87bc659d1f7d/metrics.json	23	512	0	0.21788806996206952	1.6904997701860547	1.6400493404215553	74.9756917291542	790	2514	1.0871475272472453	2.00 1.50 1.20 1.05
555479af	ok	41841.0	41841.0	42207.8	-0.8690336857168648	7.634	1.4322701688555348	0.4640962307588488	0.8690336857168649	0.4049374549580161	0	<ORIGINAL_WORKSPACE>/OpenROAD-flow-scripts/flow/reports/asap7/aes/place_batch_20260421_220319/dpl_evolve_baseline/openroad_dpl_hpwl_only_9case_bo_place_batch_20260421_220319_aes_asap7_trial_555479af_d13289cabed6/metrics.json	93	64 8	0	0.9739737318145293	0.1492673571538537	0.2738456804691528	91.82546240832409	444	2441	1.0029246528937432	1.50 1.25 1.10 1.04
555ac940	ok	42182.3	42182.3	42207.8	-0.06041537346177721	5.971	1.1202626641651032	0.03409998736974362	0.0604153734617772	0.026315386092033582	0	<ORIGINAL_WORKSPACE>/OpenROAD-flow-scripts/flow/reports/asap7/aes/place_batch_20260421_220319/dpl_evolve_baseline/openroad_dpl_hpwl_only_9case_bo_place_batch_20260421_220319_aes_asap7_trial_555ac940_079eeaf412a9/metrics.json	27	256 32	0	0.4270211798990545	0.326398456582435	0.3116313486252336	146.83315190285808	1066	3253	1.327430925983583	1.10 1.04
55e81960	ok	41899.5	41899.5	42207.8	-0.7304337113045525	7.658	1.4367729831144467	0.3203519540368184	0.7304337113045525	0.4100817572677341	0	<ORIGINAL_WORKSPACE>/OpenROAD-flow-scripts/flow/reports/asap7/aes/place_batch_20260421_220319/dpl_evolve_baseline/openroad_dpl_hpwl_only_9case_bo_place_batch_20260421_220319_aes_asap7_trial_55e81960_be7d520090c1/metrics.json	37	64 8	1	0.8488778512794792	0.30433866621446204	0.9496921091177704	94.22357831098546	267	3160	1.1104345598355598	2.50 1.75 1.25 1.08
56fbb3d1	ok	42212.2	42212.2	42207.8	0.01042461346005757	5.909	1.1086303939962476	-0.021662400182104843	-0.01042461346005757	0.011237786722047276	0	<ORIGINAL_WORKSPACE>/OpenROAD-flow-scripts/flow/reports/asap7/aes/place_batch_20260421_220319/dpl_evolve_baseline/openroad_dpl_hpwl_only_9case_bo_place_batch_20260421_220319_aes_asap7_trial_56fbb3d1_79da51c97f91/metrics.json	29	512	0	0.7614080992778736	0.4003952423793104	0.44055450669017354	109.75678255356172	596	3699	1.0076760957081676	2.00 1.50 1.20 1.05
57485b99	ok	41921.7	41921.7	42207.8	-0.6778367979378357	7.501	1.4073170731707318	0.30155509908691086	0.6778367979378357	0.37628169885092483	0	<ORIGINAL_WORKSPACE>/OpenROAD-flow-scripts/flow/reports/asap7/aes/place_batch_20260421_220319/dpl_evolve_baseline/openroad_dpl_hpwl_only_9case_bo_place_batch_20260421_220319_aes_asap7_trial_57485b99_b3766dcfd5e3/metrics.json	16	64 8	1	0.5950997184300636	0.5618177783691822	0.7161616388918098	100.45644309384289	760	3849	1.2471931566724295	1.50 1.25 1.10 1.04
57522d2f	ok	41802.6	41802.6	42207.8	-0.9600121304593093	7.577	1.421575984990619	0.5673248982723381	0.9600121304593092	0.3926872321869711	0	<ORIGINAL_WORKSPACE>/OpenROAD-flow-scripts/flow/reports/asap7/aes/place_batch_20260421_220319/dpl_evolve_baseline/openroad_dpl_hpwl_only_9case_bo_place_batch_20260421_220319_aes_asap7_trial_57522d2f_9382bf9d2f32/metrics.json	63	64 8	0	0.3125013784920495	1.0090383394019893	1.364005565632892	115.52249344681383	200	189	1.5190823222119896	1.25 1.10 1.04
57c0aaed	ok	41872.2	41872.2	42207.8	-0.7951136993636384	7.833	1.4696060037523453	0.34776253346013675	0.7951136993636385	0.44735116590350177	0	<ORIGINAL_WORKSPACE>/OpenROAD-flow-scripts/flow/reports/asap7/aes/place_batch_20260421_220319/dpl_evolve_baseline/openroad_dpl_hpwl_only_9case_bo_place_batch_20260421_220319_aes_asap7_trial_57c0aaed_0436be6a2fd8/metrics.json	26	64 8	0	0.15867901151543212	1.8706920818628847	0.0946644162746042	128.2758844349455	515	3971	1.6245678147941032	1.10 1.04
58a43387	ok	42002.1	42002.1	42207.8	-0.48735067925834646	7.544	1.4153846153846152	0.10177674818721238	0.48735067925834646	0.3855739310711341	0	<ORIGINAL_WORKSPACE>/OpenROAD-flow-scripts/flow/reports/asap7/aes/place_batch_20260421_220319/dpl_evolve_baseline/openroad_dpl_hpwl_only_9case_bo_place_batch_20260421_220319_aes_asap7_trial_58a43387_bbe3f5d6962a/metrics.json	81	128 16	1	0.9319720691968373	0.02790314595119403	0.50700606793677	92.51675355024864	1142	3806	1.5566531881951564	1.10 1.04
58e03dfd	ok	41804.4	41804.4	42207.8	-0.9557475158620006	7.396	1.3876172607879924	0.6022687042067444	0.9557475158620005	0.3534788116552561	0	<ORIGINAL_WORKSPACE>/OpenROAD-flow-scripts/flow/reports/asap7/aes/place_batch_20260421_220319/dpl_evolve_baseline/openroad_dpl_hpwl_only_9case_bo_place_batch_20260421_220319_aes_asap7_trial_58e03dfd_70c8c4093a2e/metrics.json	37	64 8	0	0.44684923204044563	0.0009811721302224047	1.7426391736391142	127.24389381025186	127	2003	1.050562074868412	1.25 1.10 1.04
5aebca73	ok	42180.5	42180.5	42207.8	-0.06467998805908602	6.274	1.177110694183865	-0.03421987189111084	0.06467998805908602	0.09889985995019686	0	<ORIGINAL_WORKSPACE>/OpenROAD-flow-scripts/flow/reports/asap7/aes/place_batch_20260421_220319/dpl_evolve_baseline/openroad_dpl_hpwl_only_9case_bo_place_batch_20260421_220319_aes_asap7_trial_5aebca73_67dde497d6e0/metrics.json	28	1024 128	0	0.5466758786242589	0.041193434831872905	1.0828755027214894	69.46570563021433	300	2048	1.1511886329832899	2.50 1.75 1.25 1.08
5b0f43dc	ok	42192.3	42192.3	42207.8	-0.0367230701434332	6.074	1.1395872420262663	-0.014468573466059335	0.0367230701434332	0.051191643609492535	0	<ORIGINAL_WORKSPACE>/OpenROAD-flow-scripts/flow/reports/asap7/aes/place_batch_20260421_220319/dpl_evolve_baseline/openroad_dpl_hpwl_only_9case_bo_place_batch_20260421_220319_aes_asap7_trial_5b0f43dc_43f3b2c78de9/metrics.json	37	128	0	0.668144579163862	0.5283461880094227	1.2151481964084696	121.3747195125968	724	2743	1.0437791542622321	1.50 1.25 1.10 1.04
5b2fe82e	ok	41815.1	41815.1	42207.8	-0.9303967513113792	7.651	1.4354596622889306	0.5218145818192588	0.9303967513113792	0.40858216949212045	0	<ORIGINAL_WORKSPACE>/OpenROAD-flow-scripts/flow/reports/asap7/aes/place_batch_20260421_220319/dpl_evolve_baseline/openroad_dpl_hpwl_only_9case_bo_place_batch_20260421_220319_aes_asap7_trial_5b2fe82e_94bc3c7509f5/metrics.json	20	64 8	0	0.3980269041983457	0.5981035409369305	0.44861166390662455	130.50761399938375	1144	2502	1.3822984903951576	1.04
5b6fabaa	ok	42180.8	42180.8	42207.8	-0.0639692189595288	6.141	1.152157598499062	-0.0032909843978567582	0.0639692189595288	0.06726020335738556	0	<ORIGINAL_WORKSPACE>/OpenROAD-flow-scripts/flow/reports/asap7/aes/place_batch_20260421_220319/dpl_evolve_baseline/openroad_dpl_hpwl_only_9case_bo_place_batch_20260421_220319_aes_asap7_trial_5b6fabaa_0697a0912072/metrics.json	92	512 64	0	0.32543732793598573	0.7351799092620357	1.6764336951011332	138.4184314855558	501	642	1.20571657734682	2.00 1.50 1.20 1.05
5bac799c	ok	41825.2	41825.2	42207.8	-0.9064675249598553	7.925	1.4868667917448404	0.4396902250028339	0.9064675249598553	0.4667772999570214	0	<ORIGINAL_WORKSPACE>/OpenROAD-flow-scripts/flow/reports/asap7/aes/place_batch_20260421_220319/dpl_evolve_baseline/openroad_dpl_hpwl_only_9case_bo_place_batch_20260421_220319_aes_asap7_trial_5bac799c_3ff099443312/metrics.json	47	64 8	0	0.9078374901929842	0.1919279644790666	1.6043299339291797	144.91183170627775	687	1041	1.3745608194138457	2.50 1.75 1.25 1.08
5be4d7b2	ok	42207.8	42207.8	42207.8	0.0	6.144	1.152720450281426	-0.06797763566355769	0.0	0.06797763566355769	0	<ORIGINAL_WORKSPACE>/OpenROAD-flow-scripts/flow/reports/asap7/aes/place_batch_20260421_220319/dpl_evolve_baseline/openroad_dpl_hpwl_only_9case_bo_place_batch_20260421_220319_aes_asap7_trial_5be4d7b2_6d35be55b58b/metrics.json	1	omit	0	0.4	0.4	0.6	35.0	150	1000	1.1	1.50 1.25 1.10 1.04
5c354876	ok	41808.9	41808.9	42207.8	-0.9450859793687457	7.361	1.3810506566604126	0.599244058197892	0.9450859793687456	0.3458419211708537	0	<ORIGINAL_WORKSPACE>/OpenROAD-flow-scripts/flow/reports/asap7/aes/place_batch_20260421_220319/dpl_evolve_baseline/openroad_dpl_hpwl_only_9case_bo_place_batch_20260421_220319_aes_asap7_trial_5c354876_3647e55f5666/metrics.json	45	64 8	0	0.3586861862546082	1.7049153338588792	0.9872522932488985	142.02435344962456	293	2577	1.3071133728689535	1.25 1.10 1.04
5c5b2afa	ok	42176.9	42176.9	42207.8	-0.07320921725368641	6.167	1.1570356472795498	-0.0002629238975205145	0.07320921725368641	0.07347214115120693	0	<ORIGINAL_WORKSPACE>/OpenROAD-flow-scripts/flow/reports/asap7/aes/place_batch_20260421_220319/dpl_evolve_baseline/openroad_dpl_hpwl_only_9case_bo_place_batch_20260421_220319_aes_asap7_trial_5c5b2afa_f49c41ad919b/metrics.json	93	omit	0	0.09975416806445037	0.7188134806729379	0.2641445195286515	140.51038507364308	359	1436	1.1037733722639897	1.75 1.35 1.15 1.05
5ce756ea	ok	42186.0	42186.0	42207.8	-0.051649221233996824	6.054	1.1358348968105065	0.005271319523719932	0.05164922123399682	0.046377901710276885	0	<ORIGINAL_WORKSPACE>/OpenROAD-flow-scripts/flow/reports/asap7/aes/place_batch_20260421_220319/dpl_evolve_baseline/openroad_dpl_hpwl_only_9case_bo_place_batch_20260421_220319_aes_asap7_trial_5ce756ea_81278b19644c/metrics.json	46	omit	0	0.6980104464677905	1.9687714541205867	1.9265825710999478	36.31723811796342	1088	2776	1.0597821855491028	1.75 1.35 1.15 1.05
5d01f30f	ok	42168.9	42168.9	42207.8	-0.09216305990836161	5.96	1.1181988742964353	0.06851699946873661	0.09216305990836161	0.023646060439625003	0	<ORIGINAL_WORKSPACE>/OpenROAD-flow-scripts/flow/reports/asap7/aes/place_batch_20260421_220319/dpl_evolve_baseline/openroad_dpl_hpwl_only_9case_bo_place_batch_20260421_220319_aes_asap7_trial_5d01f30f_e237b7537abd/metrics.json	60	1024 128	0	0.685286812954107	0.2779256730174943	1.5038611680042921	126.17140148344735	459	2010	1.0352773937930961	1.75 1.35 1.15 1.05
5f5c18d9	ok	41985.1	41985.1	42207.8	-0.5276275948995313	7.751	1.45422138836773	0.09768740581432422	0.5276275948995313	0.42994018908520704	0	<ORIGINAL_WORKSPACE>/OpenROAD-flow-scripts/flow/reports/asap7/aes/place_batch_20260421_220319/dpl_evolve_baseline/openroad_dpl_hpwl_only_9case_bo_place_batch_20260421_220319_aes_asap7_trial_5f5c18d9_ddbaeb82ecfb/metrics.json	30	128	1	0.1751192970273663	0.8445244234888601	0.6448000530363385	130.09745609484037	518	2439	1.0523093971550408	1.50 1.25 1.10 1.04
61733d63	ok	42175.1	42175.1	42207.8	-0.07747383185099523	6.745	1.2654784240150094	-0.13085956425041112	0.07747383185099523	0.20833339610140636	0	<ORIGINAL_WORKSPACE>/OpenROAD-flow-scripts/flow/reports/asap7/aes/place_batch_20260421_220319/dpl_evolve_baseline/openroad_dpl_hpwl_only_9case_bo_place_batch_20260421_220319_aes_asap7_trial_61733d63_15050d409202/metrics.json	44	128 16	0	0.22422710363668955	0.0830245503757528	1.9103119633038905	141.02802458055504	217	1934	1.148600869381189	1.25 1.10 1.04
617b3b3a	ok	41876.5	41876.5	42207.8	-0.7849260089367437	7.63	1.4315196998123827	0.38084672346428966	0.7849260089367437	0.40407928547245403	0	<ORIGINAL_WORKSPACE>/OpenROAD-flow-scripts/flow/reports/asap7/aes/place_batch_20260421_220319/dpl_evolve_baseline/openroad_dpl_hpwl_only_9case_bo_place_batch_20260421_220319_aes_asap7_trial_617b3b3a_c3c2b92dc679/metrics.json	40	64 8	0	0.9525369589415124	1.5867850149053266	1.7565510787348917	99.10350592907942	684	2352	1.3915785658177564	2.50 1.75 1.25 1.08
61aeb709	ok	42165.9	42165.9	42207.8	-0.09927075090386481	6.211	1.1652908067542214	0.01531585622034927	0.09927075090386481	0.08395489468351554	0	<ORIGINAL_WORKSPACE>/OpenROAD-flow-scripts/flow/reports/asap7/aes/place_batch_20260421_220319/dpl_evolve_baseline/openroad_dpl_hpwl_only_9case_bo_place_batch_20260421_220319_aes_asap7_trial_61aeb709_1546c4e85853/metrics.json	38	1024 128	0	0.49360400015483347	0.6428234838707179	1.5232786643103045	119.9113238031389	61	463	1.5059454889793948	omit
62277710	ok	41876.5	41876.5	42207.8	-0.7849260089367437	7.841	1.471106941838649	0.3358811007422446	0.7849260089367437	0.4490449081944991	0	<ORIGINAL_WORKSPACE>/OpenROAD-flow-scripts/flow/reports/asap7/aes/place_batch_20260421_220319/dpl_evolve_baseline/openroad_dpl_hpwl_only_9case_bo_place_batch_20260421_220319_aes_asap7_trial_62277710_8cfc07b3dd94/metrics.json	31	64	0	0.9376612575132209	0.13371144463231643	1.2761956466525968	126.41217158903461	647	1320	1.1342739446152599	2.50 1.75 1.25 1.08
623a62cf	ok	42184.8	42184.8	42207.8	-0.0544922976321912	5.967	1.119512195121951	0.02914729070191403	0.054492297632191204	0.025345006930277175	0	<ORIGINAL_WORKSPACE>/OpenROAD-flow-scripts/flow/reports/asap7/aes/place_batch_20260421_220319/dpl_evolve_baseline/openroad_dpl_hpwl_only_9case_bo_place_batch_20260421_220319_aes_asap7_trial_623a62cf_8a67297621bb/metrics.json	84	128 16	0	0.01432551350238407	0.579342669299473	0.7941445943383088	111.60207310302765	869	3765	1.4490639410190203	1.75 1.35 1.15 1.05
625cdf38	ok	41806.5	41806.5	42207.8	-0.9507721321651517	7.451	1.397936210131332	0.5853289092787086	0.9507721321651517	0.36544322288644304	0	<ORIGINAL_WORKSPACE>/OpenROAD-flow-scripts/flow/reports/asap7/aes/place_batch_20260421_220319/dpl_evolve_baseline/openroad_dpl_hpwl_only_9case_bo_place_batch_20260421_220319_aes_asap7_trial_625cdf38_b0d8605837fa/metrics.json	73	64 8	0	0.7784785346097665	0.12482366059172784	0.1312912092267239	149.89965065902766	617	3852	1.3709699397902484	1.50 1.25 1.10 1.04
62697ec2	ok	41879.7	41879.7	42207.8	-0.7773444718748804	7.86	1.474671669793621	0.3242803853585539	0.7773444718748804	0.4530640865163265	0	<ORIGINAL_WORKSPACE>/OpenROAD-flow-scripts/flow/reports/asap7/aes/place_batch_20260421_220319/dpl_evolve_baseline/openroad_dpl_hpwl_only_9case_bo_place_batch_20260421_220319_aes_asap7_trial_62697ec2_20aa41b9ce11/metrics.json	32	64 8	1	0.6858705184219449	1.7147211049449174	1.6105861658147165	65.55288901219684	586	3819	1.0133579408340303	1.75 1.35 1.15 1.05
62d65663	ok	41828.2	41828.2	42207.8	-0.899359833964352	7.686	1.4420262664165102	0.48328656834759914	0.899359833964352	0.4160732656167529	0	<ORIGINAL_WORKSPACE>/OpenROAD-flow-scripts/flow/reports/asap7/aes/place_batch_20260421_220319/dpl_evolve_baseline/openroad_dpl_hpwl_only_9case_bo_place_batch_20260421_220319_aes_asap7_trial_62d65663_6ab9c8566aff/metrics.json	70	64 8	0	0.29757149776883046	1.1281390210373867	0.4195317892916467	148.94487091226372	668	3459	1.5474423463107068	1.10 1.04
63ec848d	ok	41841.3	41841.3	42207.8	-0.8683229166173076	7.55	1.4165103189493433	0.48145450258672257	0.8683229166173076	0.3868684140305851	0	<ORIGINAL_WORKSPACE>/OpenROAD-flow-scripts/flow/reports/asap7/aes/place_batch_20260421_220319/dpl_evolve_baseline/openroad_dpl_hpwl_only_9case_bo_place_batch_20260421_220319_aes_asap7_trial_63ec848d_ec51d4935266/metrics.json	3	64 8	0	0.792917268692739	1.8317411899660188	1.7349862667928009	147.64257784025034	746	683	1.279425484575851	1.04
64bfe26b	ok	41821.4	41821.4	42207.8	-0.9154706002208156	7.811	1.4654784240150094	0.4727816905281603	0.9154706002208156	0.4426889096926553	0	<ORIGINAL_WORKSPACE>/OpenROAD-flow-scripts/flow/reports/asap7/aes/place_batch_20260421_220319/dpl_evolve_baseline/openroad_dpl_hpwl_only_9case_bo_place_batch_20260421_220319_aes_asap7_trial_64bfe26b_450ce75f32d4/metrics.json	59	64 8	0	0.01409899993730962	1.6886167633671265	0.5213447080949477	73.18419215471307	660	3716	1.4217864422462965	1.75 1.35 1.15 1.05
665fcbd0	ok	41851.7	41851.7	42207.8	-0.8436829211662438	7.639	1.4332082551594747	0.43767307045393294	0.8436829211662437	0.4060098507123107	0	<ORIGINAL_WORKSPACE>/OpenROAD-flow-scripts/flow/reports/asap7/aes/place_batch_20260421_220319/dpl_evolve_baseline/openroad_dpl_hpwl_only_9case_bo_place_batch_20260421_220319_aes_asap7_trial_665fcbd0_42472f4b83db/metrics.json	27	64 8	0	0.6239965135313136	1.0061808282460514	1.8316846935165128	36.11255935521167	999	3636	1.3100726124326212	1.04
668b8cc1	ok	41811.9	41811.9	42207.8	-0.9379782883732424	7.722	1.448780487804878	0.5142176681684996	0.9379782883732425	0.4237606202047429	0	<ORIGINAL_WORKSPACE>/OpenROAD-flow-scripts/flow/reports/asap7/aes/place_batch_20260421_220319/dpl_evolve_baseline/openroad_dpl_hpwl_only_9case_bo_place_batch_20260421_220319_aes_asap7_trial_668b8cc1_46fba7fd8604/metrics.json	96	64 8	0	0.8796062412324974	0.33871974741247485	0.24887177593644835	144.5951982585695	218	1892	1.1976006203183427	2.50 1.75 1.25 1.08
66bfa023	ok	42189.3	42189.3	42207.8	-0.0438307611389364	5.973	1.1206378986866792	0.017030307352544065	0.0438307611389364	0.026800453786392335	0	<ORIGINAL_WORKSPACE>/OpenROAD-flow-scripts/flow/reports/asap7/aes/place_batch_20260421_220319/dpl_evolve_baseline/openroad_dpl_hpwl_only_9case_bo_place_batch_20260421_220319_aes_asap7_trial_66bfa023_d2d66ad8801f/metrics.json	57	128 16	0	0.4358514663091234	1.93982879012042	1.8628523852558485	77.30557952535653	516	3542	1.1065327577381394	1.75 1.35 1.15 1.05
66d39f67	ok	41856.2	41856.2	42207.8	-0.8330213846729889	7.551	1.4166979362101313	0.44593727349674184	0.8330213846729889	0.3870841111762471	0	<ORIGINAL_WORKSPACE>/OpenROAD-flow-scripts/flow/reports/asap7/aes/place_batch_20260421_220319/dpl_evolve_baseline/openroad_dpl_hpwl_only_9case_bo_place_batch_20260421_220319_aes_asap7_trial_66d39f67_0e50232714ab/metrics.json	117	64 8	0	0.013923855810460744	0.6356385398331424	0.6443522295114589	63.62690077404065	617	3908	1.4374753201729602	1.75 1.35 1.15 1.05
66e67c1e	ok	42154.9	42154.9	42207.8	-0.12533228455404322	5.99	1.123827392120075	0.09441202983798819	0.12533228455404322	0.03092025471605503	0	<ORIGINAL_WORKSPACE>/OpenROAD-flow-scripts/flow/reports/asap7/aes/place_batch_20260421_220319/dpl_evolve_baseline/openroad_dpl_hpwl_only_9case_bo_place_batch_20260421_220319_aes_asap7_trial_66e67c1e_83d967e11043/metrics.json	65	32	0	0.3742458005686258	0.763906531489305	0.317304613004178	146.09325544273003	765	2246	1.007081561821427	1.50 1.25 1.10 1.04
67030ff4	ok	41858.8	41858.8	42207.8	-0.8268613858102056	7.649	1.4350844277673547	0.41870779595522806	0.8268613858102056	0.40815358985497757	0	<ORIGINAL_WORKSPACE>/OpenROAD-flow-scripts/flow/reports/asap7/aes/place_batch_20260421_220319/dpl_evolve_baseline/openroad_dpl_hpwl_only_9case_bo_place_batch_20260421_220319_aes_asap7_trial_67030ff4_962f2005c4c2/metrics.json	107	64 8	0	0.8617246087566424	1.9198776139851714	1.9842243166861402	34.42885685963682	738	3976	1.134875967042037	1.75 1.35 1.15 1.05
67218989	ok	41812.2	41812.2	42207.8	-0.9372675192737024	7.805	1.4643527204502813	0.4958512731430181	0.9372675192737024	0.44141624613068436	0	<ORIGINAL_WORKSPACE>/OpenROAD-flow-scripts/flow/reports/asap7/aes/place_batch_20260421_220319/dpl_evolve_baseline/openroad_dpl_hpwl_only_9case_bo_place_batch_20260421_220319_aes_asap7_trial_67218989_f27a9b019a89/metrics.json	54	64 8	0	0.9724523120673192	0.19134773855262582	0.4753361314656596	132.83655657704966	337	3048	1.4256184251721333	omit
6722ac43	ok	41889.8	41889.8	42207.8	-0.7534152455233393	7.742	1.452532833020638	0.3253916146688781	0.7534152455233393	0.42802363085446116	0	<ORIGINAL_WORKSPACE>/OpenROAD-flow-scripts/flow/reports/asap7/aes/place_batch_20260421_220319/dpl_evolve_baseline/openroad_dpl_hpwl_only_9case_bo_place_batch_20260421_220319_aes_asap7_trial_6722ac43_f5b33e45f069/metrics.json	19	64 8	1	0.6081391344934848	1.6561952725196742	1.1441437357427184	94.32396182776739	627	1517	1.4619328311997932	1.04
67708b41	ok	41871.5	41871.5	42207.8	-0.7967721605959157	7.683	1.4414634146341463	0.3813403197136963	0.7967721605959156	0.4154318408822193	0	<ORIGINAL_WORKSPACE>/OpenROAD-flow-scripts/flow/reports/asap7/aes/place_batch_20260421_220319/dpl_evolve_baseline/openroad_dpl_hpwl_only_9case_bo_place_batch_20260421_220319_aes_asap7_trial_67708b41_074b6d9767fd/metrics.json	5	64 8	0	0.789026420517223	1.5881270536737797	1.4991007723863377	147.98860050393847	396	2433	1.1825398630407273	1.75 1.35 1.15 1.05
68436a9d	ok	42181.1	42181.1	42207.8	-0.06325844985998882	6.146	1.1530956848030018	-0.005197376703655485	0.06325844985998882	0.06845582656364431	0	<ORIGINAL_WORKSPACE>/OpenROAD-flow-scripts/flow/reports/asap7/aes/place_batch_20260421_220319/dpl_evolve_baseline/openroad_dpl_hpwl_only_9case_bo_place_batch_20260421_220319_aes_asap7_trial_68436a9d_b38307f7c5cd/metrics.json	73	1024 128	0	0.9443223061383007	0.30744158666209265	1.5228128599522543	107.15661600512819	789	637	1.3362352339900299	2.50 1.75 1.25 1.08
692c3dca	ok	42176.9	42176.9	42207.8	-0.07320921725368641	5.643	1.0587242026266417	0.07320921725368641	0.07320921725368641	0.0	0	<ORIGINAL_WORKSPACE>/OpenROAD-flow-scripts/flow/reports/asap7/aes/place_batch_20260421_220319/dpl_evolve_baseline/openroad_dpl_hpwl_only_9case_bo_place_batch_20260421_220319_aes_asap7_trial_692c3dca_e7d24a607890/metrics.json	38	512	0	0.4661883457809466	1.241943659072386	0.6290265728291182	146.61308654795693	564	2210	1.0472274769215963	1.25 1.10 1.04
6a0d8c41	ok	41833.0	41833.0	42207.8	-0.88798752837154	7.717	1.447842401500938	0.46529352314494943	0.88798752837154	0.4226940052265906	0	<ORIGINAL_WORKSPACE>/OpenROAD-flow-scripts/flow/reports/asap7/aes/place_batch_20260421_220319/dpl_evolve_baseline/openroad_dpl_hpwl_only_9case_bo_place_batch_20260421_220319_aes_asap7_trial_6a0d8c41_e39ba29275bd/metrics.json	2	64 8	0	0.05993517493009454	1.5938664471882045	1.9235979623785764	21.61316929579256	140	2900	1.1615381898640513	2.00 1.50 1.20 1.05
6abbb0cb	ok	42191.4	42191.4	42207.8	-0.038855377442087606	6.045	1.1341463414634145	-0.005353746499820747	0.038855377442087606	0.04420912394190835	0	<ORIGINAL_WORKSPACE>/OpenROAD-flow-scripts/flow/reports/asap7/aes/place_batch_20260421_220319/dpl_evolve_baseline/openroad_dpl_hpwl_only_9case_bo_place_batch_20260421_220319_aes_asap7_trial_6abbb0cb_15012f5962cf/metrics.json	100	1024 128	0	0.0428772343824977	1.5331654227206126	0.547375891174083	104.15431840681751	311	2926	1.132884958133012	1.25 1.10 1.04
6ad119f5	ok	41821.4	41821.4	42207.8	-0.9154706002208156	7.77	1.4577861163227015	0.48148799438823275	0.9154706002208156	0.43398260583258286	0	<ORIGINAL_WORKSPACE>/OpenROAD-flow-scripts/flow/reports/asap7/aes/place_batch_20260421_220319/dpl_evolve_baseline/openroad_dpl_hpwl_only_9case_bo_place_batch_20260421_220319_aes_asap7_trial_6ad119f5_b8f3163524e4/metrics.json	59	64 8	0	0.9146764978334696	0.023558127079785135	0.2810883546150259	135.36044552742854	96	2828	1.3450420887814647	omit
6b2f47d8	ok	41793.9	41793.9	42207.8	-0.9806244343462617	7.771	1.4579737335834897	0.5464292067228922	0.9806244343462617	0.43419522762336954	0	<ORIGINAL_WORKSPACE>/OpenROAD-flow-scripts/flow/reports/asap7/aes/place_batch_20260421_220319/dpl_evolve_baseline/openroad_dpl_hpwl_only_9case_bo_place_batch_20260421_220319_aes_asap7_trial_6b2f47d8_7f170a823445/metrics.json	7	64 8	0	0.9860727780801403	1.962016312108811	1.8843881626115069	65.42791734824618	178	3029	1.629638982669686	1.50 1.25 1.10 1.04
6c75eacf	ok	41831.9	41831.9	42207.8	-0.8905936817365545	7.756	1.4551594746716698	0.4595892188581456	0.8905936817365544	0.4310044628784088	0	<ORIGINAL_WORKSPACE>/OpenROAD-flow-scripts/flow/reports/asap7/aes/place_batch_20260421_220319/dpl_evolve_baseline/openroad_dpl_hpwl_only_9case_bo_place_batch_20260421_220319_aes_asap7_trial_6c75eacf_28600500f280/metrics.json	62	64 8	0	0.6096475139577457	0.47446436754987686	0.08425226390058749	145.54219938473108	171	1656	1.2332541025058894	1.04
6c8dc04c	ok	41822.6	41822.6	42207.8	-0.9126275238226212	7.687	1.4422138836772984	0.4963404777798115	0.9126275238226212	0.41628704604280975	0	<ORIGINAL_WORKSPACE>/OpenROAD-flow-scripts/flow/reports/asap7/aes/place_batch_20260421_220319/dpl_evolve_baseline/openroad_dpl_hpwl_only_9case_bo_place_batch_20260421_220319_aes_asap7_trial_6c8dc04c_5312a1ae4301/metrics.json	89	64 8	0	0.25234180569111203	0.705143234717667	1.14569389576341	136.90348930638166	368	409	1.4501816999626675	1.25 1.10 1.04
6d7bfc8e	ok	41974.6	41974.6	42207.8	-0.5525045133837925	7.234	1.3572232645403377	0.23452720635702629	0.5525045133837925	0.3179773070267662	0	<ORIGINAL_WORKSPACE>/OpenROAD-flow-scripts/flow/reports/asap7/aes/place_batch_20260421_220319/dpl_evolve_baseline/openroad_dpl_hpwl_only_9case_bo_place_batch_20260421_220319_aes_asap7_trial_6d7bfc8e_0477f1be8bd8/metrics.json	104	256 32	1	0.49958417067888605	1.4571713359491925	0.45597915489714336	37.20503375658461	1030	1722	1.6166850671552362	1.04
6e81c47b	ok	41841.0	41841.0	42207.8	-0.8690336857168648	7.883	1.4789868667917447	0.41111077198079027	0.8690336857168649	0.45792291373607463	0	<ORIGINAL_WORKSPACE>/OpenROAD-flow-scripts/flow/reports/asap7/aes/place_batch_20260421_220319/dpl_evolve_baseline/openroad_dpl_hpwl_only_9case_bo_place_batch_20260421_220319_aes_asap7_trial_6e81c47b_b80f203fb8d8/metrics.json	93	64 8	0	0.9574976415823077	0.779282905173603	0.6954089005136638	103.66664784347932	210	1150	1.2215024404839223	2.50 1.75 1.25 1.08
6edace9d	ok	42195.9	42195.9	42207.8	-0.02819384094883281	6.043	1.1337711069418386	-0.01553311317351197	0.02819384094883281	0.04372695412234478	0	<ORIGINAL_WORKSPACE>/OpenROAD-flow-scripts/flow/reports/asap7/aes/place_batch_20260421_220319/dpl_evolve_baseline/openroad_dpl_hpwl_only_9case_bo_place_batch_20260421_220319_aes_asap7_trial_6edace9d_f462328e069f/metrics.json	19	1024	0	0.4052359477117379	0.805110469764846	1.0259296938694358	141.87102195621966	533	1792	1.0608112463043702	1.04
6edbe8cb	ok	41813.6	41813.6	42207.8	-0.9339505968091308	8.069	1.5138836772983115	0.4369921597251192	0.9339505968091308	0.49695843708401166	0	<ORIGINAL_WORKSPACE>/OpenROAD-flow-scripts/flow/reports/asap7/aes/place_batch_20260421_220319/dpl_evolve_baseline/openroad_dpl_hpwl_only_9case_bo_place_batch_20260421_220319_aes_asap7_trial_6edbe8cb_fd6119d528d0/metrics.json	61	64 8	0	0.07182738531527713	1.5486784080764686	0.49918773485465023	133.36328353561032	482	2341	1.0634376792692173	1.50 1.25 1.10 1.04
704e07b3	ok	42170.6	42170.6	42207.8	-0.08813536834425002	5.998	1.125328330206379	0.0552784067468271	0.08813536834425002	0.03285696159742292	0	<ORIGINAL_WORKSPACE>/OpenROAD-flow-scripts/flow/reports/asap7/aes/place_batch_20260421_220319/dpl_evolve_baseline/openroad_dpl_hpwl_only_9case_bo_place_batch_20260421_220319_aes_asap7_trial_704e07b3_91d7e6823d22/metrics.json	40	256	0	0.4312879386520754	0.8224605236884337	0.5956110153629057	121.08022125603716	903	3632	1.0715186381369721	1.50 1.25 1.10 1.04
7090a64e	ok	42170.8	42170.8	42207.8	-0.0876615222778728	6.286	1.1793621013133206	-0.014076477103563592	0.0876615222778728	0.10173799938143639	0	<ORIGINAL_WORKSPACE>/OpenROAD-flow-scripts/flow/reports/asap7/aes/place_batch_20260421_220319/dpl_evolve_baseline/openroad_dpl_hpwl_only_9case_bo_place_batch_20260421_220319_aes_asap7_trial_7090a64e_178989d9b40c/metrics.json	13	512	0	0.7142483223649948	1.931745779588243	1.9800881795037903	20.034980378228873	229	3037	1.2187305852835826	1.50 1.25 1.10 1.04
70d23d38	ok	41847.3	41847.3	42207.8	-0.8541075346263012	7.68	1.4409005628517824	0.43931724372019576	0.8541075346263013	0.41479029090610553	0	<ORIGINAL_WORKSPACE>/OpenROAD-flow-scripts/flow/reports/asap7/aes/place_batch_20260421_220319/dpl_evolve_baseline/openroad_dpl_hpwl_only_9case_bo_place_batch_20260421_220319_aes_asap7_trial_70d23d38_2fd58843d18f/metrics.json	43	64 8	0	0.752087368243225	1.8190641588698706	1.6519720030480631	127.72790896076336	163	3898	1.520680442729112	1.50 1.25 1.10 1.04
714d61f9	ok	41871.5	41871.5	42207.8	-0.7967721605959157	7.707	1.4459662288930581	0.3762124224518478	0.7967721605959156	0.4205597381440678	0	<ORIGINAL_WORKSPACE>/OpenROAD-flow-scripts/flow/reports/asap7/aes/place_batch_20260421_220319/dpl_evolve_baseline/openroad_dpl_hpwl_only_9case_bo_place_batch_20260421_220319_aes_asap7_trial_714d61f9_d853e0cb3847/metrics.json	5	64 8	0	0.9382680169525507	1.3595292308220477	1.1505586725979837	114.70351778323626	699	1191	1.3556875176065255	1.50 1.25 1.10 1.04
72d1cde9	ok	41794.6	41794.6	42207.8	-0.9789659731139844	7.858	1.474296435272045	0.5263247290724252	0.9789659731139845	0.45264124404155925	0	<ORIGINAL_WORKSPACE>/OpenROAD-flow-scripts/flow/reports/asap7/aes/place_batch_20260421_220319/dpl_evolve_baseline/openroad_dpl_hpwl_only_9case_bo_place_batch_20260421_220319_aes_asap7_trial_72d1cde9_8924a1ccae6c/metrics.json	9	64 8	0	0.9838118396176706	1.4196204325177533	1.6949239248711419	45.075521907810256	456	3440	1.565652010141663	1.50 1.25 1.10 1.04
7391b7da	ok	41821.1	41821.1	42207.8	-0.9161813693203729	7.601	1.426078799249531	0.5183305518444143	0.9161813693203729	0.3978508174759585	0	<ORIGINAL_WORKSPACE>/OpenROAD-flow-scripts/flow/reports/asap7/aes/place_batch_20260421_220319/dpl_evolve_baseline/openroad_dpl_hpwl_only_9case_bo_place_batch_20260421_220319_aes_asap7_trial_7391b7da_43ba59856e21/metrics.json	33	64 8	0	0.08291701043070979	0.7744268522472433	1.0301340298315522	119.00420856813693	798	3859	1.3071357437403666	1.75 1.35 1.15 1.05
73a9cb32	ok	41815.9	41815.9	42207.8	-0.9285013670459049	7.437	1.3953095684803003	0.5660994294066273	0.9285013670459048	0.3624019376392775	0	<ORIGINAL_WORKSPACE>/OpenROAD-flow-scripts/flow/reports/asap7/aes/place_batch_20260421_220319/dpl_evolve_baseline/openroad_dpl_hpwl_only_9case_bo_place_batch_20260421_220319_aes_asap7_trial_73a9cb32_a9422a057c47/metrics.json	74	64 8	0	0.6245342635740673	0.10652186544093456	0.6397013982912099	118.49379463954054	534	2073	1.203287035158313	1.04
7507c073	ok	42160.4	42160.4	42207.8	-0.112301517728954	5.978	1.121575984990619	0.0842887498817786	0.11230151772895401	0.02801276784717541	0	<ORIGINAL_WORKSPACE>/OpenROAD-flow-scripts/flow/reports/asap7/aes/place_batch_20260421_220319/dpl_evolve_baseline/openroad_dpl_hpwl_only_9case_bo_place_batch_20260421_220319_aes_asap7_trial_7507c073_b8e70eec09d6/metrics.json	39	512	0	0.8216847989830811	0.16405084157388558	1.078846052654754	134.8287103267476	180	2996	1.1377361626560543	1.25 1.10 1.04
7635076d	ok	41860.3	41860.3	42207.8	-0.823307540312454	7.885	1.4793621013133207	0.36496245504627317	0.823307540312454	0.45834508526618084	0	<ORIGINAL_WORKSPACE>/OpenROAD-flow-scripts/flow/reports/asap7/aes/place_batch_20260421_220319/dpl_evolve_baseline/openroad_dpl_hpwl_only_9case_bo_place_batch_20260421_220319_aes_asap7_trial_7635076d_734490b6f0fb/metrics.json	65	64 8	0	0.897897813658106	0.2689416462529077	1.280447909678615	149.58050705612817	755	3935	1.2105166591578305	1.04
77a51dab	ok	41807.1	41807.1	42207.8	-0.9493505939660545	7.84	1.4709193245778611	0.5005173562904495	0.9493505939660545	0.44883323767560507	0	<ORIGINAL_WORKSPACE>/OpenROAD-flow-scripts/flow/reports/asap7/aes/place_batch_20260421_220319/dpl_evolve_baseline/openroad_dpl_hpwl_only_9case_bo_place_batch_20260421_220319_aes_asap7_trial_77a51dab_e276711be4af/metrics.json	17	64 8	0	0.18717102675323927	1.9837981426869473	1.4190447477276908	88.29184262889424	483	3169	1.3301793511136684	2.00 1.50 1.20 1.05
77cd3487	ok	41833.0	41833.0	42207.8	-0.88798752837154	7.779	1.4594746716697935	0.45209181868111753	0.88798752837154	0.4358957096904225	0	<ORIGINAL_WORKSPACE>/OpenROAD-flow-scripts/flow/reports/asap7/aes/place_batch_20260421_220319/dpl_evolve_baseline/openroad_dpl_hpwl_only_9case_bo_place_batch_20260421_220319_aes_asap7_trial_77cd3487_fc33ab58267c/metrics.json	2	64 8	0	0.29119042540383927	0.3764118346554074	1.5463491093017763	96.12629540599065	116	2891	1.3451280526785094	1.25 1.10 1.04
7869479e	ok	42208.6	42208.6	42207.8	0.001895384265457177	6.004	1.1264540337711069	-0.036204028573185845	-0.001895384265457177	0.03430864430772867	0	<ORIGINAL_WORKSPACE>/OpenROAD-flow-scripts/flow/reports/asap7/aes/place_batch_20260421_220319/dpl_evolve_baseline/openroad_dpl_hpwl_only_9case_bo_place_batch_20260421_220319_aes_asap7_trial_7869479e_d7553c96fb37/metrics.json	42	1024	0	0.9567476749855466	1.2362070759915336	1.4831617427780972	28.97908905868492	766	3392	1.4254935559011506	1.50 1.25 1.10 1.04
78d4a7ad	ok	41841.8	41841.8	42207.8	-0.8671383014513905	7.539	1.4144465290806754	0.4826434994614828	0.8671383014513905	0.3844948019899077	0	<ORIGINAL_WORKSPACE>/OpenROAD-flow-scripts/flow/reports/asap7/aes/place_batch_20260421_220319/dpl_evolve_baseline/openroad_dpl_hpwl_only_9case_bo_place_batch_20260421_220319_aes_asap7_trial_78d4a7ad_068333d758e6/metrics.json	25	64 8	0	0.48539793569738676	0.8051568012327478	1.1232156647125762	134.0563244137284	209	3930	1.0441677584708084	1.10 1.04
7de13351	ok	41810.2	41810.2	42207.8	-0.9420059799373712	7.59	1.424015009380863	0.5465207922668329	0.9420059799373712	0.3954851876705383	0	<ORIGINAL_WORKSPACE>/OpenROAD-flow-scripts/flow/reports/asap7/aes/place_batch_20260421_220319/dpl_evolve_baseline/openroad_dpl_hpwl_only_9case_bo_place_batch_20260421_220319_aes_asap7_trial_7de13351_80b762f97a70/metrics.json	16	64 8	0	0.7910710425735197	0.08799481784583979	1.5394344860665257	140.61200601305077	501	2155	1.0407051268562812	1.25 1.10 1.04
7dee2d7e	ok	41833.0	41833.0	42207.8	-0.88798752837154	7.528	1.4123827392120074	0.5058680706991636	0.88798752837154	0.3821194576723765	0	<ORIGINAL_WORKSPACE>/OpenROAD-flow-scripts/flow/reports/asap7/aes/place_batch_20260421_220319/dpl_evolve_baseline/openroad_dpl_hpwl_only_9case_bo_place_batch_20260421_220319_aes_asap7_trial_7dee2d7e_18a756b778dc/metrics.json	2	64 8	0	0.840545969760804	0.421210027626868	0.2734141923487624	115.39373857237986	726	2419	1.3306220747377941	2.00 1.50 1.20 1.05
7e6a62ab	ok	41854.8	41854.8	42207.8	-0.8363383071375432	7.96	1.4934333958724202	0.3622002591752115	0.8363383071375432	0.4741380479623317	0	<ORIGINAL_WORKSPACE>/OpenROAD-flow-scripts/flow/reports/asap7/aes/place_batch_20260421_220319/dpl_evolve_baseline/openroad_dpl_hpwl_only_9case_bo_place_batch_20260421_220319_aes_asap7_trial_7e6a62ab_c90a40a751b4/metrics.json	118	64 8	0	0.296115973248377	0.2507029859887495	1.001195328568898	147.19974201770816	394	893	1.3382614978024643	1.25 1.10 1.04
7e86fc7f	ok	41827.8	41827.8	42207.8	-0.900307526097072	7.521	1.4110694183864916	0.5197005548387894	0.9003075260970721	0.38060697125828274	0	<ORIGINAL_WORKSPACE>/OpenROAD-flow-scripts/flow/reports/asap7/aes/place_batch_20260421_220319/dpl_evolve_baseline/openroad_dpl_hpwl_only_9case_bo_place_batch_20260421_220319_aes_asap7_trial_7e86fc7f_288f3ecea560/metrics.json	23	64 8	0	0.17917702057196042	1.8235191227113856	1.4806873180592914	133.1672275836711	229	3440	1.3942103167922046	2.00 1.50 1.20 1.05
7ebe857d	ok	41929.0	41929.0	42207.8	-0.6605414165154376	7.477	1.40281425891182	0.28945766313997695	0.6605414165154376	0.3710837533754607	0	<ORIGINAL_WORKSPACE>/OpenROAD-flow-scripts/flow/reports/asap7/aes/place_batch_20260421_220319/dpl_evolve_baseline/openroad_dpl_hpwl_only_9case_bo_place_batch_20260421_220319_aes_asap7_trial_7ebe857d_0abb5550ead3/metrics.json	29	64 8	1	0.9648497526688122	0.4665500401761541	1.0939045099304223	96.97405399341964	537	1598	1.2996280161431595	1.50 1.25 1.10 1.04
7f37b725	ok	41821.1	41821.1	42207.8	-0.9161813693203729	7.558	1.4180112570356471	0.527587777867714	0.9161813693203729	0.38859359145265876	0	<ORIGINAL_WORKSPACE>/OpenROAD-flow-scripts/flow/reports/asap7/aes/place_batch_20260421_220319/dpl_evolve_baseline/openroad_dpl_hpwl_only_9case_bo_place_batch_20260421_220319_aes_asap7_trial_7f37b725_ba39dd7dd143/metrics.json	33	64 8	0	0.9682420700155056	0.5352877509473238	0.5274255563195284	118.81149821341293	476	2233	1.6616239518594926	omit
7f5091d4	ok	41831.5	41831.5	42207.8	-0.8915413738692917	7.548	1.4161350844277674	0.5051043969880253	0.8915413738692917	0.3864369768812664	0	<ORIGINAL_WORKSPACE>/OpenROAD-flow-scripts/flow/reports/asap7/aes/place_batch_20260421_220319/dpl_evolve_baseline/openroad_dpl_hpwl_only_9case_bo_place_batch_20260421_220319_aes_asap7_trial_7f5091d4_99fbc38dfdd1/metrics.json	106	64 8	0	0.9615450158116395	0.14189862067996	0.12773086087882954	119.63757406130445	913	3409	1.5722235616218476	1.50 1.25 1.10 1.04
7fb66e5a	ok	42170.6	42170.6	42207.8	-0.08813536834425002	6.246	1.1718574108818012	-0.004131592517906721	0.08813536834425002	0.09226696086215674	0	<ORIGINAL_WORKSPACE>/OpenROAD-flow-scripts/flow/reports/asap7/aes/place_batch_20260421_220319/dpl_evolve_baseline/openroad_dpl_hpwl_only_9case_bo_place_batch_20260421_220319_aes_asap7_trial_7fb66e5a_94fcc0a56678/metrics.json	40	512	0	0.005910601998596064	0.6284329030787468	0.8004313330986185	80.13348991445338	567	3293	1.6058591921039524	1.75 1.35 1.15 1.05
7ff1eb61	ok	41839.7	41839.7	42207.8	-0.8721136851482564	8.178	1.5343339587242029	0.3524884798931106	0.8721136851482565	0.5196252052551459	0	<ORIGINAL_WORKSPACE>/OpenROAD-flow-scripts/flow/reports/asap7/aes/place_batch_20260421_220319/dpl_evolve_baseline/openroad_dpl_hpwl_only_9case_bo_place_batch_20260421_220319_aes_asap7_trial_7ff1eb61_9036830ab689/metrics.json	10	64 8	0	0.018576202177409518	0.14004428743844466	0.9983729663272121	90.94941924799956	704	1338	1.988616154412449	2.00 1.50 1.20 1.05
80754bee	ok	41818.2	41818.2	42207.8	-0.9230521372826961	7.877	1.4778611632270169	0.4663960595669635	0.9230521372826961	0.4566560777157326	0	<ORIGINAL_WORKSPACE>/OpenROAD-flow-scripts/flow/reports/asap7/aes/place_batch_20260421_220319/dpl_evolve_baseline/openroad_dpl_hpwl_only_9case_bo_place_batch_20260421_220319_aes_asap7_trial_80754bee_e2a23da91a68/metrics.json	95	64 8	0	0.9199024506929978	0.1714330276487969	0.10373890373234956	119.66917351050637	296	2037	1.104570838267057	1.50 1.25 1.10 1.04
808ab543	ok	42199.2	42199.2	42207.8	-0.02037538085378963	5.851	1.0977485928705442	0.02037538085378963	0.02037538085378963	0.0	0	<ORIGINAL_WORKSPACE>/OpenROAD-flow-scripts/flow/reports/asap7/aes/place_batch_20260421_220319/dpl_evolve_baseline/openroad_dpl_hpwl_only_9case_bo_place_batch_20260421_220319_aes_asap7_trial_808ab543_388a80cd5709/metrics.json	68	32	0	0.8788483566374816	0.44865469537858593	0.8058127756975166	146.71907973455242	154	1891	1.3190947549610648	2.50 1.75 1.25 1.08
80c46797	ok	41832.1	41832.1	42207.8	-0.8901198356701945	7.535	1.4136960600375235	0.5064885946221132	0.8901198356701945	0.38363124104808133	0	<ORIGINAL_WORKSPACE>/OpenROAD-flow-scripts/flow/reports/asap7/aes/place_batch_20260421_220319/dpl_evolve_baseline/openroad_dpl_hpwl_only_9case_bo_place_batch_20260421_220319_aes_asap7_trial_80c46797_10b01b2322a7/metrics.json	34	64 8	0	0.01832259453179063	0.42484165019828235	1.7794676563935568	81.5456715873816	559	2710	1.7669915696317406	2.00 1.50 1.20 1.05
828e78d3	ok	42180.8	42180.8	42207.8	-0.0639692189595288	6.271	1.176547842401501	-0.034220682141699585	0.0639692189595288	0.09818990110122838	0	<ORIGINAL_WORKSPACE>/OpenROAD-flow-scripts/flow/reports/asap7/aes/place_batch_20260421_220319/dpl_evolve_baseline/openroad_dpl_hpwl_only_9case_bo_place_batch_20260421_220319_aes_asap7_trial_828e78d3_5b4b623a0a37/metrics.json	92	512 64	0	0.15660452717496856	1.548954938069702	0.3213274966497244	56.72082656302713	815	3621	1.4018843263461427	1.75 1.35 1.15 1.05
82d8b81f	ok	42152.3	42152.3	42207.8	-0.1314922834168092	6.031	1.1315196998123827	0.09066002532475614	0.1314922834168092	0.04083225809205306	0	<ORIGINAL_WORKSPACE>/OpenROAD-flow-scripts/flow/reports/asap7/aes/place_batch_20260421_220319/dpl_evolve_baseline/openroad_dpl_hpwl_only_9case_bo_place_batch_20260421_220319_aes_asap7_trial_82d8b81f_c05614f20e9b/metrics.json	2	1024 128	0	0.5315544722390975	1.8171168929497181	1.497325035758555	110.7324296689248	702	2082	1.2867258921539675	1.25 1.10 1.04
82de4efc	ok	41896.8	41896.8	42207.8	-0.7368306332004984	7.783	1.4602251407129456	0.30008501037517354	0.7368306332004985	0.4367456228253249	0	<ORIGINAL_WORKSPACE>/OpenROAD-flow-scripts/flow/reports/asap7/aes/place_batch_20260421_220319/dpl_evolve_baseline/openroad_dpl_hpwl_only_9case_bo_place_batch_20260421_220319_aes_asap7_trial_82de4efc_62db104bf540/metrics.json	10	256 32	0	0.6081201506094546	1.394978832663228	1.8389777616339265	112.86441230969884	539	1056	1.3339659517653741	1.50 1.25 1.10 1.04
840c90d5	ok	41963.8	41963.8	42207.8	-0.5780922009675936	7.638	1.4330206378986867	0.17229680132284514	0.5780922009675936	0.4057953996447485	0	<ORIGINAL_WORKSPACE>/OpenROAD-flow-scripts/flow/reports/asap7/aes/place_batch_20260421_220319/dpl_evolve_baseline/openroad_dpl_hpwl_only_9case_bo_place_batch_20260421_220319_aes_asap7_trial_840c90d5_4129f95b4093/metrics.json	53	256	1	0.947693527737315	0.4112059199076361	1.7079008557865683	114.71802095228544	521	1264	1.080978844390596	2.50 1.75 1.25 1.08
840e1919	ok	41806.5	41806.5	42207.8	-0.9507721321651517	7.774	1.4585365853658536	0.5159391212390134	0.9507721321651517	0.43483301092613824	0	<ORIGINAL_WORKSPACE>/OpenROAD-flow-scripts/flow/reports/asap7/aes/place_batch_20260421_220319/dpl_evolve_baseline/openroad_dpl_hpwl_only_9case_bo_place_batch_20260421_220319_aes_asap7_trial_840e1919_9df8f0350153/metrics.json	73	64 8	0	0.4267668944694418	0.7334431259943953	0.9946650029409261	134.34421509459008	475	2932	1.024326412515898	1.10 1.04
843b2e99	ok	42177.9	42177.9	42207.8	-0.07083998692185202	6.192	1.1617260787992496	-0.00859283435319913	0.070839986921852	0.07943282127505114	0	<ORIGINAL_WORKSPACE>/OpenROAD-flow-scripts/flow/reports/asap7/aes/place_batch_20260421_220319/dpl_evolve_baseline/openroad_dpl_hpwl_only_9case_bo_place_batch_20260421_220319_aes_asap7_trial_843b2e99_428225585aa1/metrics.json	6	128	0	0.03693689661430046	1.2082603884239942	1.375764656643582	35.780885081876534	348	2297	1.0965359004810904	1.50 1.25 1.10 1.04
84cd5f6c	ok	41808.9	41808.9	42207.8	-0.9450859793687457	7.985	1.49812382739212	0.46570015730408854	0.9450859793687456	0.4793858220646571	0	<ORIGINAL_WORKSPACE>/OpenROAD-flow-scripts/flow/reports/asap7/aes/place_batch_20260421_220319/dpl_evolve_baseline/openroad_dpl_hpwl_only_9case_bo_place_batch_20260421_220319_aes_asap7_trial_84cd5f6c_af38c622a06d/metrics.json	45	64 8	0	0.846775016707688	1.4388200816982613	1.860374854862165	89.06988611179506	339	3727	1.6542632527919157	1.50 1.25 1.10 1.04
84e6a92e	ok	42193.8	42193.8	42207.8	-0.0331692246456816	5.856	1.098686679174484	0.0331692246456816	0.0331692246456816	0.0	0	<ORIGINAL_WORKSPACE>/OpenROAD-flow-scripts/flow/reports/asap7/aes/place_batch_20260421_220319/dpl_evolve_baseline/openroad_dpl_hpwl_only_9case_bo_place_batch_20260421_220319_aes_asap7_trial_84e6a92e_031b7213947a/metrics.json	63	256 32	0	0.17058081468330344	0.7775326244096719	0.34874995889537164	138.11908214934104	247	1694	1.16672916140669	1.50 1.25 1.10 1.04
84eb6310	ok	41809.3	41809.3	42207.8	-0.9441382872360085	8.208	1.5399624765478424	0.41830107102427694	0.9441382872360085	0.5258372162117315	0	<ORIGINAL_WORKSPACE>/OpenROAD-flow-scripts/flow/reports/asap7/aes/place_batch_20260421_220319/dpl_evolve_baseline/openroad_dpl_hpwl_only_9case_bo_place_batch_20260421_220319_aes_asap7_trial_84eb6310_003338891546/metrics.json	58	64 8	0	0.005808188404761168	1.2048668373363303	0.6920304243720148	84.27487959902442	608	3329	1.4298473387476898	1.75 1.35 1.15 1.05
85931b1e	ok	41860.3	41860.3	42207.8	-0.823307540312454	7.939	1.4894934333958725	0.35358399453805484	0.823307540312454	0.4697235457743992	0	<ORIGINAL_WORKSPACE>/OpenROAD-flow-scripts/flow/reports/asap7/aes/place_batch_20260421_220319/dpl_evolve_baseline/openroad_dpl_hpwl_only_9case_bo_place_batch_20260421_220319_aes_asap7_trial_85931b1e_d0a18a37ac7f/metrics.json	65	64 8	0	0.08774708346107549	1.1700585004223505	0.15045137581085088	136.5070031936105	239	3197	1.1865975656068488	1.50 1.25 1.10 1.04
86058b08	ok	42192.4	42192.4	42207.8	-0.03648614711025321	6.08	1.1407129455909943	-0.016148073152409848	0.03648614711025321	0.05263422026266306	0	<ORIGINAL_WORKSPACE>/OpenROAD-flow-scripts/flow/reports/asap7/aes/place_batch_20260421_220319/dpl_evolve_baseline/openroad_dpl_hpwl_only_9case_bo_place_batch_20260421_220319_aes_asap7_trial_86058b08_6fd0c635b754/metrics.json	66	256	0	0.9496833126617807	0.3019052417971881	0.8103652997378772	110.8344769152606	246	3444	1.3073110011213092	2.50 1.75 1.25 1.08
861c4c69	ok	41812.2	41812.2	42207.8	-0.9372675192737024	7.596	1.425140712945591	0.5404917757266137	0.9372675192737024	0.39677574354708883	0	<ORIGINAL_WORKSPACE>/OpenROAD-flow-scripts/flow/reports/asap7/aes/place_batch_20260421_220319/dpl_evolve_baseline/openroad_dpl_hpwl_only_9case_bo_place_batch_20260421_220319_aes_asap7_trial_861c4c69_842b1273b602/metrics.json	54	64 8	0	0.32001044561433556	0.43379451251078704	1.8722575889809305	119.71470659387099	175	1844	1.15980724047435	omit
864e6000	ok	42179.5	42179.5	42207.8	-0.06704921839092043	6.285	1.179174484052533	-0.03445237289804172	0.06704921839092041	0.10150159128896213	0	<ORIGINAL_WORKSPACE>/OpenROAD-flow-scripts/flow/reports/asap7/aes/place_batch_20260421_220319/dpl_evolve_baseline/openroad_dpl_hpwl_only_9case_bo_place_batch_20260421_220319_aes_asap7_trial_864e6000_ecbf72861f94/metrics.json	61	128	0	0.4473790224761186	0.80274599740012	0.4392653347997034	129.19499566235052	605	2865	1.1005693776403422	omit
87157937	ok	41847.3	41847.3	42207.8	-0.8541075346263012	7.639	1.4332082551594747	0.4480976839139906	0.8541075346263013	0.4060098507123107	0	<ORIGINAL_WORKSPACE>/OpenROAD-flow-scripts/flow/reports/asap7/aes/place_batch_20260421_220319/dpl_evolve_baseline/openroad_dpl_hpwl_only_9case_bo_place_batch_20260421_220319_aes_asap7_trial_87157937_5b477e4a5506/metrics.json	43	64 8	0	0.13210749946222033	0.07424485347840788	1.48840564964866	123.89790088877517	229	945	1.0636582951666846	1.25 1.10 1.04
872fb56a	ok	41851.6	41851.6	42207.8	-0.8439198441994237	7.819	1.4669793621013132	0.399534809864663	0.8439198441994237	0.4443850343347607	0	<ORIGINAL_WORKSPACE>/OpenROAD-flow-scripts/flow/reports/asap7/aes/place_batch_20260421_220319/dpl_evolve_baseline/openroad_dpl_hpwl_only_9case_bo_place_batch_20260421_220319_aes_asap7_trial_872fb56a_3d71bd914fde/metrics.json	52	64 8	0	0.2352031705427798	1.1087057104338962	1.0142582212346947	86.7613515220946	54	561	1.8239571360354678	1.50 1.25 1.10 1.04
8768532f	ok	42179.5	42179.5	42207.8	-0.06704921839092043	5.992	1.124202626641651	0.03564466576894914	0.06704921839092041	0.031404552621971275	0	<ORIGINAL_WORKSPACE>/OpenROAD-flow-scripts/flow/reports/asap7/aes/place_batch_20260421_220319/dpl_evolve_baseline/openroad_dpl_hpwl_only_9case_bo_place_batch_20260421_220319_aes_asap7_trial_8768532f_c3a496150a64/metrics.json	2	32	0	0.08075951867854061	1.912158422698709	1.341898021220936	39.950730277088	281	3298	1.352047912740813	omit
87730213	ok	42013.9	42013.9	42207.8	-0.4593937613426936	8.011	1.5030018761726076	-0.02544103860690694	0.4593937613426936	0.48483479994960055	0	<ORIGINAL_WORKSPACE>/OpenROAD-flow-scripts/flow/reports/asap7/aes/place_batch_20260421_220319/dpl_evolve_baseline/openroad_dpl_hpwl_only_9case_bo_place_batch_20260421_220319_aes_asap7_trial_87730213_59ca47d5b8be/metrics.json	98	1024	1	0.011372376580981752	1.7074023424135945	0.19511039938086377	128.3735850450861	561	3296	1.4235903148295823	1.50 1.25 1.10 1.04
880353a0	ok	41841.0	41841.0	42207.8	-0.8690336857168648	7.767	1.4572232645403378	0.4356890273632071	0.8690336857168649	0.4333446583536578	0	<ORIGINAL_WORKSPACE>/OpenROAD-flow-scripts/flow/reports/asap7/aes/place_batch_20260421_220319/dpl_evolve_baseline/openroad_dpl_hpwl_only_9case_bo_place_batch_20260421_220319_aes_asap7_trial_880353a0_5f4a76c29403/metrics.json	71	64 8	0	0.16336542265453052	0.8518717704192584	0.9133668109670076	89.02006756308744	171	2663	1.4045288616569993	1.75 1.35 1.15 1.05
88d3e9c8	ok	41842.6	41842.6	42207.8	-0.8652429171859332	7.798	1.4630393996247655	0.42531206362900775	0.8652429171859333	0.4399308535569255	0	<ORIGINAL_WORKSPACE>/OpenROAD-flow-scripts/flow/reports/asap7/aes/place_batch_20260421_220319/dpl_evolve_baseline/openroad_dpl_hpwl_only_9case_bo_place_batch_20260421_220319_aes_asap7_trial_88d3e9c8_56c096d3a9b4/metrics.json	72	64 8	0	0.348366386630777	0.8009616610286985	0.17191800853934308	147.28170398025927	678	2113	1.2368413176422564	1.75 1.35 1.15 1.05
898a3dda	ok	41813.6	41813.6	42207.8	-0.9339505968091308	7.575	1.4212007504690432	0.5416940322888745	0.9339505968091308	0.39225656452025637	0	<ORIGINAL_WORKSPACE>/OpenROAD-flow-scripts/flow/reports/asap7/aes/place_batch_20260421_220319/dpl_evolve_baseline/openroad_dpl_hpwl_only_9case_bo_place_batch_20260421_220319_aes_asap7_trial_898a3dda_57554ad23bb4/metrics.json	61	64 8	0	0.9314309239894981	0.6250080919959076	1.4988964333037407	122.55215476718999	386	116	1.0135035047678478	2.50 1.75 1.25 1.08
8a25e277	ok	41793.9	41793.9	42207.8	-0.9806244343462617	7.911	1.4842401500938085	0.5167959837201932	0.9806244343462617	0.4638284506260685	0	<ORIGINAL_WORKSPACE>/OpenROAD-flow-scripts/flow/reports/asap7/aes/place_batch_20260421_220319/dpl_evolve_baseline/openroad_dpl_hpwl_only_9case_bo_place_batch_20260421_220319_aes_asap7_trial_8a25e277_e13e7ec708e3/metrics.json	7	64 8	0	0.8972864300426018	1.4945738973554552	1.5721335417115656	122.90078073956677	699	1712	1.325767403581653	1.50 1.25 1.10 1.04
8a7244c2	ok	41827.3	41827.3	42207.8	-0.9014921412629893	7.917	1.4853658536585366	0.4363995788261569	0.9014921412629893	0.4650925624368324	0	<ORIGINAL_WORKSPACE>/OpenROAD-flow-scripts/flow/reports/asap7/aes/place_batch_20260421_220319/dpl_evolve_baseline/openroad_dpl_hpwl_only_9case_bo_place_batch_20260421_220319_aes_asap7_trial_8a7244c2_417de6fe059c/metrics.json	44	64 8	0	0.8156943810224146	0.04574257549514038	0.6434448818161181	135.8394776034519	463	1802	1.0886800293277976	2.50 1.75 1.25 1.08
8adf7d79	ok	41840.9	41840.9	42207.8	-0.8692706087500449	7.515	1.4099437148217635	0.489960614723404	0.8692706087500448	0.3793099940266408	0	<ORIGINAL_WORKSPACE>/OpenROAD-flow-scripts/flow/reports/asap7/aes/place_batch_20260421_220319/dpl_evolve_baseline/openroad_dpl_hpwl_only_9case_bo_place_batch_20260421_220319_aes_asap7_trial_8adf7d79_77a1c7043c0e/metrics.json	4	64 8	0	0.14593733852440682	1.8171747614044846	1.8623143433810816	110.89483466773397	200	2939	1.6269260481748817	2.50 1.75 1.25 1.08
8bc89e19	ok	41805.1	41805.1	42207.8	-0.9540890546297233	7.812	1.4656660412757974	0.5111880818713901	0.9540890546297233	0.4429009727583331	0	<ORIGINAL_WORKSPACE>/OpenROAD-flow-scripts/flow/reports/asap7/aes/place_batch_20260421_220319/dpl_evolve_baseline/openroad_dpl_hpwl_only_9case_bo_place_batch_20260421_220319_aes_asap7_trial_8bc89e19_fb8efccf3ca2/metrics.json	46	64 8	0	0.7202149372272278	1.5453729971056687	1.8975973578180918	67.81715487455162	791	3747	1.5133634712446722	1.50 1.25 1.10 1.04
8bf9ab60	ok	41810.2	41810.2	42207.8	-0.9420059799373712	7.977	1.4966228893058162	0.46429855063875625	0.9420059799373712	0.477707429298615	0	<ORIGINAL_WORKSPACE>/OpenROAD-flow-scripts/flow/reports/asap7/aes/place_batch_20260421_220319/dpl_evolve_baseline/openroad_dpl_hpwl_only_9case_bo_place_batch_20260421_220319_aes_asap7_trial_8bf9ab60_a84dd6d49f92/metrics.json	16	64 8	0	0.6003926824701064	0.5040986879250919	0.31583269953533916	128.36797620909113	950	3279	1.2710915268607554	1.04
8c535419	ok	42198.2	42198.2	42207.8	-0.02274461118562403	6.265	1.175422138836773	-0.0740248625761698	0.02274461118562403	0.09676947376179383	0	<ORIGINAL_WORKSPACE>/OpenROAD-flow-scripts/flow/reports/asap7/aes/place_batch_20260421_220319/dpl_evolve_baseline/openroad_dpl_hpwl_only_9case_bo_place_batch_20260421_220319_aes_asap7_trial_8c535419_46a35361beac/metrics.json	28	128	0	0.455151297052549	1.7585142834964638	1.352460116461543	149.22529480724427	720	1902	1.5586390558134275	1.50 1.25 1.10 1.04
8fbdf969	ok	42179.5	42179.5	42207.8	-0.06704921839092043	5.89	1.1050656660412757	0.06044780493304691	0.06704921839092041	0.006601413457873501	0	<ORIGINAL_WORKSPACE>/OpenROAD-flow-scripts/flow/reports/asap7/aes/place_batch_20260421_220319/dpl_evolve_baseline/openroad_dpl_hpwl_only_9case_bo_place_batch_20260421_220319_aes_asap7_trial_8fbdf969_e1eaec6f79bf/metrics.json	38	32	0	0.13216114194293815	0.41290811777886605	0.19856817761302625	76.18825499179312	351	1492	1.1080653286972368	1.75 1.35 1.15 1.05
90bce2e1	ok	41891.6	41891.6	42207.8	-0.7491506309260477	7.59	1.424015009380863	0.3536654432555093	0.7491506309260476	0.3954851876705383	0	<ORIGINAL_WORKSPACE>/OpenROAD-flow-scripts/flow/reports/asap7/aes/place_batch_20260421_220319/dpl_evolve_baseline/openroad_dpl_hpwl_only_9case_bo_place_batch_20260421_220319_aes_asap7_trial_90bce2e1_9629da03e5d0/metrics.json	71	64 8	1	0.7078331532139363	1.2195228324940621	1.9622093179898101	87.40738394332794	213	3769	1.2663937064816937	1.75 1.35 1.15 1.05
9285d952	ok	42149.8	42149.8	42207.8	-0.13741535924639522	5.984	1.1227016885553471	0.10794848355709921	0.1374153592463952	0.029466875689295985	0	<ORIGINAL_WORKSPACE>/OpenROAD-flow-scripts/flow/reports/asap7/aes/place_batch_20260421_220319/dpl_evolve_baseline/openroad_dpl_hpwl_only_9case_bo_place_batch_20260421_220319_aes_asap7_trial_9285d952_04c3be2f1c41/metrics.json	48	64	0	0.6313989244199268	1.568378761856287	1.8395091127666936	84.27191029903042	786	3876	1.66369006642869	2.50 1.75 1.25 1.08
931f68ca	ok	41821.1	41821.1	42207.8	-0.9161813693203729	7.554	1.4172607879924954	0.5284502523890817	0.9161813693203729	0.3877311169312911	0	<ORIGINAL_WORKSPACE>/OpenROAD-flow-scripts/flow/reports/asap7/aes/place_batch_20260421_220319/dpl_evolve_baseline/openroad_dpl_hpwl_only_9case_bo_place_batch_20260421_220319_aes_asap7_trial_931f68ca_1e3297a4c03a/metrics.json	33	64 8	0	0.5523735708701145	1.1888452233047984	0.9652931347525515	124.23457117240272	136	448	1.4832888592336708	1.75 1.35 1.15 1.05
96a76cb2	ok	41978.2	41978.2	42207.8	-0.543975284189192	7.518	1.4105065666041274	0.16401673685313167	0.543975284189192	0.3799585473360604	0	<ORIGINAL_WORKSPACE>/OpenROAD-flow-scripts/flow/reports/asap7/aes/place_batch_20260421_220319/dpl_evolve_baseline/openroad_dpl_hpwl_only_9case_bo_place_batch_20260421_220319_aes_asap7_trial_96a76cb2_b909d38cafbf/metrics.json	24	128 16	1	0.7080048843824965	0.3734862855882606	1.6299404444810608	145.81777389052385	722	1948	1.0794050541798388	1.25 1.10 1.04
97f736ba	ok	41821.4	41821.4	42207.8	-0.9154706002208156	7.663	1.4377110694183866	0.5043181284003874	0.9154706002208156	0.41115247182042824	0	<ORIGINAL_WORKSPACE>/OpenROAD-flow-scripts/flow/reports/asap7/aes/place_batch_20260421_220319/dpl_evolve_baseline/openroad_dpl_hpwl_only_9case_bo_place_batch_20260421_220319_aes_asap7_trial_97f736ba_92c4bb0d5cca/metrics.json	59	64 8	0	0.785121582474327	0.02055055328003455	1.6808380385322823	148.93712763690294	219	2995	1.3044522662428728	2.50 1.75 1.25 1.08
99052469	ok	42171.8	42171.8	42207.8	-0.0852922919460384	6.211	1.1652908067542214	0.0013373972625228686	0.0852922919460384	0.08395489468351554	0	<ORIGINAL_WORKSPACE>/OpenROAD-flow-scripts/flow/reports/asap7/aes/place_batch_20260421_220319/dpl_evolve_baseline/openroad_dpl_hpwl_only_9case_bo_place_batch_20260421_220319_aes_asap7_trial_99052469_2d246c623927/metrics.json	15	omit	0	0.5219282406413948	1.809380079831001	1.730977760086607	127.99465157512303	303	1368	1.4223285211348529	1.04
993db794	ok	41806.5	41806.5	42207.8	-0.9507721321651517	7.799	1.4632270168855535	0.5106290388629353	0.9507721321651517	0.4401430933022163	0	<ORIGINAL_WORKSPACE>/OpenROAD-flow-scripts/flow/reports/asap7/aes/place_batch_20260421_220319/dpl_evolve_baseline/openroad_dpl_hpwl_only_9case_bo_place_batch_20260421_220319_aes_asap7_trial_993db794_d48552210f72/metrics.json	73	64 8	0	0.8788862372452895	0.5071563030522563	0.443053414592273	148.00296811330549	119	1933	1.3180519340948427	2.50 1.75 1.25 1.08
9adfbac5	ok	42200.4	42200.4	42207.8	-0.017532304455578008	5.983	1.122514071294559	-0.011692270568481516	0.017532304455578008	0.029224575024059524	0	<ORIGINAL_WORKSPACE>/OpenROAD-flow-scripts/flow/reports/asap7/aes/place_batch_20260421_220319/dpl_evolve_baseline/openroad_dpl_hpwl_only_9case_bo_place_batch_20260421_220319_aes_asap7_trial_9adfbac5_47870ecad0a0/metrics.json	36	32	0	0.9318625396049038	0.15606045749178604	0.7613572053132197	142.32688127137237	454	1996	1.1344543276859105	1.50 1.25 1.10 1.04
9c406c6d	ok	41871.8	41871.8	42207.8	-0.7960613914963585	7.76	1.4559099437148217	0.3642057565544708	0.7960613914963585	0.43185563494188767	0	<ORIGINAL_WORKSPACE>/OpenROAD-flow-scripts/flow/reports/asap7/aes/place_batch_20260421_220319/dpl_evolve_baseline/openroad_dpl_hpwl_only_9case_bo_place_batch_20260421_220319_aes_asap7_trial_9c406c6d_c85cbbc23245/metrics.json	21	64 8	0	0.6725868508760567	0.5031776408636538	0.45289455741967377	149.81147624757924	506	2101	1.0141879945136685	1.50 1.25 1.10 1.04
9c9ca9d8	ok	42200.9	42200.9	42207.8	-0.01634768928966081	6.104	1.1452157598499062	-0.04204973187109169	0.016347689289660808	0.0583974211607525	0	<ORIGINAL_WORKSPACE>/OpenROAD-flow-scripts/flow/reports/asap7/aes/place_batch_20260421_220319/dpl_evolve_baseline/openroad_dpl_hpwl_only_9case_bo_place_batch_20260421_220319_aes_asap7_trial_9c9ca9d8_19dcf2e083b7/metrics.json	19	1024 128	0	0.6538454112329477	0.5541345093152611	0.29538444105806977	116.2164505040448	1030	2750	1.0178874676008784	2.00 1.50 1.20 1.05
9cc9a3c4	ok	42183.0	42183.0	42207.8	-0.058756912229500025	5.891	1.1052532833020638	0.05191129285938937	0.05875691222950002	0.006845619370110647	0	<ORIGINAL_WORKSPACE>/OpenROAD-flow-scripts/flow/reports/asap7/aes/place_batch_20260421_220319/dpl_evolve_baseline/openroad_dpl_hpwl_only_9case_bo_place_batch_20260421_220319_aes_asap7_trial_9cc9a3c4_34e0dc627824/metrics.json	92	256 32	0	0.48967356590883865	0.04699424653274323	1.4743572536611709	116.06657279807433	483	2665	1.0753193782663877	1.25 1.10 1.04
9d156d03	ok	41817.9	41817.9	42207.8	-0.9237629063822361	7.656	1.4363977485928705	0.5141095328039205	0.923762906382236	0.4096533735783155	0	<ORIGINAL_WORKSPACE>/OpenROAD-flow-scripts/flow/reports/asap7/aes/place_batch_20260421_220319/dpl_evolve_baseline/openroad_dpl_hpwl_only_9case_bo_place_batch_20260421_220319_aes_asap7_trial_9d156d03_2c2886cf8b66/metrics.json	75	64 8	0	0.07207968276266083	1.7338951497301085	0.5045782000135388	109.68940471714934	725	2139	1.5746799202797384	1.50 1.25 1.10 1.04
9d6e8c4c	ok	42203.9	42203.9	42207.8	-0.009239998294157609	5.944	1.1151969981238274	-0.010519005467105179	0.009239998294157607	0.019759003761262786	0	<ORIGINAL_WORKSPACE>/OpenROAD-flow-scripts/flow/reports/asap7/aes/place_batch_20260421_220319/dpl_evolve_baseline/openroad_dpl_hpwl_only_9case_bo_place_batch_20260421_220319_aes_asap7_trial_9d6e8c4c_437a4c7ca6b1/metrics.json	24	512	0	0.122408366531777	1.3684741740508946	1.6676404303285863	30.10887564835957	100	1655	1.036725312653324	1.10 1.04
9e6f649a	ok	41898.8	41898.8	42207.8	-0.7320921725368296	7.713	1.447091932457786	0.31025170810624947	0.7320921725368297	0.4218404644305802	0	<ORIGINAL_WORKSPACE>/OpenROAD-flow-scripts/flow/reports/asap7/aes/place_batch_20260421_220319/dpl_evolve_baseline/openroad_dpl_hpwl_only_9case_bo_place_batch_20260421_220319_aes_asap7_trial_9e6f649a_1072698d1812/metrics.json	16	64 8	1	0.7106487137443621	1.7876371795117936	1.8075800827995667	127.9565099984076	541	1877	1.0678635973760917	1.50 1.25 1.10 1.04
9e70594e	ok	42166.4	42166.4	42207.8	-0.0980861357379476	5.905	1.1078799249530957	0.08782380744506642	0.09808613573794761	0.01026232829288119	0	<ORIGINAL_WORKSPACE>/OpenROAD-flow-scripts/flow/reports/asap7/aes/place_batch_20260421_220319/dpl_evolve_baseline/openroad_dpl_hpwl_only_9case_bo_place_batch_20260421_220319_aes_asap7_trial_9e70594e_8d50424fbaa7/metrics.json	60	1024	0	0.9356613007642526	0.09698876467762821	1.5567448993274482	103.56155908970825	816	1391	1.272407212413575	omit
9f1a1867	ok	41871.8	41871.8	42207.8	-0.7960613914963585	7.773	1.4583489681050656	0.3614409613288509	0.7960613914963585	0.43462043016750757	0	<ORIGINAL_WORKSPACE>/OpenROAD-flow-scripts/flow/reports/asap7/aes/place_batch_20260421_220319/dpl_evolve_baseline/openroad_dpl_hpwl_only_9case_bo_place_batch_20260421_220319_aes_asap7_trial_9f1a1867_1f26edf8b9c2/metrics.json	21	64 8	0	0.5723065754564319	0.5594324411599744	0.3599740288973523	117.20372264181836	846	3825	1.500916972441343	1.04
9fb9c6b1	ok	41870.3	41870.3	42207.8	-0.79961523699411	7.89	1.4803001876172608	0.3402149570855628	0.7996152369941101	0.45940027990854726	0	<ORIGINAL_WORKSPACE>/OpenROAD-flow-scripts/flow/reports/asap7/aes/place_batch_20260421_220319/dpl_evolve_baseline/openroad_dpl_hpwl_only_9case_bo_place_batch_20260421_220319_aes_asap7_trial_9fb9c6b1_09568d38c15e/metrics.json	57	64 8	0	0.2683517727654778	1.3977543029045467	0.8520670400649294	139.1234518834826	105	3377	1.2135290273001176	1.25 1.10 1.04
a295b198	ok	42188.6	42188.6	42207.8	-0.04548922237123083	6.097	1.1439024390243904	-0.011228437394307546	0.04548922237123083	0.05671765976553837	0	<ORIGINAL_WORKSPACE>/OpenROAD-flow-scripts/flow/reports/asap7/aes/place_batch_20260421_220319/dpl_evolve_baseline/openroad_dpl_hpwl_only_9case_bo_place_batch_20260421_220319_aes_asap7_trial_a295b198_88854ab6d59c/metrics.json	123	128 16	0	0.6632917260040094	0.4749528392080177	0.31048543180461896	112.55080088664764	250	3003	1.3310710793474567	1.50 1.25 1.10 1.04
a2fe753d	ok	41851.6	41851.6	42207.8	-0.8439198441994237	7.597	1.425328330206379	0.4469290575667629	0.8439198441994237	0.3969907866326608	0	<ORIGINAL_WORKSPACE>/OpenROAD-flow-scripts/flow/reports/asap7/aes/place_batch_20260421_220319/dpl_evolve_baseline/openroad_dpl_hpwl_only_9case_bo_place_batch_20260421_220319_aes_asap7_trial_a2fe753d_d5b0c465b16d/metrics.json	52	64 8	0	0.46038842533548874	1.9161926849698392	1.5034229033100694	115.41583280821321	174	933	1.4333014443645598	1.25 1.10 1.04
a3cff04f	ok	42175.0	42175.0	42207.8	-0.07771075488417521	6.302	1.1823639774859287	-0.02780721973539664	0.07771075488417521	0.10551797461957185	0	<ORIGINAL_WORKSPACE>/OpenROAD-flow-scripts/flow/reports/asap7/aes/place_batch_20260421_220319/dpl_evolve_baseline/openroad_dpl_hpwl_only_9case_bo_place_batch_20260421_220319_aes_asap7_trial_a3cff04f_40b55504d2f1/metrics.json	41	1024 128	0	0.940102137367784	1.7801201086534544	1.815284946791267	80.0559573476207	695	3907	1.2721347159256156	1.75 1.35 1.15 1.05
a4277102	ok	41933.7	41933.7	42207.8	-0.6494060339558229	7.736	1.4514071294559099	0.2226607275320338	0.6494060339558229	0.42674530642378905	0	<ORIGINAL_WORKSPACE>/OpenROAD-flow-scripts/flow/reports/asap7/aes/place_batch_20260421_220319/dpl_evolve_baseline/openroad_dpl_hpwl_only_9case_bo_place_batch_20260421_220319_aes_asap7_trial_a4277102_bb89aa57555b/metrics.json	88	64 8	1	0.2514168738363263	1.1296398688452802	0.21928201632488362	147.4017169337437	210	1675	1.102852438892776	1.75 1.35 1.15 1.05
a4bb0c92	ok	42206.2	42206.2	42207.8	-0.0037907685309488313	6.213	1.1656660412757973	-0.08063973127923361	0.003790768530948831	0.08443049981018244	0	<ORIGINAL_WORKSPACE>/OpenROAD-flow-scripts/flow/reports/asap7/aes/place_batch_20260421_220319/dpl_evolve_baseline/openroad_dpl_hpwl_only_9case_bo_place_batch_20260421_220319_aes_asap7_trial_a4bb0c92_912b04555b1c/metrics.json	32	256 32	0	0.4570239616660087	0.7644059107733888	1.279773722413449	83.49088372838128	202	846	1.7027856540469508	1.25 1.10 1.04
a5198324	ok	41822.4	41822.4	42207.8	-0.9131013698889813	7.635	1.4324577861163226	0.5079494076912932	0.9131013698889813	0.40515196219768806	0	<ORIGINAL_WORKSPACE>/OpenROAD-flow-scripts/flow/reports/asap7/aes/place_batch_20260421_220319/dpl_evolve_baseline/openroad_dpl_hpwl_only_9case_bo_place_batch_20260421_220319_aes_asap7_trial_a5198324_2e2083626828/metrics.json	29	64 8	0	0.5368560297772034	0.901255434103454	0.07251153024054224	128.19858705503756	888	3241	1.295486291232122	1.25 1.10 1.04
a61bf675	ok	42150.4	42150.4	42207.8	-0.135993821047298	5.801	1.0883677298311445	0.135993821047298	0.135993821047298	0.0	0	<ORIGINAL_WORKSPACE>/OpenROAD-flow-scripts/flow/reports/asap7/aes/place_batch_20260421_220319/dpl_evolve_baseline/openroad_dpl_hpwl_only_9case_bo_place_batch_20260421_220319_aes_asap7_trial_a61bf675_ef4fa0252eb5/metrics.json	2	256 32	0	0.6987519204086542	0.5232164147228845	0.5769719070773758	79.39096342202932	605	3187	1.4160319931541654	1.04
a6a0e7ed	ok	41810.2	41810.2	42207.8	-0.9420059799373712	7.734	1.451031894934334	0.5156868918124204	0.9420059799373712	0.42631908812495084	0	<ORIGINAL_WORKSPACE>/OpenROAD-flow-scripts/flow/reports/asap7/aes/place_batch_20260421_220319/dpl_evolve_baseline/openroad_dpl_hpwl_only_9case_bo_place_batch_20260421_220319_aes_asap7_trial_a6a0e7ed_cc4a23c63068/metrics.json	16	64 8	0	0.6783084169619665	0.6005530564063272	0.4395059824098724	113.88998729207132	829	3228	1.1860374287836022	2.00 1.50 1.20 1.05
a85739bf	ok	41837.1	41837.1	42207.8	-0.8782736840110226	7.812	1.4656660412757974	0.43537271125268934	0.8782736840110225	0.4429009727583331	0	<ORIGINAL_WORKSPACE>/OpenROAD-flow-scripts/flow/reports/asap7/aes/place_batch_20260421_220319/dpl_evolve_baseline/openroad_dpl_hpwl_only_9case_bo_place_batch_20260421_220319_aes_asap7_trial_a85739bf_d0128411d20d/metrics.json	35	64 8	0	0.8791163878869092	1.7495500062775653	1.9127277998313992	122.85497899899111	513	1178	1.5191636855879247	1.50 1.25 1.10 1.04
a8684de8	ok	42172.7	42172.7	42207.8	-0.08315998464740124	5.604	1.05140712945591	0.08315998464740124	0.08315998464740124	0.0	0	<ORIGINAL_WORKSPACE>/OpenROAD-flow-scripts/flow/reports/asap7/aes/place_batch_20260421_220319/dpl_evolve_baseline/openroad_dpl_hpwl_only_9case_bo_place_batch_20260421_220319_aes_asap7_trial_a8684de8_7789f27fd162/metrics.json	13	256 32	0	0.44789352617590517	1.8171910061861911	0.622547589328675	43.16630078795231	199	175	1.678835532939891	1.04
a968395a	ok	41870.0	41870.0	42207.8	-0.8003260060936672	7.695	1.4437148217636022	0.3823292169899584	0.8003260060936672	0.4179967891037088	0	<ORIGINAL_WORKSPACE>/OpenROAD-flow-scripts/flow/reports/asap7/aes/place_batch_20260421_220319/dpl_evolve_baseline/openroad_dpl_hpwl_only_9case_bo_place_batch_20260421_220319_aes_asap7_trial_a968395a_5c917be37c68/metrics.json	53	128 16	0	0.9142901420292711	0.8502032422853454	0.13178530482258966	99.22154696662767	888	3786	1.2494959501169405	1.50 1.25 1.10 1.04
aa5d58fb	ok	41893.2	41893.2	42207.8	-0.7453598623951161	7.835	1.4699812382739212	0.2975851798630466	0.7453598623951161	0.4477746825320695	0	<ORIGINAL_WORKSPACE>/OpenROAD-flow-scripts/flow/reports/asap7/aes/place_batch_20260421_220319/dpl_evolve_baseline/openroad_dpl_hpwl_only_9case_bo_place_batch_20260421_220319_aes_asap7_trial_aa5d58fb_d1835df06761/metrics.json	20	64 8	1	0.24475287709609253	1.877311998425998	0.5641483120942974	75.7120365009743	946	3808	1.7715583174771623	1.25 1.10 1.04
aa631220	ok	42200.4	42200.4	42207.8	-0.017532304455578008	5.664	1.0626641651031894	0.017532304455578008	0.017532304455578008	0.0	0	<ORIGINAL_WORKSPACE>/OpenROAD-flow-scripts/flow/reports/asap7/aes/place_batch_20260421_220319/dpl_evolve_baseline/openroad_dpl_hpwl_only_9case_bo_place_batch_20260421_220319_aes_asap7_trial_aa631220_0dffcca71dd4/metrics.json	7	512	0	0.9169947075912935	1.5330565621531587	1.8134095378353268	80.18655721181706	77	2985	1.738821053486117	1.50 1.25 1.10 1.04
aa88c48e	ok	42194.4	42194.4	42207.8	-0.031747686446584406	6.035	1.1322701688555348	-0.010049790036898924	0.03174768644658441	0.04179747648348334	0	<ORIGINAL_WORKSPACE>/OpenROAD-flow-scripts/flow/reports/asap7/aes/place_batch_20260421_220319/dpl_evolve_baseline/openroad_dpl_hpwl_only_9case_bo_place_batch_20260421_220319_aes_asap7_trial_aa88c48e_113319f0c646/metrics.json	74	256	0	0.40272332532114613	1.194108275534128	1.415089390938024	87.06399707570456	152	352	1.6987767426938643	1.04
aae608ab	ok	41908.8	41908.8	42207.8	-0.7083998692184856	7.867	1.475984990619137	0.2538562575282922	0.7083998692184856	0.4545436116901934	0	<ORIGINAL_WORKSPACE>/OpenROAD-flow-scripts/flow/reports/asap7/aes/place_batch_20260421_220319/dpl_evolve_baseline/openroad_dpl_hpwl_only_9case_bo_place_batch_20260421_220319_aes_asap7_trial_aae608ab_2dc517b8c004/metrics.json	19	512 64	0	0.651304332340991	1.407033976305306	1.2399695846609278	119.94228926040421	89	3104	1.731728600739527	1.04
ab08266e	ok	42181.3	42181.3	42207.8	-0.0627846037936116	6.312	1.1842401500938087	-0.04509341902393724	0.0627846037936116	0.10787802281754884	0	<ORIGINAL_WORKSPACE>/OpenROAD-flow-scripts/flow/reports/asap7/aes/place_batch_20260421_220319/dpl_evolve_baseline/openroad_dpl_hpwl_only_9case_bo_place_batch_20260421_220319_aes_asap7_trial_ab08266e_842d738a1db5/metrics.json	54	omit	0	0.6704675101784022	0.8346096047342539	1.1394451654692157	21.058040789285066	278	3223	1.9682615757193975	2.00 1.50 1.20 1.05
abebfe5c	ok	41826.8	41826.8	42207.8	-0.9026767564289064	8.196	1.5377110694183864	0.37932298007154763	0.9026767564289064	0.5233537763573588	0	<ORIGINAL_WORKSPACE>/OpenROAD-flow-scripts/flow/reports/asap7/aes/place_batch_20260421_220319/dpl_evolve_baseline/openroad_dpl_hpwl_only_9case_bo_place_batch_20260421_220319_aes_asap7_trial_abebfe5c_f08f6e6abdf6/metrics.json	11	64 8	0	0.36770147673791176	1.646407798368803	1.4608033563287675	77.64468373766233	547	3212	1.5759097306108902	2.00 1.50 1.20 1.05
ae291c21	ok	41966.0	41966.0	42207.8	-0.5728798942375648	8.427	1.5810506566604126	0.0020347134153239077	0.5728798942375648	0.5708451808222409	0	<ORIGINAL_WORKSPACE>/OpenROAD-flow-scripts/flow/reports/asap7/aes/place_batch_20260421_220319/dpl_evolve_baseline/openroad_dpl_hpwl_only_9case_bo_place_batch_20260421_220319_aes_asap7_trial_ae291c21_01015f09b10d/metrics.json	3	512 64	1	0.23297427384102043	1.6142103912375583	0.8063282559251349	129.5312781839143	909	2269	1.136455225660685	1.25 1.10 1.04
aef974bd	ok	41801.3	41801.3	42207.8	-0.9630921298906836	7.888	1.4799249530956848	0.5041138877061685	0.9630921298906836	0.4589782421845151	0	<ORIGINAL_WORKSPACE>/OpenROAD-flow-scripts/flow/reports/asap7/aes/place_batch_20260421_220319/dpl_evolve_baseline/openroad_dpl_hpwl_only_9case_bo_place_batch_20260421_220319_aes_asap7_trial_aef974bd_4598ee2c4e39/metrics.json	69	64 8	0	0.9134993171971464	0.16964625097578692	0.2813800155886804	122.01808988790532	530	3606	1.1105288692903843	1.50 1.25 1.10 1.04
afcf70e2	ok	41830.1	41830.1	42207.8	-0.8948582963338633	7.7	1.4446529080675423	0.47579336910889486	0.8948582963338633	0.4190649272249684	0	<ORIGINAL_WORKSPACE>/OpenROAD-flow-scripts/flow/reports/asap7/aes/place_batch_20260421_220319/dpl_evolve_baseline/openroad_dpl_hpwl_only_9case_bo_place_batch_20260421_220319_aes_asap7_trial_afcf70e2_8b54ca8cfc92/metrics.json	12	64 8	0	0.9414349296236432	0.3193716804471389	1.2815804158144264	81.45290451320047	769	1292	1.0667811187999985	2.50 1.75 1.25 1.08
b05828fd	ok	41900.0	41900.0	42207.8	-0.7292490961386353	7.556	1.4176360225140714	0.34108671341057867	0.7292490961386352	0.38816238272805653	0	<ORIGINAL_WORKSPACE>/OpenROAD-flow-scripts/flow/reports/asap7/aes/place_batch_20260421_220319/dpl_evolve_baseline/openroad_dpl_hpwl_only_9case_bo_place_batch_20260421_220319_aes_asap7_trial_b05828fd_2330676ff4a3/metrics.json	54	64 8	1	0.7601640025384792	0.5444581980037532	0.5836448964619914	117.33415104235118	1089	3466	1.3075291181579107	1.04
b09bc9a7	ok	41838.4	41838.4	42207.8	-0.8751936845796308	7.667	1.4384615384615385	0.4631848925978916	0.8751936845796309	0.4120087919817393	0	<ORIGINAL_WORKSPACE>/OpenROAD-flow-scripts/flow/reports/asap7/aes/place_batch_20260421_220319/dpl_evolve_baseline/openroad_dpl_hpwl_only_9case_bo_place_batch_20260421_220319_aes_asap7_trial_b09bc9a7_be2c279db81f/metrics.json	42	64 8	0	0.7932630183987189	0.7084023477796608	1.1164478506417055	82.66370324054998	596	3207	1.0053020162208912	omit
b0fc2240	ok	41871.8	41871.8	42207.8	-0.7960613914963585	9.202	1.726454033771107	0.07046284342435172	0.7960613914963585	0.7255985480720067	0	<ORIGINAL_WORKSPACE>/OpenROAD-flow-scripts/flow/reports/asap7/aes/place_batch_20260421_220319/dpl_evolve_baseline/openroad_dpl_hpwl_only_9case_bo_place_batch_20260421_220319_aes_asap7_trial_b0fc2240_fe69453f8bb2/metrics.json	21	64 8	0	0.45807590326992825	0.22983455840448602	1.4105416410705278	121.68009781943937	253	2340	1.0933001362281949	1.75 1.35 1.15 1.05
b12c00c1	ok	41916.3	41916.3	42207.8	-0.6906306417297277	7.572	1.4206378986866792	0.29902018532452745	0.6906306417297277	0.3916104564052002	0	<ORIGINAL_WORKSPACE>/OpenROAD-flow-scripts/flow/reports/asap7/aes/place_batch_20260421_220319/dpl_evolve_baseline/openroad_dpl_hpwl_only_9case_bo_place_batch_20260421_220319_aes_asap7_trial_b12c00c1_3b7391e4399a/metrics.json	75	64 8	1	0.13148946176981455	0.8041293114983064	0.45695672962177014	71.72884333346038	729	3115	1.4466754742467127	1.75 1.35 1.15 1.05
b1d33b7d	ok	41833.0	41833.0	42207.8	-0.88798752837154	7.941	1.4898686679174484	0.4178433024674747	0.88798752837154	0.47014422590406535	0	<ORIGINAL_WORKSPACE>/OpenROAD-flow-scripts/flow/reports/asap7/aes/place_batch_20260421_220319/dpl_evolve_baseline/openroad_dpl_hpwl_only_9case_bo_place_batch_20260421_220319_aes_asap7_trial_b1d33b7d_42259eb602b1/metrics.json	2	64 8	0	0.18744126276538153	1.3024725834122304	1.2051405491967182	77.01968794303544	81	2037	1.261908945494087	omit
b1f0de64	ok	41810.2	41810.2	42207.8	-0.9420059799373712	7.812	1.4656660412757974	0.4991050071790381	0.9420059799373712	0.4429009727583331	0	<ORIGINAL_WORKSPACE>/OpenROAD-flow-scripts/flow/reports/asap7/aes/place_batch_20260421_220319/dpl_evolve_baseline/openroad_dpl_hpwl_only_9case_bo_place_batch_20260421_220319_aes_asap7_trial_b1f0de64_b1607fdca9da/metrics.json	16	64 8	0	0.9219678121810989	1.8380298757091516	1.8484641876885235	104.97882622848402	585	2084	1.394772215975341	1.50 1.25 1.10 1.04
b2835211	ok	41905.8	41905.8	42207.8	-0.7155075602139889	8.153	1.5296435272045028	0.20106773985224002	0.7155075602139889	0.5144398203617488	0	<ORIGINAL_WORKSPACE>/OpenROAD-flow-scripts/flow/reports/asap7/aes/place_batch_20260421_220319/dpl_evolve_baseline/openroad_dpl_hpwl_only_9case_bo_place_batch_20260421_220319_aes_asap7_trial_b2835211_6fbdfad4b2b3/metrics.json	13	64 8	1	0.7860620732319291	1.2651311510117593	1.7332470094911503	137.77919446611193	1136	1596	1.2139309957637283	1.50 1.25 1.10 1.04
b4212754	ok	41961.2	41961.2	42207.8	-0.5842521998303768	8.031	1.5067542213883678	0.0952318928511326	0.5842521998303769	0.4890203069792443	0	<ORIGINAL_WORKSPACE>/OpenROAD-flow-scripts/flow/reports/asap7/aes/place_batch_20260421_220319/dpl_evolve_baseline/openroad_dpl_hpwl_only_9case_bo_place_batch_20260421_220319_aes_asap7_trial_b4212754_a0c5db633f60/metrics.json	19	1024	1	0.40239251985773583	1.809372320687246	0.12226904351036993	116.0811514080628	194	2512	1.010364261335232	1.75 1.35 1.15 1.05
b428e4a8	ok	42182.7	42182.7	42207.8	-0.05946768132905723	6.107	1.1457786116322701	0.0003506572863300958	0.059467681329057234	0.05911702404272714	0	<ORIGINAL_WORKSPACE>/OpenROAD-flow-scripts/flow/reports/asap7/aes/place_batch_20260421_220319/dpl_evolve_baseline/openroad_dpl_hpwl_only_9case_bo_place_batch_20260421_220319_aes_asap7_trial_b428e4a8_9b42cc97e018/metrics.json	67	256	0	0.6488401382448722	0.12089035674472082	0.3852834074882492	125.16751991737117	630	873	1.1063562450528353	2.50 1.75 1.25 1.08
b42c480e	ok	42172.4	42172.4	42207.8	-0.08387075374694121	5.842	1.0960600375234522	0.08387075374694121	0.08387075374694121	0.0	0	<ORIGINAL_WORKSPACE>/OpenROAD-flow-scripts/flow/reports/asap7/aes/place_batch_20260421_220319/dpl_evolve_baseline/openroad_dpl_hpwl_only_9case_bo_place_batch_20260421_220319_aes_asap7_trial_b42c480e_23e599fdb35d/metrics.json	29	64	0	0.12651389061425586	1.7956265609940978	1.6260944739734753	4.626040115028985	112	647	1.1009641932279035	2.00 1.50 1.20 1.05
b4891f46	ok	41884.1	41884.1	42207.8	-0.7669198584148057	7.428	1.3936210131332083	0.40647454454084486	0.7669198584148057	0.36044531387396084	0	<ORIGINAL_WORKSPACE>/OpenROAD-flow-scripts/flow/reports/asap7/aes/place_batch_20260421_220319/dpl_evolve_baseline/openroad_dpl_hpwl_only_9case_bo_place_batch_20260421_220319_aes_asap7_trial_b4891f46_31cb0b730c3e/metrics.json	22	512	0	0.08791728993557561	1.7126403227713214	0.5356415450011278	111.75212226227038	974	3399	1.539942026206426	1.10 1.04
b4a23227	ok	41833.4	41833.4	42207.8	-0.8870398362388029	7.743	1.452720450281426	0.4588031994774828	0.8870398362388029	0.42823663676132007	0	<ORIGINAL_WORKSPACE>/OpenROAD-flow-scripts/flow/reports/asap7/aes/place_batch_20260421_220319/dpl_evolve_baseline/openroad_dpl_hpwl_only_9case_bo_place_batch_20260421_220319_aes_asap7_trial_b4a23227_dd19cb61fdc9/metrics.json	24	64 8	0	0.18027751187581004	1.7959935231443405	1.4179808698782197	77.53402456094328	558	2879	1.2179453334518073	2.00 1.50 1.20 1.05
b8043044	ok	41818.3	41818.3	42207.8	-0.9228152142494987	7.647	1.4347091932457787	0.5150902600661348	0.9228152142494989	0.4077249541833641	0	<ORIGINAL_WORKSPACE>/OpenROAD-flow-scripts/flow/reports/asap7/aes/place_batch_20260421_220319/dpl_evolve_baseline/openroad_dpl_hpwl_only_9case_bo_place_batch_20260421_220319_aes_asap7_trial_b8043044_9dd8d11bef22/metrics.json	38	64 8	0	0.09540806757990015	1.7786047858425507	0.6075721392347605	117.72551525790615	752	3705	1.4916459836842095	1.10 1.04
b8a726f4	ok	41816.7	41816.7	42207.8	-0.9266059827804476	7.661	1.4373358348968104	0.5158817548512116	0.9266059827804477	0.4107242279292362	0	<ORIGINAL_WORKSPACE>/OpenROAD-flow-scripts/flow/reports/asap7/aes/place_batch_20260421_220319/dpl_evolve_baseline/openroad_dpl_hpwl_only_9case_bo_place_batch_20260421_220319_aes_asap7_trial_b8a726f4_60aa2dd6364c/metrics.json	6	64 8	0	0.6546020740251006	0.422977802676479	0.8359836407937211	112.25690025761101	911	2993	1.265527390221941	1.75 1.35 1.15 1.05
b959a731	ok	41879.0	41879.0	42207.8	-0.7790029331071577	7.876	1.477673545966229	0.32255804163013624	0.7790029331071576	0.4564448914770214	0	<ORIGINAL_WORKSPACE>/OpenROAD-flow-scripts/flow/reports/asap7/aes/place_batch_20260421_220319/dpl_evolve_baseline/openroad_dpl_hpwl_only_9case_bo_place_batch_20260421_220319_aes_asap7_trial_b959a731_3908a082dc78/metrics.json	83	64 8	1	0.5353645181746589	0.9339007264087443	1.5888297537264051	112.17135561332964	303	107	1.0242950026513182	1.25 1.10 1.04
b9f9b722	ok	41816.7	41816.7	42207.8	-0.9266059827804476	8.063	1.5127579737335837	0.4308996900598607	0.9266059827804477	0.495706292720587	0	<ORIGINAL_WORKSPACE>/OpenROAD-flow-scripts/flow/reports/asap7/aes/place_batch_20260421_220319/dpl_evolve_baseline/openroad_dpl_hpwl_only_9case_bo_place_batch_20260421_220319_aes_asap7_trial_b9f9b722_05cebfffbac3/metrics.json	6	64 8	0	0.2859905706286179	1.845948513136368	1.3990065527643853	138.05344356963238	557	1874	1.363386403682317	1.04
ba044bdd	ok	42192.7	42192.7	42207.8	-0.03577537801071323	6.139	1.151782363977486	-0.031006439783069648	0.03577537801071323	0.06678181779378288	0	<ORIGINAL_WORKSPACE>/OpenROAD-flow-scripts/flow/reports/asap7/aes/place_batch_20260421_220319/dpl_evolve_baseline/openroad_dpl_hpwl_only_9case_bo_place_batch_20260421_220319_aes_asap7_trial_ba044bdd_b8b1b2fc7c0e/metrics.json	34	64	0	0.5235652329907167	0.12610294372573605	0.06663396865402205	125.18119635401453	190	1964	1.0224461505137914	2.50 1.75 1.25 1.08
ba745bab	ok	41880.3	41880.3	42207.8	-0.775922933675766	8.172	1.5332082551594748	0.2575414971418929	0.775922933675766	0.5183814365338731	0	<ORIGINAL_WORKSPACE>/OpenROAD-flow-scripts/flow/reports/asap7/aes/place_batch_20260421_220319/dpl_evolve_baseline/openroad_dpl_hpwl_only_9case_bo_place_batch_20260421_220319_aes_asap7_trial_ba745bab_61cb25313098/metrics.json	59	256	0	0.1263277858751314	1.8271182564702098	0.8963168775826692	76.85264322760179	440	2773	1.226807508278371	1.10 1.04
ba7d83d3	ok	41831.0	41831.0	42207.8	-0.8927259890352088	7.705	1.4455909943714822	0.4725932704308105	0.8927259890352088	0.4201327186043983	0	<ORIGINAL_WORKSPACE>/OpenROAD-flow-scripts/flow/reports/asap7/aes/place_batch_20260421_220319/dpl_evolve_baseline/openroad_dpl_hpwl_only_9case_bo_place_batch_20260421_220319_aes_asap7_trial_ba7d83d3_b91840a7ec9a/metrics.json	39	64 8	0	0.6710960099062505	0.2538594498847086	1.7967619272759288	125.41210527411481	130	1939	1.0696526457826223	1.25 1.10 1.04
baa37d6d	ok	41929.3	41929.3	42207.8	-0.6598306474158804	7.674	1.4397748592870545	0.24632383248037887	0.6598306474158804	0.4135068149355015	0	<ORIGINAL_WORKSPACE>/OpenROAD-flow-scripts/flow/reports/asap7/aes/place_batch_20260421_220319/dpl_evolve_baseline/openroad_dpl_hpwl_only_9case_bo_place_batch_20260421_220319_aes_asap7_trial_baa37d6d_1991df9ec150/metrics.json	97	64	0	0.26910997643640194	1.3767601360054371	0.5045231512871063	144.11760732171322	712	1819	1.0324356876998122	1.50 1.25 1.10 1.04
badd4a46	ok	41821.6	41821.6	42207.8	-0.9149967541544556	7.823	1.4677298311444653	0.4697639828838897	0.9149967541544557	0.445232771270566	0	<ORIGINAL_WORKSPACE>/OpenROAD-flow-scripts/flow/reports/asap7/aes/place_batch_20260421_220319/dpl_evolve_baseline/openroad_dpl_hpwl_only_9case_bo_place_batch_20260421_220319_aes_asap7_trial_badd4a46_255a7258f7aa/metrics.json	56	64 8	0	0.6083916611072728	0.9575039056285675	0.1859960787967328	102.03105552680898	582	547	1.0514894009336788	1.75 1.35 1.15 1.05
bb5a4f59	ok	42193.1	42193.1	42207.8	-0.03482768587797603	6.137	1.1514071294559098	-0.03147566842020566	0.03482768587797602	0.06630335429818168	0	<ORIGINAL_WORKSPACE>/OpenROAD-flow-scripts/flow/reports/asap7/aes/place_batch_20260421_220319/dpl_evolve_baseline/openroad_dpl_hpwl_only_9case_bo_place_batch_20260421_220319_aes_asap7_trial_bb5a4f59_434e5045dd5c/metrics.json	71	omit	0	0.9326511943536484	0.030254025021749176	0.21710472709551254	113.76490856987643	547	3437	1.1320054616862874	1.10 1.04
bc8cbe70	ok	41810.9	41810.9	42207.8	-0.9403475187050768	7.896	1.4814258911819886	0.4796814464640261	0.9403475187050768	0.4606660722410507	0	<ORIGINAL_WORKSPACE>/OpenROAD-flow-scripts/flow/reports/asap7/aes/place_batch_20260421_220319/dpl_evolve_baseline/openroad_dpl_hpwl_only_9case_bo_place_batch_20260421_220319_aes_asap7_trial_bc8cbe70_a2b9f443d265/metrics.json	49	64 8	0	0.7171682439946381	0.23546367520472766	0.3870884143427258	147.03672176291892	314	1884	1.0872878536579031	2.50 1.75 1.25 1.08
bd8f251f	ok	42162.6	42162.6	42207.8	-0.10708921099892522	5.813	1.0906191369606002	0.10708921099892522	0.10708921099892522	0.0	0	<ORIGINAL_WORKSPACE>/OpenROAD-flow-scripts/flow/reports/asap7/aes/place_batch_20260421_220319/dpl_evolve_baseline/openroad_dpl_hpwl_only_9case_bo_place_batch_20260421_220319_aes_asap7_trial_bd8f251f_470004c109bb/metrics.json	90	64	0	0.5315800527404082	0.496479261542323	0.7476836012233461	127.89423801609244	584	423	1.5545559919793657	1.50 1.25 1.10 1.04
bdf071a5	ok	41920.0	41920.0	42207.8	-0.6818644895019472	7.813	1.4658536585365853	0.23875146725040658	0.6818644895019472	0.44311302225154064	0	<ORIGINAL_WORKSPACE>/OpenROAD-flow-scripts/flow/reports/asap7/aes/place_batch_20260421_220319/dpl_evolve_baseline/openroad_dpl_hpwl_only_9case_bo_place_batch_20260421_220319_aes_asap7_trial_bdf071a5_9206841ba557/metrics.json	101	64 8	1	0.7144237496604532	0.11427851518163834	0.05665772614871553	101.37466776419404	412	3775	1.1995587662231237	1.50 1.25 1.10 1.04
bf38c2a1	ok	42190.6	42190.6	42207.8	-0.040750761707562026	6.119	1.148030018761726	-0.02124290789363622	0.040750761707562026	0.061993669601198245	0	<ORIGINAL_WORKSPACE>/OpenROAD-flow-scripts/flow/reports/asap7/aes/place_batch_20260421_220319/dpl_evolve_baseline/openroad_dpl_hpwl_only_9case_bo_place_batch_20260421_220319_aes_asap7_trial_bf38c2a1_16493db27cad/metrics.json	35	omit	0	0.35069066751788613	1.8702002693362607	1.5621587866930111	111.44721837226191	269	3788	1.245360959796191	1.75 1.35 1.15 1.05
bf9d33c0	ok	41821.1	41821.1	42207.8	-0.9161813693203729	7.795	1.4624765478424016	0.47688731666401857	0.9161813693203729	0.4392940526563543	0	<ORIGINAL_WORKSPACE>/OpenROAD-flow-scripts/flow/reports/asap7/aes/place_batch_20260421_220319/dpl_evolve_baseline/openroad_dpl_hpwl_only_9case_bo_place_batch_20260421_220319_aes_asap7_trial_bf9d33c0_dadbda1309d1/metrics.json	33	64 8	0	0.553312393332035	1.3267450263166196	1.0661972869681309	149.33002391502393	530	1787	1.077427578888171	1.50 1.25 1.10 1.04
c0642274	ok	42183.9	42183.9	42207.8	-0.05662460493084562	6.004	1.1264540337711069	0.022315960623116943	0.05662460493084561	0.03430864430772867	0	<ORIGINAL_WORKSPACE>/OpenROAD-flow-scripts/flow/reports/asap7/aes/place_batch_20260421_220319/dpl_evolve_baseline/openroad_dpl_hpwl_only_9case_bo_place_batch_20260421_220319_aes_asap7_trial_c0642274_2f9523ee7dc9/metrics.json	34	1024	0	0.2642294465047952	0.25301519130129346	0.6773128773381069	146.4852950146529	67	1801	1.007326509381028	2.50 1.75 1.25 1.08
c24f0cb0	ok	41815.9	41815.9	42207.8	-0.9285013670459049	7.385	1.3855534709193245	0.5774207700777882	0.9285013670459048	0.35108059696811655	0	<ORIGINAL_WORKSPACE>/OpenROAD-flow-scripts/flow/reports/asap7/aes/place_batch_20260421_220319/dpl_evolve_baseline/openroad_dpl_hpwl_only_9case_bo_place_batch_20260421_220319_aes_asap7_trial_c24f0cb0_fc754d93d26a/metrics.json	74	64 8	0	0.10906232247603936	0.527991041982903	1.834744323829008	146.65333568086098	309	2510	1.2499583893805113	1.25 1.10 1.04
c2b827cb	ok	41808.9	41808.9	42207.8	-0.9450859793687457	7.374	1.3834896810506565	0.5964053838311423	0.9450859793687456	0.3486805955376033	0	<ORIGINAL_WORKSPACE>/OpenROAD-flow-scripts/flow/reports/asap7/aes/place_batch_20260421_220319/dpl_evolve_baseline/openroad_dpl_hpwl_only_9case_bo_place_batch_20260421_220319_aes_asap7_trial_c2b827cb_e7741e6255a4/metrics.json	45	64 8	0	0.5045310353369739	0.06950017057745858	1.868510416004504	138.74086878027606	394	3546	1.345742514297718	1.25 1.10 1.04
c36831ca	ok	42207.8	42207.8	42207.8	0.0	6.169	1.1574108818011255	-0.07394943964994366	0.0	0.07394943964994366	0	<ORIGINAL_WORKSPACE>/OpenROAD-flow-scripts/flow/reports/asap7/aes/place_batch_20260421_220319/dpl_evolve_baseline/openroad_dpl_hpwl_only_9case_bo_place_batch_20260421_220319_aes_asap7_trial_c36831ca_9939d995f2bb/metrics.json	1	1024	0	0.4	0.4	0.6	35.0	150	1000	1.1	omit
c3bf0346	ok	41808.8	41808.8	42207.8	-0.9453229024019256	7.549	1.4163227016885553	0.5586701998020542	0.9453229024019256	0.3866527025998714	0	<ORIGINAL_WORKSPACE>/OpenROAD-flow-scripts/flow/reports/asap7/aes/place_batch_20260421_220319/dpl_evolve_baseline/openroad_dpl_hpwl_only_9case_bo_place_batch_20260421_220319_aes_asap7_trial_c3bf0346_1f0cb6a314e6/metrics.json	53	64 8	0	0.4009003824522472	1.2610584371241313	0.6880295778785604	131.80697332968563	236	2230	1.0534317886929463	1.25 1.10 1.04
c44c011b	ok	41817.1	41817.1	42207.8	-0.9256582906477104	7.875	1.477485928705441	0.4694245988167733	0.9256582906477104	0.45623369183093715	0	<ORIGINAL_WORKSPACE>/OpenROAD-flow-scripts/flow/reports/asap7/aes/place_batch_20260421_220319/dpl_evolve_baseline/openroad_dpl_hpwl_only_9case_bo_place_batch_20260421_220319_aes_asap7_trial_c44c011b_7f7de0f0c807/metrics.json	79	64 8	0	0.015983581461598853	1.7016008473357809	0.9708194805150536	132.73085326401193	868	2981	1.0752031009333356	1.50 1.25 1.10 1.04
c49c31d6	ok	42188.8	42188.8	42207.8	-0.045015376304853603	6.141	1.152157598499062	-0.022244827052531953	0.045015376304853603	0.06726020335738556	0	<ORIGINAL_WORKSPACE>/OpenROAD-flow-scripts/flow/reports/asap7/aes/place_batch_20260421_220319/dpl_evolve_baseline/openroad_dpl_hpwl_only_9case_bo_place_batch_20260421_220319_aes_asap7_trial_c49c31d6_69a680637174/metrics.json	17	omit	0	0.9967218570787996	1.6126921783477348	1.9994254481837612	25.003067336706938	319	3151	1.693166326297063	1.50 1.25 1.10 1.04
c5b0e3e5	ok	41841.3	41841.3	42207.8	-0.8683229166173076	7.688	1.4424015009380862	0.4518221040533116	0.8683229166173076	0.41650081256399607	0	<ORIGINAL_WORKSPACE>/OpenROAD-flow-scripts/flow/reports/asap7/aes/place_batch_20260421_220319/dpl_evolve_baseline/openroad_dpl_hpwl_only_9case_bo_place_batch_20260421_220319_aes_asap7_trial_c5b0e3e5_d3bd1a45a660/metrics.json	3	64 8	0	0.8025986208396175	0.060169161958846286	1.959365348338617	145.12694131165682	472	1977	1.0226077866944736	1.25 1.10 1.04
c6f7a211	ok	42185.1	42185.1	42207.8	-0.05378152853265123	6.131	1.150281425891182	-0.011085967305588335	0.053781528532651224	0.06486749583823956	0	<ORIGINAL_WORKSPACE>/OpenROAD-flow-scripts/flow/reports/asap7/aes/place_batch_20260421_220319/dpl_evolve_baseline/openroad_dpl_hpwl_only_9case_bo_place_batch_20260421_220319_aes_asap7_trial_c6f7a211_bc7dd9004927/metrics.json	82	256	0	0.5792332401804031	0.7455967842945639	0.18955275569730767	129.70807134454026	189	1928	1.0498027713112446	1.75 1.35 1.15 1.05
c768812f	ok	42166.9	42166.9	42207.8	-0.09690152057203041	6.033	1.1318949343339588	0.05558661328681435	0.09690152057203041	0.041314907285216064	0	<ORIGINAL_WORKSPACE>/OpenROAD-flow-scripts/flow/reports/asap7/aes/place_batch_20260421_220319/dpl_evolve_baseline/openroad_dpl_hpwl_only_9case_bo_place_batch_20260421_220319_aes_asap7_trial_c768812f_3fa4147db274/metrics.json	86	128	0	0.05735677828322147	1.5612642402990093	0.36375729247047056	102.94876055773345	549	2921	1.300885325636165	1.50 1.25 1.10 1.04
c819bd1e	ok	42001.3	42001.3	42207.8	-0.4892460635238036	7.965	1.4943714821763603	0.014057802196465352	0.4892460635238036	0.47518826132733827	0	<ORIGINAL_WORKSPACE>/OpenROAD-flow-scripts/flow/reports/asap7/aes/place_batch_20260421_220319/dpl_evolve_baseline/openroad_dpl_hpwl_only_9case_bo_place_batch_20260421_220319_aes_asap7_trial_c819bd1e_4abf36186b0d/metrics.json	1	1024	1	0.65	0.8	0.9	55.0	400	800	1.2	1.75 1.35 1.15 1.05
c81e6c02	ok	41878.5	41878.5	42207.8	-0.7801875482730748	7.704	1.4454033771106942	0.3602683602214222	0.7801875482730749	0.4199191880516527	0	<ORIGINAL_WORKSPACE>/OpenROAD-flow-scripts/flow/reports/asap7/aes/place_batch_20260421_220319/dpl_evolve_baseline/openroad_dpl_hpwl_only_9case_bo_place_batch_20260421_220319_aes_asap7_trial_c81e6c02_fc77e8d6033b/metrics.json	60	64 8	1	0.3398575454743833	1.192092589400522	1.6304855320734888	105.67182164558645	210	376	1.702702319744071	1.10 1.04
c9fcbfe8	ok	42150.0	42150.0	42207.8	-0.13694151318003522	6.196	1.1624765478424015	0.056556100518374466	0.13694151318003522	0.08038541266166076	0	<ORIGINAL_WORKSPACE>/OpenROAD-flow-scripts/flow/reports/asap7/aes/place_batch_20260421_220319/dpl_evolve_baseline/openroad_dpl_hpwl_only_9case_bo_place_batch_20260421_220319_aes_asap7_trial_c9fcbfe8_55d6b78ac05b/metrics.json	82	64	0	0.9976965934592378	0.5837711157089243	0.5448845310002048	110.77838736224827	617	3902	1.0249095106395267	1.50 1.25 1.10 1.04
ca3c26ba	ok	42203.9	42203.9	42207.8	-0.009239998294157609	6.009	1.127392120075047	-0.026277827604926515	0.009239998294157607	0.03551782589908412	0	<ORIGINAL_WORKSPACE>/OpenROAD-flow-scripts/flow/reports/asap7/aes/place_batch_20260421_220319/dpl_evolve_baseline/openroad_dpl_hpwl_only_9case_bo_place_batch_20260421_220319_aes_asap7_trial_ca3c26ba_178d0504fdf0/metrics.json	54	256 32	0	0.1111992503624396	1.1813508937415016	0.5329117332924183	88.62367084224657	531	3057	1.4714183151910865	2.00 1.50 1.20 1.05
ca806d8d	ok	42169.5	42169.5	42207.8	-0.09074152170926442	5.968	1.1196998123827393	0.06515388950415521	0.09074152170926442	0.02558763220510921	0	<ORIGINAL_WORKSPACE>/OpenROAD-flow-scripts/flow/reports/asap7/aes/place_batch_20260421_220319/dpl_evolve_baseline/openroad_dpl_hpwl_only_9case_bo_place_batch_20260421_220319_aes_asap7_trial_ca806d8d_2d4c258904b5/metrics.json	10	128 16	0	0.30291966348312094	1.8776133526003707	1.6616840658748857	111.61316221841008	598	782	1.684551385209441	1.04
cc730bfc	ok	41923.4	41923.4	42207.8	-0.6738091063737068	7.759	1.4557223264540338	0.24216624387737729	0.6738091063737068	0.43164286249632955	0	<ORIGINAL_WORKSPACE>/OpenROAD-flow-scripts/flow/reports/asap7/aes/place_batch_20260421_220319/dpl_evolve_baseline/openroad_dpl_hpwl_only_9case_bo_place_batch_20260421_220319_aes_asap7_trial_cc730bfc_3a067d278bde/metrics.json	19	32	0	0.6667103582539669	0.11476642230984177	1.4111765740172144	106.68618310168164	748	3201	1.1893761093381314	2.50 1.75 1.25 1.08
cec61360	ok	41879.0	41879.0	42207.8	-0.7790029331071577	7.888	1.4799249530956848	0.3200246909226425	0.7790029331071576	0.4589782421845151	0	<ORIGINAL_WORKSPACE>/OpenROAD-flow-scripts/flow/reports/asap7/aes/place_batch_20260421_220319/dpl_evolve_baseline/openroad_dpl_hpwl_only_9case_bo_place_batch_20260421_220319_aes_asap7_trial_cec61360_0a8108894341/metrics.json	75	64 8	1	0.11320663384078704	1.8292778558739788	0.4942641447777702	124.42025113681306	396	2564	1.0510069253756915	1.10 1.04
cf387ede	ok	41843.6	41843.6	42207.8	-0.8628736868540989	7.928	1.4874296435272045	0.3954648295693219	0.8628736868540988	0.46740885728477694	0	<ORIGINAL_WORKSPACE>/OpenROAD-flow-scripts/flow/reports/asap7/aes/place_batch_20260421_220319/dpl_evolve_baseline/openroad_dpl_hpwl_only_9case_bo_place_batch_20260421_220319_aes_asap7_trial_cf387ede_96e117b00b7f/metrics.json	1	64 8	0	0.9574705623107432	1.9531334886138962	1.4486096609904169	60.21447442455438	134	3379	1.4152550986252161	1.50 1.25 1.10 1.04
d019eb1b	ok	41833.0	41833.0	42207.8	-0.88798752837154	7.814	1.4660412757973733	0.44466247019665706	0.88798752837154	0.443325058174883	0	<ORIGINAL_WORKSPACE>/OpenROAD-flow-scripts/flow/reports/asap7/aes/place_batch_20260421_220319/dpl_evolve_baseline/openroad_dpl_hpwl_only_9case_bo_place_batch_20260421_220319_aes_asap7_trial_d019eb1b_983b45ea5cdd/metrics.json	2	64 8	0	0.7627983227327665	1.3992521553026032	1.504790980805776	145.99882891430525	1068	2501	1.3352390320255274	1.50 1.25 1.10 1.04
d01a80d6	ok	41825.5	41825.5	42207.8	-0.905756755860298	7.653	1.4358348968105066	0.49674606274353444	0.905756755860298	0.4090106931167636	0	<ORIGINAL_WORKSPACE>/OpenROAD-flow-scripts/flow/reports/asap7/aes/place_batch_20260421_220319/dpl_evolve_baseline/openroad_dpl_hpwl_only_9case_bo_place_batch_20260421_220319_aes_asap7_trial_d01a80d6_13e318a536de/metrics.json	36	64 8	0	0.23783320131680225	0.5955050860139341	1.2968717762864606	107.13750539386615	115	946	1.3406446485327905	2.00 1.50 1.20 1.05
d01ee3bf	ok	42195.3	42195.3	42207.8	-0.029615379147930002	6.227	1.1682926829268294	-0.058142215388302596	0.029615379147930002	0.0877575945362326	0	<ORIGINAL_WORKSPACE>/OpenROAD-flow-scripts/flow/reports/asap7/aes/place_batch_20260421_220319/dpl_evolve_baseline/openroad_dpl_hpwl_only_9case_bo_place_batch_20260421_220319_aes_asap7_trial_d01ee3bf_5777f5bc83e7/metrics.json	70	128	0	0.8155356430696366	1.320797439662981	1.4727178103290826	80.53345396895457	519	3910	1.570141539893502	1.50 1.25 1.10 1.04
d0869993	ok	41813.6	41813.6	42207.8	-0.9339505968091308	7.68	1.4409005628517824	0.5191603059030253	0.9339505968091308	0.41479029090610553	0	<ORIGINAL_WORKSPACE>/OpenROAD-flow-scripts/flow/reports/asap7/aes/place_batch_20260421_220319/dpl_evolve_baseline/openroad_dpl_hpwl_only_9case_bo_place_batch_20260421_220319_aes_asap7_trial_d0869993_6c229417de6f/metrics.json	61	64 8	0	0.8889024170087299	1.7924468645548643	1.9616410362325076	82.23927197143378	962	3700	1.6111299502552041	1.50 1.25 1.10 1.04
d0daa4a5	ok	41801.3	41801.3	42207.8	-0.9630921298906836	7.572	1.4206378986866792	0.5714816734854834	0.9630921298906836	0.3916104564052002	0	<ORIGINAL_WORKSPACE>/OpenROAD-flow-scripts/flow/reports/asap7/aes/place_batch_20260421_220319/dpl_evolve_baseline/openroad_dpl_hpwl_only_9case_bo_place_batch_20260421_220319_aes_asap7_trial_d0daa4a5_ae035b111508/metrics.json	69	64 8	0	0.37179414568727653	0.8069276951177526	0.15543970016903655	149.21046809681533	465	1732	1.0689521198593503	1.75 1.35 1.15 1.05
d0f55324	ok	41997.5	41997.5	42207.8	-0.4982491387847812	7.994	1.499812382739212	0.01697612953026617	0.4982491387847812	0.48127300925451505	0	<ORIGINAL_WORKSPACE>/OpenROAD-flow-scripts/flow/reports/asap7/aes/place_batch_20260421_220319/dpl_evolve_baseline/openroad_dpl_hpwl_only_9case_bo_place_batch_20260421_220319_aes_asap7_trial_d0f55324_7967728c732d/metrics.json	63	omit	1	0.4277373293360762	1.615396818224419	0.7393929822025813	32.05398564443717	933	1304	1.7332450677264275	omit
d160e843	ok	42167.1	42167.1	42207.8	-0.09642767450567043	6.178	1.1590994371482175	0.02033134845085731	0.09642767450567043	0.07609632605481312	0	<ORIGINAL_WORKSPACE>/OpenROAD-flow-scripts/flow/reports/asap7/aes/place_batch_20260421_220319/dpl_evolve_baseline/openroad_dpl_hpwl_only_9case_bo_place_batch_20260421_220319_aes_asap7_trial_d160e843_bceb6c5860c6/metrics.json	31	256	0	0.12224218094382548	1.4668440496225217	1.6192788622201046	126.1576577344988	781	3990	1.1641677736764178	1.10 1.04
d1aa72b1	ok	41821.6	41821.6	42207.8	-0.9149967541544556	7.417	1.3915572232645403	0.5569444797716963	0.9149967541544557	0.3580522743827594	0	<ORIGINAL_WORKSPACE>/OpenROAD-flow-scripts/flow/reports/asap7/aes/place_batch_20260421_220319/dpl_evolve_baseline/openroad_dpl_hpwl_only_9case_bo_place_batch_20260421_220319_aes_asap7_trial_d1aa72b1_32b223a73b4e/metrics.json	56	64 8	0	0.9090564609604457	0.2918871569989174	0.9451049735886308	129.55319860909077	638	1408	1.009128945414564	1.10 1.04
d1b7c4bc	ok	42161.5	42161.5	42207.8	-0.10969536436393962	6.093	1.1431519699812382	0.05393800120896856	0.10969536436393962	0.05575736315497106	0	<ORIGINAL_WORKSPACE>/OpenROAD-flow-scripts/flow/reports/asap7/aes/place_batch_20260421_220319/dpl_evolve_baseline/openroad_dpl_hpwl_only_9case_bo_place_batch_20260421_220319_aes_asap7_trial_d1b7c4bc_14532fea26be/metrics.json	74	512 64	0	0.4748620390703767	0.8557557429539382	0.8813953611842832	115.62856373726008	210	128	1.7812011918697364	1.25 1.10 1.04
d1bc8dba	ok	41826.5	41826.5	42207.8	-0.9033875255284638	7.586	1.423264540337711	0.5087629918505062	0.9033875255284637	0.39462453367795747	0	<ORIGINAL_WORKSPACE>/OpenROAD-flow-scripts/flow/reports/asap7/aes/place_batch_20260421_220319/dpl_evolve_baseline/openroad_dpl_hpwl_only_9case_bo_place_batch_20260421_220319_aes_asap7_trial_d1bc8dba_df466c3ff333/metrics.json	66	64 8	0	0.42097356334952196	1.4333784514236696	0.14191222020624744	147.88190958736482	715	1262	1.052282693264806	omit
d2459041	ok	41832.1	41832.1	42207.8	-0.8901198356701945	7.777	1.4590994371482175	0.4546491644902584	0.8901198356701945	0.4354706711799361	0	<ORIGINAL_WORKSPACE>/OpenROAD-flow-scripts/flow/reports/asap7/aes/place_batch_20260421_220319/dpl_evolve_baseline/openroad_dpl_hpwl_only_9case_bo_place_batch_20260421_220319_aes_asap7_trial_d2459041_1314dfa83ce8/metrics.json	34	64 8	0	0.716237841860411	1.9728629517974847	1.967060325631997	25.210101004390893	716	3739	1.0683212738975294	1.25 1.10 1.04
d2b56497	ok	42177.9	42177.9	42207.8	-0.07083998692185202	6.161	1.1559099437148217	-0.001199794171339058	0.070839986921852	0.07203978109319106	0	<ORIGINAL_WORKSPACE>/OpenROAD-flow-scripts/flow/reports/asap7/aes/place_batch_20260421_220319/dpl_evolve_baseline/openroad_dpl_hpwl_only_9case_bo_place_batch_20260421_220319_aes_asap7_trial_d2b56497_23a6967172e9/metrics.json	6	128	0	0.40610275173741955	1.4562783822641856	1.7249840118263065	78.80014618811646	822	3878	1.6312416193204669	1.50 1.25 1.10 1.04
d46851d5	ok	41822.8	41822.8	42207.8	-0.9121536777562441	7.838	1.4705440900562852	0.46374382162048783	0.912153677756244	0.4484098561357562	0	<ORIGINAL_WORKSPACE>/OpenROAD-flow-scripts/flow/reports/asap7/aes/place_batch_20260421_220319/dpl_evolve_baseline/openroad_dpl_hpwl_only_9case_bo_place_batch_20260421_220319_aes_asap7_trial_d46851d5_34f629257889/metrics.json	76	64 8	0	0.5072585613970719	1.234629802449088	1.8132468993518536	137.04229694376747	89	138	1.512038785614235	2.50 1.75 1.25 1.08
d5d9790c	ok	41828.2	41828.2	42207.8	-0.899359833964352	7.848	1.4724202626641651	0.44883360991589666	0.899359833964352	0.4505262240484554	0	<ORIGINAL_WORKSPACE>/OpenROAD-flow-scripts/flow/reports/asap7/aes/place_batch_20260421_220319/dpl_evolve_baseline/openroad_dpl_hpwl_only_9case_bo_place_batch_20260421_220319_aes_asap7_trial_d5d9790c_3e7d4e44f0e3/metrics.json	70	64 8	0	0.4698723563927362	1.1202670453089056	1.9068390558091148	63.95157577165086	454	3747	1.484016845446946	1.50 1.25 1.10 1.04
d779848d	ok	42187.6	42187.6	42207.8	-0.04785845270306523	6.162	1.1560975609756097	-0.02442010348579661	0.04785845270306523	0.07227855618886184	0	<ORIGINAL_WORKSPACE>/OpenROAD-flow-scripts/flow/reports/asap7/aes/place_batch_20260421_220319/dpl_evolve_baseline/openroad_dpl_hpwl_only_9case_bo_place_batch_20260421_220319_aes_asap7_trial_d779848d_0356e8b4b178/metrics.json	87	512 64	0	0.9760435504677476	0.3196673006881867	0.445074144178342	64.67726327405565	515	672	1.7293189193611234	1.75 1.35 1.15 1.05
d8bf291d	ok	42195.3	42195.3	42207.8	-0.029615379147930002	5.952	1.1166979362101312	0.007912193979946695	0.029615379147930002	0.021703185167983308	0	<ORIGINAL_WORKSPACE>/OpenROAD-flow-scripts/flow/reports/asap7/aes/place_batch_20260421_220319/dpl_evolve_baseline/openroad_dpl_hpwl_only_9case_bo_place_batch_20260421_220319_aes_asap7_trial_d8bf291d_e10ffaf8f4bd/metrics.json	36	omit	0	0.59946821428504	1.6028267777428251	1.422553039225831	68.25650112430955	382	3565	1.792335427641926	1.50 1.25 1.10 1.04
d8e4e7b8	ok	41842.6	41842.6	42207.8	-0.8652429171859332	7.555	1.4174484052532832	0.47729616022082294	0.8652429171859333	0.38794675696511033	0	<ORIGINAL_WORKSPACE>/OpenROAD-flow-scripts/flow/reports/asap7/aes/place_batch_20260421_220319/dpl_evolve_baseline/openroad_dpl_hpwl_only_9case_bo_place_batch_20260421_220319_aes_asap7_trial_d8e4e7b8_5d50fc412551/metrics.json	111	64 8	0	0.1409325990145618	1.8837635085489874	0.24108910828898492	94.48932128266158	792	3478	1.3379308576204074	1.50 1.25 1.10 1.04
da873b7c	ok	41976.1	41976.1	42207.8	-0.5489506678860409	8.9	1.6697936210131332	-0.11714937901200795	0.5489506678860409	0.6661000468980488	0	<ORIGINAL_WORKSPACE>/OpenROAD-flow-scripts/flow/reports/asap7/aes/place_batch_20260421_220319/dpl_evolve_baseline/openroad_dpl_hpwl_only_9case_bo_place_batch_20260421_220319_aes_asap7_trial_da873b7c_52bc49615ba5/metrics.json	31	1024 128	1	0.5457774386311006	0.00015761096522707066	1.8508006523221887	126.46420824428571	72	1815	1.0306573002983923	1.25 1.10 1.04
dae700d3	ok	41821.1	41821.1	42207.8	-0.9161813693203729	7.862	1.475046904315197	0.4626944941226102	0.9161813693203729	0.45348687519776265	0	<ORIGINAL_WORKSPACE>/OpenROAD-flow-scripts/flow/reports/asap7/aes/place_batch_20260421_220319/dpl_evolve_baseline/openroad_dpl_hpwl_only_9case_bo_place_batch_20260421_220319_aes_asap7_trial_dae700d3_47a3074a1f03/metrics.json	33	64 8	0	0.7901638181223103	1.574984766705083	1.3665983945205251	65.99478065564111	403	3761	1.4797126300331578	1.75 1.35 1.15 1.05
dd985e53	ok	41837.1	41837.1	42207.8	-0.8782736840110226	8.086	1.5170731707317073	0.37777003050836755	0.8782736840110225	0.5005036535026549	0	<ORIGINAL_WORKSPACE>/OpenROAD-flow-scripts/flow/reports/asap7/aes/place_batch_20260421_220319/dpl_evolve_baseline/openroad_dpl_hpwl_only_9case_bo_place_batch_20260421_220319_aes_asap7_trial_dd985e53_222f7ee79fb2/metrics.json	35	64 8	0	0.317545726117752	0.2432682814962488	0.27116671421765454	86.65544858500617	621	3386	1.0968497246110922	2.00 1.50 1.20 1.05
ddf58f29	ok	42190.2	42190.2	42207.8	-0.041698453840299236	5.969	1.1198874296435273	0.01586821668669147	0.04169845384029923	0.02583023715360776	0	<ORIGINAL_WORKSPACE>/OpenROAD-flow-scripts/flow/reports/asap7/aes/place_batch_20260421_220319/dpl_evolve_baseline/openroad_dpl_hpwl_only_9case_bo_place_batch_20260421_220319_aes_asap7_trial_ddf58f29_a61ec8e0d533/metrics.json	39	128 16	0	0.24535725889841553	0.804208050724915	0.14353987659559375	148.81028968786163	519	2352	1.196267320088698	1.25 1.10 1.04
de2ac31c	ok	41828.3	41828.3	42207.8	-0.8991229109311549	7.335	1.376172607879925	0.558965868400396	0.8991229109311548	0.3401570425307589	0	<ORIGINAL_WORKSPACE>/OpenROAD-flow-scripts/flow/reports/asap7/aes/place_batch_20260421_220319/dpl_evolve_baseline/openroad_dpl_hpwl_only_9case_bo_place_batch_20260421_220319_aes_asap7_trial_de2ac31c_289294938f77/metrics.json	48	64 8	0	0.41647151134310584	0.8240791394787335	0.4617149226792099	110.05997286316558	223	2296	1.0555425607172788	1.25 1.10 1.04
df03543c	ok	42167.0	42167.0	42207.8	-0.09666459753885041	6.072	1.1392120075046905	0.04595397113424381	0.09666459753885041	0.05071062640460661	0	<ORIGINAL_WORKSPACE>/OpenROAD-flow-scripts/flow/reports/asap7/aes/place_batch_20260421_220319/dpl_evolve_baseline/openroad_dpl_hpwl_only_9case_bo_place_batch_20260421_220319_aes_asap7_trial_df03543c_dea13a24975d/metrics.json	52	256 32	0	0.5543387161257094	1.2818764738203892	1.7496594377686372	42.776199930728495	770	3222	1.6551428087974163	1.50 1.25 1.10 1.04
df5d30b5	ok	42170.8	42170.8	42207.8	-0.0876615222778728	5.972	1.1204502814258912	0.06110359218570191	0.0876615222778728	0.026557930092170886	0	<ORIGINAL_WORKSPACE>/OpenROAD-flow-scripts/flow/reports/asap7/aes/place_batch_20260421_220319/dpl_evolve_baseline/openroad_dpl_hpwl_only_9case_bo_place_batch_20260421_220319_aes_asap7_trial_df5d30b5_f4be39a7e9d4/metrics.json	13	256	0	0.21571181537812464	1.9315512310296468	0.9405575447631449	101.19183766867863	697	3374	1.3001397500705512	2.00 1.50 1.20 1.05
df6b9ad8	ok	41838.4	41838.4	42207.8	-0.8751936845796308	7.946	1.4908067542213883	0.4039979900617909	0.8751936845796309	0.47119569451784	0	<ORIGINAL_WORKSPACE>/OpenROAD-flow-scripts/flow/reports/asap7/aes/place_batch_20260421_220319/dpl_evolve_baseline/openroad_dpl_hpwl_only_9case_bo_place_batch_20260421_220319_aes_asap7_trial_df6b9ad8_fa45025d4657/metrics.json	42	64 8	0	0.27505976315681346	1.6267870066986183	0.08664079404226616	105.84787297524578	473	1892	1.228226698062697	2.00 1.50 1.20 1.05
e0108760	ok	41840.9	41840.9	42207.8	-0.8692706087500449	7.768	1.4574108818011255	0.43571328754967537	0.8692706087500448	0.43355732120036944	0	<ORIGINAL_WORKSPACE>/OpenROAD-flow-scripts/flow/reports/asap7/aes/place_batch_20260421_220319/dpl_evolve_baseline/openroad_dpl_hpwl_only_9case_bo_place_batch_20260421_220319_aes_asap7_trial_e0108760_2fc381e92959/metrics.json	4	64 8	0	0.8900995211648403	1.485361108403301	1.977686676710068	128.7048945009317	571	3012	1.5601350621725114	1.50 1.25 1.10 1.04
e025c864	ok	41805.1	41805.1	42207.8	-0.9540890546297233	8.055	1.5112570356472794	0.46005301266236304	0.9540890546297233	0.49403604196736023	0	<ORIGINAL_WORKSPACE>/OpenROAD-flow-scripts/flow/reports/asap7/aes/place_batch_20260421_220319/dpl_evolve_baseline/openroad_dpl_hpwl_only_9case_bo_place_batch_20260421_220319_aes_asap7_trial_e025c864_612a7d21d805/metrics.json	46	64 8	0	0.33762967232319585	0.20275269624373438	1.8194017110747964	146.17827777090844	382	2846	1.1734472918849355	1.25 1.10 1.04
e15a2b8d	ok	41912.7	41912.7	42207.8	-0.6991598709243453	7.911	1.4842401500938085	0.2353314202982768	0.6991598709243453	0.4638284506260685	0	<ORIGINAL_WORKSPACE>/OpenROAD-flow-scripts/flow/reports/asap7/aes/place_batch_20260421_220319/dpl_evolve_baseline/openroad_dpl_hpwl_only_9case_bo_place_batch_20260421_220319_aes_asap7_trial_e15a2b8d_45ddc4c07977/metrics.json	3	64 8	1	0.9461086932235948	1.7526796301185974	1.350414734090863	33.35929056991091	589	2245	1.570507299928772	1.50 1.25 1.10 1.04
e2f981ff	ok	41821.6	41821.6	42207.8	-0.9149967541544556	7.622	1.4300187617260787	0.5126344827570364	0.9149967541544557	0.40236227139741937	0	<ORIGINAL_WORKSPACE>/OpenROAD-flow-scripts/flow/reports/asap7/aes/place_batch_20260421_220319/dpl_evolve_baseline/openroad_dpl_hpwl_only_9case_bo_place_batch_20260421_220319_aes_asap7_trial_e2f981ff_ca617fcf0ae2/metrics.json	56	64 8	0	0.5850916837035615	1.1649979380373663	0.6476207514843239	71.81788933888532	551	2846	1.1514076965904922	1.10 1.04
e3003f35	ok	42175.0	42175.0	42207.8	-0.07771075488417521	6.077	1.1401500938086304	0.025797733929458486	0.07771075488417521	0.051913020954716727	0	<ORIGINAL_WORKSPACE>/OpenROAD-flow-scripts/flow/reports/asap7/aes/place_batch_20260421_220319/dpl_evolve_baseline/openroad_dpl_hpwl_only_9case_bo_place_batch_20260421_220319_aes_asap7_trial_e3003f35_e6b85cf8a816/metrics.json	4	32	0	0.8689954128114195	1.795765193669037	1.4712097656251892	149.70088306239526	685	1663	1.348808487322631	2.50 1.75 1.25 1.08
e3044a7a	ok	42176.6	42176.6	42207.8	-0.07391998635324362	6.165	1.1566604127579738	0.0009252211026239132	0.07391998635324362	0.07299476525061971	0	<ORIGINAL_WORKSPACE>/OpenROAD-flow-scripts/flow/reports/asap7/aes/place_batch_20260421_220319/dpl_evolve_baseline/openroad_dpl_hpwl_only_9case_bo_place_batch_20260421_220319_aes_asap7_trial_e3044a7a_11ec8e63d051/metrics.json	111	256	0	0.07840764246595604	1.6893560449378642	0.06559308850996515	110.6352107970333	739	2960	1.2345773484383342	omit
e3600f81	ok	41815.2	41815.2	42207.8	-0.9301598282781993	7.574	1.4210131332082552	0.538118618911482	0.9301598282781993	0.39204120936671727	0	<ORIGINAL_WORKSPACE>/OpenROAD-flow-scripts/flow/reports/asap7/aes/place_batch_20260421_220319/dpl_evolve_baseline/openroad_dpl_hpwl_only_9case_bo_place_batch_20260421_220319_aes_asap7_trial_e3600f81_4e089d5bde0f/metrics.json	32	64 8	0	0.9454619228727169	0.5334253612551432	1.4963037430387818	147.6530707928324	290	1513	1.2012319161277822	2.00 1.50 1.20 1.05
e3b682ad	ok	41991.1	41991.1	42207.8	-0.5134122129085248	7.531	1.4129455909943713	0.13064476204596204	0.5134122129085249	0.38276745086256286	0	<ORIGINAL_WORKSPACE>/OpenROAD-flow-scripts/flow/reports/asap7/aes/place_batch_20260421_220319/dpl_evolve_baseline/openroad_dpl_hpwl_only_9case_bo_place_batch_20260421_220319_aes_asap7_trial_e3b682ad_ee8b0465a9a2/metrics.json	25	64	1	0.31058725179421	1.9648348985858857	0.5699454691956887	80.04800174568172	411	3652	1.3665566438512344	1.75 1.35 1.15 1.05
e3bc886a	ok	41833.0	41833.0	42207.8	-0.88798752837154	7.872	1.4769230769230768	0.43238751594863756	0.88798752837154	0.4556000124229025	0	<ORIGINAL_WORKSPACE>/OpenROAD-flow-scripts/flow/reports/asap7/aes/place_batch_20260421_220319/dpl_evolve_baseline/openroad_dpl_hpwl_only_9case_bo_place_batch_20260421_220319_aes_asap7_trial_e3bc886a_7bda2da0db4d/metrics.json	2	64 8	0	0.7903438882909402	1.7208073441886658	1.8598669089513244	82.2636547553829	243	1678	1.7193685871037896	2.50 1.75 1.25 1.08
e3c63f21	ok	41825.2	41825.2	42207.8	-0.9064675249598553	7.485	1.4043151969981238	0.5336501974083971	0.9064675249598553	0.3728173275514581	0	<ORIGINAL_WORKSPACE>/OpenROAD-flow-scripts/flow/reports/asap7/aes/place_batch_20260421_220319/dpl_evolve_baseline/openroad_dpl_hpwl_only_9case_bo_place_batch_20260421_220319_aes_asap7_trial_e3c63f21_f486b92282f4/metrics.json	47	64 8	0	0.7308372422404674	0.7174469274420112	0.16539138857005173	113.64880449553982	300	2737	1.0951610670232665	2.50 1.75 1.25 1.08
e480a2d5	ok	41830.9	41830.9	42207.8	-0.8929629120683888	7.827	1.4684803001876172	0.44688262056369954	0.8929629120683888	0.4460802915046893	0	<ORIGINAL_WORKSPACE>/OpenROAD-flow-scripts/flow/reports/asap7/aes/place_batch_20260421_220319/dpl_evolve_baseline/openroad_dpl_hpwl_only_9case_bo_place_batch_20260421_220319_aes_asap7_trial_e480a2d5_75486ce437f4/metrics.json	90	64 8	0	0.8158719335510918	0.39873551706618887	0.1636515899588497	149.28383003523695	178	2054	1.4322490151908642	2.50 1.75 1.25 1.08
e4ae7e1e	ok	41822.6	41822.6	42207.8	-0.9126275238226212	7.606	1.4270168855534708	0.5137019859558962	0.9126275238226212	0.398925537866725	0	<ORIGINAL_WORKSPACE>/OpenROAD-flow-scripts/flow/reports/asap7/aes/place_batch_20260421_220319/dpl_evolve_baseline/openroad_dpl_hpwl_only_9case_bo_place_batch_20260421_220319_aes_asap7_trial_e4ae7e1e_4328b7f0371d/metrics.json	89	64 8	0	0.925655444622649	0.36572642278915724	1.3699701377277984	104.54710204713419	801	2097	1.0507944297080587	2.50 1.75 1.25 1.08
e4d48f24	ok	41833.4	41833.4	42207.8	-0.8870398362388029	7.983	1.497748592870544	0.40807353351357384	0.8870398362388029	0.47896630272522905	0	<ORIGINAL_WORKSPACE>/OpenROAD-flow-scripts/flow/reports/asap7/aes/place_batch_20260421_220319/dpl_evolve_baseline/openroad_dpl_hpwl_only_9case_bo_place_batch_20260421_220319_aes_asap7_trial_e4d48f24_c9fd37edbfa7/metrics.json	24	64 8	0	0.7693676223409636	0.7332598353221513	0.07098489624869164	149.74539406487293	275	1005	1.1717866605824094	1.25 1.10 1.04
e4d86304	ok	41921.9	41921.9	42207.8	-0.6773629518714585	7.705	1.4455909943714822	0.2572302332670601	0.6773629518714585	0.4201327186043983	0	<ORIGINAL_WORKSPACE>/OpenROAD-flow-scripts/flow/reports/asap7/aes/place_batch_20260421_220319/dpl_evolve_baseline/openroad_dpl_hpwl_only_9case_bo_place_batch_20260421_220319_aes_asap7_trial_e4d86304_dbb4978841c0/metrics.json	21	512 64	0	0.48509699689089586	0.7477167235886607	0.7836707163981447	111.61270668857522	871	3537	1.3041106822833832	2.00 1.50 1.20 1.05
e5717e15	ok	41872.2	41872.2	42207.8	-0.7951136993636384	7.762	1.4562851782363977	0.36283256065535535	0.7951136993636385	0.43228113870828316	0	<ORIGINAL_WORKSPACE>/OpenROAD-flow-scripts/flow/reports/asap7/aes/place_batch_20260421_220319/dpl_evolve_baseline/openroad_dpl_hpwl_only_9case_bo_place_batch_20260421_220319_aes_asap7_trial_e5717e15_22d2d8d62a66/metrics.json	26	64 8	0	0.7856280735108019	1.1557207831134544	0.42092112994347386	120.75569495598657	375	3554	1.2472370352047435	1.50 1.25 1.10 1.04
e689ac52	ok	41906.5	41906.5	42207.8	-0.7138490989817117	7.86	1.474671669793621	0.26078501246538516	0.7138490989817117	0.4530640865163265	0	<ORIGINAL_WORKSPACE>/OpenROAD-flow-scripts/flow/reports/asap7/aes/place_batch_20260421_220319/dpl_evolve_baseline/openroad_dpl_hpwl_only_9case_bo_place_batch_20260421_220319_aes_asap7_trial_e689ac52_23ac86bf77f9/metrics.json	70	64	0	0.16475427271999293	1.7133540309487219	0.2798195017109157	89.3872647227301	706	2491	1.5070462472479995	2.50 1.75 1.25 1.08
e7ec739b	ok	42219.1	42219.1	42207.8	0.026772302749718375	5.928	1.1121951219512194	-0.0426390147323327	-0.02677230274971838	0.015866711982614315	0	<ORIGINAL_WORKSPACE>/OpenROAD-flow-scripts/flow/reports/asap7/aes/place_batch_20260421_220319/dpl_evolve_baseline/openroad_dpl_hpwl_only_9case_bo_place_batch_20260421_220319_aes_asap7_trial_e7ec739b_4fdec85f71f9/metrics.json	10	256	0	0.9810429291767865	1.9143449921761213	1.897860402753581	83.25848710871574	225	2714	1.4721766996830588	1.50 1.25 1.10 1.04
e833345e	ok	42167.1	42167.1	42207.8	-0.09642767450567043	6.064	1.1377110694183865	0.04764190956668912	0.09642767450567043	0.048785764938981305	0	<ORIGINAL_WORKSPACE>/OpenROAD-flow-scripts/flow/reports/asap7/aes/place_batch_20260421_220319/dpl_evolve_baseline/openroad_dpl_hpwl_only_9case_bo_place_batch_20260421_220319_aes_asap7_trial_e833345e_77a9179cfa20/metrics.json	31	512	0	0.64497135444585	0.5296318158892613	0.5077078936702037	144.98866554510934	1139	3999	1.1497892306367725	1.04
ea34a2c2	ok	41929.1	41929.1	42207.8	-0.6603044934822577	7.846	1.4720450281425892	0.21020143510031974	0.6603044934822576	0.45010305838193787	0	<ORIGINAL_WORKSPACE>/OpenROAD-flow-scripts/flow/reports/asap7/aes/place_batch_20260421_220319/dpl_evolve_baseline/openroad_dpl_hpwl_only_9case_bo_place_batch_20260421_220319_aes_asap7_trial_ea34a2c2_057774aa953b/metrics.json	68	128 16	0	0.9256525765430856	0.515362762970014	0.4302260656070205	137.84741004858253	176	1529	1.5348673266814197	2.50 1.75 1.25 1.08
ea3d08a4	ok	41841.0	41841.0	42207.8	-0.8690336857168648	7.558	1.4180112570356471	0.48044009426420614	0.8690336857168649	0.38859359145265876	0	<ORIGINAL_WORKSPACE>/OpenROAD-flow-scripts/flow/reports/asap7/aes/place_batch_20260421_220319/dpl_evolve_baseline/openroad_dpl_hpwl_only_9case_bo_place_batch_20260421_220319_aes_asap7_trial_ea3d08a4_5777c06bf260/metrics.json	71	64 8	0	0.210545839562991	0.8269674852418485	1.2453454343010923	120.9850778273789	243	129	1.5653515818578223	1.25 1.10 1.04
eb9dd94a	ok	41827.3	41827.3	42207.8	-0.9014921412629893	7.775	1.4587242026266416	0.466446563250328	0.9014921412629893	0.43504557801266125	0	<ORIGINAL_WORKSPACE>/OpenROAD-flow-scripts/flow/reports/asap7/aes/place_batch_20260421_220319/dpl_evolve_baseline/openroad_dpl_hpwl_only_9case_bo_place_batch_20260421_220319_aes_asap7_trial_eb9dd94a_e93d21a993cc/metrics.json	14	64 8	0	0.9877262401882065	1.006546476915007	1.4278729657070925	41.027396967634054	473	2863	1.898918741907345	omit
ebf830ae	ok	42195.1	42195.1	42207.8	-0.030089225214307225	5.937	1.1138836772983114	0.012032453696276181	0.030089225214307225	0.018056771518031044	0	<ORIGINAL_WORKSPACE>/OpenROAD-flow-scripts/flow/reports/asap7/aes/place_batch_20260421_220319/dpl_evolve_baseline/openroad_dpl_hpwl_only_9case_bo_place_batch_20260421_220319_aes_asap7_trial_ebf830ae_61f2745135ac/metrics.json	62	256 32	0	0.8815983874458477	1.569291106483765	1.4413423217663732	42.70797873484542	324	2551	1.0445484386765667	1.75 1.35 1.15 1.05
ecbfac2a	ok	42186.0	42186.0	42207.8	-0.051649221233996824	6.323	1.1863039399624766	-0.0588226963613557	0.05164922123399682	0.11047191759535252	0	<ORIGINAL_WORKSPACE>/OpenROAD-flow-scripts/flow/reports/asap7/aes/place_batch_20260421_220319/dpl_evolve_baseline/openroad_dpl_hpwl_only_9case_bo_place_batch_20260421_220319_aes_asap7_trial_ecbfac2a_1a647e149171/metrics.json	46	1024	0	0.13073474781328498	1.4586206322132456	0.9367987402511927	138.8105139143058	447	1975	1.0943985156285394	1.50 1.25 1.10 1.04
eccc5502	ok	41957.0	41957.0	42207.8	-0.5942029672240745	7.677	1.4403377110694182	0.18005435160905447	0.5942029672240744	0.4141486156150199	0	<ORIGINAL_WORKSPACE>/OpenROAD-flow-scripts/flow/reports/asap7/aes/place_batch_20260421_220319/dpl_evolve_baseline/openroad_dpl_hpwl_only_9case_bo_place_batch_20260421_220319_aes_asap7_trial_eccc5502_0b31f5d21922/metrics.json	61	256	1	0.44871678289290445	0.5362532635267028	0.8557183041133177	126.95366235255347	378	2930	1.286640909791009	1.10 1.04
eda7c0d5	ok	41832.1	41832.1	42207.8	-0.8901198356701945	7.527	1.4121951219512194	0.5082164044195063	0.8901198356701945	0.3819034312506881	0	<ORIGINAL_WORKSPACE>/OpenROAD-flow-scripts/flow/reports/asap7/aes/place_batch_20260421_220319/dpl_evolve_baseline/openroad_dpl_hpwl_only_9case_bo_place_batch_20260421_220319_aes_asap7_trial_eda7c0d5_e7ed7a558995/metrics.json	34	64 8	0	0.2839518257027493	0.484277759421632	0.6907245641430988	121.83469396480145	783	1614	1.0558882358805424	2.50 1.75 1.25 1.08
eed51d2f	ok	42168.0	42168.0	42207.8	-0.09429536720701602	6.226	1.1681050656660412	0.006775298180059758	0.09429536720701602	0.08752006902695626	0	<ORIGINAL_WORKSPACE>/OpenROAD-flow-scripts/flow/reports/asap7/aes/place_batch_20260421_220319/dpl_evolve_baseline/openroad_dpl_hpwl_only_9case_bo_place_batch_20260421_220319_aes_asap7_trial_eed51d2f_a1053f86870e/metrics.json	3	256	0	0.0886962088770938	1.873665194563143	1.0176879069598646	140.59936360993498	1045	3559	1.8133506634823497	1.25 1.10 1.04
ef5e7917	ok	41871.8	41871.8	42207.8	-0.7960613914963585	7.776	1.4589118198874296	0.3608032600666435	0.7960613914963585	0.435258131429715	0	<ORIGINAL_WORKSPACE>/OpenROAD-flow-scripts/flow/reports/asap7/aes/place_batch_20260421_220319/dpl_evolve_baseline/openroad_dpl_hpwl_only_9case_bo_place_batch_20260421_220319_aes_asap7_trial_ef5e7917_6a1a3a56b296/metrics.json	21	64 8	0	0.9265393328200826	1.5526694148281965	1.3689925370269806	71.45276238142378	260	3962	1.7032634140336895	2.50 1.75 1.25 1.08
ef85382e	ok	41812.3	41812.3	42207.8	-0.9370305962405052	7.646	1.4345215759849905	0.5295199809127433	0.9370305962405052	0.40751061532776184	0	<ORIGINAL_WORKSPACE>/OpenROAD-flow-scripts/flow/reports/asap7/aes/place_batch_20260421_220319/dpl_evolve_baseline/openroad_dpl_hpwl_only_9case_bo_place_batch_20260421_220319_aes_asap7_trial_ef85382e_48a6d9fd8b20/metrics.json	8	64 8	0	0.5637484733633877	1.7931606903997697	1.647284915814742	137.1867938780029	617	1364	1.3587949229792073	1.04
ef8b7427	ok	42161.9	42161.9	42207.8	-0.10874767223120242	6.108	1.145966228893058	0.04939081984024816	0.10874767223120241	0.05935685239095425	0	<ORIGINAL_WORKSPACE>/OpenROAD-flow-scripts/flow/reports/asap7/aes/place_batch_20260421_220319/dpl_evolve_baseline/openroad_dpl_hpwl_only_9case_bo_place_batch_20260421_220319_aes_asap7_trial_ef8b7427_7006e3061c30/metrics.json	52	256	0	0.26208500778592914	1.480018116559036	0.7819817306142359	126.46991388288018	547	2661	1.5324003524200314	1.75 1.35 1.15 1.05
f051a47d	ok	42198.9	42198.9	42207.8	-0.021086149953329608	6.174	1.1583489681050658	-0.054056197557286634	0.021086149953329608	0.07514234751061624	0	<ORIGINAL_WORKSPACE>/OpenROAD-flow-scripts/flow/reports/asap7/aes/place_batch_20260421_220319/dpl_evolve_baseline/openroad_dpl_hpwl_only_9case_bo_place_batch_20260421_220319_aes_asap7_trial_f051a47d_95517c5f4d61/metrics.json	70	512	0	0.6261351678042575	0.2835895194408312	0.6459905037298829	144.8102422980112	341	1817	1.4604251397193235	1.04
f05ce48c	ok	42168.7	42168.7	42207.8	-0.09263690597473884	5.833	1.0943714821763602	0.09263690597473884	0.09263690597473884	0.0	0	<ORIGINAL_WORKSPACE>/OpenROAD-flow-scripts/flow/reports/asap7/aes/place_batch_20260421_220319/dpl_evolve_baseline/openroad_dpl_hpwl_only_9case_bo_place_batch_20260421_220319_aes_asap7_trial_f05ce48c_3572aac59d66/metrics.json	65	64	0	0.1749782953488698	1.0265806115394827	1.7421659185856817	58.396516042081046	220	837	1.6488537556497538	1.25 1.10 1.04
f21f30fd	ok	42207.8	42207.8	42207.8	0.0	5.847	1.0969981238273923	0.0	0.0	0.0	0	<ORIGINAL_WORKSPACE>/OpenROAD-flow-scripts/flow/reports/asap7/aes/place_batch_20260421_220319/dpl_evolve_baseline/openroad_dpl_hpwl_only_9case_bo_place_batch_20260421_220319_aes_asap7_trial_f21f30fd_08ef8cec32a6/metrics.json	1	512	0	0.5	0.6	0.8	45.0	200	1000	1.15	1.50 1.25 1.10 1.04
f25c4e5b	ok	41914.9	41914.9	42207.8	-0.6939475641942993	7.589	1.423827392120075	0.2986775187564882	0.6939475641942993	0.3952700454378111	0	<ORIGINAL_WORKSPACE>/OpenROAD-flow-scripts/flow/reports/asap7/aes/place_batch_20260421_220319/dpl_evolve_baseline/openroad_dpl_hpwl_only_9case_bo_place_batch_20260421_220319_aes_asap7_trial_f25c4e5b_b6b63b199069/metrics.json	79	256	0	0.4213662279969585	1.1955686323836754	0.5684675807042712	140.31878561953997	665	2838	1.0071119656962468	1.10 1.04
f27285d5	ok	42183.9	42183.9	42207.8	-0.05662460493084562	6.111	1.146529080675422	-0.0034516147350036955	0.05662460493084561	0.060076219665849306	0	<ORIGINAL_WORKSPACE>/OpenROAD-flow-scripts/flow/reports/asap7/aes/place_batch_20260421_220319/dpl_evolve_baseline/openroad_dpl_hpwl_only_9case_bo_place_batch_20260421_220319_aes_asap7_trial_f27285d5_8d24ad5e0d56/metrics.json	34	1024	0	0.8003223545822717	1.1332812247071797	1.9774098285471227	100.6164353536296	442	3391	1.651446341324747	1.50 1.25 1.10 1.04
f28f4207	ok	41839.7	41839.7	42207.8	-0.8721136851482564	7.887	1.4797373358348966	0.4133464818896706	0.8721136851482565	0.4587672032585859	0	<ORIGINAL_WORKSPACE>/OpenROAD-flow-scripts/flow/reports/asap7/aes/place_batch_20260421_220319/dpl_evolve_baseline/openroad_dpl_hpwl_only_9case_bo_place_batch_20260421_220319_aes_asap7_trial_f28f4207_e0c7524a28db/metrics.json	10	64 8	0	0.5905762031696884	0.8619197663354304	1.7064060549317228	43.98601376365135	711	2076	1.6831985363708915	1.50 1.25 1.10 1.04
f3581a07	ok	42183.9	42183.9	42207.8	-0.05662460493084562	6.032	1.1317073170731706	0.015551012240362733	0.05662460493084561	0.04107359269048288	0	<ORIGINAL_WORKSPACE>/OpenROAD-flow-scripts/flow/reports/asap7/aes/place_batch_20260421_220319/dpl_evolve_baseline/openroad_dpl_hpwl_only_9case_bo_place_batch_20260421_220319_aes_asap7_trial_f3581a07_7cdbd6a83350/metrics.json	34	omit	0	0.6065833169364329	0.9855730544237028	0.08550891138360017	149.03165009393572	672	1206	1.1415233311434785	1.50 1.25 1.10 1.04
f3a9317b	ok	41818.3	41818.3	42207.8	-0.9228152142494987	7.46	1.399624765478424	0.5554183879931649	0.9228152142494989	0.3673968262563339	0	<ORIGINAL_WORKSPACE>/OpenROAD-flow-scripts/flow/reports/asap7/aes/place_batch_20260421_220319/dpl_evolve_baseline/openroad_dpl_hpwl_only_9case_bo_place_batch_20260421_220319_aes_asap7_trial_f3a9317b_059cd9e02303/metrics.json	38	64 8	0	0.6078441235073598	1.6512557297071886	1.7853182260450837	41.77897092499447	816	3906	1.2846154840840975	1.50 1.25 1.10 1.04
f5d909c9	ok	41813.6	41813.6	42207.8	-0.9339505968091308	6.941	1.3022514071294558	0.6812076693634881	0.9339505968091308	0.2527429274456427	0	<ORIGINAL_WORKSPACE>/OpenROAD-flow-scripts/flow/reports/asap7/aes/place_batch_20260421_220319/dpl_evolve_baseline/openroad_dpl_hpwl_only_9case_bo_place_batch_20260421_220319_aes_asap7_trial_f5d909c9_05fce77c0024/metrics.json	61	64 8	0	0.12776306255406175	0.8284618951836502	0.16546506947156897	148.11891247591	648	2448	1.0121086376911308	1.50 1.25 1.10 1.04
f651db54	ok	41864.5	41864.5	42207.8	-0.8133567729187564	7.628	1.4311444652908067	0.40970665654388416	0.8133567729187564	0.40365011637487225	0	<ORIGINAL_WORKSPACE>/OpenROAD-flow-scripts/flow/reports/asap7/aes/place_batch_20260421_220319/dpl_evolve_baseline/openroad_dpl_hpwl_only_9case_bo_place_batch_20260421_220319_aes_asap7_trial_f651db54_da3b6b63edd3/metrics.json	82	64 8	1	0.03399987013326171	1.620488413410004	0.13708779281654115	56.0207049832977	592	3493	1.4841308815552257	2.50 1.75 1.25 1.08
f70ebad2	ok	41804.4	41804.4	42207.8	-0.9557475158620006	7.771	1.4579737335834897	0.521552288238631	0.9557475158620005	0.43419522762336954	0	<ORIGINAL_WORKSPACE>/OpenROAD-flow-scripts/flow/reports/asap7/aes/place_batch_20260421_220319/dpl_evolve_baseline/openroad_dpl_hpwl_only_9case_bo_place_batch_20260421_220319_aes_asap7_trial_f70ebad2_5a7349c902a2/metrics.json	37	64 8	0	0.8350377111743413	0.25644131120381747	1.2099725992338484	116.21215342080913	503	2072	1.108344846960757	2.50 1.75 1.25 1.08
f8782f9c	ok	42181.2	42181.2	42207.8	-0.06302152682680884	6.353	1.1919324577861163	-0.054513203564333215	0.06302152682680884	0.11753473039114205	0	<ORIGINAL_WORKSPACE>/OpenROAD-flow-scripts/flow/reports/asap7/aes/place_batch_20260421_220319/dpl_evolve_baseline/openroad_dpl_hpwl_only_9case_bo_place_batch_20260421_220319_aes_asap7_trial_f8782f9c_00c6037c0a6e/metrics.json	24	64	0	0.7012701251941054	1.035346604024397	0.8604965071002928	65.17068511442088	773	2739	1.137535207577327	1.50 1.25 1.10 1.04
f8997544	ok	42175.3	42175.3	42207.8	-0.076999985784618	5.973	1.1206378986866792	0.05019953199822567	0.076999985784618	0.026800453786392335	0	<ORIGINAL_WORKSPACE>/OpenROAD-flow-scripts/flow/reports/asap7/aes/place_batch_20260421_220319/dpl_evolve_baseline/openroad_dpl_hpwl_only_9case_bo_place_batch_20260421_220319_aes_asap7_trial_f8997544_5222a8d23a90/metrics.json	27	omit	0	0.4749515051281531	0.5368453419755863	0.24261383795013092	78.98595708635088	1025	3198	1.3005078250658244	1.04
f8a4581c	ok	41861.0	41861.0	42207.8	-0.8216490790801768	7.828	1.4686679174484052	0.3753569413571253	0.8216490790801768	0.44629213772305154	0	<ORIGINAL_WORKSPACE>/OpenROAD-flow-scripts/flow/reports/asap7/aes/place_batch_20260421_220319/dpl_evolve_baseline/openroad_dpl_hpwl_only_9case_bo_place_batch_20260421_220319_aes_asap7_trial_f8a4581c_8a3f723e1808/metrics.json	18	64 8	0	0.41893670448939546	1.3526624424750402	1.368860450383484	144.22651563063755	376	1229	1.0729608471327137	1.50 1.25 1.10 1.04
f8fbd2bf	ok	41852.4	41852.4	42207.8	-0.8420244599339494	7.78	1.4596622889305817	0.4059162514779918	0.8420244599339493	0.43610820845595744	0	<ORIGINAL_WORKSPACE>/OpenROAD-flow-scripts/flow/reports/asap7/aes/place_batch_20260421_220319/dpl_evolve_baseline/openroad_dpl_hpwl_only_9case_bo_place_batch_20260421_220319_aes_asap7_trial_f8fbd2bf_aa65bc417b57/metrics.json	108	64 8	0	0.06474928682184788	0.9526977967085853	0.7734221188158019	136.13065756446125	572	1015	1.2375239209745204	1.04
f9a38028	ok	41841.3	41841.3	42207.8	-0.8683229166173076	7.331	1.3754221388367731	0.5290413645236067	0.8683229166173076	0.33928155209370087	0	<ORIGINAL_WORKSPACE>/OpenROAD-flow-scripts/flow/reports/asap7/aes/place_batch_20260421_220319/dpl_evolve_baseline/openroad_dpl_hpwl_only_9case_bo_place_batch_20260421_220319_aes_asap7_trial_f9a38028_4e85c2cac82d/metrics.json	3	64 8	0	0.6035739151085304	1.2631346298543376	0.7991736596844319	128.378996471015	187	2576	1.034154430584288	1.04
faa63c88	ok	42183.8	42183.8	42207.8	-0.056861527964025604	6.193	1.1619136960600374	-0.022809469996119477	0.056861527964025604	0.07967099796014508	0	<ORIGINAL_WORKSPACE>/OpenROAD-flow-scripts/flow/reports/asap7/aes/place_batch_20260421_220319/dpl_evolve_baseline/openroad_dpl_hpwl_only_9case_bo_place_batch_20260421_220319_aes_asap7_trial_faa63c88_b9496492d595/metrics.json	22	128 16	0	0.002811263939848291	1.3926703408812875	1.2622222211592482	52.13092487821508	730	3639	1.1340973894614028	1.25 1.10 1.04
fb60f16d	ok	41882.7	41882.7	42207.8	-0.7702367808793772	7.153	1.3420262664165101	0.470159302332787	0.7702367808793773	0.3000774785465903	0	<ORIGINAL_WORKSPACE>/OpenROAD-flow-scripts/flow/reports/asap7/aes/place_batch_20260421_220319/dpl_evolve_baseline/openroad_dpl_hpwl_only_9case_bo_place_batch_20260421_220319_aes_asap7_trial_fb60f16d_89ae45492c2e/metrics.json	9	64	0	0.7468242839979639	1.2645452984322354	1.406483146086857	134.9902859101919	462	1497	1.250528635766831	1.50 1.25 1.10 1.04
fbc789fa	ok	42160.4	42160.4	42207.8	-0.112301517728954	5.781	1.0846153846153845	0.11230151772895401	0.11230151772895401	0.0	0	<ORIGINAL_WORKSPACE>/OpenROAD-flow-scripts/flow/reports/asap7/aes/place_batch_20260421_220319/dpl_evolve_baseline/openroad_dpl_hpwl_only_9case_bo_place_batch_20260421_220319_aes_asap7_trial_fbc789fa_aa2cd41a2ae1/metrics.json	39	512	0	0.0010223262420177154	1.4597343991687093	0.1965128599493311	66.2722464944698	612	3720	1.3494942522376159	omit
fe4823b9	ok	41821.4	41821.4	42207.8	-0.9154706002208156	7.807	1.4647279549718575	0.4736300785677194	0.9154706002208156	0.44184052165309623	0	<ORIGINAL_WORKSPACE>/OpenROAD-flow-scripts/flow/reports/asap7/aes/place_batch_20260421_220319/dpl_evolve_baseline/openroad_dpl_hpwl_only_9case_bo_place_batch_20260421_220319_aes_asap7_trial_fe4823b9_c37dd54d0be3/metrics.json	59	64 8	0	0.6006216880142132	0.18958276422197928	0.2692887579164067	147.14998119752204	699	3817	1.3658290180847954	1.50 1.25 1.10 1.04
fe674eac	ok	42182.2	42182.2	42207.8	-0.06065229649497443	6.187	1.1607879924953095	-0.017589352760522578	0.06065229649497443	0.07824164925549701	0	<ORIGINAL_WORKSPACE>/OpenROAD-flow-scripts/flow/reports/asap7/aes/place_batch_20260421_220319/dpl_evolve_baseline/openroad_dpl_hpwl_only_9case_bo_place_batch_20260421_220319_aes_asap7_trial_fe674eac_3972e9a6d209/metrics.json	44	1024	0	0.8048284287311064	1.692658246637454	1.7433354599239792	141.63560623772494	946	1527	1.3414821692811663	1.50 1.25 1.10 1.04
ff14753c	ok	41909.6	41909.6	42207.8	-0.7065044849530284	7.761	1.4560975609756097	0.2744360912747064	0.7065044849530284	0.432068393678322	0	<ORIGINAL_WORKSPACE>/OpenROAD-flow-scripts/flow/reports/asap7/aes/place_batch_20260421_220319/dpl_evolve_baseline/openroad_dpl_hpwl_only_9case_bo_place_batch_20260421_220319_aes_asap7_trial_ff14753c_a810fda234b1/metrics.json	14	512 64	0	0.5101793982244888	1.8599185368391042	1.8545069487080341	14.562173019324359	913	3760	1.002617606528779	2.00 1.50 1.20 1.05
ffe89a3b	ok	41868.3	41868.3	42207.8	-0.8043536976577788	7.571	1.420450281425891	0.41295863906619035	0.8043536976577789	0.3913950585915885	0	<ORIGINAL_WORKSPACE>/OpenROAD-flow-scripts/flow/reports/asap7/aes/place_batch_20260421_220319/dpl_evolve_baseline/openroad_dpl_hpwl_only_9case_bo_place_batch_20260421_220319_aes_asap7_trial_ffe89a3b_12da9b545f77/metrics.json	88	64 8	1	0.867714364496876	0.3480916714080445	0.19355462086434777	135.15248947539834	403	1475	1.3949732515114952	2.50 1.75 1.25 1.08
