trial	status	score	hpwl_final	hpwl_ref	hpwl_delta_percent	runtime	runtime_ratio	gain_hr	hpwl_gain_percent	runtime_penalty_pp	legalize_exit_status	metrics_path	improve_random_seed	improve_max_displacement	improve_enable_extra_dpl	global_swap_tradeoff	global_swap_area_weight	global_swap_pin_weight	global_swap_congestion_user_weight	global_swap_sampling_moves	global_swap_normalization_interval	global_swap_profiling_excess	global_swap_budget_multipliers
001582aa	ok	5788499.2	5788499.2	5784913.3	0.061987100135111314	148.17	0.9796234099383808	-0.06198710013511132	-0.06198710013511132	0.0	0	<ORIGINAL_WORKSPACE>/OpenROAD-flow-scripts/flow/reports/nangate45/ariane133/place_batch_20260421_220319/dpl_evolve_baseline/openroad_dpl_hpwl_only_9case_bo_place_batch_20260421_220319_ariane133_nangate45_trial_001582aa_41bcd342d8fb/metrics.json	18	1024	0	0.5176356675641928	0.33882411410328955	0.44132995891963256	3.745581909133211	146	486	1.2932362151285441	omit
00834a4f	ok	5904447.0	5904447.0	5784913.3	2.066300630642125	119.486	0.789979636632904	-2.0663006306421257	-2.0663006306421257	0.0	0	<ORIGINAL_WORKSPACE>/OpenROAD-flow-scripts/flow/reports/nangate45/ariane133/place_batch_20260421_220319/dpl_evolve_baseline/openroad_dpl_hpwl_only_9case_bo_place_batch_20260421_220319_ariane133_nangate45_trial_00834a4f_5528f22aa7a2/metrics.json	8	1024 128	0	0.5117991844841301	1.0524541910199483	0.7006211524624957	41.85242816788886	179	1252	1.0737963598865041	1.75 1.35 1.15 1.05
00dfe450	ok	5790441.3	5790441.3	5784913.3	0.09555890837637965	138.906	0.9183746330627033	-0.09555890837637965	-0.09555890837637965	0.0	0	<ORIGINAL_WORKSPACE>/OpenROAD-flow-scripts/flow/reports/nangate45/ariane133/place_batch_20260421_220319/dpl_evolve_baseline/openroad_dpl_hpwl_only_9case_bo_place_batch_20260421_220319_ariane133_nangate45_trial_00dfe450_18b43b61db64/metrics.json	20	omit	0	0.40864428747782233	0.03613961542595023	0.3960841752042704	61.68735749964843	272	243	1.2589648360627015	1.50 1.25 1.10 1.04
01010158	ok	5791942.1	5791942.1	5784913.3	0.12150225311068731	153.534	1.0150874038029247	-0.12150225311068731	-0.12150225311068731	0.0	0	<ORIGINAL_WORKSPACE>/OpenROAD-flow-scripts/flow/reports/nangate45/ariane133/place_batch_20260421_220319/dpl_evolve_baseline/openroad_dpl_hpwl_only_9case_bo_place_batch_20260421_220319_ariane133_nangate45_trial_01010158_1d7ea907a067/metrics.json	78	omit	0	0.875235180436244	1.0339348908737651	1.692137744883989	20.627603078956202	511	3195	1.4880252036572623	1.50 1.25 1.10 1.04
01211b5e	ok	6009199.0	6009199.0	5784913.3	3.8770797135369373	119.813	0.7921415915161452	-3.8770797135369373	-3.8770797135369373	0.0	0	<ORIGINAL_WORKSPACE>/OpenROAD-flow-scripts/flow/reports/nangate45/ariane133/place_batch_20260421_220319/dpl_evolve_baseline/openroad_dpl_hpwl_only_9case_bo_place_batch_20260421_220319_ariane133_nangate45_trial_01211b5e_c456ca3e7d66/metrics.json	74	128	0	0.6520864294050879	1.2740133695284301	1.7737274617675327	62.68758035008285	866	3657	1.3433618693276914	1.04
025d2b4f	ok	5784399.4	5784399.4	5784913.3	-0.008883452064863984	150.392	0.9943141247719037	0.008883452064863984	0.008883452064863984	0.0	0	<ORIGINAL_WORKSPACE>/OpenROAD-flow-scripts/flow/reports/nangate45/ariane133/place_batch_20260421_220319/dpl_evolve_baseline/openroad_dpl_hpwl_only_9case_bo_place_batch_20260421_220319_ariane133_nangate45_trial_025d2b4f_3fc048562afe/metrics.json	54	omit	1	0.9426964549858047	1.089144610764046	1.9073315300961982	146.7754478247782	770	1993	1.5156173922271265	1.10 1.04
02fdd7ce	ok	5786414.5	5786414.5	5784913.3	0.02595025927182325	135.206	0.893912146616243	-0.02595025927182325	-0.02595025927182325	0.0	0	<ORIGINAL_WORKSPACE>/OpenROAD-flow-scripts/flow/reports/nangate45/ariane133/place_batch_20260421_220319/dpl_evolve_baseline/openroad_dpl_hpwl_only_9case_bo_place_batch_20260421_220319_ariane133_nangate45_trial_02fdd7ce_e369d6ffc8be/metrics.json	31	omit	1	0.675376906450921	0.42152057887022887	1.061308264500597	75.46096826609791	189	523	1.2587096404066955	omit
0402b084	ok	5791033.8	5791033.8	5784913.3	0.10580106706180022	140.27	0.9273926956337768	-0.10580106706180022	-0.10580106706180022	0.0	0	<ORIGINAL_WORKSPACE>/OpenROAD-flow-scripts/flow/reports/nangate45/ariane133/place_batch_20260421_220319/dpl_evolve_baseline/openroad_dpl_hpwl_only_9case_bo_place_batch_20260421_220319_ariane133_nangate45_trial_0402b084_8fb580aa6637/metrics.json	98	1024	0	0.45386311036740556	1.2017319449883366	1.977560480940999	61.55465620215892	865	2961	1.514947060511969	1.50 1.25 1.10 1.04
0431b623	ok	5788417.3	5788417.3	5784913.3	0.06057134858010751	145.502	0.9619839737656362	-0.0605713485801075	-0.0605713485801075	0.0	0	<ORIGINAL_WORKSPACE>/OpenROAD-flow-scripts/flow/reports/nangate45/ariane133/place_batch_20260421_220319/dpl_evolve_baseline/openroad_dpl_hpwl_only_9case_bo_place_batch_20260421_220319_ariane133_nangate45_trial_0431b623_67d9545c9f97/metrics.json	13	1024	1	0.9892902977237761	1.3686534824293546	1.958557575007735	137.74077045790918	746	415	1.5894777523104524	1.10 1.04
049a5d9f	ok	6328461.9	6328461.9	5784913.3	9.395967956857723	83.683	0.553268717107873	-9.395967956857723	-9.395967956857723	0.0	0	<ORIGINAL_WORKSPACE>/OpenROAD-flow-scripts/flow/reports/nangate45/ariane133/place_batch_20260421_220319/dpl_evolve_baseline/openroad_dpl_hpwl_only_9case_bo_place_batch_20260421_220319_ariane133_nangate45_trial_049a5d9f_fd0b4197b724/metrics.json	6	128 16	0	0.31417326803915374	0.8289299324915822	0.9505411380830562	47.76973729989247	147	459	1.0657604427287217	1.50 1.25 1.10 1.04
052ce31d	ok	5794734.0	5794734.0	5784913.3	0.16976399629014643	147.718	0.9766350197022187	-0.1697639962901464	-0.1697639962901464	0.0	0	<ORIGINAL_WORKSPACE>/OpenROAD-flow-scripts/flow/reports/nangate45/ariane133/place_batch_20260421_220319/dpl_evolve_baseline/openroad_dpl_hpwl_only_9case_bo_place_batch_20260421_220319_ariane133_nangate45_trial_052ce31d_2309ba2a7416/metrics.json	57	omit	0	0.7030136461005287	1.0304086847433722	1.2385492067964674	89.20039367419022	338	3217	1.9830204980742694	2.00 1.50 1.20 1.05
053be28d	ok	5785504.6	5785504.6	5784913.3	0.010221415072889923	150.71	0.9964165763097348	-0.01022141507288992	-0.01022141507288992	0.0	0	<ORIGINAL_WORKSPACE>/OpenROAD-flow-scripts/flow/reports/nangate45/ariane133/place_batch_20260421_220319/dpl_evolve_baseline/openroad_dpl_hpwl_only_9case_bo_place_batch_20260421_220319_ariane133_nangate45_trial_053be28d_4db6a232985b/metrics.json	51	omit	0	0.7862201329960058	0.48593593179284844	1.8559366046129178	20.19621485770659	466	3612	1.8559910117016063	1.50 1.25 1.10 1.04
0565c721	ok	5798016.2	5798016.2	5784913.3	0.2265012338214364	145.067	0.9591079787374712	-0.22650123382143642	-0.22650123382143642	0.0	0	<ORIGINAL_WORKSPACE>/OpenROAD-flow-scripts/flow/reports/nangate45/ariane133/place_batch_20260421_220319/dpl_evolve_baseline/openroad_dpl_hpwl_only_9case_bo_place_batch_20260421_220319_ariane133_nangate45_trial_0565c721_97dc8bc2ad47/metrics.json	30	omit	0	0.7677312366222679	0.3957186832416696	1.8133882438996347	15.158430007017188	356	3604	1.931988431810307	1.50 1.25 1.10 1.04
058e434b	ok	5784080.9	5784080.9	5784913.3	-0.014389152556520445	145.037	0.9589096342527702	0.014389152556520445	0.014389152556520445	0.0	0	<ORIGINAL_WORKSPACE>/OpenROAD-flow-scripts/flow/reports/nangate45/ariane133/place_batch_20260421_220319/dpl_evolve_baseline/openroad_dpl_hpwl_only_9case_bo_place_batch_20260421_220319_ariane133_nangate45_trial_058e434b_ccaae7af5ed1/metrics.json	17	omit	1	0.8985213082807163	1.1496371807760029	1.7150293632048712	104.5975466538161	698	1595	1.8725457663631437	1.10 1.04
05926e58	ok	6342997.6	6342997.6	5784913.3	9.647237064036894	66.92	0.44244043053976145	-9.647237064036895	-9.647237064036895	0.0	0	<ORIGINAL_WORKSPACE>/OpenROAD-flow-scripts/flow/reports/nangate45/ariane133/place_batch_20260421_220319/dpl_evolve_baseline/openroad_dpl_hpwl_only_9case_bo_place_batch_20260421_220319_ariane133_nangate45_trial_05926e58_6bd3eb2062ee/metrics.json	74	128 16	0	0.032426325314457105	0.1871541916349615	0.17747484433234145	67.7599723037213	482	3904	1.1679832931996148	omit
0670a11c	ok	5909169.1	5909169.1	5784913.3	2.1479284745719496	121.516	0.8034009467643403	-2.1479284745719496	-2.1479284745719496	0.0	0	<ORIGINAL_WORKSPACE>/OpenROAD-flow-scripts/flow/reports/nangate45/ariane133/place_batch_20260421_220319/dpl_evolve_baseline/openroad_dpl_hpwl_only_9case_bo_place_batch_20260421_220319_ariane133_nangate45_trial_0670a11c_f3b9439d5ceb/metrics.json	63	1024 128	1	0.9306331599107245	0.5850861589187356	0.8638248167373339	136.6633935958254	349	1353	1.7094277018102526	1.10 1.04
06d0a2ab	ok	5791775.3	5791775.3	5784913.3	0.11861889096937721	149.43	0.9879538782958242	-0.1186188909693772	-0.1186188909693772	0.0	0	<ORIGINAL_WORKSPACE>/OpenROAD-flow-scripts/flow/reports/nangate45/ariane133/place_batch_20260421_220319/dpl_evolve_baseline/openroad_dpl_hpwl_only_9case_bo_place_batch_20260421_220319_ariane133_nangate45_trial_06d0a2ab_8048aa16683b/metrics.json	24	1024	1	0.684064799599312	0.14674944095224352	0.3546652750192211	85.42798274261823	199	1829	1.1176188767752433	1.75 1.35 1.15 1.05
0710de89	ok	5785504.6	5785504.6	5784913.3	0.010221415072889923	141.619	0.9363115859624996	-0.01022141507288992	-0.01022141507288992	0.0	0	<ORIGINAL_WORKSPACE>/OpenROAD-flow-scripts/flow/reports/nangate45/ariane133/place_batch_20260421_220319/dpl_evolve_baseline/openroad_dpl_hpwl_only_9case_bo_place_batch_20260421_220319_ariane133_nangate45_trial_0710de89_4d1a2c406616/metrics.json	51	1024	1	0.4392803628038001	0.2985815607776604	0.6843279732667428	76.68423248615896	194	634	1.1093765077812983	1.75 1.35 1.15 1.05
075c414d	ok	5790551.2	5790551.2	5784913.3	0.09745867755702359	142.066	0.9392669187845449	-0.09745867755702359	-0.09745867755702359	0.0	0	<ORIGINAL_WORKSPACE>/OpenROAD-flow-scripts/flow/reports/nangate45/ariane133/place_batch_20260421_220319/dpl_evolve_baseline/openroad_dpl_hpwl_only_9case_bo_place_batch_20260421_220319_ariane133_nangate45_trial_075c414d_9f03804851dd/metrics.json	75	omit	1	0.762287017564399	1.1913554106252329	1.8480771503990179	126.11437287951964	1059	3895	1.6480464780869135	1.10 1.04
081c98a4	ok	5790482.6	5790482.6	5784913.3	0.09627283437419562	147.191	0.973150768254304	-0.09627283437419562	-0.09627283437419562	0.0	0	<ORIGINAL_WORKSPACE>/OpenROAD-flow-scripts/flow/reports/nangate45/ariane133/place_batch_20260421_220319/dpl_evolve_baseline/openroad_dpl_hpwl_only_9case_bo_place_batch_20260421_220319_ariane133_nangate45_trial_081c98a4_29b9a97d5152/metrics.json	10	1024	0	0.41835776212817066	0.6776944073626279	0.48827776130452466	77.74831207534277	200	997	1.32163373571041	2.50 1.75 1.25 1.08
084674cb	ok	5792320.3	5792320.3	5784913.3	0.12803994832558685	147.357	0.974248274402983	-0.12803994832558685	-0.12803994832558685	0.0	0	<ORIGINAL_WORKSPACE>/OpenROAD-flow-scripts/flow/reports/nangate45/ariane133/place_batch_20260421_220319/dpl_evolve_baseline/openroad_dpl_hpwl_only_9case_bo_place_batch_20260421_220319_ariane133_nangate45_trial_084674cb_a1fe0f5923c4/metrics.json	61	omit	0	0.9505624922612593	0.39662048786993537	1.9311192545598566	46.21932303234044	344	3633	1.9555315403216096	2.00 1.50 1.20 1.05
08f237ef	ok	6317209.1	6317209.1	5784913.3	9.20144818765045	84.264	0.5571099886282495	-9.20144818765045	-9.20144818765045	0.0	0	<ORIGINAL_WORKSPACE>/OpenROAD-flow-scripts/flow/reports/nangate45/ariane133/place_batch_20260421_220319/dpl_evolve_baseline/openroad_dpl_hpwl_only_9case_bo_place_batch_20260421_220319_ariane133_nangate45_trial_08f237ef_ce5655e49a76/metrics.json	1	32	1	0.6981735457168805	0.9542225225873211	0.48647887147317237	96.90063005987602	468	950	1.5050111463146463	1.75 1.35 1.15 1.05
09d2c5d0	ok	6013012.6	6013012.6	5784913.3	3.9430029141491163	126.584	0.8369079417131674	-3.9430029141491163	-3.9430029141491163	0.0	0	<ORIGINAL_WORKSPACE>/OpenROAD-flow-scripts/flow/reports/nangate45/ariane133/place_batch_20260421_220319/dpl_evolve_baseline/openroad_dpl_hpwl_only_9case_bo_place_batch_20260421_220319_ariane133_nangate45_trial_09d2c5d0_4e7da97ecb2f/metrics.json	39	128	1	0.959354245647088	0.5787616800031555	1.6025073544616286	148.98392678511496	843	1795	1.1629305367187905	1.10 1.04
0a33df20	ok	5910303.8	5910303.8	5784913.3	2.167543288851019	121.272	0.8017877449554386	-2.167543288851019	-2.167543288851019	0.0	0	<ORIGINAL_WORKSPACE>/OpenROAD-flow-scripts/flow/reports/nangate45/ariane133/place_batch_20260421_220319/dpl_evolve_baseline/openroad_dpl_hpwl_only_9case_bo_place_batch_20260421_220319_ariane133_nangate45_trial_0a33df20_0fba3cfe5e7a/metrics.json	40	1024 128	1	0.757352983784678	0.20292252578640935	1.939598445832376	2.698220352602739	446	3643	1.7092159227040886	1.50 1.25 1.10 1.04
0aa98e31	ok	5914232.3	5914232.3	5784913.3	2.235452690362706	126.752	0.8380186708274932	-2.235452690362706	-2.235452690362706	0.0	0	<ORIGINAL_WORKSPACE>/OpenROAD-flow-scripts/flow/reports/nangate45/ariane133/place_batch_20260421_220319/dpl_evolve_baseline/openroad_dpl_hpwl_only_9case_bo_place_batch_20260421_220319_ariane133_nangate45_trial_0aa98e31_cf671b811aa7/metrics.json	20	1024 128	1	0.7019433493758898	0.6516020955805787	0.09210934181611252	77.22911568559337	132	516	1.1357526430344875	2.00 1.50 1.20 1.05
0c1776da	ok	5789281.2	5789281.2	5784913.3	0.0755050209654892	144.715	0.9567807367836458	-0.0755050209654892	-0.0755050209654892	0.0	0	<ORIGINAL_WORKSPACE>/OpenROAD-flow-scripts/flow/reports/nangate45/ariane133/place_batch_20260421_220319/dpl_evolve_baseline/openroad_dpl_hpwl_only_9case_bo_place_batch_20260421_220319_ariane133_nangate45_trial_0c1776da_a7d9cff7e87a/metrics.json	92	omit	1	0.7135433948520852	1.5964905946272065	1.8006060615412662	109.64854924820143	927	1344	1.5218685430595156	1.10 1.04
0c6aaa26	ok	6015342.4	6015342.4	5784913.3	3.983276637871143	137.656	0.9101102795334938	-3.9832766378711426	-3.9832766378711426	0.0	0	<ORIGINAL_WORKSPACE>/OpenROAD-flow-scripts/flow/reports/nangate45/ariane133/place_batch_20260421_220319/dpl_evolve_baseline/openroad_dpl_hpwl_only_9case_bo_place_batch_20260421_220319_ariane133_nangate45_trial_0c6aaa26_bc1cff0206c6/metrics.json	62	128	0	0.7562767245399441	1.9974823068816105	1.5189104529626372	113.22300117345789	1166	1347	1.3200258065162016	1.50 1.25 1.10 1.04
0cd40514	ok	5802982.6	5802982.6	5784913.3	0.3123521315349672	145.708	0.9633459392272499	-0.31235213153496727	-0.31235213153496727	0.0	0	<ORIGINAL_WORKSPACE>/OpenROAD-flow-scripts/flow/reports/nangate45/ariane133/place_batch_20260421_220319/dpl_evolve_baseline/openroad_dpl_hpwl_only_9case_bo_place_batch_20260421_220319_ariane133_nangate45_trial_0cd40514_e507abbb3576/metrics.json	32	1024	1	0.9464400426906807	1.346501393018948	0.6795131563221206	128.55199368739633	1146	3289	1.578893222710426	1.50 1.25 1.10 1.04
0db99975	ok	5783815.0	5783815.0	5784913.3	-0.018985591365730817	140.342	0.9278687223970592	0.01898559136573082	0.01898559136573082	0.0	0	<ORIGINAL_WORKSPACE>/OpenROAD-flow-scripts/flow/reports/nangate45/ariane133/place_batch_20260421_220319/dpl_evolve_baseline/openroad_dpl_hpwl_only_9case_bo_place_batch_20260421_220319_ariane133_nangate45_trial_0db99975_dbf73176a487/metrics.json	45	omit	0	0.8528099436452778	1.9517020626944048	1.522799088113876	105.37832382896688	1095	1121	1.4726202245281212	1.04
0dd1ee37	ok	5789173.3	5789173.3	5784913.3	0.07363982447239098	161.54	1.068018935286806	-0.07363982447239097	-0.07363982447239097	0.0	0	<ORIGINAL_WORKSPACE>/OpenROAD-flow-scripts/flow/reports/nangate45/ariane133/place_batch_20260421_220319/dpl_evolve_baseline/openroad_dpl_hpwl_only_9case_bo_place_batch_20260421_220319_ariane133_nangate45_trial_0dd1ee37_66c85ef17627/metrics.json	108	1024	1	0.7301343272213384	1.5668043576215163	1.9943504442999922	70.88245766234557	876	2983	1.1727005056420263	1.50 1.25 1.10 1.04
0e9142ec	ok	5784942.2	5784942.2	5784913.3	0.0004995753350421437	137.567	0.909521857562214	-0.0004995753350421437	-0.0004995753350421437	0.0	0	<ORIGINAL_WORKSPACE>/OpenROAD-flow-scripts/flow/reports/nangate45/ariane133/place_batch_20260421_220319/dpl_evolve_baseline/openroad_dpl_hpwl_only_9case_bo_place_batch_20260421_220319_ariane133_nangate45_trial_0e9142ec_2e0e5c56d2e7/metrics.json	48	omit	1	0.9491698105628598	1.2721413404579038	1.8730913750811444	123.50690472034427	470	1972	1.610400900276685	1.10 1.04
0ec4a250	ok	5799156.2	5799156.2	5784913.3	0.24620766572249878	163.324	1.079813820643694	-0.24620766572249878	-0.24620766572249878	0.0	0	<ORIGINAL_WORKSPACE>/OpenROAD-flow-scripts/flow/reports/nangate45/ariane133/place_batch_20260421_220319/dpl_evolve_baseline/openroad_dpl_hpwl_only_9case_bo_place_batch_20260421_220319_ariane133_nangate45_trial_0ec4a250_4bc2a447a1c4/metrics.json	2	omit	0	0.2733986840941959	0.6488894861194527	0.18025030903283495	38.18663321840848	156	377	1.1413103866115712	omit
11db54e9	ok	6205115.8	6205115.8	5784913.3	7.263764869215931	95.907	0.6340874831407187	-7.263764869215931	-7.263764869215931	0.0	0	<ORIGINAL_WORKSPACE>/OpenROAD-flow-scripts/flow/reports/nangate45/ariane133/place_batch_20260421_220319/dpl_evolve_baseline/openroad_dpl_hpwl_only_9case_bo_place_batch_20260421_220319_ariane133_nangate45_trial_11db54e9_dfd841ecc614/metrics.json	41	64	1	0.8988607480651365	0.6010615022248393	1.0897571516310354	145.4512877997974	1085	1917	1.343786380629401	1.50 1.25 1.10 1.04
124d6d08	ok	5788774.7	5788774.7	5784913.3	0.06674948784453472	148.094	0.9791209372438049	-0.06674948784453473	-0.06674948784453473	0.0	0	<ORIGINAL_WORKSPACE>/OpenROAD-flow-scripts/flow/reports/nangate45/ariane133/place_batch_20260421_220319/dpl_evolve_baseline/openroad_dpl_hpwl_only_9case_bo_place_batch_20260421_220319_ariane133_nangate45_trial_124d6d08_2bbd6d6f21ce/metrics.json	42	omit	0	0.7979067905809205	1.366711758372722	1.4512370693007366	125.77996404712465	652	2560	1.658797490724302	1.04
128fcda1	ok	5805689.2	5805689.2	5784913.3	0.35913934959060445	135.613	0.8966030201253536	-0.35913934959060445	-0.35913934959060445	0.0	0	<ORIGINAL_WORKSPACE>/OpenROAD-flow-scripts/flow/reports/nangate45/ariane133/place_batch_20260421_220319/dpl_evolve_baseline/openroad_dpl_hpwl_only_9case_bo_place_batch_20260421_220319_ariane133_nangate45_trial_128fcda1_740f59db3986/metrics.json	52	omit	1	0.7372852127008883	0.2500145474977801	1.9841651427850997	140.5806252288129	1161	3475	1.2963546071808891	2.50 1.75 1.25 1.08
12abaeec	ok	5792081.3	5792081.3	5784913.3	0.12390851216387289	153.407	1.0142477454843573	-0.12390851216387289	-0.12390851216387289	0.0	0	<ORIGINAL_WORKSPACE>/OpenROAD-flow-scripts/flow/reports/nangate45/ariane133/place_batch_20260421_220319/dpl_evolve_baseline/openroad_dpl_hpwl_only_9case_bo_place_batch_20260421_220319_ariane133_nangate45_trial_12abaeec_cb04f846fc34/metrics.json	6	1024	1	0.712850665152309	1.5816607072418098	0.6270297372406852	92.02788798589987	651	2137	1.452866055169414	2.00 1.50 1.20 1.05
12acdbe6	ok	6009517.2	6009517.2	5784913.3	3.882580228125465	137.307	0.9078028720281384	-3.882580228125465	-3.882580228125465	0.0	0	<ORIGINAL_WORKSPACE>/OpenROAD-flow-scripts/flow/reports/nangate45/ariane133/place_batch_20260421_220319/dpl_evolve_baseline/openroad_dpl_hpwl_only_9case_bo_place_batch_20260421_220319_ariane133_nangate45_trial_12acdbe6_aeed303b7d10/metrics.json	28	128	0	0.9942198950972742	1.5256072668769707	0.5310699899866962	45.76772212965512	548	338	1.0572109219701966	1.75 1.35 1.15 1.05
137f5d89	ok	5784080.9	5784080.9	5784913.3	-0.014389152556520445	144.539	0.955617115806733	0.014389152556520445	0.014389152556520445	0.0	0	<ORIGINAL_WORKSPACE>/OpenROAD-flow-scripts/flow/reports/nangate45/ariane133/place_batch_20260421_220319/dpl_evolve_baseline/openroad_dpl_hpwl_only_9case_bo_place_batch_20260421_220319_ariane133_nangate45_trial_137f5d89_8ca32fdc2f7c/metrics.json	17	1024	1	0.8266232826796156	0.5614146202039065	1.4979143282864573	141.5976802563883	872	1376	1.3050706526708418	1.04
13bbaad9	ok	6325094.3	6325094.3	5784913.3	9.337754465568223	79.446	0.5252558643852643	-9.337754465568223	-9.337754465568223	0.0	0	<ORIGINAL_WORKSPACE>/OpenROAD-flow-scripts/flow/reports/nangate45/ariane133/place_batch_20260421_220319/dpl_evolve_baseline/openroad_dpl_hpwl_only_9case_bo_place_batch_20260421_220319_ariane133_nangate45_trial_13bbaad9_f1574d106c26/metrics.json	15	128 16	1	0.8420787350078635	0.24908684494387606	0.541777416663347	44.19169539423629	73	102	1.033675979777663	1.75 1.35 1.15 1.05
147ab25d	ok	6011916.8	6011916.8	5784913.3	3.924060538642818	133.466	0.8824081665035834	-3.924060538642818	-3.924060538642818	0.0	0	<ORIGINAL_WORKSPACE>/OpenROAD-flow-scripts/flow/reports/nangate45/ariane133/place_batch_20260421_220319/dpl_evolve_baseline/openroad_dpl_hpwl_only_9case_bo_place_batch_20260421_220319_ariane133_nangate45_trial_147ab25d_a0eded5d866d/metrics.json	7	128	0	0.6471636137666158	0.18880202787896333	0.24213010086840092	37.195952024816734	181	965	1.021833659240415	omit
151a4ab7	ok	6022668.7	6022668.7	5784913.3	4.109921578254256	129.061	0.853284584666649	-4.109921578254256	-4.109921578254256	0.0	0	<ORIGINAL_WORKSPACE>/OpenROAD-flow-scripts/flow/reports/nangate45/ariane133/place_batch_20260421_220319/dpl_evolve_baseline/openroad_dpl_hpwl_only_9case_bo_place_batch_20260421_220319_ariane133_nangate45_trial_151a4ab7_340c3bf027f5/metrics.json	52	128	0	0.8548979426974024	1.0554292926174933	1.6142141138089663	85.87327757874095	893	2124	1.770883910501888	1.10 1.04
15330b61	ok	5797378.1	5797378.1	5784913.3	0.2154708178599637	153.647	1.0158345013619654	-0.21547081785996366	-0.21547081785996366	0.0	0	<ORIGINAL_WORKSPACE>/OpenROAD-flow-scripts/flow/reports/nangate45/ariane133/place_batch_20260421_220319/dpl_evolve_baseline/openroad_dpl_hpwl_only_9case_bo_place_batch_20260421_220319_ariane133_nangate45_trial_15330b61_952e06f5b87a/metrics.json	19	512	1	0.9343253397421679	0.8972457165439505	1.8098166714633361	111.40007590942653	405	1248	1.9112454116440385	1.10 1.04
16f230fe	ok	5862167.4	5862167.4	5784913.3	1.3354409304630472	124.333	0.8220254938777668	-1.335440930463047	-1.335440930463047	0.0	0	<ORIGINAL_WORKSPACE>/OpenROAD-flow-scripts/flow/reports/nangate45/ariane133/place_batch_20260421_220319/dpl_evolve_baseline/openroad_dpl_hpwl_only_9case_bo_place_batch_20260421_220319_ariane133_nangate45_trial_16f230fe_0d2703ea2562/metrics.json	4	256	0	0.7695862904236006	1.355720029639073	0.5260255038278495	96.76366280408318	360	2611	1.3702249374776063	1.75 1.35 1.15 1.05
1764c310	ok	5792081.3	5792081.3	5784913.3	0.12390851216387289	138.032	0.91259619707508	-0.12390851216387289	-0.12390851216387289	0.0	0	<ORIGINAL_WORKSPACE>/OpenROAD-flow-scripts/flow/reports/nangate45/ariane133/place_batch_20260421_220319/dpl_evolve_baseline/openroad_dpl_hpwl_only_9case_bo_place_batch_20260421_220319_ariane133_nangate45_trial_1764c310_f10608c76e38/metrics.json	6	omit	0	0.48907097278658085	0.2941871984862523	0.8828730827197089	71.54923903554044	75	1894	1.0383614380081896	1.50 1.25 1.10 1.04
18bd411d	ok	5795347.3	5795347.3	5784913.3	0.1803657109260393	158.763	1.0496588474863142	-0.18036571092603929	-0.18036571092603929	0.0	0	<ORIGINAL_WORKSPACE>/OpenROAD-flow-scripts/flow/reports/nangate45/ariane133/place_batch_20260421_220319/dpl_evolve_baseline/openroad_dpl_hpwl_only_9case_bo_place_batch_20260421_220319_ariane133_nangate45_trial_18bd411d_6e5171b30cc8/metrics.json	15	omit	1	0.9797594732638514	1.3960443941623502	0.35728513101284143	135.46714371807198	1130	1339	1.4223863050014087	1.50 1.25 1.10 1.04
1a0db1a0	ok	5787282.1	5787282.1	5784913.3	0.04094789112915165	150.632	0.995900880649512	-0.04094789112915165	-0.04094789112915165	0.0	0	<ORIGINAL_WORKSPACE>/OpenROAD-flow-scripts/flow/reports/nangate45/ariane133/place_batch_20260421_220319/dpl_evolve_baseline/openroad_dpl_hpwl_only_9case_bo_place_batch_20260421_220319_ariane133_nangate45_trial_1a0db1a0_228ff668ab18/metrics.json	16	omit	0	0.6813107329902277	0.19780580657554048	0.13172139677158473	58.79937471583799	139	1843	1.0641340931891852	omit
1a76ebc9	ok	5864606.9	5864606.9	5784913.3	1.3776109660969431	128.574	0.850064792531669	-1.3776109660969433	-1.3776109660969433	0.0	0	<ORIGINAL_WORKSPACE>/OpenROAD-flow-scripts/flow/reports/nangate45/ariane133/place_batch_20260421_220319/dpl_evolve_baseline/openroad_dpl_hpwl_only_9case_bo_place_batch_20260421_220319_ariane133_nangate45_trial_1a76ebc9_8f4cf62ce873/metrics.json	64	256	1	0.5865819657823257	1.0086489371933067	1.8825562031961696	142.207894830393	671	1973	1.5646011037170595	1.10 1.04
1ba3bc1e	ok	5794551.9	5794551.9	5784913.3	0.16661615308911473	150.166	0.9928199296538227	-0.16661615308911473	-0.16661615308911473	0.0	0	<ORIGINAL_WORKSPACE>/OpenROAD-flow-scripts/flow/reports/nangate45/ariane133/place_batch_20260421_220319/dpl_evolve_baseline/openroad_dpl_hpwl_only_9case_bo_place_batch_20260421_220319_ariane133_nangate45_trial_1ba3bc1e_e0d83f230cd3/metrics.json	65	omit	0	0.7956330710920317	0.6985566766960664	1.9856597182965074	94.16286161088019	973	3912	1.115584236567494	1.10 1.04
1c843e95	ok	5789474.8	5789474.8	5784913.3	0.07885165711990878	155.936	1.030968185544654	-0.07885165711990878	-0.07885165711990878	0.0	0	<ORIGINAL_WORKSPACE>/OpenROAD-flow-scripts/flow/reports/nangate45/ariane133/place_batch_20260421_220319/dpl_evolve_baseline/openroad_dpl_hpwl_only_9case_bo_place_batch_20260421_220319_ariane133_nangate45_trial_1c843e95_7191ff535802/metrics.json	59	1024	1	0.6649598973251916	0.32268794679095975	0.6418526403042359	145.1839171082972	83	1982	1.1075381241987383	2.50 1.75 1.25 1.08
1d97537a	ok	6024487.9	6024487.9	5784913.3	4.14136889484585	117.02	0.7736757199904793	-4.14136889484585	-4.14136889484585	0.0	0	<ORIGINAL_WORKSPACE>/OpenROAD-flow-scripts/flow/reports/nangate45/ariane133/place_batch_20260421_220319/dpl_evolve_baseline/openroad_dpl_hpwl_only_9case_bo_place_batch_20260421_220319_ariane133_nangate45_trial_1d97537a_eb4a3f139074/metrics.json	22	128	0	0.7886033648651892	0.1106503989990546	1.2089087374924643	142.52865921652673	683	1212	1.7170664194275995	1.04
1da8f893	ok	5794335.7	5794335.7	5784913.3	0.16287884556541882	156.922	1.0374871076084944	-0.16287884556541882	-0.16287884556541882	0.0	0	<ORIGINAL_WORKSPACE>/OpenROAD-flow-scripts/flow/reports/nangate45/ariane133/place_batch_20260421_220319/dpl_evolve_baseline/openroad_dpl_hpwl_only_9case_bo_place_batch_20260421_220319_ariane133_nangate45_trial_1da8f893_06cb2ea98207/metrics.json	62	omit	0	0.6969116137392749	1.7470930512330392	1.2798193353837566	126.98829665468543	1079	3035	1.4110269561910285	2.00 1.50 1.20 1.05
1e49d544	ok	5788097.2	5788097.2	5784913.3	0.055037989938420906	156.002	1.0314045434109962	-0.055037989938420906	-0.055037989938420906	0.0	0	<ORIGINAL_WORKSPACE>/OpenROAD-flow-scripts/flow/reports/nangate45/ariane133/place_batch_20260421_220319/dpl_evolve_baseline/openroad_dpl_hpwl_only_9case_bo_place_batch_20260421_220319_ariane133_nangate45_trial_1e49d544_103af77521fb/metrics.json	90	omit	0	0.7261614995006578	1.1889344532436725	0.997166085018025	101.34351753797726	1121	2659	1.1120389250618092	1.04
1e9dcc05	ok	6196244.6	6196244.6	5784913.3	7.110414256338117	99.801	0.6598325972549123	-7.110414256338117	-7.110414256338117	0.0	0	<ORIGINAL_WORKSPACE>/OpenROAD-flow-scripts/flow/reports/nangate45/ariane133/place_batch_20260421_220319/dpl_evolve_baseline/openroad_dpl_hpwl_only_9case_bo_place_batch_20260421_220319_ariane133_nangate45_trial_1e9dcc05_d171f719d230/metrics.json	48	256 32	0	0.7990372276919335	0.5375216036673878	1.3820071903374198	144.63800801576502	996	3605	1.3759066810503238	2.50 1.75 1.25 1.08
1fef3346	ok	5860180.5	5860180.5	5784913.3	1.3010946940207415	125.357	0.8287956522888953	-1.3010946940207417	-1.3010946940207417	0.0	0	<ORIGINAL_WORKSPACE>/OpenROAD-flow-scripts/flow/reports/nangate45/ariane133/place_batch_20260421_220319/dpl_evolve_baseline/openroad_dpl_hpwl_only_9case_bo_place_batch_20260421_220319_ariane133_nangate45_trial_1fef3346_012fbd75f8c0/metrics.json	8	256	0	0.6763010973269625	0.9351597940887603	0.458626090815735	57.698479144854	418	388	1.3779240707900144	1.75 1.35 1.15 1.05
203dbccf	ok	6196929.8	6196929.8	5784913.3	7.122258859091285	106.007	0.7008634596567318	-7.122258859091285	-7.122258859091285	0.0	0	<ORIGINAL_WORKSPACE>/OpenROAD-flow-scripts/flow/reports/nangate45/ariane133/place_batch_20260421_220319/dpl_evolve_baseline/openroad_dpl_hpwl_only_9case_bo_place_batch_20260421_220319_ariane133_nangate45_trial_203dbccf_fcffc1fb87c4/metrics.json	14	256 32	1	0.5779263218615529	0.15083540779230648	0.41826553228708463	32.963659828620784	111	1113	1.0723104767618044	omit
20838983	ok	5798016.2	5798016.2	5784913.3	0.2265012338214364	154.788	1.023378203263428	-0.22650123382143642	-0.22650123382143642	0.0	0	<ORIGINAL_WORKSPACE>/OpenROAD-flow-scripts/flow/reports/nangate45/ariane133/place_batch_20260421_220319/dpl_evolve_baseline/openroad_dpl_hpwl_only_9case_bo_place_batch_20260421_220319_ariane133_nangate45_trial_20838983_324bcf3da807/metrics.json	30	1024	1	0.3556336772396785	0.5970709239189116	0.9868185961317417	88.20576959983023	690	1406	1.116110866405685	1.75 1.35 1.15 1.05
2087cf6e	ok	6314433.5	6314433.5	5784913.3	9.1534682118745	87.23	0.5767196466823579	-9.1534682118745	-9.1534682118745	0.0	0	<ORIGINAL_WORKSPACE>/OpenROAD-flow-scripts/flow/reports/nangate45/ariane133/place_batch_20260421_220319/dpl_evolve_baseline/openroad_dpl_hpwl_only_9case_bo_place_batch_20260421_220319_ariane133_nangate45_trial_2087cf6e_6d385b29dcb5/metrics.json	79	32	0	0.7483877362072109	1.3696093825222644	1.371261164541962	112.03794123670156	1087	2508	1.5933111942601172	1.04
20f07f0b	ok	6048424.9	6048424.9	5784913.3	4.55515210573684	97.789	0.6465302938142966	-4.555152105736841	-4.555152105736841	0.0	0	<ORIGINAL_WORKSPACE>/OpenROAD-flow-scripts/flow/reports/nangate45/ariane133/place_batch_20260421_220319/dpl_evolve_baseline/openroad_dpl_hpwl_only_9case_bo_place_batch_20260421_220319_ariane133_nangate45_trial_20f07f0b_34bc58d4e33d/metrics.json	18	512 64	0	0.9934950596779102	0.3657137544353946	1.6043262835675394	131.79901113989416	917	786	1.4783488111210052	1.04
22820b65	ok	5796486.5	5796486.5	5784913.3	0.2000583137520866	142.949	0.9451048581175786	-0.2000583137520866	-0.2000583137520866	0.0	0	<ORIGINAL_WORKSPACE>/OpenROAD-flow-scripts/flow/reports/nangate45/ariane133/place_batch_20260421_220319/dpl_evolve_baseline/openroad_dpl_hpwl_only_9case_bo_place_batch_20260421_220319_ariane133_nangate45_trial_22820b65_742aae7cee44/metrics.json	69	1024	1	0.9838405091721125	0.545356693259744	1.1682144965698702	124.53997071614917	1097	1837	1.1245272634399297	1.04
22c64cc2	ok	5784399.4	5784399.4	5784913.3	-0.008883452064863984	151.492	1.0015867558776081	0.008883452064863984	0.008883452064863984	0.0	0	<ORIGINAL_WORKSPACE>/OpenROAD-flow-scripts/flow/reports/nangate45/ariane133/place_batch_20260421_220319/dpl_evolve_baseline/openroad_dpl_hpwl_only_9case_bo_place_batch_20260421_220319_ariane133_nangate45_trial_22c64cc2_2cb2b2f2838e/metrics.json	54	1024	1	0.8834228739732072	0.3087977009947765	1.3678723403350117	141.9552544767368	868	1484	1.058570242532295	1.04
22e7e80d	ok	5798518.0	5798518.0	5784913.3	0.2351755211266552	143.186	0.9466717795467168	-0.2351755211266552	-0.2351755211266552	0.0	0	<ORIGINAL_WORKSPACE>/OpenROAD-flow-scripts/flow/reports/nangate45/ariane133/place_batch_20260421_220319/dpl_evolve_baseline/openroad_dpl_hpwl_only_9case_bo_place_batch_20260421_220319_ariane133_nangate45_trial_22e7e80d_75ecb1f38b7b/metrics.json	6	512	0	0.3436251777013187	0.015638787650283092	0.5577055092315922	30.511032192224814	269	744	1.1165766298003408	2.50 1.75 1.25 1.08
2427178b	ok	5788807.9	5788807.9	5784913.3	0.06732339445779695	144.416	0.9548039034194589	-0.06732339445779695	-0.06732339445779695	0.0	0	<ORIGINAL_WORKSPACE>/OpenROAD-flow-scripts/flow/reports/nangate45/ariane133/place_batch_20260421_220319/dpl_evolve_baseline/openroad_dpl_hpwl_only_9case_bo_place_batch_20260421_220319_ariane133_nangate45_trial_2427178b_58c0adaf39f9/metrics.json	44	omit	0	0.5560038183960236	0.8109855092324415	0.7413854311404942	2.4016772486777676	291	2880	1.9879663583538048	2.50 1.75 1.25 1.08
242ec5f8	ok	5796112.5	5796112.5	5784913.3	0.1935932211810363	150.263	0.9934612434876894	-0.1935932211810363	-0.1935932211810363	0.0	0	<ORIGINAL_WORKSPACE>/OpenROAD-flow-scripts/flow/reports/nangate45/ariane133/place_batch_20260421_220319/dpl_evolve_baseline/openroad_dpl_hpwl_only_9case_bo_place_batch_20260421_220319_ariane133_nangate45_trial_242ec5f8_4c2af78b646b/metrics.json	4	omit	0	0.3539230264971291	0.6157816452424263	0.4336361970142671	1.9081828197170125	55	976	1.055515981505445	1.50 1.25 1.10 1.04
24963b8f	ok	5795694.7	5795694.7	5784913.3	0.1863709867527379	153.307	1.0135865972020204	-0.1863709867527379	-0.1863709867527379	0.0	0	<ORIGINAL_WORKSPACE>/OpenROAD-flow-scripts/flow/reports/nangate45/ariane133/place_batch_20260421_220319/dpl_evolve_baseline/openroad_dpl_hpwl_only_9case_bo_place_batch_20260421_220319_ariane133_nangate45_trial_24963b8f_0940bc59eebf/metrics.json	71	omit	0	0.8599713327060023	1.9834871748288723	1.6532019179314006	98.45175213366102	1072	1174	1.7088816900001036	1.04
24d12716	ok	6020043.3	6020043.3	5784913.3	4.064538011312979	117.364	0.7759500700817179	-4.064538011312979	-4.064538011312979	0.0	0	<ORIGINAL_WORKSPACE>/OpenROAD-flow-scripts/flow/reports/nangate45/ariane133/place_batch_20260421_220319/dpl_evolve_baseline/openroad_dpl_hpwl_only_9case_bo_place_batch_20260421_220319_ariane133_nangate45_trial_24d12716_4dcd8c889fdd/metrics.json	10	128	0	0.9971147394501433	0.5625770217014582	0.8977733873946335	40.69156074798369	128	363	1.4509452732284502	1.75 1.35 1.15 1.05
251c3264	ok	5784913.3	5784913.3	5784913.3	0.0	148.426	0.981315949541163	0.0	0.0	0.0	0	<ORIGINAL_WORKSPACE>/OpenROAD-flow-scripts/flow/reports/nangate45/ariane133/place_batch_20260421_220319/dpl_evolve_baseline/openroad_dpl_hpwl_only_9case_bo_place_batch_20260421_220319_ariane133_nangate45_trial_251c3264_90844b828c61/metrics.json	1	1024	0	0.8920227878128316	1.7091911128030908	0.37212440797068247	90.3331572596501	448	1305	1.2692832376695866	1.75 1.35 1.15 1.05
26f6363e	ok	5790789.1	5790789.1	5784913.3	0.10157109874057774	149.36	0.9874910744981885	-0.10157109874057774	-0.10157109874057774	0.0	0	<ORIGINAL_WORKSPACE>/OpenROAD-flow-scripts/flow/reports/nangate45/ariane133/place_batch_20260421_220319/dpl_evolve_baseline/openroad_dpl_hpwl_only_9case_bo_place_batch_20260421_220319_ariane133_nangate45_trial_26f6363e_ec2febc00f43/metrics.json	67	1024	1	0.9503313569064558	0.7215612054583933	1.1470153834856605	141.25076269653664	874	727	1.0210347814941767	omit
2823f190	ok	5790441.3	5790441.3	5784913.3	0.09555890837637965	159.159	1.0522769946843678	-0.09555890837637965	-0.09555890837637965	0.0	0	<ORIGINAL_WORKSPACE>/OpenROAD-flow-scripts/flow/reports/nangate45/ariane133/place_batch_20260421_220319/dpl_evolve_baseline/openroad_dpl_hpwl_only_9case_bo_place_batch_20260421_220319_ariane133_nangate45_trial_2823f190_dc8cc0968a60/metrics.json	20	1024	1	0.6629011760398479	1.959615994402578	0.6355877013373974	109.87657867697669	1028	708	1.3293363388676327	1.25 1.10 1.04
28a106ba	ok	5795694.7	5795694.7	5784913.3	0.1863709867527379	144.628	0.9562055377780126	-0.1863709867527379	-0.1863709867527379	0.0	0	<ORIGINAL_WORKSPACE>/OpenROAD-flow-scripts/flow/reports/nangate45/ariane133/place_batch_20260421_220319/dpl_evolve_baseline/openroad_dpl_hpwl_only_9case_bo_place_batch_20260421_220319_ariane133_nangate45_trial_28a106ba_bb4e0cef78a5/metrics.json	71	1024	1	0.6054743309678061	0.3700771142972501	0.6994201412238414	78.67772298726004	263	961	1.1933913406904821	2.00 1.50 1.20 1.05
29143db9	ok	5791500.1	5791500.1	5784913.3	0.11386168916308244	145.68	0.9631608177081956	-0.11386168916308242	-0.11386168916308242	0.0	0	<ORIGINAL_WORKSPACE>/OpenROAD-flow-scripts/flow/reports/nangate45/ariane133/place_batch_20260421_220319/dpl_evolve_baseline/openroad_dpl_hpwl_only_9case_bo_place_batch_20260421_220319_ariane133_nangate45_trial_29143db9_0fda3b84e869/metrics.json	41	omit	1	0.9244055268609195	1.7632276233149526	1.4126243043940836	121.88798362024866	617	1650	1.9887998599534384	1.10 1.04
29788dcc	ok	5854787.5	5854787.5	5784913.3	1.2078694420536984	123.245	0.8148322005659429	-1.2078694420536984	-1.2078694420536984	0.0	0	<ORIGINAL_WORKSPACE>/OpenROAD-flow-scripts/flow/reports/nangate45/ariane133/place_batch_20260421_220319/dpl_evolve_baseline/openroad_dpl_hpwl_only_9case_bo_place_batch_20260421_220319_ariane133_nangate45_trial_29788dcc_5b0168f8be7c/metrics.json	22	256	0	0.9864669292407352	1.5139223255778747	1.260174104162782	52.46001167426896	205	1394	1.3194262472146603	1.50 1.25 1.10 1.04
29a1cff1	ok	5784607.7	5784607.7	5784913.3	-0.005282706656980105	136.423	0.9019583212122815	0.005282706656980105	0.005282706656980105	0.0	0	<ORIGINAL_WORKSPACE>/OpenROAD-flow-scripts/flow/reports/nangate45/ariane133/place_batch_20260421_220319/dpl_evolve_baseline/openroad_dpl_hpwl_only_9case_bo_place_batch_20260421_220319_ariane133_nangate45_trial_29a1cff1_53187ada3ee1/metrics.json	37	omit	1	0.9240024681053255	0.8793826697034065	1.4222705216824054	148.60659290029358	1011	2772	1.4022067836255683	1.50 1.25 1.10 1.04
2aa05ad2	ok	5792365.0	5792365.0	5784913.3	0.12881264789223698	154.162	1.0192394150159998	-0.12881264789223698	-0.12881264789223698	0.0	0	<ORIGINAL_WORKSPACE>/OpenROAD-flow-scripts/flow/reports/nangate45/ariane133/place_batch_20260421_220319/dpl_evolve_baseline/openroad_dpl_hpwl_only_9case_bo_place_batch_20260421_220319_ariane133_nangate45_trial_2aa05ad2_2f23b3679943/metrics.json	25	1024	1	0.32496238044207926	0.9414564831967842	0.1375115349443657	65.81296701781257	86	1163	1.1583993901360425	1.75 1.35 1.15 1.05
2b637636	ok	5785769.3	5785769.3	5784913.3	0.01479711026956964	141.561	0.9359281199587444	-0.014797110269569641	-0.014797110269569641	0.0	0	<ORIGINAL_WORKSPACE>/OpenROAD-flow-scripts/flow/reports/nangate45/ariane133/place_batch_20260421_220319/dpl_evolve_baseline/openroad_dpl_hpwl_only_9case_bo_place_batch_20260421_220319_ariane133_nangate45_trial_2b637636_1e43ff6334b6/metrics.json	12	1024	1	0.2858927881863046	0.02481270455920362	0.4074573054410656	74.33010010427535	402	839	1.0878137924872597	1.04
2c18188b	ok	6323961.6	6323961.6	5784913.3	9.318174223976698	87.45	0.5781741729034988	-9.3181742239767	-9.3181742239767	0.0	0	<ORIGINAL_WORKSPACE>/OpenROAD-flow-scripts/flow/reports/nangate45/ariane133/place_batch_20260421_220319/dpl_evolve_baseline/openroad_dpl_hpwl_only_9case_bo_place_batch_20260421_220319_ariane133_nangate45_trial_2c18188b_7aec9a024d47/metrics.json	11	128 16	1	0.6589295960364551	1.1797464902282502	0.3243381282367138	79.99100803084652	956	1597	1.4960779246039826	1.75 1.35 1.15 1.05
2c6ffda5	ok	5784913.3	5784913.3	5784913.3	0.0	140.052	0.9259513923782825	0.0	0.0	0.0	0	<ORIGINAL_WORKSPACE>/OpenROAD-flow-scripts/flow/reports/nangate45/ariane133/place_batch_20260421_220319/dpl_evolve_baseline/openroad_dpl_hpwl_only_9case_bo_place_batch_20260421_220319_ariane133_nangate45_trial_2c6ffda5_8e8a13ed80a2/metrics.json	1	1024	0	0.9601753662474795	1.5317262397499927	0.9612812136947707	50.53658230649532	332	1157	1.2926554660022835	1.75 1.35 1.15 1.05
2cc5f739	ok	6193543.3	6193543.3	5784913.3	7.063718655904489	101.889	0.6736373733901039	-7.063718655904489	-7.063718655904489	0.0	0	<ORIGINAL_WORKSPACE>/OpenROAD-flow-scripts/flow/reports/nangate45/ariane133/place_batch_20260421_220319/dpl_evolve_baseline/openroad_dpl_hpwl_only_9case_bo_place_batch_20260421_220319_ariane133_nangate45_trial_2cc5f739_b5cf2fc0b424/metrics.json	8	256 32	1	0.5352574991872138	0.7420621262214038	1.227536054843934	36.563334467654045	90	2138	1.0738751658219954	1.75 1.35 1.15 1.05
2ce06c5a	ok	5794475.3	5794475.3	5784913.3	0.16529201915610386	146.497	0.968562399174887	-0.16529201915610386	-0.16529201915610386	0.0	0	<ORIGINAL_WORKSPACE>/OpenROAD-flow-scripts/flow/reports/nangate45/ariane133/place_batch_20260421_220319/dpl_evolve_baseline/openroad_dpl_hpwl_only_9case_bo_place_batch_20260421_220319_ariane133_nangate45_trial_2ce06c5a_24588e64123f/metrics.json	56	512	0	0.6830578257327389	0.7310469471620556	1.9474258374482476	46.087632456455665	498	3982	1.5931416461152774	1.50 1.25 1.10 1.04
2d19def1	ok	5784942.2	5784942.2	5784913.3	0.0004995753350421437	142.677	0.9433065347896225	-0.0004995753350421437	-0.0004995753350421437	0.0	0	<ORIGINAL_WORKSPACE>/OpenROAD-flow-scripts/flow/reports/nangate45/ariane133/place_batch_20260421_220319/dpl_evolve_baseline/openroad_dpl_hpwl_only_9case_bo_place_batch_20260421_220319_ariane133_nangate45_trial_2d19def1_33dad4daf9e0/metrics.json	48	omit	1	0.9511632843314312	0.936943997528841	1.2498902931145088	131.09384188933075	674	1659	1.6402977139068218	1.10 1.04
2dd31b44	ok	5788557.6	5788557.6	5784913.3	0.06299662261143678	156.461	1.034439214026922	-0.06299662261143678	-0.06299662261143678	0.0	0	<ORIGINAL_WORKSPACE>/OpenROAD-flow-scripts/flow/reports/nangate45/ariane133/place_batch_20260421_220319/dpl_evolve_baseline/openroad_dpl_hpwl_only_9case_bo_place_batch_20260421_220319_ariane133_nangate45_trial_2dd31b44_fe5183792ddf/metrics.json	76	omit	0	0.9673517162631663	0.4786838174212488	1.3601074166272447	146.67099361033468	709	2174	1.5754644732449008	1.10 1.04
2e124011	ok	5802982.6	5802982.6	5784913.3	0.3123521315349672	153.552	1.0152064104937455	-0.31235213153496727	-0.31235213153496727	0.0	0	<ORIGINAL_WORKSPACE>/OpenROAD-flow-scripts/flow/reports/nangate45/ariane133/place_batch_20260421_220319/dpl_evolve_baseline/openroad_dpl_hpwl_only_9case_bo_place_batch_20260421_220319_ariane133_nangate45_trial_2e124011_e6db6a6c56c8/metrics.json	32	1024	0	0.6631568294877385	0.38551129638823434	1.6507897635244466	55.75069963102275	1070	3701	1.5091861954544101	2.50 1.75 1.25 1.08
2e890587	ok	5785504.6	5785504.6	5784913.3	0.010221415072889923	142.517	0.9422486975378838	-0.01022141507288992	-0.01022141507288992	0.0	0	<ORIGINAL_WORKSPACE>/OpenROAD-flow-scripts/flow/reports/nangate45/ariane133/place_batch_20260421_220319/dpl_evolve_baseline/openroad_dpl_hpwl_only_9case_bo_place_batch_20260421_220319_ariane133_nangate45_trial_2e890587_d46f0da9cd95/metrics.json	51	omit	0	0.8534782175220534	1.5739300629381368	1.3911239921727954	110.19278209098331	1119	1516	1.3534010524861788	1.04
2eb5a4fd	ok	5911981.3	5911981.3	5784913.3	2.1965411305299942	135.388	0.895115436490096	-2.1965411305299942	-2.1965411305299942	0.0	0	<ORIGINAL_WORKSPACE>/OpenROAD-flow-scripts/flow/reports/nangate45/ariane133/place_batch_20260421_220319/dpl_evolve_baseline/openroad_dpl_hpwl_only_9case_bo_place_batch_20260421_220319_ariane133_nangate45_trial_2eb5a4fd_bcd11fbbc657/metrics.json	33	1024 128	1	0.9535694876778918	1.9996589914528704	0.9259311590341799	142.30029026015617	1143	2459	1.3119607370556847	1.50 1.25 1.10 1.04
2ec50193	ok	5798474.1	5798474.1	5784913.3	0.23441665063502012	148.774	0.9836167455636949	-0.23441665063502012	-0.23441665063502012	0.0	0	<ORIGINAL_WORKSPACE>/OpenROAD-flow-scripts/flow/reports/nangate45/ariane133/place_batch_20260421_220319/dpl_evolve_baseline/openroad_dpl_hpwl_only_9case_bo_place_batch_20260421_220319_ariane133_nangate45_trial_2ec50193_f75486e0a502/metrics.json	19	omit	0	0.6165074093449301	0.5457314515157654	0.7723764630568348	38.336591424737705	149	1758	1.2078267711968438	omit
2ecdf760	ok	5785504.6	5785504.6	5784913.3	0.010221415072889923	146.616	0.9693491656308677	-0.01022141507288992	-0.01022141507288992	0.0	0	<ORIGINAL_WORKSPACE>/OpenROAD-flow-scripts/flow/reports/nangate45/ariane133/place_batch_20260421_220319/dpl_evolve_baseline/openroad_dpl_hpwl_only_9case_bo_place_batch_20260421_220319_ariane133_nangate45_trial_2ecdf760_adf964beb97b/metrics.json	51	omit	0	0.5711043772646156	1.9027153403737813	0.8133375180419394	108.56880651019091	1122	1081	1.12657541601327	1.75 1.35 1.15 1.05
2f8a0976	ok	5794619.5	5794619.5	5784913.3	0.16778470992815375	151.529	1.0018313807420727	-0.16778470992815375	-0.16778470992815375	0.0	0	<ORIGINAL_WORKSPACE>/OpenROAD-flow-scripts/flow/reports/nangate45/ariane133/place_batch_20260421_220319/dpl_evolve_baseline/openroad_dpl_hpwl_only_9case_bo_place_batch_20260421_220319_ariane133_nangate45_trial_2f8a0976_4eaef20b528c/metrics.json	7	omit	1	0.9821610053379111	1.1402595890057026	1.9932399795206512	70.54469967786298	770	2026	1.6509097935071801	1.10 1.04
2fe35729	ok	6427019.6	6427019.6	5784913.3	11.099670240520283	61.409	0.40600454870018243	-11.099670240520284	-11.099670240520284	0.0	0	<ORIGINAL_WORKSPACE>/OpenROAD-flow-scripts/flow/reports/nangate45/ariane133/place_batch_20260421_220319/dpl_evolve_baseline/openroad_dpl_hpwl_only_9case_bo_place_batch_20260421_220319_ariane133_nangate45_trial_2fe35729_3a1edbd189a2/metrics.json	7	64 8	1	0.24009465208862352	0.9458085735838774	0.7994519896304186	48.61107778316716	381	1308	1.0038990622405586	omit
301ac3b9	ok	5785611.6	5785611.6	5784913.3	0.012071053856586127	153.42	1.0143336947610608	-0.012071053856586127	-0.012071053856586127	0.0	0	<ORIGINAL_WORKSPACE>/OpenROAD-flow-scripts/flow/reports/nangate45/ariane133/place_batch_20260421_220319/dpl_evolve_baseline/openroad_dpl_hpwl_only_9case_bo_place_batch_20260421_220319_ariane133_nangate45_trial_301ac3b9_1d2deb8fe854/metrics.json	26	omit	1	0.963027568620515	0.5706956510065557	1.8226750189946839	147.38514711222396	1136	2458	1.3810003037513772	omit
3091bd31	ok	6314601.0	6314601.0	5784913.3	9.156363674456456	80.737	0.5337912887102318	-9.156363674456456	-9.156363674456456	0.0	0	<ORIGINAL_WORKSPACE>/OpenROAD-flow-scripts/flow/reports/nangate45/ariane133/place_batch_20260421_220319/dpl_evolve_baseline/openroad_dpl_hpwl_only_9case_bo_place_batch_20260421_220319_ariane133_nangate45_trial_3091bd31_5dd001e34733/metrics.json	10	32	1	0.9719108623786862	1.2365706207139602	1.1455141971159923	125.42982063213641	821	1538	1.8509974082484617	1.25 1.10 1.04
31b120b9	ok	5784607.7	5784607.7	5784913.3	-0.005282706656980105	153.419	1.0143270832782376	0.005282706656980105	0.005282706656980105	0.0	0	<ORIGINAL_WORKSPACE>/OpenROAD-flow-scripts/flow/reports/nangate45/ariane133/place_batch_20260421_220319/dpl_evolve_baseline/openroad_dpl_hpwl_only_9case_bo_place_batch_20260421_220319_ariane133_nangate45_trial_31b120b9_cff157e66e45/metrics.json	37	omit	1	0.9831755449450742	1.04462365600716	1.1126594442482443	148.224320328619	1057	2484	1.277124486640772	1.50 1.25 1.10 1.04
33468c35	ok	5784913.3	5784913.3	5784913.3	0.0	158.596	1.0485547298548117	0.0	0.0	0.0	0	<ORIGINAL_WORKSPACE>/OpenROAD-flow-scripts/flow/reports/nangate45/ariane133/place_batch_20260421_220319/dpl_evolve_baseline/openroad_dpl_hpwl_only_9case_bo_place_batch_20260421_220319_ariane133_nangate45_trial_33468c35_4abf36186b0d/metrics.json	1	1024	1	0.65	0.8	0.9	55.0	400	800	1.2	1.75 1.35 1.15 1.05
35df73e5	ok	5791235.1	5791235.1	5784913.3	0.10928080806327407	154.522	1.021619548832412	-0.10928080806327407	-0.10928080806327407	0.0	0	<ORIGINAL_WORKSPACE>/OpenROAD-flow-scripts/flow/reports/nangate45/ariane133/place_batch_20260421_220319/dpl_evolve_baseline/openroad_dpl_hpwl_only_9case_bo_place_batch_20260421_220319_ariane133_nangate45_trial_35df73e5_9347fa8eeb78/metrics.json	46	omit	0	0.9143636958371941	1.841114047650066	1.101089926704161	59.83609934480761	1061	2441	1.1889161232715049	1.04
36073765	ok	5799156.2	5799156.2	5784913.3	0.24620766572249878	149.297	0.9870745510803162	-0.24620766572249878	-0.24620766572249878	0.0	0	<ORIGINAL_WORKSPACE>/OpenROAD-flow-scripts/flow/reports/nangate45/ariane133/place_batch_20260421_220319/dpl_evolve_baseline/openroad_dpl_hpwl_only_9case_bo_place_batch_20260421_220319_ariane133_nangate45_trial_36073765_8cc2ca42c266/metrics.json	2	1024	1	0.7510654955228829	0.7757663174330698	1.392151143822017	51.69526124142664	570	924	1.2797284609627504	2.00 1.50 1.20 1.05
362edf71	ok	5788774.7	5788774.7	5784913.3	0.06674948784453472	143.495	0.9487147277391373	-0.06674948784453473	-0.06674948784453473	0.0	0	<ORIGINAL_WORKSPACE>/OpenROAD-flow-scripts/flow/reports/nangate45/ariane133/place_batch_20260421_220319/dpl_evolve_baseline/openroad_dpl_hpwl_only_9case_bo_place_batch_20260421_220319_ariane133_nangate45_trial_362edf71_5f1efbca176c/metrics.json	42	1024	1	0.9802655713101599	0.8508977328938849	1.6639848467033826	113.9261173915813	505	2081	1.1482464523317344	omit
3725ecd1	ok	6055987.2	6055987.2	5784913.3	4.6858766232503495	107.978	0.7138946923015893	-4.6858766232503495	-4.6858766232503495	0.0	0	<ORIGINAL_WORKSPACE>/OpenROAD-flow-scripts/flow/reports/nangate45/ariane133/place_batch_20260421_220319/dpl_evolve_baseline/openroad_dpl_hpwl_only_9case_bo_place_batch_20260421_220319_ariane133_nangate45_trial_3725ecd1_1535ffb9c39b/metrics.json	4	512 64	0	0.18879807377262972	0.6894396886861803	0.516112417527314	45.962079709014404	215	689	1.176232043747552	2.00 1.50 1.20 1.05
3770a004	ok	6314538.6	6314538.6	5784913.3	9.155285006605023	78.406	0.518379922248962	-9.155285006605023	-9.155285006605023	0.0	0	<ORIGINAL_WORKSPACE>/OpenROAD-flow-scripts/flow/reports/nangate45/ariane133/place_batch_20260421_220319/dpl_evolve_baseline/openroad_dpl_hpwl_only_9case_bo_place_batch_20260421_220319_ariane133_nangate45_trial_3770a004_e66e97f93bda/metrics.json	32	32	1	0.8278442503564517	0.8873675110554116	1.110323187472631	145.12097535461282	903	3126	1.3262752983212245	1.50 1.25 1.10 1.04
37aa94ea	ok	5785504.6	5785504.6	5784913.3	0.010221415072889923	139.739	0.9238819982545685	-0.01022141507288992	-0.01022141507288992	0.0	0	<ORIGINAL_WORKSPACE>/OpenROAD-flow-scripts/flow/reports/nangate45/ariane133/place_batch_20260421_220319/dpl_evolve_baseline/openroad_dpl_hpwl_only_9case_bo_place_batch_20260421_220319_ariane133_nangate45_trial_37aa94ea_051681447ece/metrics.json	51	omit	1	0.7530477584606559	0.38232601727790005	1.5839080996227994	129.88979670068483	861	3890	1.4160484871019818	1.50 1.25 1.10 1.04
3851f455	ok	5864735.9	5864735.9	5784913.3	1.3798409044436424	139.332	0.9211911247454578	-1.3798409044436424	-1.3798409044436424	0.0	0	<ORIGINAL_WORKSPACE>/OpenROAD-flow-scripts/flow/reports/nangate45/ariane133/place_batch_20260421_220319/dpl_evolve_baseline/openroad_dpl_hpwl_only_9case_bo_place_batch_20260421_220319_ariane133_nangate45_trial_3851f455_2274519dc40f/metrics.json	1	256	0	0.25	0.3	0.9	25.0	100	1500	1.05	1.25 1.10 1.04
387c90e9	ok	5791235.1	5791235.1	5784913.3	0.10928080806327407	149.986	0.9916298627456165	-0.10928080806327407	-0.10928080806327407	0.0	0	<ORIGINAL_WORKSPACE>/OpenROAD-flow-scripts/flow/reports/nangate45/ariane133/place_batch_20260421_220319/dpl_evolve_baseline/openroad_dpl_hpwl_only_9case_bo_place_batch_20260421_220319_ariane133_nangate45_trial_387c90e9_480d0ef901cb/metrics.json	46	1024	0	0.8877643900171437	0.9583900973201773	1.7789237254002361	74.287568505881	1085	2528	1.48071893845142	1.10 1.04
3891c0b8	ok	6424643.6	6424643.6	5784913.3	11.058597887715964	63.216	0.4179514981620078	-11.058597887715964	-11.058597887715964	0.0	0	<ORIGINAL_WORKSPACE>/OpenROAD-flow-scripts/flow/reports/nangate45/ariane133/place_batch_20260421_220319/dpl_evolve_baseline/openroad_dpl_hpwl_only_9case_bo_place_batch_20260421_220319_ariane133_nangate45_trial_3891c0b8_aa88d6c248a9/metrics.json	62	64 8	0	0.9243491051371739	1.3246855803559572	1.7839637756013642	108.5349814960608	889	2147	1.391048569081775	2.00 1.50 1.20 1.05
39c53964	ok	5791775.3	5791775.3	5784913.3	0.11861889096937721	159.748	1.0561711580673312	-0.1186188909693772	-0.1186188909693772	0.0	0	<ORIGINAL_WORKSPACE>/OpenROAD-flow-scripts/flow/reports/nangate45/ariane133/place_batch_20260421_220319/dpl_evolve_baseline/openroad_dpl_hpwl_only_9case_bo_place_batch_20260421_220319_ariane133_nangate45_trial_39c53964_0ac77ce348e3/metrics.json	24	omit	0	0.6595519209924949	1.2480391458288254	1.2378043925712348	21.981048889268326	313	2639	1.762450581040244	omit
39f7b3cb	ok	5791252.3	5791252.3	5784913.3	0.1095781331761705	146.037	0.9655211170761379	-0.1095781331761705	-0.1095781331761705	0.0	0	<ORIGINAL_WORKSPACE>/OpenROAD-flow-scripts/flow/reports/nangate45/ariane133/place_batch_20260421_220319/dpl_evolve_baseline/openroad_dpl_hpwl_only_9case_bo_place_batch_20260421_220319_ariane133_nangate45_trial_39f7b3cb_3893c73f90c0/metrics.json	50	omit	1	0.9292020607684796	1.0851119964620881	1.0633937854644453	138.4565118518392	988	2576	1.1622102056784647	1.50 1.25 1.10 1.04
3a1d90cd	ok	5791775.3	5791775.3	5784913.3	0.11861889096937721	148.39	0.9810779361595217	-0.1186188909693772	-0.1186188909693772	0.0	0	<ORIGINAL_WORKSPACE>/OpenROAD-flow-scripts/flow/reports/nangate45/ariane133/place_batch_20260421_220319/dpl_evolve_baseline/openroad_dpl_hpwl_only_9case_bo_place_batch_20260421_220319_ariane133_nangate45_trial_3a1d90cd_57644d3bacb0/metrics.json	24	omit	0	0.5891885251743424	0.6798023511971177	0.7900865460745292	31.3955996343578	121	2838	1.7564346697836137	2.00 1.50 1.20 1.05
3a571f4d	ok	6193114.4	6193114.4	5784913.3	7.056304543060318	95.667	0.6325007272631106	-7.056304543060318	-7.056304543060318	0.0	0	<ORIGINAL_WORKSPACE>/OpenROAD-flow-scripts/flow/reports/nangate45/ariane133/place_batch_20260421_220319/dpl_evolve_baseline/openroad_dpl_hpwl_only_9case_bo_place_batch_20260421_220319_ariane133_nangate45_trial_3a571f4d_aae08b54b8cb/metrics.json	44	256 32	1	0.6901909562504001	1.8675233146456511	1.388885998804052	129.1415440038931	1089	1045	1.6941637382171701	1.04
3d0ad47c	ok	5788464.5	5788464.5	5784913.3	0.0613872640061898	151.144	0.9992859598550763	-0.061387264006189796	-0.061387264006189796	0.0	0	<ORIGINAL_WORKSPACE>/OpenROAD-flow-scripts/flow/reports/nangate45/ariane133/place_batch_20260421_220319/dpl_evolve_baseline/openroad_dpl_hpwl_only_9case_bo_place_batch_20260421_220319_ariane133_nangate45_trial_3d0ad47c_cc3c42e64eb7/metrics.json	9	1024	1	0.8198237761685034	0.4415620299463905	1.0998171815319666	105.60351790794411	937	587	1.2772412150020136	1.04
3d395a61	ok	6325902.0	6325902.0	5784913.3	9.351716645433566	76.158	0.5035173088620315	-9.351716645433566	-9.351716645433566	0.0	0	<ORIGINAL_WORKSPACE>/OpenROAD-flow-scripts/flow/reports/nangate45/ariane133/place_batch_20260421_220319/dpl_evolve_baseline/openroad_dpl_hpwl_only_9case_bo_place_batch_20260421_220319_ariane133_nangate45_trial_3d395a61_4db0b63fa534/metrics.json	39	128 16	0	0.9032708820590687	0.839785952781359	1.0335652177171912	14.140341370606016	404	3152	1.858854431468124	2.00 1.50 1.20 1.05
3ddd090d	ok	5795082.0	5795082.0	5784913.3	0.1757796439231023	144.54	0.9556237272895564	-0.1757796439231023	-0.1757796439231023	0.0	0	<ORIGINAL_WORKSPACE>/OpenROAD-flow-scripts/flow/reports/nangate45/ariane133/place_batch_20260421_220319/dpl_evolve_baseline/openroad_dpl_hpwl_only_9case_bo_place_batch_20260421_220319_ariane133_nangate45_trial_3ddd090d_24f6a1118d13/metrics.json	73	omit	1	0.7081783375818127	1.8570008196768335	0.7329878332295945	135.93016121467022	863	2636	1.1878394511097732	1.04
3e148c10	ok	5795347.3	5795347.3	5784913.3	0.1803657109260393	157.327	1.0401647581519582	-0.18036571092603929	-0.18036571092603929	0.0	0	<ORIGINAL_WORKSPACE>/OpenROAD-flow-scripts/flow/reports/nangate45/ariane133/place_batch_20260421_220319/dpl_evolve_baseline/openroad_dpl_hpwl_only_9case_bo_place_batch_20260421_220319_ariane133_nangate45_trial_3e148c10_6495108e625e/metrics.json	15	omit	1	0.6233601157918027	0.031642485693112565	1.8624026058003345	103.63453762753859	1197	772	1.1371357496288779	omit
3e4e14e3	ok	5786414.5	5786414.5	5784913.3	0.02595025927182325	141.502	0.9355380424721657	-0.02595025927182325	-0.02595025927182325	0.0	0	<ORIGINAL_WORKSPACE>/OpenROAD-flow-scripts/flow/reports/nangate45/ariane133/place_batch_20260421_220319/dpl_evolve_baseline/openroad_dpl_hpwl_only_9case_bo_place_batch_20260421_220319_ariane133_nangate45_trial_3e4e14e3_ecc6db16a99f/metrics.json	31	omit	0	0.9922691062209104	1.1639503748565212	1.3735461755805265	144.74983840398903	1131	2964	1.2713674583965435	1.50 1.25 1.10 1.04
3f061dd9	ok	5788464.5	5788464.5	5784913.3	0.0613872640061898	148.769	0.9835836881495782	-0.061387264006189796	-0.061387264006189796	0.0	0	<ORIGINAL_WORKSPACE>/OpenROAD-flow-scripts/flow/reports/nangate45/ariane133/place_batch_20260421_220319/dpl_evolve_baseline/openroad_dpl_hpwl_only_9case_bo_place_batch_20260421_220319_ariane133_nangate45_trial_3f061dd9_42a04fb39ef1/metrics.json	9	1024	0	0.9515230599707938	1.9465261711354391	1.1748609372222472	75.66395309336468	204	771	1.1444877992175115	1.75 1.35 1.15 1.05
3f48b9ea	ok	6198513.9	6198513.9	5784913.3	7.149642156261884	108.995	0.7206185703329543	-7.149642156261886	-7.149642156261886	0.0	0	<ORIGINAL_WORKSPACE>/OpenROAD-flow-scripts/flow/reports/nangate45/ariane133/place_batch_20260421_220319/dpl_evolve_baseline/openroad_dpl_hpwl_only_9case_bo_place_batch_20260421_220319_ariane133_nangate45_trial_3f48b9ea_0477f1be8bd8/metrics.json	104	256 32	1	0.49958417067888605	1.4571713359491925	0.45597915489714336	37.20503375658461	1030	1722	1.6166850671552362	1.04
410974c6	ok	6349305.4	6349305.4	5784913.3	9.756275863287364	59.672	0.3945204030359929	-9.756275863287366	-9.756275863287366	0.0	0	<ORIGINAL_WORKSPACE>/OpenROAD-flow-scripts/flow/reports/nangate45/ariane133/place_batch_20260421_220319/dpl_evolve_baseline/openroad_dpl_hpwl_only_9case_bo_place_batch_20260421_220319_ariane133_nangate45_trial_410974c6_4f8cf8624515/metrics.json	42	128 16	1	0.8399784954054744	0.99500413860598	1.917580304341173	138.15094936695377	850	1850	1.464597290179118	omit
4161236b	ok	6046671.4	6046671.4	5784913.3	4.524840501931128	105.535	0.6977428397641022	-4.524840501931128	-4.524840501931128	0.0	0	<ORIGINAL_WORKSPACE>/OpenROAD-flow-scripts/flow/reports/nangate45/ariane133/place_batch_20260421_220319/dpl_evolve_baseline/openroad_dpl_hpwl_only_9case_bo_place_batch_20260421_220319_ariane133_nangate45_trial_4161236b_d19569c74927/metrics.json	19	512 64	0	0.7445486268954159	0.9370806933966075	1.0970681960145758	55.30271601464581	879	568	1.345548364079936	1.75 1.35 1.15 1.05
41a65970	ok	5791481.5	5791481.5	5784913.3	0.11354016316891365	138.051	0.9127218152487239	-0.11354016316891363	-0.11354016316891363	0.0	0	<ORIGINAL_WORKSPACE>/OpenROAD-flow-scripts/flow/reports/nangate45/ariane133/place_batch_20260421_220319/dpl_evolve_baseline/openroad_dpl_hpwl_only_9case_bo_place_batch_20260421_220319_ariane133_nangate45_trial_41a65970_ea7d09ad0131/metrics.json	61	512	1	0.9462940818248727	1.051621630691135	1.6643054550093908	132.24851262975898	562	2960	1.5840597069910176	1.25 1.10 1.04
420547e9	ok	5785796.9	5785796.9	5784913.3	0.015274213357710283	144.725	0.9568468516118794	-0.015274213357710285	-0.015274213357710285	0.0	0	<ORIGINAL_WORKSPACE>/OpenROAD-flow-scripts/flow/reports/nangate45/ariane133/place_batch_20260421_220319/dpl_evolve_baseline/openroad_dpl_hpwl_only_9case_bo_place_batch_20260421_220319_ariane133_nangate45_trial_420547e9_6522800160db/metrics.json	15	512	1	0.9924114510864964	0.723650576143295	1.5239007738924184	125.95440157609217	1172	1966	1.5457177770611708	1.50 1.25 1.10 1.04
423e8091	ok	6426947.9	6426947.9	5784913.3	11.098430809671783	57.072	0.3773305476952371	-11.098430809671783	-11.098430809671783	0.0	0	<ORIGINAL_WORKSPACE>/OpenROAD-flow-scripts/flow/reports/nangate45/ariane133/place_batch_20260421_220319/dpl_evolve_baseline/openroad_dpl_hpwl_only_9case_bo_place_batch_20260421_220319_ariane133_nangate45_trial_423e8091_5b3080b8c1f3/metrics.json	26	64 8	0	0.8522265186482759	1.5286715189876663	1.1911226709185951	111.2407103534899	1120	2879	1.1845265109746947	omit
42533e64	ok	5793101.7	5793101.7	5784913.3	0.14154749734970742	146.486	0.9684896728638298	-0.14154749734970742	-0.14154749734970742	0.0	0	<ORIGINAL_WORKSPACE>/OpenROAD-flow-scripts/flow/reports/nangate45/ariane133/place_batch_20260421_220319/dpl_evolve_baseline/openroad_dpl_hpwl_only_9case_bo_place_batch_20260421_220319_ariane133_nangate45_trial_42533e64_a44abb0596c4/metrics.json	8	512	0	0.8058220996309489	1.8108319783707993	1.885188998900676	108.96600914050289	1074	280	1.5802134994985193	1.04
42b067f6	ok	5789828.9	5789828.9	5784913.3	0.08497275144988878	154.593	1.0220889641128712	-0.08497275144988878	-0.08497275144988878	0.0	0	<ORIGINAL_WORKSPACE>/OpenROAD-flow-scripts/flow/reports/nangate45/ariane133/place_batch_20260421_220319/dpl_evolve_baseline/openroad_dpl_hpwl_only_9case_bo_place_batch_20260421_220319_ariane133_nangate45_trial_42b067f6_0609c954585d/metrics.json	5	512	0	0.9969726726595968	0.2230525433735378	0.706901328371192	41.24716270321491	234	1888	1.143498523523248	omit
43024ca6	ok	6060689.4	6060689.4	5784913.3	4.767160468939104	105.622	0.6983180387697352	-4.767160468939103	-4.767160468939103	0.0	0	<ORIGINAL_WORKSPACE>/OpenROAD-flow-scripts/flow/reports/nangate45/ariane133/place_batch_20260421_220319/dpl_evolve_baseline/openroad_dpl_hpwl_only_9case_bo_place_batch_20260421_220319_ariane133_nangate45_trial_43024ca6_0c0c648786d7/metrics.json	72	512 64	1	0.9087457730473067	1.202228465546143	1.9554316776149787	147.69581971504118	1084	2512	1.4833427110176685	2.00 1.50 1.20 1.05
43aab336	ok	5794335.7	5794335.7	5784913.3	0.16287884556541882	139.431	0.9218456615449713	-0.16287884556541882	-0.16287884556541882	0.0	0	<ORIGINAL_WORKSPACE>/OpenROAD-flow-scripts/flow/reports/nangate45/ariane133/place_batch_20260421_220319/dpl_evolve_baseline/openroad_dpl_hpwl_only_9case_bo_place_batch_20260421_220319_ariane133_nangate45_trial_43aab336_406f2341942d/metrics.json	62	1024	1	0.1733248780181768	0.25114528064067615	1.0131458241709426	44.600141224992925	164	2162	1.0842340283622325	1.75 1.35 1.15 1.05
43bd94d1	ok	5806815.1	5806815.1	5784913.3	0.3786020440444598	150.191	0.9929852167244069	-0.37860204404445985	-0.37860204404445985	0.0	0	<ORIGINAL_WORKSPACE>/OpenROAD-flow-scripts/flow/reports/nangate45/ariane133/place_batch_20260421_220319/dpl_evolve_baseline/openroad_dpl_hpwl_only_9case_bo_place_batch_20260421_220319_ariane133_nangate45_trial_43bd94d1_4ac56f80a620/metrics.json	74	1024	0	0.5901787260010584	0.3134641162746352	1.3567465431070909	71.43575840842767	1075	1778	1.144566680209821	1.50 1.25 1.10 1.04
43fa3706	ok	5788417.3	5788417.3	5784913.3	0.06057134858010751	146.893	0.9711805463729405	-0.0605713485801075	-0.0605713485801075	0.0	0	<ORIGINAL_WORKSPACE>/OpenROAD-flow-scripts/flow/reports/nangate45/ariane133/place_batch_20260421_220319/dpl_evolve_baseline/openroad_dpl_hpwl_only_9case_bo_place_batch_20260421_220319_ariane133_nangate45_trial_43fa3706_05743f2291e3/metrics.json	13	1024	0	0.6874639928158801	0.035534444573511625	0.4157217055195479	137.0109039162004	1191	237	1.4930042870433629	1.04
457593a6	ok	6315312.5	6315312.5	5784913.3	9.168662908050846	90.936	0.6012218020257584	-9.168662908050846	-9.168662908050846	0.0	0	<ORIGINAL_WORKSPACE>/OpenROAD-flow-scripts/flow/reports/nangate45/ariane133/place_batch_20260421_220319/dpl_evolve_baseline/openroad_dpl_hpwl_only_9case_bo_place_batch_20260421_220319_ariane133_nangate45_trial_457593a6_e1eaec6f79bf/metrics.json	38	32	0	0.13216114194293815	0.41290811777886605	0.19856817761302625	76.18825499179312	351	1492	1.1080653286972368	1.75 1.35 1.15 1.05
45f06a19	ok	5785769.3	5785769.3	5784913.3	0.01479711026956964	141.238	0.9337926110067966	-0.014797110269569641	-0.014797110269569641	0.0	0	<ORIGINAL_WORKSPACE>/OpenROAD-flow-scripts/flow/reports/nangate45/ariane133/place_batch_20260421_220319/dpl_evolve_baseline/openroad_dpl_hpwl_only_9case_bo_place_batch_20260421_220319_ariane133_nangate45_trial_45f06a19_d3b57b0469c4/metrics.json	12	1024	1	0.8207487675337684	0.3868957902091754	0.6503117407490933	29.257856443000303	153	1378	1.1328221479249065	1.10 1.04
460838ad	ok	5793020.6	5793020.6	5784913.3	0.14014557486971868	156.846	1.0369846349139185	-0.14014557486971868	-0.14014557486971868	0.0	0	<ORIGINAL_WORKSPACE>/OpenROAD-flow-scripts/flow/reports/nangate45/ariane133/place_batch_20260421_220319/dpl_evolve_baseline/openroad_dpl_hpwl_only_9case_bo_place_batch_20260421_220319_ariane133_nangate45_trial_460838ad_1ca924e1a27c/metrics.json	63	omit	0	0.6713207597354078	1.788648068713136	1.6844573407111476	59.740701603483245	1131	843	1.4704568868553762	2.50 1.75 1.25 1.08
46c61428	ok	5785611.6	5785611.6	5784913.3	0.012071053856586127	151.351	1.0006545367995132	-0.012071053856586127	-0.012071053856586127	0.0	0	<ORIGINAL_WORKSPACE>/OpenROAD-flow-scripts/flow/reports/nangate45/ariane133/place_batch_20260421_220319/dpl_evolve_baseline/openroad_dpl_hpwl_only_9case_bo_place_batch_20260421_220319_ariane133_nangate45_trial_46c61428_1617df62aff5/metrics.json	26	1024	1	0.8652967553349389	0.6324316307990947	1.304731964731323	73.82451719207907	76	664	1.2690680801183238	1.75 1.35 1.15 1.05
4738e0b5	ok	5864396.0	5864396.0	5784913.3	1.3739652761952401	119.78	0.791923412582974	-1.3739652761952403	-1.3739652761952403	0.0	0	<ORIGINAL_WORKSPACE>/OpenROAD-flow-scripts/flow/reports/nangate45/ariane133/place_batch_20260421_220319/dpl_evolve_baseline/openroad_dpl_hpwl_only_9case_bo_place_batch_20260421_220319_ariane133_nangate45_trial_4738e0b5_5bffb0d208f5/metrics.json	3	256	1	0.7936744330411644	0.8946567538823909	0.9636553699692232	71.74797513245184	576	887	1.047378781913817	1.75 1.35 1.15 1.05
47449658	ok	5794335.7	5794335.7	5784913.3	0.16287884556541882	146.77	0.9703673339856663	-0.16287884556541882	-0.16287884556541882	0.0	0	<ORIGINAL_WORKSPACE>/OpenROAD-flow-scripts/flow/reports/nangate45/ariane133/place_batch_20260421_220319/dpl_evolve_baseline/openroad_dpl_hpwl_only_9case_bo_place_batch_20260421_220319_ariane133_nangate45_trial_47449658_e18edca48faf/metrics.json	62	omit	0	0.024823296705201947	1.2888371907962775	0.9757533295664024	78.92274914667613	479	227	1.0029029945119914	omit
48e08162	ok	6046671.4	6046671.4	5784913.3	4.524840501931128	107.655	0.7117591833496416	-4.524840501931128	-4.524840501931128	0.0	0	<ORIGINAL_WORKSPACE>/OpenROAD-flow-scripts/flow/reports/nangate45/ariane133/place_batch_20260421_220319/dpl_evolve_baseline/openroad_dpl_hpwl_only_9case_bo_place_batch_20260421_220319_ariane133_nangate45_trial_48e08162_2dc517b8c004/metrics.json	19	512 64	0	0.651304332340991	1.407033976305306	1.2399695846609278	119.94228926040421	89	3104	1.731728600739527	1.04
4ab43c9b	ok	5796300.6	5796300.6	5784913.3	0.19684478244470519	145.974	0.9651045936582655	-0.19684478244470516	-0.19684478244470516	0.0	0	<ORIGINAL_WORKSPACE>/OpenROAD-flow-scripts/flow/reports/nangate45/ariane133/place_batch_20260421_220319/dpl_evolve_baseline/openroad_dpl_hpwl_only_9case_bo_place_batch_20260421_220319_ariane133_nangate45_trial_4ab43c9b_a92bede798ef/metrics.json	1	512	0	0.6753872734480755	1.9474049825276258	0.19765605327177463	116.9348946069021	223	934	1.5440391638474416	1.75 1.35 1.15 1.05
4c263f68	ok	6426464.0	6426464.0	5784913.3	11.090065947920086	64.429	0.4259712268267527	-11.090065947920086	-11.090065947920086	0.0	0	<ORIGINAL_WORKSPACE>/OpenROAD-flow-scripts/flow/reports/nangate45/ariane133/place_batch_20260421_220319/dpl_evolve_baseline/openroad_dpl_hpwl_only_9case_bo_place_batch_20260421_220319_ariane133_nangate45_trial_4c263f68_d83005c67a7b/metrics.json	5	64 8	1	0.4813285473295158	1.1453767819094154	1.243514144650476	60.18436702724527	452	1388	1.3981986306187797	1.75 1.35 1.15 1.05
4c80dd6f	ok	5786414.5	5786414.5	5784913.3	0.02595025927182325	143.044	0.9457329489857985	-0.02595025927182325	-0.02595025927182325	0.0	0	<ORIGINAL_WORKSPACE>/OpenROAD-flow-scripts/flow/reports/nangate45/ariane133/place_batch_20260421_220319/dpl_evolve_baseline/openroad_dpl_hpwl_only_9case_bo_place_batch_20260421_220319_ariane133_nangate45_trial_4c80dd6f_9c9de7d86c31/metrics.json	31	omit	1	0.8965034371297196	1.2597353492386358	0.7621917908744213	106.42151519548177	792	1215	1.529594803600299	1.10 1.04
4db6fd96	ok	5786711.4	5786711.4	5784913.3	0.03108257473799234	162.818	1.07646841033507	-0.031082574737992336	-0.031082574737992336	0.0	0	<ORIGINAL_WORKSPACE>/OpenROAD-flow-scripts/flow/reports/nangate45/ariane133/place_batch_20260421_220319/dpl_evolve_baseline/openroad_dpl_hpwl_only_9case_bo_place_batch_20260421_220319_ariane133_nangate45_trial_4db6fd96_dc047523e09b/metrics.json	5	omit	1	0.2701159706719645	0.5415835038803997	0.34906772505212746	46.47958009992124	101	1173	1.1178238587966047	1.50 1.25 1.10 1.04
4f3ad686	ok	6315343.1	6315343.1	5784913.3	9.169191870170291	91.01	0.6017110517546875	-9.169191870170291	-9.169191870170291	0.0	0	<ORIGINAL_WORKSPACE>/OpenROAD-flow-scripts/flow/reports/nangate45/ariane133/place_batch_20260421_220319/dpl_evolve_baseline/openroad_dpl_hpwl_only_9case_bo_place_batch_20260421_220319_ariane133_nangate45_trial_4f3ad686_26d05c67b4bd/metrics.json	8	32	0	0.2788122064663168	0.21277188637482203	0.4249558732072133	63.324151588871885	148	1859	1.192430582723666	2.00 1.50 1.20 1.05
4fac2a59	ok	5794619.5	5794619.5	5784913.3	0.16778470992815375	137.884	0.9116176976172214	-0.16778470992815375	-0.16778470992815375	0.0	0	<ORIGINAL_WORKSPACE>/OpenROAD-flow-scripts/flow/reports/nangate45/ariane133/place_batch_20260421_220319/dpl_evolve_baseline/openroad_dpl_hpwl_only_9case_bo_place_batch_20260421_220319_ariane133_nangate45_trial_4fac2a59_c3ffef0538f2/metrics.json	7	1024	0	0.7805887710045674	0.6605688649945711	1.2374190674185024	50.66935568948341	361	1857	1.5424026936629238	1.75 1.35 1.15 1.05
4fc13bf7	ok	6208120.2	6208120.2	5784913.3	7.315699960447124	91.797	0.6069142887366779	-7.315699960447123	-7.315699960447123	0.0	0	<ORIGINAL_WORKSPACE>/OpenROAD-flow-scripts/flow/reports/nangate45/ariane133/place_batch_20260421_220319/dpl_evolve_baseline/openroad_dpl_hpwl_only_9case_bo_place_batch_20260421_220319_ariane133_nangate45_trial_4fc13bf7_64bbf9db9859/metrics.json	61	64	1	0.9948578553631651	0.8825795987702714	1.692251025665447	149.58159460974176	992	1303	1.5696226081472895	1.10 1.04
507625aa	ok	5863976.6	5863976.6	5784913.3	1.3667153836168957	115.502	0.7636394890646073	-1.3667153836168957	-1.3667153836168957	0.0	0	<ORIGINAL_WORKSPACE>/OpenROAD-flow-scripts/flow/reports/nangate45/ariane133/place_batch_20260421_220319/dpl_evolve_baseline/openroad_dpl_hpwl_only_9case_bo_place_batch_20260421_220319_ariane133_nangate45_trial_507625aa_33e3b527e821/metrics.json	18	256	1	0.834251007089782	1.7510308385672309	1.9681415406409672	89.41770762628936	678	2092	1.8380955776740069	1.75 1.35 1.15 1.05
514719b5	ok	5803245.2	5803245.2	5784913.3	0.3168915254097304	142.832	0.9443313146272445	-0.31689152540973037	-0.31689152540973037	0.0	0	<ORIGINAL_WORKSPACE>/OpenROAD-flow-scripts/flow/reports/nangate45/ariane133/place_batch_20260421_220319/dpl_evolve_baseline/openroad_dpl_hpwl_only_9case_bo_place_batch_20260421_220319_ariane133_nangate45_trial_514719b5_340e6bd4a83f/metrics.json	43	omit	0	0.9819860589685098	1.9610426804670675	0.6599288780392917	127.6080033261168	1190	3412	1.0323821365244468	1.04
51ebb0a8	ok	5786095.4	5786095.4	5784913.3	0.020434186973909512	142.635	0.9430288525110411	-0.020434186973909512	-0.020434186973909512	0.0	0	<ORIGINAL_WORKSPACE>/OpenROAD-flow-scripts/flow/reports/nangate45/ariane133/place_batch_20260421_220319/dpl_evolve_baseline/openroad_dpl_hpwl_only_9case_bo_place_batch_20260421_220319_ariane133_nangate45_trial_51ebb0a8_15dab9cbfb5e/metrics.json	29	omit	0	0.9011537140680896	1.826128278154876	1.3510715786977625	139.3346916610102	1151	238	1.422023938701324	1.04
52448b65	ok	5789474.8	5789474.8	5784913.3	0.07885165711990878	149.205	0.9864662946605665	-0.07885165711990878	-0.07885165711990878	0.0	0	<ORIGINAL_WORKSPACE>/OpenROAD-flow-scripts/flow/reports/nangate45/ariane133/place_batch_20260421_220319/dpl_evolve_baseline/openroad_dpl_hpwl_only_9case_bo_place_batch_20260421_220319_ariane133_nangate45_trial_52448b65_0d2eff6149a0/metrics.json	59	omit	1	0.9048186688791907	1.1351304211448783	1.9526421921468657	133.7229941201501	747	2004	1.3086219783277473	1.10 1.04
534eaf4b	ok	5793842.2	5793842.2	5784913.3	0.15434803491351154	143.39	0.9480205220426836	-0.15434803491351154	-0.15434803491351154	0.0	0	<ORIGINAL_WORKSPACE>/OpenROAD-flow-scripts/flow/reports/nangate45/ariane133/place_batch_20260421_220319/dpl_evolve_baseline/openroad_dpl_hpwl_only_9case_bo_place_batch_20260421_220319_ariane133_nangate45_trial_534eaf4b_732c0977d893/metrics.json	22	1024	0	0.9546286873110778	1.5434371306356114	1.001874650777423	43.23790794513307	99	1970	1.540669059204252	1.75 1.35 1.15 1.05
53df2f68	ok	5789478.7	5789478.7	5784913.3	0.07891907386062938	153.468	1.0146510459365825	-0.07891907386062938	-0.07891907386062938	0.0	0	<ORIGINAL_WORKSPACE>/OpenROAD-flow-scripts/flow/reports/nangate45/ariane133/place_batch_20260421_220319/dpl_evolve_baseline/openroad_dpl_hpwl_only_9case_bo_place_batch_20260421_220319_ariane133_nangate45_trial_53df2f68_e29bbf387a0f/metrics.json	64	1024	1	0.5582913215725063	0.9079514558797925	1.3805588272526856	22.09592925462128	389	3909	1.9789055796373356	2.00 1.50 1.20 1.05
53e4d153	ok	6427301.0	6427301.0	5784913.3	11.104534617657972	67.252	0.4446354428371195	-11.104534617657972	-11.104534617657972	0.0	0	<ORIGINAL_WORKSPACE>/OpenROAD-flow-scripts/flow/reports/nangate45/ariane133/place_batch_20260421_220319/dpl_evolve_baseline/openroad_dpl_hpwl_only_9case_bo_place_batch_20260421_220319_ariane133_nangate45_trial_53e4d153_9382bf9d2f32/metrics.json	63	64 8	0	0.3125013784920495	1.0090383394019893	1.364005565632892	115.52249344681383	200	189	1.5190823222119896	1.25 1.10 1.04
5429f81a	ok	5795451.9	5795451.9	5784913.3	0.1821738624846903	141.524	0.9356834950942797	-0.18217386248469028	-0.18217386248469028	0.0	0	<ORIGINAL_WORKSPACE>/OpenROAD-flow-scripts/flow/reports/nangate45/ariane133/place_batch_20260421_220319/dpl_evolve_baseline/openroad_dpl_hpwl_only_9case_bo_place_batch_20260421_220319_ariane133_nangate45_trial_5429f81a_9ecb87eabaf5/metrics.json	40	omit	0	0.717757713037404	0.3761875739773401	1.4763505212033876	6.479163830750105	813	3398	1.9965951809071856	1.50 1.25 1.10 1.04
58872916	ok	5792479.0	5792479.0	5784913.3	0.1307832910823432	156.03	1.0315896649300504	-0.1307832910823432	-0.1307832910823432	0.0	0	<ORIGINAL_WORKSPACE>/OpenROAD-flow-scripts/flow/reports/nangate45/ariane133/place_batch_20260421_220319/dpl_evolve_baseline/openroad_dpl_hpwl_only_9case_bo_place_batch_20260421_220319_ariane133_nangate45_trial_58872916_290f9f9d8155/metrics.json	11	1024	1	0.9644697705830603	1.5535880307508	0.4531914581724635	49.91031008111041	781	1019	1.3722516024180014	1.75 1.35 1.15 1.05
589393e6	ok	6347631.8	6347631.8	5784913.3	9.727345438349094	59.426	0.39289397826144445	-9.727345438349094	-9.727345438349094	0.0	0	<ORIGINAL_WORKSPACE>/OpenROAD-flow-scripts/flow/reports/nangate45/ariane133/place_batch_20260421_220319/dpl_evolve_baseline/openroad_dpl_hpwl_only_9case_bo_place_batch_20260421_220319_ariane133_nangate45_trial_589393e6_e9a81750cabc/metrics.json	17	128 16	1	0.7122830687108306	1.7942853290596272	0.7796250219012385	77.38737134919856	620	1528	1.5261675697302857	1.04
58ba5550	ok	5861103.2	5861103.2	5784913.3	1.3170448034199644	116.79	0.7721550789411049	-1.3170448034199644	-1.3170448034199644	0.0	0	<ORIGINAL_WORKSPACE>/OpenROAD-flow-scripts/flow/reports/nangate45/ariane133/place_batch_20260421_220319/dpl_evolve_baseline/openroad_dpl_hpwl_only_9case_bo_place_batch_20260421_220319_ariane133_nangate45_trial_58ba5550_b174dea3a0d1/metrics.json	45	256	0	0.4588435545352307	1.4005452968226497	1.731364624235141	85.61057137387466	1150	2811	1.7392693816345668	1.04
58d755bc	ok	5914237.6	5914237.6	5784913.3	2.235544307984699	121.493	0.8032488826594028	-2.235544307984699	-2.235544307984699	0.0	0	<ORIGINAL_WORKSPACE>/OpenROAD-flow-scripts/flow/reports/nangate45/ariane133/place_batch_20260421_220319/dpl_evolve_baseline/openroad_dpl_hpwl_only_9case_bo_place_batch_20260421_220319_ariane133_nangate45_trial_58d755bc_e03cb0219439/metrics.json	21	1024 128	1	0.7923799708372694	1.5142062688698605	1.8661375078661293	80.67855668578262	912	1158	1.821841326286618	1.10 1.04
594820fe	ok	5788464.5	5788464.5	5784913.3	0.0613872640061898	148.974	0.9849390421283685	-0.061387264006189796	-0.061387264006189796	0.0	0	<ORIGINAL_WORKSPACE>/OpenROAD-flow-scripts/flow/reports/nangate45/ariane133/place_batch_20260421_220319/dpl_evolve_baseline/openroad_dpl_hpwl_only_9case_bo_place_batch_20260421_220319_ariane133_nangate45_trial_594820fe_d07ae8ad7a6b/metrics.json	9	omit	0	0.8775640025719326	1.8897899293861706	0.4381861124148258	102.6194070373289	414	1233	1.1814603250069677	1.75 1.35 1.15 1.05
59657e78	ok	6315343.1	6315343.1	5784913.3	9.169191870170291	83.405	0.5514307248829767	-9.169191870170291	-9.169191870170291	0.0	0	<ORIGINAL_WORKSPACE>/OpenROAD-flow-scripts/flow/reports/nangate45/ariane133/place_batch_20260421_220319/dpl_evolve_baseline/openroad_dpl_hpwl_only_9case_bo_place_batch_20260421_220319_ariane133_nangate45_trial_59657e78_a7006a50c234/metrics.json	8	32	0	0.7785289822937952	1.2369060504156124	0.1793882474507719	96.69019390977863	471	1545	1.2003639533886543	1.25 1.10 1.04
5a47472c	ok	5799156.2	5799156.2	5784913.3	0.24620766572249878	138.381	0.9149036045804353	-0.24620766572249878	-0.24620766572249878	0.0	0	<ORIGINAL_WORKSPACE>/OpenROAD-flow-scripts/flow/reports/nangate45/ariane133/place_batch_20260421_220319/dpl_evolve_baseline/openroad_dpl_hpwl_only_9case_bo_place_batch_20260421_220319_ariane133_nangate45_trial_5a47472c_cd5398cb8202/metrics.json	2	omit	0	0.13221932881638843	0.6974329474190736	0.7114928748530664	95.40979330692727	161	1248	1.06540763598702	1.25 1.10 1.04
5a74d4ce	ok	5785504.6	5785504.6	5784913.3	0.010221415072889923	151.463	1.0013950228757305	-0.01022141507288992	-0.01022141507288992	0.0	0	<ORIGINAL_WORKSPACE>/OpenROAD-flow-scripts/flow/reports/nangate45/ariane133/place_batch_20260421_220319/dpl_evolve_baseline/openroad_dpl_hpwl_only_9case_bo_place_batch_20260421_220319_ariane133_nangate45_trial_5a74d4ce_e0326db1966d/metrics.json	51	omit	1	0.9967026340867325	1.0351190553693983	1.1091713866526545	124.8615102856955	524	2385	1.7586227161590635	omit
5b4f1746	ok	5790970.6	5790970.6	5784913.3	0.10470857013535213	154.478	1.0213286435881839	-0.10470857013535213	-0.10470857013535213	0.0	0	<ORIGINAL_WORKSPACE>/OpenROAD-flow-scripts/flow/reports/nangate45/ariane133/place_batch_20260421_220319/dpl_evolve_baseline/openroad_dpl_hpwl_only_9case_bo_place_batch_20260421_220319_ariane133_nangate45_trial_5b4f1746_2c7bc1111fa3/metrics.json	2	512	0	0.5874258382018047	0.5824683177290917	0.4134986736331483	41.890915298762934	92	2351	1.2236788675537624	1.10 1.04
5c764afb	ok	6012590.0	6012590.0	5784913.3	3.935697705270712	121.171	0.8011199851902785	-3.9356977052707114	-3.9356977052707114	0.0	0	<ORIGINAL_WORKSPACE>/OpenROAD-flow-scripts/flow/reports/nangate45/ariane133/place_batch_20260421_220319/dpl_evolve_baseline/openroad_dpl_hpwl_only_9case_bo_place_batch_20260421_220319_ariane133_nangate45_trial_5c764afb_7ce586d3f74e/metrics.json	76	128	0	0.5546997140479946	0.11263955236083645	1.8045209644061648	0.7860974393447009	395	3949	1.9740652555122464	1.75 1.35 1.15 1.05
5c83a9b2	ok	6316264.3	6316264.3	5784913.3	9.185116050053853	81.375	0.5380094147515404	-9.185116050053853	-9.185116050053853	0.0	0	<ORIGINAL_WORKSPACE>/OpenROAD-flow-scripts/flow/reports/nangate45/ariane133/place_batch_20260421_220319/dpl_evolve_baseline/openroad_dpl_hpwl_only_9case_bo_place_batch_20260421_220319_ariane133_nangate45_trial_5c83a9b2_310ce03ed4c4/metrics.json	7	32	0	0.903913530687874	1.6741189285369653	0.9181994270912395	11.75545857226335	322	475	1.2356229775133263	1.25 1.10 1.04
5da23d7a	ok	5799156.2	5799156.2	5784913.3	0.24620766572249878	143.17	0.9465659958215427	-0.24620766572249878	-0.24620766572249878	0.0	0	<ORIGINAL_WORKSPACE>/OpenROAD-flow-scripts/flow/reports/nangate45/ariane133/place_batch_20260421_220319/dpl_evolve_baseline/openroad_dpl_hpwl_only_9case_bo_place_batch_20260421_220319_ariane133_nangate45_trial_5da23d7a_c87ec2e23719/metrics.json	2	1024	0	0.4037480681221203	0.4593516053342124	1.2565576293957283	47.51791704441369	224	1945	1.1988369823838765	omit
5e0ba905	ok	6193496.3	6193496.3	5784913.3	7.062906197747163	93.195	0.6161571417237457	-7.062906197747164	-7.062906197747164	0.0	0	<ORIGINAL_WORKSPACE>/OpenROAD-flow-scripts/flow/reports/nangate45/ariane133/place_batch_20260421_220319/dpl_evolve_baseline/openroad_dpl_hpwl_only_9case_bo_place_batch_20260421_220319_ariane133_nangate45_trial_5e0ba905_37113d3d99f2/metrics.json	66	256 32	0	0.6276226650118697	1.1074173603280482	1.2837521031188253	42.04354845125506	132	2948	1.8664183245638364	2.00 1.50 1.20 1.05
5e4d8ec1	ok	6190037.7	6190037.7	5784913.3	7.0031196491743515	95.314	0.6301668738264617	-7.0031196491743515	-7.0031196491743515	0.0	0	<ORIGINAL_WORKSPACE>/OpenROAD-flow-scripts/flow/reports/nangate45/ariane133/place_batch_20260421_220319/dpl_evolve_baseline/openroad_dpl_hpwl_only_9case_bo_place_batch_20260421_220319_ariane133_nangate45_trial_5e4d8ec1_cf0143ac6e64/metrics.json	13	256 32	1	0.8119840483455466	1.043230956744725	1.8756065140142573	83.60155941480508	562	855	1.867971357969811	2.50 1.75 1.25 1.08
5ea09078	ok	6207564.0	6207564.0	5784913.3	7.306085296040655	97.579	0.6451418824213894	-7.306085296040654	-7.306085296040654	0.0	0	<ORIGINAL_WORKSPACE>/OpenROAD-flow-scripts/flow/reports/nangate45/ariane133/place_batch_20260421_220319/dpl_evolve_baseline/openroad_dpl_hpwl_only_9case_bo_place_batch_20260421_220319_ariane133_nangate45_trial_5ea09078_a41cb1ba59af/metrics.json	46	64	0	0.8990296692171518	1.088070975345728	1.8127612608748656	140.43194443385397	777	2845	1.4703959682874315	1.50 1.25 1.10 1.04
5fbc6f05	ok	5799156.2	5799156.2	5784913.3	0.24620766572249878	150.793	0.9969653293840742	-0.24620766572249878	-0.24620766572249878	0.0	0	<ORIGINAL_WORKSPACE>/OpenROAD-flow-scripts/flow/reports/nangate45/ariane133/place_batch_20260421_220319/dpl_evolve_baseline/openroad_dpl_hpwl_only_9case_bo_place_batch_20260421_220319_ariane133_nangate45_trial_5fbc6f05_8b4c01934ed7/metrics.json	2	omit	1	0.7505677101143082	1.056764306536477	1.6362185313779452	124.2863443064399	405	1675	1.8321864539674306	2.00 1.50 1.20 1.05
5ff71183	ok	5915576.0	5915576.0	5784913.3	2.2586803504903035	129.431	0.8557308333112951	-2.2586803504903035	-2.2586803504903035	0.0	0	<ORIGINAL_WORKSPACE>/OpenROAD-flow-scripts/flow/reports/nangate45/ariane133/place_batch_20260421_220319/dpl_evolve_baseline/openroad_dpl_hpwl_only_9case_bo_place_batch_20260421_220319_ariane133_nangate45_trial_5ff71183_72ec2d2eee5b/metrics.json	5	1024 128	1	0.6534132486416857	0.67387419926584	1.4827947904278624	49.27029345680479	606	974	1.15943680361164	1.50 1.25 1.10 1.04
600bd8b7	ok	6328510.0	6328510.0	5784913.3	9.39679942999319	85.167	0.5630801576177504	-9.39679942999319	-9.39679942999319	0.0	0	<ORIGINAL_WORKSPACE>/OpenROAD-flow-scripts/flow/reports/nangate45/ariane133/place_batch_20260421_220319/dpl_evolve_baseline/openroad_dpl_hpwl_only_9case_bo_place_batch_20260421_220319_ariane133_nangate45_trial_600bd8b7_f1d77218b402/metrics.json	38	128 16	1	0.7696224493383522	0.3841343578503021	1.0191354397517647	140.32771615374483	1062	1309	1.1866126023177959	2.00 1.50 1.20 1.05
63338a32	ok	5799156.2	5799156.2	5784913.3	0.24620766572249878	151.543	1.0019239415016	-0.24620766572249878	-0.24620766572249878	0.0	0	<ORIGINAL_WORKSPACE>/OpenROAD-flow-scripts/flow/reports/nangate45/ariane133/place_batch_20260421_220319/dpl_evolve_baseline/openroad_dpl_hpwl_only_9case_bo_place_batch_20260421_220319_ariane133_nangate45_trial_63338a32_b543cd93a5d9/metrics.json	2	1024	1	0.5155052124159245	1.5460573753822444	0.5120460567611009	70.91103624832132	844	302	1.2757683350012112	1.04
63df66db	ok	6056862.2	6056862.2	5784913.3	4.701002174051603	98.531	0.6514360140692355	-4.701002174051604	-4.701002174051604	0.0	0	<ORIGINAL_WORKSPACE>/OpenROAD-flow-scripts/flow/reports/nangate45/ariane133/place_batch_20260421_220319/dpl_evolve_baseline/openroad_dpl_hpwl_only_9case_bo_place_batch_20260421_220319_ariane133_nangate45_trial_63df66db_0440d84c4e83/metrics.json	27	512 64	0	0.8567994058433607	1.3150673079541777	1.9860488272917682	109.39270888470053	1103	2096	1.537636137457096	1.04
644736b6	ok	5794734.0	5794734.0	5784913.3	0.16976399629014643	152.378	1.0074445296591117	-0.1697639962901464	-0.1697639962901464	0.0	0	<ORIGINAL_WORKSPACE>/OpenROAD-flow-scripts/flow/reports/nangate45/ariane133/place_batch_20260421_220319/dpl_evolve_baseline/openroad_dpl_hpwl_only_9case_bo_place_batch_20260421_220319_ariane133_nangate45_trial_644736b6_2e2ac5d6feb8/metrics.json	57	1024	0	0.8125859513442785	1.07973665731999	1.6453008119315586	44.95984722685652	1023	2941	1.2049962507526775	1.50 1.25 1.10 1.04
64ef6afe	ok	5784913.3	5784913.3	5784913.3	0.0	158.115	1.045374606616772	0.0	0.0	0.0	0	<ORIGINAL_WORKSPACE>/OpenROAD-flow-scripts/flow/reports/nangate45/ariane133/place_batch_20260421_220319/dpl_evolve_baseline/openroad_dpl_hpwl_only_9case_bo_place_batch_20260421_220319_ariane133_nangate45_trial_64ef6afe_9939d995f2bb/metrics.json	1	1024	0	0.4	0.4	0.6	35.0	150	1000	1.1	omit
661b710a	ok	5791235.1	5791235.1	5784913.3	0.10928080806327407	149.344	0.9873852907730145	-0.10928080806327407	-0.10928080806327407	0.0	0	<ORIGINAL_WORKSPACE>/OpenROAD-flow-scripts/flow/reports/nangate45/ariane133/place_batch_20260421_220319/dpl_evolve_baseline/openroad_dpl_hpwl_only_9case_bo_place_batch_20260421_220319_ariane133_nangate45_trial_661b710a_e2178786e9c9/metrics.json	46	omit	1	0.8728493822044233	0.6107030604240887	1.1363814774126546	137.18042666256687	838	1705	1.7199713602927083	1.10 1.04
662bbd02	ok	6206692.8	6206692.8	5784913.3	7.291025433345734	101.152	0.668764710549282	-7.291025433345734	-7.291025433345734	0.0	0	<ORIGINAL_WORKSPACE>/OpenROAD-flow-scripts/flow/reports/nangate45/ariane133/place_batch_20260421_220319/dpl_evolve_baseline/openroad_dpl_hpwl_only_9case_bo_place_batch_20260421_220319_ariane133_nangate45_trial_662bbd02_283b1e3b8aff/metrics.json	59	64	0	0.8308979701413801	1.4114786483410202	1.9219641978956163	149.84054223884598	1093	964	1.9904830025088378	1.04
66477410	ok	5795694.7	5795694.7	5784913.3	0.1863709867527379	147.112	0.9726284611112579	-0.1863709867527379	-0.1863709867527379	0.0	0	<ORIGINAL_WORKSPACE>/OpenROAD-flow-scripts/flow/reports/nangate45/ariane133/place_batch_20260421_220319/dpl_evolve_baseline/openroad_dpl_hpwl_only_9case_bo_place_batch_20260421_220319_ariane133_nangate45_trial_66477410_59fce46641ed/metrics.json	71	1024	0	0.6353887974888243	0.9950884362331051	1.5190445886149897	84.33556540669234	915	3454	1.1146100092414206	2.00 1.50 1.20 1.05
66b09cd7	ok	6425356.2	6425356.2	5784913.3	11.070916136288513	64.725	0.42792822574246947	-11.070916136288515	-11.070916136288515	0.0	0	<ORIGINAL_WORKSPACE>/OpenROAD-flow-scripts/flow/reports/nangate45/ariane133/place_batch_20260421_220319/dpl_evolve_baseline/openroad_dpl_hpwl_only_9case_bo_place_batch_20260421_220319_ariane133_nangate45_trial_66b09cd7_d2647357b16d/metrics.json	54	64 8	1	0.7879421842574894	0.6060395172196309	1.3047805671147925	128.70950184354464	556	914	1.0672448565632247	1.25 1.10 1.04
678a153b	ok	5791252.3	5791252.3	5784913.3	0.1095781331761705	140.256	0.9273001348742496	-0.1095781331761705	-0.1095781331761705	0.0	0	<ORIGINAL_WORKSPACE>/OpenROAD-flow-scripts/flow/reports/nangate45/ariane133/place_batch_20260421_220319/dpl_evolve_baseline/openroad_dpl_hpwl_only_9case_bo_place_batch_20260421_220319_ariane133_nangate45_trial_678a153b_b74511ad2652/metrics.json	50	1024	0	0.7556157429208389	1.3098983911725275	0.982542293769137	52.78958073633793	990	2970	1.4933516421587103	1.04
67abdc15	ok	6023791.2	6023791.2	5784913.3	4.129325499139293	132.22	0.8741702589056674	-4.129325499139293	-4.129325499139293	0.0	0	<ORIGINAL_WORKSPACE>/OpenROAD-flow-scripts/flow/reports/nangate45/ariane133/place_batch_20260421_220319/dpl_evolve_baseline/openroad_dpl_hpwl_only_9case_bo_place_batch_20260421_220319_ariane133_nangate45_trial_67abdc15_ba2b8cc0e072/metrics.json	43	128	0	0.5479912889611838	1.3858098171014275	0.3658307053972397	12.383576401964696	164	3887	1.8642715950897575	2.00 1.50 1.20 1.05
68110306	ok	5794551.9	5794551.9	5784913.3	0.16661615308911473	145.953	0.9649657525189749	-0.16661615308911473	-0.16661615308911473	0.0	0	<ORIGINAL_WORKSPACE>/OpenROAD-flow-scripts/flow/reports/nangate45/ariane133/place_batch_20260421_220319/dpl_evolve_baseline/openroad_dpl_hpwl_only_9case_bo_place_batch_20260421_220319_ariane133_nangate45_trial_68110306_e65de840a841/metrics.json	65	omit	1	0.7401541496077733	0.5094339149541319	1.8722558312422943	142.27840450733427	604	1657	1.5530678911996494	1.50 1.25 1.10 1.04
682c6ac5	ok	6426359.2	6426359.2	5784913.3	11.088254339092694	65.496	0.4330256789992859	-11.088254339092694	-11.088254339092694	0.0	0	<ORIGINAL_WORKSPACE>/OpenROAD-flow-scripts/flow/reports/nangate45/ariane133/place_batch_20260421_220319/dpl_evolve_baseline/openroad_dpl_hpwl_only_9case_bo_place_batch_20260421_220319_ariane133_nangate45_trial_682c6ac5_147457a1b799/metrics.json	4	64 8	0	0.6285330977277995	0.11080436253105358	0.6499752670804311	34.24718217403612	299	538	1.0208081825061082	1.50 1.25 1.10 1.04
684c8d69	ok	5785769.3	5785769.3	5784913.3	0.01479711026956964	144.991	0.9586055060428953	-0.014797110269569641	-0.014797110269569641	0.0	0	<ORIGINAL_WORKSPACE>/OpenROAD-flow-scripts/flow/reports/nangate45/ariane133/place_batch_20260421_220319/dpl_evolve_baseline/openroad_dpl_hpwl_only_9case_bo_place_batch_20260421_220319_ariane133_nangate45_trial_684c8d69_93dc4d7c7bfa/metrics.json	12	1024	1	0.8157871658406425	1.7312891912221813	0.5266680100313306	76.10755495593618	312	1267	1.0057539505440938	1.10 1.04
68b7deec	ok	5789478.7	5789478.7	5784913.3	0.07891907386062938	136.835	0.9046822521355089	-0.07891907386062938	-0.07891907386062938	0.0	0	<ORIGINAL_WORKSPACE>/OpenROAD-flow-scripts/flow/reports/nangate45/ariane133/place_batch_20260421_220319/dpl_evolve_baseline/openroad_dpl_hpwl_only_9case_bo_place_batch_20260421_220319_ariane133_nangate45_trial_68b7deec_d3707b0b6568/metrics.json	64	1024	0	0.8037751443593908	0.867433153618238	1.6370436444786514	92.7399763015554	679	3158	1.8082757637223004	1.04
68da0b47	ok	5790441.3	5790441.3	5784913.3	0.09555890837637965	146.138	0.966188876841298	-0.09555890837637965	-0.09555890837637965	0.0	0	<ORIGINAL_WORKSPACE>/OpenROAD-flow-scripts/flow/reports/nangate45/ariane133/place_batch_20260421_220319/dpl_evolve_baseline/openroad_dpl_hpwl_only_9case_bo_place_batch_20260421_220319_ariane133_nangate45_trial_68da0b47_eed5033a8542/metrics.json	20	1024	0	0.9413473403258141	1.2486113412299285	0.9744501932076948	75.90774504472711	546	471	1.5119413305332947	1.75 1.35 1.15 1.05
690f2886	ok	6425548.7	6425548.7	5784913.3	11.07424375746479	61.848	0.40890698965964084	-11.07424375746479	-11.07424375746479	0.0	0	<ORIGINAL_WORKSPACE>/OpenROAD-flow-scripts/flow/reports/nangate45/ariane133/place_batch_20260421_220319/dpl_evolve_baseline/openroad_dpl_hpwl_only_9case_bo_place_batch_20260421_220319_ariane133_nangate45_trial_690f2886_c0b571d03507/metrics.json	34	64 8	1	0.869001938644792	0.26737944286541215	1.0373684181300753	139.58857147066752	1200	771	1.4524258412138271	1.04
6a4b2577	ok	6328510.0	6328510.0	5784913.3	9.39679942999319	78.226	0.5171898553407558	-9.39679942999319	-9.39679942999319	0.0	0	<ORIGINAL_WORKSPACE>/OpenROAD-flow-scripts/flow/reports/nangate45/ariane133/place_batch_20260421_220319/dpl_evolve_baseline/openroad_dpl_hpwl_only_9case_bo_place_batch_20260421_220319_ariane133_nangate45_trial_6a4b2577_bc97844f6915/metrics.json	38	128 16	0	0.9059411477631629	1.9534463938308968	1.4183861842742767	57.01987004991849	865	481	1.1290416816299844	1.04
6af4f1d4	ok	6013009.8	6013009.8	5784913.3	3.942954512386556	118.626	0.7842937614048079	-3.9429545123865557	-3.9429545123865557	0.0	0	<ORIGINAL_WORKSPACE>/OpenROAD-flow-scripts/flow/reports/nangate45/ariane133/place_batch_20260421_220319/dpl_evolve_baseline/openroad_dpl_hpwl_only_9case_bo_place_batch_20260421_220319_ariane133_nangate45_trial_6af4f1d4_68446c8a1bde/metrics.json	4	128	0	0.9703521710207783	1.3464336061047657	1.538264743989418	71.96445639144561	93	1615	1.0409462213624872	1.75 1.35 1.15 1.05
6bb78b81	ok	6347715.6	6347715.6	5784913.3	9.728794033957257	59.92	0.39616005077618804	-9.728794033957257	-9.728794033957257	0.0	0	<ORIGINAL_WORKSPACE>/OpenROAD-flow-scripts/flow/reports/nangate45/ariane133/place_batch_20260421_220319/dpl_evolve_baseline/openroad_dpl_hpwl_only_9case_bo_place_batch_20260421_220319_ariane133_nangate45_trial_6bb78b81_e15dfdcd3b21/metrics.json	4	128 16	0	0.9241788513031535	1.1046945389117722	1.0718573838635157	38.033156083941485	370	111	1.3691216977918284	omit
6c8c95a3	ok	5792653.0	5792653.0	5784913.3	0.13379111489882115	150.549	0.9953521275751726	-0.13379111489882115	-0.13379111489882115	0.0	0	<ORIGINAL_WORKSPACE>/OpenROAD-flow-scripts/flow/reports/nangate45/ariane133/place_batch_20260421_220319/dpl_evolve_baseline/openroad_dpl_hpwl_only_9case_bo_place_batch_20260421_220319_ariane133_nangate45_trial_6c8c95a3_abe318be9728/metrics.json	21	1024	0	0.9350513631937243	1.3237668367768305	0.5244020086702437	133.72666965550772	344	2748	1.2404178799657695	1.50 1.25 1.10 1.04
6d49219c	ok	5792320.3	5792320.3	5784913.3	0.12803994832558685	146.689	0.9698318038769734	-0.12803994832558685	-0.12803994832558685	0.0	0	<ORIGINAL_WORKSPACE>/OpenROAD-flow-scripts/flow/reports/nangate45/ariane133/place_batch_20260421_220319/dpl_evolve_baseline/openroad_dpl_hpwl_only_9case_bo_place_batch_20260421_220319_ariane133_nangate45_trial_6d49219c_d22965ac4744/metrics.json	61	omit	1	0.9699174179233603	1.0424719257297665	1.6618072000686164	126.43229885411921	1167	3695	1.1487954280816042	1.10 1.04
6e6ff503	ok	5799156.2	5799156.2	5784913.3	0.24620766572249878	146.956	0.9715970697908125	-0.24620766572249878	-0.24620766572249878	0.0	0	<ORIGINAL_WORKSPACE>/OpenROAD-flow-scripts/flow/reports/nangate45/ariane133/place_batch_20260421_220319/dpl_evolve_baseline/openroad_dpl_hpwl_only_9case_bo_place_batch_20260421_220319_ariane133_nangate45_trial_6e6ff503_a6df8d21e039/metrics.json	2	1024	1	0.8022170756610764	0.8615351680471092	0.6770584267506043	31.74846017488517	409	170	1.028437366390615	1.25 1.10 1.04
6f58d2e8	ok	5784913.3	5784913.3	5784913.3	0.0	150.61	0.995755428027398	0.0	0.0	0.0	0	<ORIGINAL_WORKSPACE>/OpenROAD-flow-scripts/flow/reports/nangate45/ariane133/place_batch_20260421_220319/dpl_evolve_baseline/openroad_dpl_hpwl_only_9case_bo_place_batch_20260421_220319_ariane133_nangate45_trial_6f58d2e8_a077b5ea7140/metrics.json	1	1024	0	0.9199581380556807	1.045800785892713	0.9082930553439185	28.63747768407228	424	360	1.390697052500095	1.75 1.35 1.15 1.05
6f8abb4b	ok	5792653.0	5792653.0	5784913.3	0.13379111489882115	148.661	0.9828696480046545	-0.13379111489882115	-0.13379111489882115	0.0	0	<ORIGINAL_WORKSPACE>/OpenROAD-flow-scripts/flow/reports/nangate45/ariane133/place_batch_20260421_220319/dpl_evolve_baseline/openroad_dpl_hpwl_only_9case_bo_place_batch_20260421_220319_ariane133_nangate45_trial_6f8abb4b_97531fd159dc/metrics.json	21	1024	0	0.8199554764339148	0.3908020839322978	1.7675195087981301	140.6364089144103	964	935	1.3616096692583262	1.50 1.25 1.10 1.04
6fb9df0d	ok	5793842.2	5793842.2	5784913.3	0.15434803491351154	142.223	0.9403049215878138	-0.15434803491351154	-0.15434803491351154	0.0	0	<ORIGINAL_WORKSPACE>/OpenROAD-flow-scripts/flow/reports/nangate45/ariane133/place_batch_20260421_220319/dpl_evolve_baseline/openroad_dpl_hpwl_only_9case_bo_place_batch_20260421_220319_ariane133_nangate45_trial_6fb9df0d_6fe103f51cfd/metrics.json	22	1024	1	0.7415898388663316	0.7478613450350465	0.7328080353165674	81.89283353130487	568	895	1.3551148889676685	1.75 1.35 1.15 1.05
6fdf7ec5	ok	5792081.3	5792081.3	5784913.3	0.12390851216387289	144.877	0.9578517970010314	-0.12390851216387289	-0.12390851216387289	0.0	0	<ORIGINAL_WORKSPACE>/OpenROAD-flow-scripts/flow/reports/nangate45/ariane133/place_batch_20260421_220319/dpl_evolve_baseline/openroad_dpl_hpwl_only_9case_bo_place_batch_20260421_220319_ariane133_nangate45_trial_6fdf7ec5_3d03b7eaa273/metrics.json	6	omit	0	0.5227831239214693	0.3009261673303578	0.2287340717054308	14.343462659006732	177	1711	1.0540864322089214	2.00 1.50 1.20 1.05
70424033	ok	5795347.3	5795347.3	5784913.3	0.1803657109260393	144.249	0.9536997857879564	-0.18036571092603929	-0.18036571092603929	0.0	0	<ORIGINAL_WORKSPACE>/OpenROAD-flow-scripts/flow/reports/nangate45/ariane133/place_batch_20260421_220319/dpl_evolve_baseline/openroad_dpl_hpwl_only_9case_bo_place_batch_20260421_220319_ariane133_nangate45_trial_70424033_19a9a6c4dc87/metrics.json	15	1024	1	0.6389061744279547	1.177557829557666	0.8152528852251097	10.697869034325478	546	2480	1.2463864541611156	1.75 1.35 1.15 1.05
71583f34	ok	5786711.4	5786711.4	5784913.3	0.03108257473799234	139.952	0.9252902440959457	-0.031082574737992336	-0.031082574737992336	0.0	0	<ORIGINAL_WORKSPACE>/OpenROAD-flow-scripts/flow/reports/nangate45/ariane133/place_batch_20260421_220319/dpl_evolve_baseline/openroad_dpl_hpwl_only_9case_bo_place_batch_20260421_220319_ariane133_nangate45_trial_71583f34_fabae6203540/metrics.json	5	omit	1	0.4827518087572399	0.5944812261323105	0.16922718309569845	28.918675760338946	457	1209	1.2712689580353471	omit
7187adbf	ok	5794728.9	5794728.9	5784913.3	0.16967583593691127	149.715	0.9898381509004839	-0.16967583593691127	-0.16967583593691127	0.0	0	<ORIGINAL_WORKSPACE>/OpenROAD-flow-scripts/flow/reports/nangate45/ariane133/place_batch_20260421_220319/dpl_evolve_baseline/openroad_dpl_hpwl_only_9case_bo_place_batch_20260421_220319_ariane133_nangate45_trial_7187adbf_c0a6fea4dedf/metrics.json	101	1024	0	0.9878239679933396	1.4784554473423772	1.938531942523368	86.0797053028781	756	2266	1.3778611310946751	2.50 1.75 1.25 1.08
722f3923	ok	5784942.2	5784942.2	5784913.3	0.0004995753350421437	140.5	0.9289133366831512	-0.0004995753350421437	-0.0004995753350421437	0.0	0	<ORIGINAL_WORKSPACE>/OpenROAD-flow-scripts/flow/reports/nangate45/ariane133/place_batch_20260421_220319/dpl_evolve_baseline/openroad_dpl_hpwl_only_9case_bo_place_batch_20260421_220319_ariane133_nangate45_trial_722f3923_c83f1cf9f641/metrics.json	48	omit	1	0.9355026021245808	0.8919044681514099	1.8355761400189654	120.24406192098942	1082	3517	1.4322790824978322	1.10 1.04
72cc9d32	ok	5799156.2	5799156.2	5784913.3	0.24620766572249878	145.947	0.9649260836220347	-0.24620766572249878	-0.24620766572249878	0.0	0	<ORIGINAL_WORKSPACE>/OpenROAD-flow-scripts/flow/reports/nangate45/ariane133/place_batch_20260421_220319/dpl_evolve_baseline/openroad_dpl_hpwl_only_9case_bo_place_batch_20260421_220319_ariane133_nangate45_trial_72cc9d32_4056240942ba/metrics.json	2	1024	1	0.5571830774318189	0.08571164489586636	0.5377460964084706	23.358525390843017	391	1104	1.500281446865949	1.75 1.35 1.15 1.05
72dc56b1	ok	5904045.9	5904045.9	5784913.3	2.0593670781548368	123.314	0.8152883928807552	-2.059367078154837	-2.059367078154837	0.0	0	<ORIGINAL_WORKSPACE>/OpenROAD-flow-scripts/flow/reports/nangate45/ariane133/place_batch_20260421_220319/dpl_evolve_baseline/openroad_dpl_hpwl_only_9case_bo_place_batch_20260421_220319_ariane133_nangate45_trial_72dc56b1_e3acfa293ddf/metrics.json	15	1024 128	0	0.8148263719547725	0.8569141920694097	0.8899238536272458	5.971743625580821	584	334	1.6373652961424345	1.75 1.35 1.15 1.05
752059e9	ok	6315191.8	6315191.8	5784913.3	9.166576446357459	84.408	0.5580620421548145	-9.166576446357459	-9.166576446357459	0.0	0	<ORIGINAL_WORKSPACE>/OpenROAD-flow-scripts/flow/reports/nangate45/ariane133/place_batch_20260421_220319/dpl_evolve_baseline/openroad_dpl_hpwl_only_9case_bo_place_batch_20260421_220319_ariane133_nangate45_trial_752059e9_1e18c55862b5/metrics.json	3	32	1	0.8864603433573767	0.08925280725513507	1.224797471300264	30.805384418292658	633	1109	1.1283507348088742	1.75 1.35 1.15 1.05
76d7a7da	ok	5785611.6	5785611.6	5784913.3	0.012071053856586127	147.848	0.9774945124692567	-0.012071053856586127	-0.012071053856586127	0.0	0	<ORIGINAL_WORKSPACE>/OpenROAD-flow-scripts/flow/reports/nangate45/ariane133/place_batch_20260421_220319/dpl_evolve_baseline/openroad_dpl_hpwl_only_9case_bo_place_batch_20260421_220319_ariane133_nangate45_trial_76d7a7da_7ff137558a79/metrics.json	26	1024	1	0.6280779671379807	0.07853484126475208	0.9161573160928627	70.29394603254846	89	1152	1.1688352440049077	1.50 1.25 1.10 1.04
775c3d87	ok	5795694.7	5795694.7	5784913.3	0.1863709867527379	159.474	1.0543596117737284	-0.1863709867527379	-0.1863709867527379	0.0	0	<ORIGINAL_WORKSPACE>/OpenROAD-flow-scripts/flow/reports/nangate45/ariane133/place_batch_20260421_220319/dpl_evolve_baseline/openroad_dpl_hpwl_only_9case_bo_place_batch_20260421_220319_ariane133_nangate45_trial_775c3d87_038bc37056a9/metrics.json	71	omit	1	0.7321403584009517	0.183964635710264	0.4314351217079197	74.13755311187582	442	750	1.2961572094168121	omit
77e0c807	ok	5792365.0	5792365.0	5784913.3	0.12881264789223698	142.481	0.9420106841562425	-0.12881264789223698	-0.12881264789223698	0.0	0	<ORIGINAL_WORKSPACE>/OpenROAD-flow-scripts/flow/reports/nangate45/ariane133/place_batch_20260421_220319/dpl_evolve_baseline/openroad_dpl_hpwl_only_9case_bo_place_batch_20260421_220319_ariane133_nangate45_trial_77e0c807_7f62a4cde41a/metrics.json	25	1024	0	0.6889458470211094	0.1939424160781836	1.3899714731261135	132.61983417713517	1011	1588	1.6017308435719875	1.04
78226504	ok	5790035.5	5790035.5	5784913.3	0.08854411007335558	143.379	0.9479477957316266	-0.08854411007335558	-0.08854411007335558	0.0	0	<ORIGINAL_WORKSPACE>/OpenROAD-flow-scripts/flow/reports/nangate45/ariane133/place_batch_20260421_220319/dpl_evolve_baseline/openroad_dpl_hpwl_only_9case_bo_place_batch_20260421_220319_ariane133_nangate45_trial_78226504_eb8198666bab/metrics.json	36	1024	0	0.7240049566089991	0.41672756245492204	1.2955211676106033	125.59722904966317	1117	1403	1.8014343431467772	2.50 1.75 1.25 1.08
79e8b59b	ok	5799156.2	5799156.2	5784913.3	0.24620766572249878	153.109	1.0122775236029937	-0.24620766572249878	-0.24620766572249878	0.0	0	<ORIGINAL_WORKSPACE>/OpenROAD-flow-scripts/flow/reports/nangate45/ariane133/place_batch_20260421_220319/dpl_evolve_baseline/openroad_dpl_hpwl_only_9case_bo_place_batch_20260421_220319_ariane133_nangate45_trial_79e8b59b_6e03ea5dfc0e/metrics.json	2	omit	0	0.333923003586738	1.289869085049073	0.39097986713433003	19.55908516572304	636	187	1.0108699725478782	omit
79fd1fce	ok	5794379.6	5794379.6	5784913.3	0.16363771605703778	136.716	0.9038954856795282	-0.16363771605703778	-0.16363771605703778	0.0	0	<ORIGINAL_WORKSPACE>/OpenROAD-flow-scripts/flow/reports/nangate45/ariane133/place_batch_20260421_220319/dpl_evolve_baseline/openroad_dpl_hpwl_only_9case_bo_place_batch_20260421_220319_ariane133_nangate45_trial_79fd1fce_cfe4ed9dc989/metrics.json	77	512	0	0.9119066201896087	0.8945815762512068	1.9740029205140703	67.6917278471808	1076	2201	1.617943711435083	1.04
7a6778f7	ok	5783815.0	5783815.0	5784913.3	-0.018985591365730817	149.802	0.9904133499061168	0.01898559136573082	0.01898559136573082	0.0	0	<ORIGINAL_WORKSPACE>/OpenROAD-flow-scripts/flow/reports/nangate45/ariane133/place_batch_20260421_220319/dpl_evolve_baseline/openroad_dpl_hpwl_only_9case_bo_place_batch_20260421_220319_ariane133_nangate45_trial_7a6778f7_32ac5a3eea7f/metrics.json	45	omit	1	0.9424704683546141	0.7091355951825355	1.6366264088646472	147.71652917429017	1099	3822	1.1561578699070152	2.50 1.75 1.25 1.08
7aa640c4	ok	6315391.4	6315391.4	5784913.3	9.170026800574533	80.582	0.5327665088726099	-9.170026800574533	-9.170026800574533	0.0	0	<ORIGINAL_WORKSPACE>/OpenROAD-flow-scripts/flow/reports/nangate45/ariane133/place_batch_20260421_220319/dpl_evolve_baseline/openroad_dpl_hpwl_only_9case_bo_place_batch_20260421_220319_ariane133_nangate45_trial_7aa640c4_f8777479531f/metrics.json	16	32	1	0.5980674003645688	0.7094702968515588	0.8602374114512654	72.8567180685137	132	810	1.062950243721684	1.75 1.35 1.15 1.05
7c615c2b	ok	6206344.2	6206344.2	5784913.3	7.284999413906521	103.007	0.681029011186629	-7.284999413906521	-7.284999413906521	0.0	0	<ORIGINAL_WORKSPACE>/OpenROAD-flow-scripts/flow/reports/nangate45/ariane133/place_batch_20260421_220319/dpl_evolve_baseline/openroad_dpl_hpwl_only_9case_bo_place_batch_20260421_220319_ariane133_nangate45_trial_7c615c2b_ee8b0465a9a2/metrics.json	25	64	1	0.31058725179421	1.9648348985858857	0.5699454691956887	80.04800174568172	411	3652	1.3665566438512344	1.75 1.35 1.15 1.05
7c6d75d7	ok	5792423.3	5792423.3	5784913.3	0.12982044173419158	144.915	0.9581030333483193	-0.1298204417341916	-0.1298204417341916	0.0	0	<ORIGINAL_WORKSPACE>/OpenROAD-flow-scripts/flow/reports/nangate45/ariane133/place_batch_20260421_220319/dpl_evolve_baseline/openroad_dpl_hpwl_only_9case_bo_place_batch_20260421_220319_ariane133_nangate45_trial_7c6d75d7_b82b3bf1a8d5/metrics.json	14	1024	0	0.9183587577794602	1.9415025359841216	1.0937317732557952	35.39037585715888	269	1516	1.3643348530742974	1.04
7c8f5247	ok	5864955.7	5864955.7	5784913.3	1.383640442804914	126.21	0.8344352471372278	-1.3836404428049143	-1.3836404428049143	0.0	0	<ORIGINAL_WORKSPACE>/OpenROAD-flow-scripts/flow/reports/nangate45/ariane133/place_batch_20260421_220319/dpl_evolve_baseline/openroad_dpl_hpwl_only_9case_bo_place_batch_20260421_220319_ariane133_nangate45_trial_7c8f5247_ad24c46951ab/metrics.json	66	256	0	0.9856459180691032	1.835668384129411	1.9628054835419513	92.5800317972113	929	1701	1.5126260360753812	1.04
7eeb7f49	ok	5784399.4	5784399.4	5784913.3	-0.008883452064863984	146.398	0.9679078623753734	0.008883452064863984	0.008883452064863984	0.0	0	<ORIGINAL_WORKSPACE>/OpenROAD-flow-scripts/flow/reports/nangate45/ariane133/place_batch_20260421_220319/dpl_evolve_baseline/openroad_dpl_hpwl_only_9case_bo_place_batch_20260421_220319_ariane133_nangate45_trial_7eeb7f49_652fad7d2391/metrics.json	54	1024	1	0.910807336809501	0.48032286957299086	1.2001588520844961	141.31957830505328	655	964	1.0594668215600391	omit
7f148e14	ok	5792423.3	5792423.3	5784913.3	0.12982044173419158	151.755	1.0033255758601538	-0.1298204417341916	-0.1298204417341916	0.0	0	<ORIGINAL_WORKSPACE>/OpenROAD-flow-scripts/flow/reports/nangate45/ariane133/place_batch_20260421_220319/dpl_evolve_baseline/openroad_dpl_hpwl_only_9case_bo_place_batch_20260421_220319_ariane133_nangate45_trial_7f148e14_9c3d3acc275e/metrics.json	14	omit	0	0.9828663509499753	0.9193631243091478	1.8497926308566697	140.46098677322087	790	3757	1.0003304715526298	2.50 1.75 1.25 1.08
7f3f1f42	ok	5787419.1	5787419.1	5784913.3	0.043316120226033705	148.784	0.9836828603919285	-0.043316120226033705	-0.043316120226033705	0.0	0	<ORIGINAL_WORKSPACE>/OpenROAD-flow-scripts/flow/reports/nangate45/ariane133/place_batch_20260421_220319/dpl_evolve_baseline/openroad_dpl_hpwl_only_9case_bo_place_batch_20260421_220319_ariane133_nangate45_trial_7f3f1f42_b4c5ac439b4b/metrics.json	66	omit	1	0.9941487532114153	0.5076553374049181	1.7613644184074824	128.24704791817126	946	3345	1.226375161294356	1.75 1.35 1.15 1.05
80402fdb	ok	5799156.2	5799156.2	5784913.3	0.24620766572249878	148.836	0.9840266574987439	-0.24620766572249878	-0.24620766572249878	0.0	0	<ORIGINAL_WORKSPACE>/OpenROAD-flow-scripts/flow/reports/nangate45/ariane133/place_batch_20260421_220319/dpl_evolve_baseline/openroad_dpl_hpwl_only_9case_bo_place_batch_20260421_220319_ariane133_nangate45_trial_80402fdb_50ba64672bf5/metrics.json	2	1024	1	0.477783711661345	1.1300985847502631	1.269814765174987	109.01353058849307	233	160	1.297086163997291	2.50 1.75 1.25 1.08
80659b47	ok	5796112.5	5796112.5	5784913.3	0.1935932211810363	143.306	0.9474651574855208	-0.1935932211810363	-0.1935932211810363	0.0	0	<ORIGINAL_WORKSPACE>/OpenROAD-flow-scripts/flow/reports/nangate45/ariane133/place_batch_20260421_220319/dpl_evolve_baseline/openroad_dpl_hpwl_only_9case_bo_place_batch_20260421_220319_ariane133_nangate45_trial_80659b47_b0b0c335239d/metrics.json	4	1024	1	0.6810948857816399	1.787708545032	0.670185442504329	109.88243661092173	662	1153	1.100772677066692	1.75 1.35 1.15 1.05
80b834f2	ok	5788499.2	5788499.2	5784913.3	0.061987100135111314	143.037	0.9456866686060349	-0.06198710013511132	-0.06198710013511132	0.0	0	<ORIGINAL_WORKSPACE>/OpenROAD-flow-scripts/flow/reports/nangate45/ariane133/place_batch_20260421_220319/dpl_evolve_baseline/openroad_dpl_hpwl_only_9case_bo_place_batch_20260421_220319_ariane133_nangate45_trial_80b834f2_b7e8333fc671/metrics.json	18	1024	1	0.8249111335723633	1.9912513850789517	0.49941091159562256	119.64196978578207	164	419	1.3726198171059631	1.75 1.35 1.15 1.05
8362b7bb	ok	6196154.2	6196154.2	5784913.3	7.10885157086106	105.379	0.696711448443657	-7.10885157086106	-7.10885157086106	0.0	0	<ORIGINAL_WORKSPACE>/OpenROAD-flow-scripts/flow/reports/nangate45/ariane133/place_batch_20260421_220319/dpl_evolve_baseline/openroad_dpl_hpwl_only_9case_bo_place_batch_20260421_220319_ariane133_nangate45_trial_8362b7bb_fdf7e1744200/metrics.json	49	256 32	1	0.7762587707525784	1.0673786414129367	1.9618484779680077	88.57134361935509	1122	3174	1.2001904502436314	1.10 1.04
83bcad70	ok	5784399.4	5784399.4	5784913.3	-0.008883452064863984	150.1	0.9923835717874804	0.008883452064863984	0.008883452064863984	0.0	0	<ORIGINAL_WORKSPACE>/OpenROAD-flow-scripts/flow/reports/nangate45/ariane133/place_batch_20260421_220319/dpl_evolve_baseline/openroad_dpl_hpwl_only_9case_bo_place_batch_20260421_220319_ariane133_nangate45_trial_83bcad70_61a66d8f8ee1/metrics.json	54	omit	0	0.8572157886676779	1.688370119773703	0.8650959717778797	107.32137236545812	1193	2712	1.2165560647232259	1.04
8447d6b9	ok	5788417.3	5788417.3	5784913.3	0.06057134858010751	161.202	1.0657842540925078	-0.0605713485801075	-0.0605713485801075	0.0	0	<ORIGINAL_WORKSPACE>/OpenROAD-flow-scripts/flow/reports/nangate45/ariane133/place_batch_20260421_220319/dpl_evolve_baseline/openroad_dpl_hpwl_only_9case_bo_place_batch_20260421_220319_ariane133_nangate45_trial_8447d6b9_571a1325746a/metrics.json	13	1024	0	0.7682304352494554	0.6654145075793261	0.647452678331264	21.431035353704043	138	1464	1.0306362167704917	1.04
8488c627	ok	5866430.6	5866430.6	5784913.3	1.4091360712354983	131.316	0.868193478433343	-1.4091360712354983	-1.4091360712354983	0.0	0	<ORIGINAL_WORKSPACE>/OpenROAD-flow-scripts/flow/reports/nangate45/ariane133/place_batch_20260421_220319/dpl_evolve_baseline/openroad_dpl_hpwl_only_9case_bo_place_batch_20260421_220319_ariane133_nangate45_trial_8488c627_3b9fc630b83c/metrics.json	7	256	0	0.29197846139422134	0.620988465881835	0.6639811904632313	95.46923285312181	383	355	1.1271702224268343	omit
85a088c7	ok	5796300.6	5796300.6	5784913.3	0.19684478244470519	149.409	0.9878150371565334	-0.19684478244470516	-0.19684478244470516	0.0	0	<ORIGINAL_WORKSPACE>/OpenROAD-flow-scripts/flow/reports/nangate45/ariane133/place_batch_20260421_220319/dpl_evolve_baseline/openroad_dpl_hpwl_only_9case_bo_place_batch_20260421_220319_ariane133_nangate45_trial_85a088c7_08ef8cec32a6/metrics.json	1	512	0	0.5	0.6	0.8	45.0	200	1000	1.15	1.50 1.25 1.10 1.04
87169ba9	ok	5790764.6	5790764.6	5784913.3	0.10114758331814261	157.618	1.042088699653558	-0.10114758331814262	-0.10114758331814262	0.0	0	<ORIGINAL_WORKSPACE>/OpenROAD-flow-scripts/flow/reports/nangate45/ariane133/place_batch_20260421_220319/dpl_evolve_baseline/openroad_dpl_hpwl_only_9case_bo_place_batch_20260421_220319_ariane133_nangate45_trial_87169ba9_e9d368455b14/metrics.json	38	1024	0	0.8497697456108371	0.6480479298857198	1.7841203432897652	140.71103282581325	1100	418	1.3585550453078055	1.04
87778d67	ok	5870399.1	5870399.1	5784913.3	1.4777369264981002	125.022	0.8265808055430672	-1.4777369264981002	-1.4777369264981002	0.0	0	<ORIGINAL_WORKSPACE>/OpenROAD-flow-scripts/flow/reports/nangate45/ariane133/place_batch_20260421_220319/dpl_evolve_baseline/openroad_dpl_hpwl_only_9case_bo_place_batch_20260421_220319_ariane133_nangate45_trial_87778d67_1c9d2574548a/metrics.json	41	256	0	0.8899555696596668	0.9356196752288822	1.4870508438924015	142.95263211239808	1008	2497	1.398677972178317	1.04
8872aac5	ok	6314570.2	6314570.2	5784913.3	9.155831255068254	84.303	0.5573678364583609	-9.155831255068255	-9.155831255068255	0.0	0	<ORIGINAL_WORKSPACE>/OpenROAD-flow-scripts/flow/reports/nangate45/ariane133/place_batch_20260421_220319/dpl_evolve_baseline/openroad_dpl_hpwl_only_9case_bo_place_batch_20260421_220319_ariane133_nangate45_trial_8872aac5_397439aaf0ca/metrics.json	31	32	0	0.689192981145496	0.8879590337647063	0.8878169286920046	37.06282886502753	125	1205	1.0398385449909233	1.50 1.25 1.10 1.04
8891e34c	ok	5794047.6	5794047.6	5784913.3	0.1578986499244477	160.363	1.0602372200037025	-0.1578986499244477	-0.1578986499244477	0.0	0	<ORIGINAL_WORKSPACE>/OpenROAD-flow-scripts/flow/reports/nangate45/ariane133/place_batch_20260421_220319/dpl_evolve_baseline/openroad_dpl_hpwl_only_9case_bo_place_batch_20260421_220319_ariane133_nangate45_trial_8891e34c_c439c6ee2d5f/metrics.json	60	1024	0	0.3582631513292228	0.09959593641637038	0.7434105951551709	64.81887559321606	178	395	1.0162324939464444	omit
89af16a0	ok	5790764.6	5790764.6	5784913.3	0.10114758331814261	145.119	0.9594517758442863	-0.10114758331814262	-0.10114758331814262	0.0	0	<ORIGINAL_WORKSPACE>/OpenROAD-flow-scripts/flow/reports/nangate45/ariane133/place_batch_20260421_220319/dpl_evolve_baseline/openroad_dpl_hpwl_only_9case_bo_place_batch_20260421_220319_ariane133_nangate45_trial_89af16a0_ef9831b7aac4/metrics.json	38	1024	0	0.8427153729342997	0.6200583867201317	1.9885867195136513	1.5612432553831468	643	2158	1.8292327678043745	1.50 1.25 1.10 1.04
8a1215b8	ok	5796112.5	5796112.5	5784913.3	0.1935932211810363	154.105	1.0188625604950676	-0.1935932211810363	-0.1935932211810363	0.0	0	<ORIGINAL_WORKSPACE>/OpenROAD-flow-scripts/flow/reports/nangate45/ariane133/place_batch_20260421_220319/dpl_evolve_baseline/openroad_dpl_hpwl_only_9case_bo_place_batch_20260421_220319_ariane133_nangate45_trial_8a1215b8_9ec3886a011c/metrics.json	4	1024	0	0.8728210256542944	1.0496744856896059	0.9056779887274902	52.206324113947545	344	126	1.5175139314247281	1.10 1.04
8a5d9fc9	ok	6191688.8	6191688.8	5784913.3	7.031661131377717	98.949	0.6541996138894031	-7.031661131377716	-7.031661131377716	0.0	0	<ORIGINAL_WORKSPACE>/OpenROAD-flow-scripts/flow/reports/nangate45/ariane133/place_batch_20260421_220319/dpl_evolve_baseline/openroad_dpl_hpwl_only_9case_bo_place_batch_20260421_220319_ariane133_nangate45_trial_8a5d9fc9_5d92b2e14d1c/metrics.json	78	256 32	0	0.928720471247845	1.589734703434416	0.7261291596164523	100.17632708243542	1097	2451	1.242571425841695	2.50 1.75 1.25 1.08
8b4793f4	ok	5791942.1	5791942.1	5784913.3	0.12150225311068731	151.275	1.0001520641049375	-0.12150225311068731	-0.12150225311068731	0.0	0	<ORIGINAL_WORKSPACE>/OpenROAD-flow-scripts/flow/reports/nangate45/ariane133/place_batch_20260421_220319/dpl_evolve_baseline/openroad_dpl_hpwl_only_9case_bo_place_batch_20260421_220319_ariane133_nangate45_trial_8b4793f4_094ccfa0ba2d/metrics.json	78	omit	1	0.2564308026040797	0.5845920261123954	1.3007109617007107	78.42375417367975	104	1340	1.3645454281391651	omit
8d8e68b1	ok	5796070.2	5796070.2	5784913.3	0.19286200883944749	147.262	0.9736201835347631	-0.19286200883944749	-0.19286200883944749	0.0	0	<ORIGINAL_WORKSPACE>/OpenROAD-flow-scripts/flow/reports/nangate45/ariane133/place_batch_20260421_220319/dpl_evolve_baseline/openroad_dpl_hpwl_only_9case_bo_place_batch_20260421_220319_ariane133_nangate45_trial_8d8e68b1_322b8c419331/metrics.json	39	512	0	0.36654309724374434	1.7246925056760882	1.400721549139341	103.64132130992529	267	1823	1.5815774073442912	omit
8fdcfdcb	ok	5786530.6	5786530.6	5784913.3	0.027957203783846057	152.041	1.005216459947637	-0.027957203783846057	-0.027957203783846057	0.0	0	<ORIGINAL_WORKSPACE>/OpenROAD-flow-scripts/flow/reports/nangate45/ariane133/place_batch_20260421_220319/dpl_evolve_baseline/openroad_dpl_hpwl_only_9case_bo_place_batch_20260421_220319_ariane133_nangate45_trial_8fdcfdcb_cb85c1893a37/metrics.json	34	omit	1	0.8117392206942596	1.5958802593119281	1.8694237232521902	84.14021056676555	973	1086	1.494186473168088	1.04
902657d7	ok	5790482.6	5790482.6	5784913.3	0.09627283437419562	153.142	1.0124957025361647	-0.09627283437419562	-0.09627283437419562	0.0	0	<ORIGINAL_WORKSPACE>/OpenROAD-flow-scripts/flow/reports/nangate45/ariane133/place_batch_20260421_220319/dpl_evolve_baseline/openroad_dpl_hpwl_only_9case_bo_place_batch_20260421_220319_ariane133_nangate45_trial_902657d7_afc828c8308f/metrics.json	10	omit	0	0.6300952865540002	0.2237720498107047	0.3986610239372552	93.56475394152193	403	1789	1.2447004144796572	omit
907b1aa3	ok	5802982.6	5802982.6	5784913.3	0.3123521315349672	136.65	0.9034591278131859	-0.31235213153496727	-0.31235213153496727	0.0	0	<ORIGINAL_WORKSPACE>/OpenROAD-flow-scripts/flow/reports/nangate45/ariane133/place_batch_20260421_220319/dpl_evolve_baseline/openroad_dpl_hpwl_only_9case_bo_place_batch_20260421_220319_ariane133_nangate45_trial_907b1aa3_69c58dd99db0/metrics.json	32	1024	1	0.5950050203738455	0.5269736626787401	0.4051686157782957	46.442193379013915	131	1828	1.2032716840225348	omit
909ffc9d	ok	5905353.1	5905353.1	5784913.3	2.081963786734709	117.031	0.7737484463015365	-2.081963786734709	-2.081963786734709	0.0	0	<ORIGINAL_WORKSPACE>/OpenROAD-flow-scripts/flow/reports/nangate45/ariane133/place_batch_20260421_220319/dpl_evolve_baseline/openroad_dpl_hpwl_only_9case_bo_place_batch_20260421_220319_ariane133_nangate45_trial_909ffc9d_92ca7b64e6d4/metrics.json	82	1024 128	0	0.8551350275528714	1.0777820458276226	1.8590697441365356	80.01362462515316	1166	3615	1.33095226508483	1.50 1.25 1.10 1.04
91a35670	ok	5786711.4	5786711.4	5784913.3	0.03108257473799234	136.673	0.9036111919181233	-0.031082574737992336	-0.031082574737992336	0.0	0	<ORIGINAL_WORKSPACE>/OpenROAD-flow-scripts/flow/reports/nangate45/ariane133/place_batch_20260421_220319/dpl_evolve_baseline/openroad_dpl_hpwl_only_9case_bo_place_batch_20260421_220319_ariane133_nangate45_trial_91a35670_57047ead1e0d/metrics.json	5	1024	0	0.5517279909240134	0.08433780744989355	0.5291510960105021	59.05547176937249	320	494	1.0472807417566226	1.25 1.10 1.04
91b41688	ok	5791942.1	5791942.1	5784913.3	0.12150225311068731	141.946	0.9384735408457409	-0.12150225311068731	-0.12150225311068731	0.0	0	<ORIGINAL_WORKSPACE>/OpenROAD-flow-scripts/flow/reports/nangate45/ariane133/place_batch_20260421_220319/dpl_evolve_baseline/openroad_dpl_hpwl_only_9case_bo_place_batch_20260421_220319_ariane133_nangate45_trial_91b41688_eade808cf163/metrics.json	78	omit	0	0.9626287261496722	0.8214226594548748	1.7888640648624294	134.67501627373602	1085	1375	1.8088568515486492	1.04
91c3f324	ok	5792081.3	5792081.3	5784913.3	0.12390851216387289	149.561	0.9888199825456854	-0.12390851216387289	-0.12390851216387289	0.0	0	<ORIGINAL_WORKSPACE>/OpenROAD-flow-scripts/flow/reports/nangate45/ariane133/place_batch_20260421_220319/dpl_evolve_baseline/openroad_dpl_hpwl_only_9case_bo_place_batch_20260421_220319_ariane133_nangate45_trial_91c3f324_2a1ebe345b80/metrics.json	6	omit	1	0.7819291802870261	0.9294329689507214	1.2029256635761836	148.57687229847755	1198	2055	1.1362061883201604	1.25 1.10 1.04
92184660	ok	5784913.3	5784913.3	5784913.3	0.0	158.551	1.04825721312776	0.0	0.0	0.0	0	<ORIGINAL_WORKSPACE>/OpenROAD-flow-scripts/flow/reports/nangate45/ariane133/place_batch_20260421_220319/dpl_evolve_baseline/openroad_dpl_hpwl_only_9case_bo_place_batch_20260421_220319_ariane133_nangate45_trial_92184660_6d35be55b58b/metrics.json	1	omit	0	0.4	0.4	0.6	35.0	150	1000	1.1	1.50 1.25 1.10 1.04
93c1bbe2	ok	5907631.6	5907631.6	5784913.3	2.1213507210211744	117.997	0.7801351387089096	-2.1213507210211744	-2.1213507210211744	0.0	0	<ORIGINAL_WORKSPACE>/OpenROAD-flow-scripts/flow/reports/nangate45/ariane133/place_batch_20260421_220319/dpl_evolve_baseline/openroad_dpl_hpwl_only_9case_bo_place_batch_20260421_220319_ariane133_nangate45_trial_93c1bbe2_f7217b560e86/metrics.json	50	1024 128	0	0.7635376521165734	1.2188383197077277	1.4694940912663714	81.56436055277459	1145	2572	1.1772544617100176	1.25 1.10 1.04
94414136	ok	5798474.1	5798474.1	5784913.3	0.23441665063502012	141.231	0.9337463306270329	-0.23441665063502012	-0.23441665063502012	0.0	0	<ORIGINAL_WORKSPACE>/OpenROAD-flow-scripts/flow/reports/nangate45/ariane133/place_batch_20260421_220319/dpl_evolve_baseline/openroad_dpl_hpwl_only_9case_bo_place_batch_20260421_220319_ariane133_nangate45_trial_94414136_e6e18d9875f8/metrics.json	19	1024	0	0.7739238399933652	1.5780434645937356	0.20106469209483396	74.34551503089436	440	1505	1.2343242598696713	1.75 1.35 1.15 1.05
94888f6d	ok	5788366.8	5788366.8	5784913.3	0.05969838821957799	141.34	0.9344669822547801	-0.059698388219577986	-0.059698388219577986	0.0	0	<ORIGINAL_WORKSPACE>/OpenROAD-flow-scripts/flow/reports/nangate45/ariane133/place_batch_20260421_220319/dpl_evolve_baseline/openroad_dpl_hpwl_only_9case_bo_place_batch_20260421_220319_ariane133_nangate45_trial_94888f6d_5e233e1bd4f7/metrics.json	81	omit	0	0.6865670150283448	0.7080387444212204	1.8295781798035058	149.546993201413	1189	1855	1.1854384031133884	1.04
94b527fe	ok	6197041.5	6197041.5	5784913.3	7.124189743690717	92.902	0.614219977256499	-7.1241897436907164	-7.1241897436907164	0.0	0	<ORIGINAL_WORKSPACE>/OpenROAD-flow-scripts/flow/reports/nangate45/ariane133/place_batch_20260421_220319/dpl_evolve_baseline/openroad_dpl_hpwl_only_9case_bo_place_batch_20260421_220319_ariane133_nangate45_trial_94b527fe_364b7f1a867a/metrics.json	28	256 32	0	0.983572020381099	0.3436509659518564	1.2197731088587822	148.319815075827	946	1422	1.2024796054930749	1.04
94e09f69	ok	5799156.2	5799156.2	5784913.3	0.24620766572249878	139.299	0.9209729458122867	-0.24620766572249878	-0.24620766572249878	0.0	0	<ORIGINAL_WORKSPACE>/OpenROAD-flow-scripts/flow/reports/nangate45/ariane133/place_batch_20260421_220319/dpl_evolve_baseline/openroad_dpl_hpwl_only_9case_bo_place_batch_20260421_220319_ariane133_nangate45_trial_94e09f69_ff93000373de/metrics.json	2	1024	1	0.6001207955022587	0.9093383225623094	0.9483468571131485	40.171399095205345	208	187	1.2156989877469397	1.75 1.35 1.15 1.05
95104f21	ok	5784399.4	5784399.4	5784913.3	-0.008883452064863984	143.316	0.9475312723137544	0.008883452064863984	0.008883452064863984	0.0	0	<ORIGINAL_WORKSPACE>/OpenROAD-flow-scripts/flow/reports/nangate45/ariane133/place_batch_20260421_220319/dpl_evolve_baseline/openroad_dpl_hpwl_only_9case_bo_place_batch_20260421_220319_ariane133_nangate45_trial_95104f21_1fe3f532d539/metrics.json	54	1024	0	0.8054122021123713	1.286065324099231	1.7497144444483066	76.74603056844491	1049	3023	1.4862640876428925	1.04
955796c5	ok	5786530.6	5786530.6	5784913.3	0.027957203783846057	146.231	0.9668037447438711	-0.027957203783846057	-0.027957203783846057	0.0	0	<ORIGINAL_WORKSPACE>/OpenROAD-flow-scripts/flow/reports/nangate45/ariane133/place_batch_20260421_220319/dpl_evolve_baseline/openroad_dpl_hpwl_only_9case_bo_place_batch_20260421_220319_ariane133_nangate45_trial_955796c5_2ea42088cfca/metrics.json	34	omit	1	0.9799151569606916	1.0895311827929801	1.8692138958442002	123.87179065493523	697	2229	1.697762734719936	2.50 1.75 1.25 1.08
956eda6e	ok	5791867.1	5791867.1	5784913.3	0.12020577732772268	153.259	1.0132692460264987	-0.12020577732772268	-0.12020577732772268	0.0	0	<ORIGINAL_WORKSPACE>/OpenROAD-flow-scripts/flow/reports/nangate45/ariane133/place_batch_20260421_220319/dpl_evolve_baseline/openroad_dpl_hpwl_only_9case_bo_place_batch_20260421_220319_ariane133_nangate45_trial_956eda6e_d4825e7d9453/metrics.json	67	512	1	0.7416128444867917	0.6664217284281199	1.8880941243505407	143.86299497673838	941	3224	1.1285133874343491	2.50 1.75 1.25 1.08
962987a4	ok	5911443.1	5911443.1	5784913.3	2.187237620311437	123.937	0.8194073466797133	-2.187237620311437	-2.187237620311437	0.0	0	<ORIGINAL_WORKSPACE>/OpenROAD-flow-scripts/flow/reports/nangate45/ariane133/place_batch_20260421_220319/dpl_evolve_baseline/openroad_dpl_hpwl_only_9case_bo_place_batch_20260421_220319_ariane133_nangate45_trial_962987a4_b09aba91f4ce/metrics.json	1	1024 128	0	0.8125278154615037	1.5702849267980945	0.6598071797171267	108.00315635025524	398	1777	1.3715125272830486	2.00 1.50 1.20 1.05
96832725	ok	5781430.9	5781430.9	5784913.3	-0.06019796355460403	142.052	0.9391743580250177	0.06019796355460403	0.06019796355460403	0.0	0	<ORIGINAL_WORKSPACE>/OpenROAD-flow-scripts/flow/reports/nangate45/ariane133/place_batch_20260421_220319/dpl_evolve_baseline/openroad_dpl_hpwl_only_9case_bo_place_batch_20260421_220319_ariane133_nangate45_trial_96832725_c5b5590aa552/metrics.json	33	1024	0	0.9042916942753843	0.37304164926303374	1.4084205366966212	139.33163833011264	1056	1233	1.4356900753176958	1.04
969cbc16	ok	5864142.6	5864142.6	5784913.3	1.3695849166831908	120.312	0.7954407214450057	-1.3695849166831906	-1.3695849166831906	0.0	0	<ORIGINAL_WORKSPACE>/OpenROAD-flow-scripts/flow/reports/nangate45/ariane133/place_batch_20260421_220319/dpl_evolve_baseline/openroad_dpl_hpwl_only_9case_bo_place_batch_20260421_220319_ariane133_nangate45_trial_969cbc16_64d14fec0c80/metrics.json	40	256	1	0.28795438176833166	0.4959766997881379	0.4345769421327094	91.61989137955473	82	1494	1.105138399356122	2.00 1.50 1.20 1.05
96c1603a	ok	5795694.7	5795694.7	5784913.3	0.1863709867527379	151.811	1.0036958188982625	-0.1863709867527379	-0.1863709867527379	0.0	0	<ORIGINAL_WORKSPACE>/OpenROAD-flow-scripts/flow/reports/nangate45/ariane133/place_batch_20260421_220319/dpl_evolve_baseline/openroad_dpl_hpwl_only_9case_bo_place_batch_20260421_220319_ariane133_nangate45_trial_96c1603a_a0cf4824cac2/metrics.json	71	omit	0	0.7845125412504784	0.9255800766689601	1.1922157153257946	18.298725929453635	116	3589	1.9049165254638536	1.04
96d4eb04	ok	5787282.1	5787282.1	5784913.3	0.04094789112915165	140.948	0.93187528098802	-0.04094789112915165	-0.04094789112915165	0.0	0	<ORIGINAL_WORKSPACE>/OpenROAD-flow-scripts/flow/reports/nangate45/ariane133/place_batch_20260421_220319/dpl_evolve_baseline/openroad_dpl_hpwl_only_9case_bo_place_batch_20260421_220319_ariane133_nangate45_trial_96d4eb04_108df6ab4b23/metrics.json	16	1024	0	0.7920364770287989	1.6846147515436718	0.8034622030477796	105.94554854147228	783	837	1.1599470974319097	2.50 1.75 1.25 1.08
97006294	ok	6193485.9	6193485.9	5784913.3	7.062726419771936	99.818	0.6599449924629095	-7.062726419771937	-7.062726419771937	0.0	0	<ORIGINAL_WORKSPACE>/OpenROAD-flow-scripts/flow/reports/nangate45/ariane133/place_batch_20260421_220319/dpl_evolve_baseline/openroad_dpl_hpwl_only_9case_bo_place_batch_20260421_220319_ariane133_nangate45_trial_97006294_266c381747e9/metrics.json	10	256 32	1	0.8284278107881864	1.4181292185307033	0.5732635005636537	79.02688917385603	594	1451	1.2859457905296878	omit
97417219	ok	6326763.2	6326763.2	5784913.3	9.366603644690757	92.057	0.6086332742707534	-9.366603644690757	-9.366603644690757	0.0	0	<ORIGINAL_WORKSPACE>/OpenROAD-flow-scripts/flow/reports/nangate45/ariane133/place_batch_20260421_220319/dpl_evolve_baseline/openroad_dpl_hpwl_only_9case_bo_place_batch_20260421_220319_ariane133_nangate45_trial_97417219_6f7e60e6a4ac/metrics.json	41	128 16	1	0.8027458769006282	0.8599478959899963	1.4792646442252448	128.46735024564316	1125	2984	1.3815753332030718	1.50 1.25 1.10 1.04
975fb910	ok	5864169.5	5864169.5	5784913.3	1.370049919330687	129.685	0.8574101499484303	-1.3700499193306872	-1.3700499193306872	0.0	0	<ORIGINAL_WORKSPACE>/OpenROAD-flow-scripts/flow/reports/nangate45/ariane133/place_batch_20260421_220319/dpl_evolve_baseline/openroad_dpl_hpwl_only_9case_bo_place_batch_20260421_220319_ariane133_nangate45_trial_975fb910_bd4214907677/metrics.json	43	256	1	0.49898662810235755	0.13232946789828268	1.0495118875296887	76.55006155702007	323	1174	1.1418476020393433	omit
9975e93f	ok	5788499.2	5788499.2	5784913.3	0.061987100135111314	141.663	0.9366024912067279	-0.06198710013511132	-0.06198710013511132	0.0	0	<ORIGINAL_WORKSPACE>/OpenROAD-flow-scripts/flow/reports/nangate45/ariane133/place_batch_20260421_220319/dpl_evolve_baseline/openroad_dpl_hpwl_only_9case_bo_place_batch_20260421_220319_ariane133_nangate45_trial_9975e93f_4b9f74b730ce/metrics.json	18	1024	0	0.9594756341954045	0.7109238045419972	0.5039741033142164	7.461471997361464	510	355	1.7179945073835514	1.04
9a0ea17a	ok	5790441.3	5790441.3	5784913.3	0.09555890837637965	150.32	0.9938380980086212	-0.09555890837637965	-0.09555890837637965	0.0	0	<ORIGINAL_WORKSPACE>/OpenROAD-flow-scripts/flow/reports/nangate45/ariane133/place_batch_20260421_220319/dpl_evolve_baseline/openroad_dpl_hpwl_only_9case_bo_place_batch_20260421_220319_ariane133_nangate45_trial_9a0ea17a_3959cc8edc05/metrics.json	20	1024	1	0.45273570451997597	1.7916950124322781	0.22684840300044626	81.79783699079985	486	672	1.5016975522358367	1.75 1.35 1.15 1.05
9a150697	ok	5793481.4	5793481.4	5784913.3	0.14811112208026625	145.347	0.9609591939280142	-0.14811112208026625	-0.14811112208026625	0.0	0	<ORIGINAL_WORKSPACE>/OpenROAD-flow-scripts/flow/reports/nangate45/ariane133/place_batch_20260421_220319/dpl_evolve_baseline/openroad_dpl_hpwl_only_9case_bo_place_batch_20260421_220319_ariane133_nangate45_trial_9a150697_8a23a863c007/metrics.json	3	1024	1	0.47515200950369546	0.8006747422802533	0.8207534401619495	60.719335340007476	69	1310	1.1155063427678686	1.04
9a317ad6	ok	5792028.1	5792028.1	5784913.3	0.12298887867515342	140.964	0.9319810647131938	-0.12298887867515342	-0.12298887867515342	0.0	0	<ORIGINAL_WORKSPACE>/OpenROAD-flow-scripts/flow/reports/nangate45/ariane133/place_batch_20260421_220319/dpl_evolve_baseline/openroad_dpl_hpwl_only_9case_bo_place_batch_20260421_220319_ariane133_nangate45_trial_9a317ad6_ec4629d7eea1/metrics.json	39	omit	0	0.7584999970534541	1.5326747240485827	1.7140774161122616	112.55800082277126	1007	2008	1.7373734373138008	1.10 1.04
9a350a08	ok	6426211.2	6426211.2	5784913.3	11.085695960214311	55.5	0.36693729669690317	-11.085695960214311	-11.085695960214311	0.0	0	<ORIGINAL_WORKSPACE>/OpenROAD-flow-scripts/flow/reports/nangate45/ariane133/place_batch_20260421_220319/dpl_evolve_baseline/openroad_dpl_hpwl_only_9case_bo_place_batch_20260421_220319_ariane133_nangate45_trial_9a350a08_18fc4d71eb35/metrics.json	38	64 8	1	0.6500050145668319	0.779849785623992	0.3568493569349589	30.186645092434574	221	1156	1.092591930480621	1.75 1.35 1.15 1.05
9ab349b3	ok	6054185.6	6054185.6	5784913.3	4.654733546309153	98.418	0.6506889165101949	-4.654733546309153	-4.654733546309153	0.0	0	<ORIGINAL_WORKSPACE>/OpenROAD-flow-scripts/flow/reports/nangate45/ariane133/place_batch_20260421_220319/dpl_evolve_baseline/openroad_dpl_hpwl_only_9case_bo_place_batch_20260421_220319_ariane133_nangate45_trial_9ab349b3_7a3c988b787a/metrics.json	39	512 64	1	0.8657523825408778	1.072614973448729	1.6104250974883918	109.99832672895093	672	2078	1.7886530806556558	1.10 1.04
9aea1272	ok	5784913.3	5784913.3	5784913.3	0.0	162.765	1.0761180017454313	0.0	0.0	0.0	0	<ORIGINAL_WORKSPACE>/OpenROAD-flow-scripts/flow/reports/nangate45/ariane133/place_batch_20260421_220319/dpl_evolve_baseline/openroad_dpl_hpwl_only_9case_bo_place_batch_20260421_220319_ariane133_nangate45_trial_9aea1272_7d93d21ceec3/metrics.json	1	1024	1	0.7338434513665749	1.595463328225527	0.4745655295567634	72.52712643290637	663	768	1.3590371564456754	1.75 1.35 1.15 1.05
9b436ee9	ok	5792081.3	5792081.3	5784913.3	0.12390851216387289	149.469	0.9882117261259354	-0.12390851216387289	-0.12390851216387289	0.0	0	<ORIGINAL_WORKSPACE>/OpenROAD-flow-scripts/flow/reports/nangate45/ariane133/place_batch_20260421_220319/dpl_evolve_baseline/openroad_dpl_hpwl_only_9case_bo_place_batch_20260421_220319_ariane133_nangate45_trial_9b436ee9_5027e8ca999e/metrics.json	6	omit	0	0.414282003766571	1.0062678189854193	0.5260371218675696	70.55068110959216	267	1620	1.0467811489015302	omit
9b49e0af	ok	5787856.7	5787856.7	5784913.3	0.050880624261047655	144.102	0.9527278978129214	-0.050880624261047655	-0.050880624261047655	0.0	0	<ORIGINAL_WORKSPACE>/OpenROAD-flow-scripts/flow/reports/nangate45/ariane133/place_batch_20260421_220319/dpl_evolve_baseline/openroad_dpl_hpwl_only_9case_bo_place_batch_20260421_220319_ariane133_nangate45_trial_9b49e0af_ca72ecb48455/metrics.json	55	omit	0	0.9990778769878791	1.8881484417255803	1.1187192049627468	92.84433636116692	882	291	1.563049197641907	2.00 1.50 1.20 1.05
9c55517a	ok	6007490.3	6007490.3	5784913.3	3.8475425379322457	129.194	0.8541639118821568	-3.847542537932245	-3.847542537932245	0.0	0	<ORIGINAL_WORKSPACE>/OpenROAD-flow-scripts/flow/reports/nangate45/ariane133/place_batch_20260421_220319/dpl_evolve_baseline/openroad_dpl_hpwl_only_9case_bo_place_batch_20260421_220319_ariane133_nangate45_trial_9c55517a_fb9d8010b9f7/metrics.json	47	128	1	0.5681183386952642	0.6841800485284318	0.7029958462937389	92.72089455509624	76	529	1.3556971834523426	omit
9d37475e	ok	5792365.0	5792365.0	5784913.3	0.12881264789223698	157.038	1.0382540396160052	-0.12881264789223698	-0.12881264789223698	0.0	0	<ORIGINAL_WORKSPACE>/OpenROAD-flow-scripts/flow/reports/nangate45/ariane133/place_batch_20260421_220319/dpl_evolve_baseline/openroad_dpl_hpwl_only_9case_bo_place_batch_20260421_220319_ariane133_nangate45_trial_9d37475e_679da938e8b2/metrics.json	25	1024	0	0.38573712155820516	0.0858753978050637	0.767394634696708	22.15027060865259	222	1477	1.0493601418171046	1.75 1.35 1.15 1.05
9e034d4b	ok	6315028.4	6315028.4	5784913.3	9.163751857784982	81.08	0.536059027318647	-9.163751857784984	-9.163751857784984	0.0	0	<ORIGINAL_WORKSPACE>/OpenROAD-flow-scripts/flow/reports/nangate45/ariane133/place_batch_20260421_220319/dpl_evolve_baseline/openroad_dpl_hpwl_only_9case_bo_place_batch_20260421_220319_ariane133_nangate45_trial_9e034d4b_996805196e93/metrics.json	21	32	0	0.7259234573995971	0.738463847807398	1.8816484331262768	149.18330721873207	534	1934	1.5760479334997326	1.10 1.04
9e98bf8f	ok	5785504.6	5785504.6	5784913.3	0.010221415072889923	141.547	0.9358355591992171	-0.01022141507288992	-0.01022141507288992	0.0	0	<ORIGINAL_WORKSPACE>/OpenROAD-flow-scripts/flow/reports/nangate45/ariane133/place_batch_20260421_220319/dpl_evolve_baseline/openroad_dpl_hpwl_only_9case_bo_place_batch_20260421_220319_ariane133_nangate45_trial_9e98bf8f_6ee785f92908/metrics.json	51	1024	0	0.969354950340569	1.8195180067582561	1.6461089548428482	75.1457441108549	1089	3625	1.452088229157832	1.04
9e9c2d20	ok	5787746.3	5787746.3	5784913.3	0.04897221190851729	153.52	1.0149948430433977	-0.048972211908517284	-0.048972211908517284	0.0	0	<ORIGINAL_WORKSPACE>/OpenROAD-flow-scripts/flow/reports/nangate45/ariane133/place_batch_20260421_220319/dpl_evolve_baseline/openroad_dpl_hpwl_only_9case_bo_place_batch_20260421_220319_ariane133_nangate45_trial_9e9c2d20_3f6a562e5887/metrics.json	49	omit	1	0.7917036059510935	0.5379489765381334	0.7859897198754979	119.2986336663998	69	372	1.1813058593623493	1.04
a17f2a4f	ok	6206496.4	6206496.4	5784913.3	7.287630395428754	99.692	0.6591119456271651	-7.287630395428755	-7.287630395428755	0.0	0	<ORIGINAL_WORKSPACE>/OpenROAD-flow-scripts/flow/reports/nangate45/ariane133/place_batch_20260421_220319/dpl_evolve_baseline/openroad_dpl_hpwl_only_9case_bo_place_batch_20260421_220319_ariane133_nangate45_trial_a17f2a4f_c914ddf20223/metrics.json	30	64	0	0.6270416220291283	1.4575834587317236	0.9918472978723971	120.76804456069124	1111	2572	1.0814910650628384	1.04
a2290f36	ok	6024302.2	6024302.2	5784913.3	4.1381588208072255	122.999	0.8132057757913944	-4.1381588208072255	-4.1381588208072255	0.0	0	<ORIGINAL_WORKSPACE>/OpenROAD-flow-scripts/flow/reports/nangate45/ariane133/place_batch_20260421_220319/dpl_evolve_baseline/openroad_dpl_hpwl_only_9case_bo_place_batch_20260421_220319_ariane133_nangate45_trial_a2290f36_b10b0d5893f1/metrics.json	70	128	1	0.9907989492111198	1.2760975159681016	1.7982110189600182	149.534267852509	515	2935	1.609474072221063	1.10 1.04
a23c4fd5	ok	6424643.6	6424643.6	5784913.3	11.058597887715964	65.888	0.4356173802660461	-11.058597887715964	-11.058597887715964	0.0	0	<ORIGINAL_WORKSPACE>/OpenROAD-flow-scripts/flow/reports/nangate45/ariane133/place_batch_20260421_220319/dpl_evolve_baseline/openroad_dpl_hpwl_only_9case_bo_place_batch_20260421_220319_ariane133_nangate45_trial_a23c4fd5_7ffb03ea40c0/metrics.json	62	64 8	0	0.8490001927001921	0.5662950992002019	1.0312279035319845	46.5211328346617	394	3517	1.9028592273328724	2.50 1.75 1.25 1.08
a35cd384	ok	6208737.5	6208737.5	5784913.3	7.326370820458108	92.925	0.6143720413614365	-7.3263708204581075	-7.3263708204581075	0.0	0	<ORIGINAL_WORKSPACE>/OpenROAD-flow-scripts/flow/reports/nangate45/ariane133/place_batch_20260421_220319/dpl_evolve_baseline/openroad_dpl_hpwl_only_9case_bo_place_batch_20260421_220319_ariane133_nangate45_trial_a35cd384_8a8e9d2dc177/metrics.json	28	64	0	0.7430624519037804	1.2859935636625581	0.9336159372395574	47.724984210797885	456	910	1.2671461551299277	2.00 1.50 1.20 1.05
a45ac7d4	ok	5787856.7	5787856.7	5784913.3	0.050880624261047655	138.453	0.9153796313437177	-0.050880624261047655	-0.050880624261047655	0.0	0	<ORIGINAL_WORKSPACE>/OpenROAD-flow-scripts/flow/reports/nangate45/ariane133/place_batch_20260421_220319/dpl_evolve_baseline/openroad_dpl_hpwl_only_9case_bo_place_batch_20260421_220319_ariane133_nangate45_trial_a45ac7d4_cedf029bc83a/metrics.json	55	omit	1	0.9201364201024567	1.2695850142130998	1.6922967568534617	117.40529614690138	280	1443	1.4563750299893967	1.10 1.04
a53e1105	ok	5908554.7	5908554.7	5784913.3	2.137307744957913	130.872	0.8652579800597678	-2.137307744957913	-2.137307744957913	0.0	0	<ORIGINAL_WORKSPACE>/OpenROAD-flow-scripts/flow/reports/nangate45/ariane133/place_batch_20260421_220319/dpl_evolve_baseline/openroad_dpl_hpwl_only_9case_bo_place_batch_20260421_220319_ariane133_nangate45_trial_a53e1105_26b321ecae6b/metrics.json	23	1024 128	1	0.4526407856305627	0.07662654269533785	0.9136241400121199	105.33777675863865	229	1893	1.2601371382880626	1.50 1.25 1.10 1.04
a5b02194	ok	5792997.2	5792997.2	5784913.3	0.1397410744254434	152.303	1.0069486684473592	-0.1397410744254434	-0.1397410744254434	0.0	0	<ORIGINAL_WORKSPACE>/OpenROAD-flow-scripts/flow/reports/nangate45/ariane133/place_batch_20260421_220319/dpl_evolve_baseline/openroad_dpl_hpwl_only_9case_bo_place_batch_20260421_220319_ariane133_nangate45_trial_a5b02194_b305d1e894c0/metrics.json	27	omit	0	0.9721002831282538	0.9976403049761766	1.4001813058402226	112.44426492207545	490	1037	1.941125476730446	1.10 1.04
a7060449	ok	6428742.7	6428742.7	5784913.3	11.129456339475311	68.429	0.4524171581202232	-11.129456339475311	-11.129456339475311	0.0	0	<ORIGINAL_WORKSPACE>/OpenROAD-flow-scripts/flow/reports/nangate45/ariane133/place_batch_20260421_220319/dpl_evolve_baseline/openroad_dpl_hpwl_only_9case_bo_place_batch_20260421_220319_ariane133_nangate45_trial_a7060449_d4495f6ff467/metrics.json	14	64 8	0	0.16535419711693278	1.8550171607920678	0.7281434265037379	112.62181547042333	885	3545	1.6236722070556089	1.25 1.10 1.04
a9027dfd	ok	6206496.4	6206496.4	5784913.3	7.287630395428754	105.201	0.6955346045010974	-7.287630395428755	-7.287630395428755	0.0	0	<ORIGINAL_WORKSPACE>/OpenROAD-flow-scripts/flow/reports/nangate45/ariane133/place_batch_20260421_220319/dpl_evolve_baseline/openroad_dpl_hpwl_only_9case_bo_place_batch_20260421_220319_ariane133_nangate45_trial_a9027dfd_9f5e85689c42/metrics.json	30	64	1	0.9596838016206466	0.7860011211755076	1.7087169099881525	130.0844473825516	1113	3940	1.04356960803323	2.50 1.75 1.25 1.08
a9421cdf	ok	6426050.6	6426050.6	5784913.3	11.082919773404381	64.561	0.42684394255943725	-11.082919773404381	-11.082919773404381	0.0	0	<ORIGINAL_WORKSPACE>/OpenROAD-flow-scripts/flow/reports/nangate45/ariane133/place_batch_20260421_220319/dpl_evolve_baseline/openroad_dpl_hpwl_only_9case_bo_place_batch_20260421_220319_ariane133_nangate45_trial_a9421cdf_9036830ab689/metrics.json	10	64 8	0	0.018576202177409518	0.14004428743844466	0.9983729663272121	90.94941924799956	704	1338	1.988616154412449	2.00 1.50 1.20 1.05
a9fc5d5a	ok	5802982.6	5802982.6	5784913.3	0.3123521315349672	145.463	0.9617261259355248	-0.31235213153496727	-0.31235213153496727	0.0	0	<ORIGINAL_WORKSPACE>/OpenROAD-flow-scripts/flow/reports/nangate45/ariane133/place_batch_20260421_220319/dpl_evolve_baseline/openroad_dpl_hpwl_only_9case_bo_place_batch_20260421_220319_ariane133_nangate45_trial_a9fc5d5a_9ab49b2826d0/metrics.json	32	omit	0	0.8564224739773295	0.8672457537826842	1.5943304286687143	57.25779074961204	952	3013	1.5107674604343033	1.04
a9feb421	ok	5790035.5	5790035.5	5784913.3	0.08854411007335558	153.194	1.0128394996429797	-0.08854411007335558	-0.08854411007335558	0.0	0	<ORIGINAL_WORKSPACE>/OpenROAD-flow-scripts/flow/reports/nangate45/ariane133/place_batch_20260421_220319/dpl_evolve_baseline/openroad_dpl_hpwl_only_9case_bo_place_batch_20260421_220319_ariane133_nangate45_trial_a9feb421_782ba29aa2a8/metrics.json	36	1024	1	0.8208325166375018	0.7876035340592462	1.981529728853809	137.611368139669	835	2303	1.0678725410292853	1.50 1.25 1.10 1.04
aa6ee3c1	ok	6010632.3	6010632.3	5784913.3	3.901856230066577	124.495	0.8230965540951525	-3.901856230066577	-3.901856230066577	0.0	0	<ORIGINAL_WORKSPACE>/OpenROAD-flow-scripts/flow/reports/nangate45/ariane133/place_batch_20260421_220319/dpl_evolve_baseline/openroad_dpl_hpwl_only_9case_bo_place_batch_20260421_220319_ariane133_nangate45_trial_aa6ee3c1_f959d288ae87/metrics.json	102	128	0	0.631943802881257	1.154627638299934	1.576715837961586	43.99741635942928	1020	1664	1.2110871718317768	1.50 1.25 1.10 1.04
aabc7ed5	ok	6315312.5	6315312.5	5784913.3	9.168662908050846	78.313	0.5177650543463888	-9.168662908050846	-9.168662908050846	0.0	0	<ORIGINAL_WORKSPACE>/OpenROAD-flow-scripts/flow/reports/nangate45/ariane133/place_batch_20260421_220319/dpl_evolve_baseline/openroad_dpl_hpwl_only_9case_bo_place_batch_20260421_220319_ariane133_nangate45_trial_aabc7ed5_ed8a5ddbb928/metrics.json	38	32	0	0.8117570677547796	0.4641987706078814	1.1613535294087487	134.1005146341183	959	277	1.3813610423657088	2.00 1.50 1.20 1.05
acc0a601	ok	5799156.2	5799156.2	5784913.3	0.24620766572249878	142.396	0.9414487081162561	-0.24620766572249878	-0.24620766572249878	0.0	0	<ORIGINAL_WORKSPACE>/OpenROAD-flow-scripts/flow/reports/nangate45/ariane133/place_batch_20260421_220319/dpl_evolve_baseline/openroad_dpl_hpwl_only_9case_bo_place_batch_20260421_220319_ariane133_nangate45_trial_acc0a601_1fb1c19ff967/metrics.json	2	1024	0	0.7659151396529795	1.4470547546786166	1.0605341264975783	3.836146917102706	187	188	1.4437468497310941	1.75 1.35 1.15 1.05
acec7940	ok	5787856.7	5787856.7	5784913.3	0.050880624261047655	147.411	0.9746052944754449	-0.050880624261047655	-0.050880624261047655	0.0	0	<ORIGINAL_WORKSPACE>/OpenROAD-flow-scripts/flow/reports/nangate45/ariane133/place_batch_20260421_220319/dpl_evolve_baseline/openroad_dpl_hpwl_only_9case_bo_place_batch_20260421_220319_ariane133_nangate45_trial_acec7940_fe79f35588f9/metrics.json	55	1024	0	0.9256748513044124	0.31453748057335545	1.3053666446092624	112.54079856343603	1121	1745	1.2766702240566683	1.04
ad2232e7	ok	5805689.2	5805689.2	5784913.3	0.35913934959060445	134.522	0.8893898923650595	-0.35913934959060445	-0.35913934959060445	0.0	0	<ORIGINAL_WORKSPACE>/OpenROAD-flow-scripts/flow/reports/nangate45/ariane133/place_batch_20260421_220319/dpl_evolve_baseline/openroad_dpl_hpwl_only_9case_bo_place_batch_20260421_220319_ariane133_nangate45_trial_ad2232e7_c247c23f7d6d/metrics.json	52	1024	0	0.9236534409351269	1.0528525044399304	0.6219969267323903	46.014504545635226	247	402	1.2165342614062253	omit
ad3a3a0b	ok	6194033.2	6194033.2	5784913.3	7.07218723571882	91.024	0.6018036125142147	-7.07218723571882	-7.07218723571882	0.0	0	<ORIGINAL_WORKSPACE>/OpenROAD-flow-scripts/flow/reports/nangate45/ariane133/place_batch_20260421_220319/dpl_evolve_baseline/openroad_dpl_hpwl_only_9case_bo_place_batch_20260421_220319_ariane133_nangate45_trial_ad3a3a0b_328bae70a618/metrics.json	16	256 32	0	0.2976678343410242	0.23682098485251862	1.148362152182441	30.601829226809677	250	1433	1.2803807381492651	1.50 1.25 1.10 1.04
af5d9bff	ok	5791942.1	5791942.1	5784913.3	0.12150225311068731	151.141	0.9992661254066061	-0.12150225311068731	-0.12150225311068731	0.0	0	<ORIGINAL_WORKSPACE>/OpenROAD-flow-scripts/flow/reports/nangate45/ariane133/place_batch_20260421_220319/dpl_evolve_baseline/openroad_dpl_hpwl_only_9case_bo_place_batch_20260421_220319_ariane133_nangate45_trial_af5d9bff_954d13b1101a/metrics.json	78	1024	1	0.7465686326700801	0.15746758215561724	1.2570721577396908	136.74621326514222	554	2035	1.1990790681822932	1.04
b0f9e6e6	ok	5788417.3	5788417.3	5784913.3	0.06057134858010751	148.83	0.9839869886018037	-0.0605713485801075	-0.0605713485801075	0.0	0	<ORIGINAL_WORKSPACE>/OpenROAD-flow-scripts/flow/reports/nangate45/ariane133/place_batch_20260421_220319/dpl_evolve_baseline/openroad_dpl_hpwl_only_9case_bo_place_batch_20260421_220319_ariane133_nangate45_trial_b0f9e6e6_ba1df405d066/metrics.json	13	1024	1	0.720886337240248	0.7905817824783875	1.4510916596098766	137.5285579859285	1109	1627	1.4683719773273631	1.04
b205da58	ok	6325149.4	6325149.4	5784913.3	9.338706943110116	83.227	0.5502538809404173	-9.338706943110118	-9.338706943110118	0.0	0	<ORIGINAL_WORKSPACE>/OpenROAD-flow-scripts/flow/reports/nangate45/ariane133/place_batch_20260421_220319/dpl_evolve_baseline/openroad_dpl_hpwl_only_9case_bo_place_batch_20260421_220319_ariane133_nangate45_trial_b205da58_54b9e938055e/metrics.json	3	128 16	0	0.3051731140407781	0.18942504939866867	0.24834910194065885	39.61930493560527	65	1569	1.2239540161274496	omit
b254eeb9	ok	5784607.7	5784607.7	5784913.3	-0.005282706656980105	143.059	0.945832121228149	0.005282706656980105	0.005282706656980105	0.0	0	<ORIGINAL_WORKSPACE>/OpenROAD-flow-scripts/flow/reports/nangate45/ariane133/place_batch_20260421_220319/dpl_evolve_baseline/openroad_dpl_hpwl_only_9case_bo_place_batch_20260421_220319_ariane133_nangate45_trial_b254eeb9_39774a39a435/metrics.json	37	1024	1	0.5716763783579497	0.12938053362526808	0.6084503983268718	79.1910336312877	144	1427	1.0059512239496278	1.75 1.35 1.15 1.05
b2f63168	ok	5787282.1	5787282.1	5784913.3	0.04094789112915165	158.045	1.0449118028191362	-0.04094789112915165	-0.04094789112915165	0.0	0	<ORIGINAL_WORKSPACE>/OpenROAD-flow-scripts/flow/reports/nangate45/ariane133/place_batch_20260421_220319/dpl_evolve_baseline/openroad_dpl_hpwl_only_9case_bo_place_batch_20260421_220319_ariane133_nangate45_trial_b2f63168_fe2aefd41e22/metrics.json	16	1024	0	0.722063273092555	1.5585427366666447	0.5941079859635897	92.66258339721557	285	179	1.4305608723931624	1.25 1.10 1.04
b5296eb0	ok	5791775.3	5791775.3	5784913.3	0.11861889096937721	143.389	0.9480139105598604	-0.1186188909693772	-0.1186188909693772	0.0	0	<ORIGINAL_WORKSPACE>/OpenROAD-flow-scripts/flow/reports/nangate45/ariane133/place_batch_20260421_220319/dpl_evolve_baseline/openroad_dpl_hpwl_only_9case_bo_place_batch_20260421_220319_ariane133_nangate45_trial_b5296eb0_8968dabc9bb3/metrics.json	24	omit	1	0.8825562622978556	0.6072634739563337	1.6100704557721865	137.81109574815483	992	3607	1.1262714833413818	1.04
b62e6eb8	ok	5788499.2	5788499.2	5784913.3	0.061987100135111314	145.514	0.9620633115595165	-0.06198710013511132	-0.06198710013511132	0.0	0	<ORIGINAL_WORKSPACE>/OpenROAD-flow-scripts/flow/reports/nangate45/ariane133/place_batch_20260421_220319/dpl_evolve_baseline/openroad_dpl_hpwl_only_9case_bo_place_batch_20260421_220319_ariane133_nangate45_trial_b62e6eb8_778b3bf67562/metrics.json	18	omit	1	0.9095892669631064	0.7078004612418006	1.595147654210285	117.08840753704646	1113	3748	1.5358878279003234	1.10 1.04
b6d0ff11	ok	5785615.4	5785615.4	5784913.3	0.01213674196293588	148.033	0.9787176367915794	-0.01213674196293588	-0.01213674196293588	0.0	0	<ORIGINAL_WORKSPACE>/OpenROAD-flow-scripts/flow/reports/nangate45/ariane133/place_batch_20260421_220319/dpl_evolve_baseline/openroad_dpl_hpwl_only_9case_bo_place_batch_20260421_220319_ariane133_nangate45_trial_b6d0ff11_c825bba93c9d/metrics.json	77	omit	1	0.6846395513931922	0.7864653976630813	1.401115209221265	26.254053976942707	388	3304	1.9310208026740283	1.25 1.10 1.04
b77cd7be	ok	6190069.1	6190069.1	5784913.3	7.003662440368809	99.831	0.6600309417396133	-7.00366244036881	-7.00366244036881	0.0	0	<ORIGINAL_WORKSPACE>/OpenROAD-flow-scripts/flow/reports/nangate45/ariane133/place_batch_20260421_220319/dpl_evolve_baseline/openroad_dpl_hpwl_only_9case_bo_place_batch_20260421_220319_ariane133_nangate45_trial_b77cd7be_2a03755b9929/metrics.json	63	256 32	0	0.8416022188109512	0.8622200199841173	1.7465219177273552	0.8631743977965591	463	3826	1.9815948048797274	omit
bab0deae	ok	6193709.2	6193709.2	5784913.3	7.0665864603364135	98.1	0.6485864649723639	-7.0665864603364135	-7.0665864603364135	0.0	0	<ORIGINAL_WORKSPACE>/OpenROAD-flow-scripts/flow/reports/nangate45/ariane133/place_batch_20260421_220319/dpl_evolve_baseline/openroad_dpl_hpwl_only_9case_bo_place_batch_20260421_220319_ariane133_nangate45_trial_bab0deae_94168bf498b5/metrics.json	2	256 32	0	0.8089089732551527	1.7747839029495356	0.6459925202197114	31.161060356873175	301	1819	1.3003659336333693	1.75 1.35 1.15 1.05
bb1d4ace	ok	5799156.2	5799156.2	5784913.3	0.24620766572249878	161.396	1.0670668817602411	-0.24620766572249878	-0.24620766572249878	0.0	0	<ORIGINAL_WORKSPACE>/OpenROAD-flow-scripts/flow/reports/nangate45/ariane133/place_batch_20260421_220319/dpl_evolve_baseline/openroad_dpl_hpwl_only_9case_bo_place_batch_20260421_220319_ariane133_nangate45_trial_bb1d4ace_57dee4bd9baa/metrics.json	2	omit	0	0.31387381395479796	0.7062948424085358	1.2899625949572637	6.044594053849099	110	738	1.2723997536363574	omit
bc1adc5c	ok	5795347.3	5795347.3	5784913.3	0.1803657109260393	147.007	0.9719342554148044	-0.18036571092603929	-0.18036571092603929	0.0	0	<ORIGINAL_WORKSPACE>/OpenROAD-flow-scripts/flow/reports/nangate45/ariane133/place_batch_20260421_220319/dpl_evolve_baseline/openroad_dpl_hpwl_only_9case_bo_place_batch_20260421_220319_ariane133_nangate45_trial_bc1adc5c_fc2642ce4bcf/metrics.json	15	1024	0	0.973981452801655	0.812287264103646	0.8826203780014588	12.426685848087306	561	970	1.0378035454750378	1.75 1.35 1.15 1.05
bc3929ef	ok	6424699.2	6424699.2	5784913.3	11.059559008429744	65.18	0.4309364504271018	-11.059559008429744	-11.059559008429744	0.0	0	<ORIGINAL_WORKSPACE>/OpenROAD-flow-scripts/flow/reports/nangate45/ariane133/place_batch_20260421_220319/dpl_evolve_baseline/openroad_dpl_hpwl_only_9case_bo_place_batch_20260421_220319_ariane133_nangate45_trial_bc3929ef_224bbed6fe70/metrics.json	19	64 8	0	0.9353227672627731	1.2655889189936878	1.2946725535783015	68.38717692007782	511	1152	1.3776823199359964	1.10 1.04
bdb524c4	ok	5795082.0	5795082.0	5784913.3	0.1757796439231023	144.756	0.9570518075794039	-0.1757796439231023	-0.1757796439231023	0.0	0	<ORIGINAL_WORKSPACE>/OpenROAD-flow-scripts/flow/reports/nangate45/ariane133/place_batch_20260421_220319/dpl_evolve_baseline/openroad_dpl_hpwl_only_9case_bo_place_batch_20260421_220319_ariane133_nangate45_trial_bdb524c4_4007141ece4a/metrics.json	73	omit	0	0.7089546191513542	1.398944863144179	0.5952534151380144	31.01528911120532	331	2875	1.9775740157501478	2.00 1.50 1.20 1.05
bea9d0bf	ok	5784913.3	5784913.3	5784913.3	0.0	157.406	1.0406870652950044	0.0	0.0	0.0	0	<ORIGINAL_WORKSPACE>/OpenROAD-flow-scripts/flow/reports/nangate45/ariane133/place_batch_20260421_220319/dpl_evolve_baseline/openroad_dpl_hpwl_only_9case_bo_place_batch_20260421_220319_ariane133_nangate45_trial_bea9d0bf_dce7bb395b69/metrics.json	1	omit	0	0.4	0.4	0.6	35.0	150	1000	1.1	omit
bed856ff	ok	5803245.2	5803245.2	5784913.3	0.3168915254097304	139.455	0.9220043371327321	-0.31689152540973037	-0.31689152540973037	0.0	0	<ORIGINAL_WORKSPACE>/OpenROAD-flow-scripts/flow/reports/nangate45/ariane133/place_batch_20260421_220319/dpl_evolve_baseline/openroad_dpl_hpwl_only_9case_bo_place_batch_20260421_220319_ariane133_nangate45_trial_bed856ff_364bb4caefaf/metrics.json	43	omit	0	0.7445836990629152	1.3729956004578294	0.5560140851581028	114.68709460135497	964	2513	1.3308526019282914	1.25 1.10 1.04
c0260384	ok	5792028.1	5792028.1	5784913.3	0.12298887867515342	142.963	0.9451974188771056	-0.12298887867515342	-0.12298887867515342	0.0	0	<ORIGINAL_WORKSPACE>/OpenROAD-flow-scripts/flow/reports/nangate45/ariane133/place_batch_20260421_220319/dpl_evolve_baseline/openroad_dpl_hpwl_only_9case_bo_place_batch_20260421_220319_ariane133_nangate45_trial_c0260384_fa8914658051/metrics.json	39	omit	1	0.523680281963494	0.2946603526330627	1.239033440897523	79.12966517865983	324	1298	1.0869905081078572	2.50 1.75 1.25 1.08
c078cfcf	ok	6314005.5	6314005.5	5784913.3	9.146069656739716	84.347	0.557658741702589	-9.146069656739716	-9.146069656739716	0.0	0	<ORIGINAL_WORKSPACE>/OpenROAD-flow-scripts/flow/reports/nangate45/ariane133/place_batch_20260421_220319/dpl_evolve_baseline/openroad_dpl_hpwl_only_9case_bo_place_batch_20260421_220319_ariane133_nangate45_trial_c078cfcf_ac593a820194/metrics.json	81	32	0	0.5611291691835482	0.5456671236788599	1.057443914885712	25.999630458373332	231	3774	1.8350807770009148	2.00 1.50 1.20 1.05
c08b15c4	ok	5795082.0	5795082.0	5784913.3	0.1757796439231023	152.508	1.0083040224261497	-0.1757796439231023	-0.1757796439231023	0.0	0	<ORIGINAL_WORKSPACE>/OpenROAD-flow-scripts/flow/reports/nangate45/ariane133/place_batch_20260421_220319/dpl_evolve_baseline/openroad_dpl_hpwl_only_9case_bo_place_batch_20260421_220319_ariane133_nangate45_trial_c08b15c4_2bfaa1e36810/metrics.json	73	omit	1	0.34830069982767875	0.22695686654611028	0.9956411975019401	118.30454302222344	64	585	1.017289858720301	omit
c16c58c4	ok	5789658.2	5789658.2	5784913.3	0.08202197256785806	157.002	1.0380160262343638	-0.08202197256785806	-0.08202197256785806	0.0	0	<ORIGINAL_WORKSPACE>/OpenROAD-flow-scripts/flow/reports/nangate45/ariane133/place_batch_20260421_220319/dpl_evolve_baseline/openroad_dpl_hpwl_only_9case_bo_place_batch_20260421_220319_ariane133_nangate45_trial_c16c58c4_dace6f8c0fd0/metrics.json	66	512	0	0.8400005083231047	1.8191464998798952	0.6158535257304697	114.21669336734954	1190	3103	1.4403459485896895	1.04
c2d2ab63	ok	5791235.1	5791235.1	5784913.3	0.10928080806327407	142.143	0.9397760029619443	-0.10928080806327407	-0.10928080806327407	0.0	0	<ORIGINAL_WORKSPACE>/OpenROAD-flow-scripts/flow/reports/nangate45/ariane133/place_batch_20260421_220319/dpl_evolve_baseline/openroad_dpl_hpwl_only_9case_bo_place_batch_20260421_220319_ariane133_nangate45_trial_c2d2ab63_c0b5b4b68c8d/metrics.json	46	omit	1	0.851749284398865	0.3854698699261208	0.8568089197935886	148.6592036698528	1102	2706	1.5352184966997604	1.25 1.10 1.04
c2e9bb84	ok	5781157.1	5781157.1	5784913.3	-0.06493096447962644	139.322	0.9211250099172242	0.06493096447962646	0.06493096447962646	0.0	0	<ORIGINAL_WORKSPACE>/OpenROAD-flow-scripts/flow/reports/nangate45/ariane133/place_batch_20260421_220319/dpl_evolve_baseline/openroad_dpl_hpwl_only_9case_bo_place_batch_20260421_220319_ariane133_nangate45_trial_c2e9bb84_6ea3acdbc41d/metrics.json	88	1024	0	0.6353795123934654	0.9524805384473203	1.8309768220249654	67.40785217294967	950	2832	1.3530527779722623	1.50 1.25 1.10 1.04
c32c72d5	ok	5914922.5	5914922.5	5784913.3	2.2473837248347386	133.351	0.8816478459788961	-2.2473837248347386	-2.2473837248347386	0.0	0	<ORIGINAL_WORKSPACE>/OpenROAD-flow-scripts/flow/reports/nangate45/ariane133/place_batch_20260421_220319/dpl_evolve_baseline/openroad_dpl_hpwl_only_9case_bo_place_batch_20260421_220319_ariane133_nangate45_trial_c32c72d5_1caef88b6704/metrics.json	73	1024 128	0	0.6137628789289713	0.9999761591225295	0.9080864621406354	9.25319442352097	551	3373	1.9771289307876272	2.00 1.50 1.20 1.05
c3365abd	ok	6053716.9	6053716.9	5784913.3	4.646631436982825	102.756	0.6793695289979637	-4.646631436982825	-4.646631436982825	0.0	0	<ORIGINAL_WORKSPACE>/OpenROAD-flow-scripts/flow/reports/nangate45/ariane133/place_batch_20260421_220319/dpl_evolve_baseline/openroad_dpl_hpwl_only_9case_bo_place_batch_20260421_220319_ariane133_nangate45_trial_c3365abd_45d5cbd03ec3/metrics.json	17	512 64	1	0.934675460380855	1.0645004368288642	1.518241230743493	125.04255111339793	1033	3489	1.3864073697501291	1.75 1.35 1.15 1.05
c35900e2	ok	5908981.7	5908981.7	5784913.3	2.1446890137489247	125.482	0.8296220876418162	-2.1446890137489247	-2.1446890137489247	0.0	0	<ORIGINAL_WORKSPACE>/OpenROAD-flow-scripts/flow/reports/nangate45/ariane133/place_batch_20260421_220319/dpl_evolve_baseline/openroad_dpl_hpwl_only_9case_bo_place_batch_20260421_220319_ariane133_nangate45_trial_c35900e2_f8442a148b0b/metrics.json	53	1024 128	1	0.8660177394282635	0.5656642121852626	1.4606778997166883	146.60192879240753	1138	524	1.0857783663372504	1.04
c51ea298	ok	5787746.3	5787746.3	5784913.3	0.04897221190851729	137.507	0.909125168592812	-0.048972211908517284	-0.048972211908517284	0.0	0	<ORIGINAL_WORKSPACE>/OpenROAD-flow-scripts/flow/reports/nangate45/ariane133/place_batch_20260421_220319/dpl_evolve_baseline/openroad_dpl_hpwl_only_9case_bo_place_batch_20260421_220319_ariane133_nangate45_trial_c51ea298_92f6a0d6c583/metrics.json	49	1024	0	0.47978723375049614	1.5988344744249787	1.8550247515259222	75.0919986415511	1161	1983	1.2892376264141265	1.04
c5d1079f	ok	5793326.4	5793326.4	5784913.3	0.1454317387954727	149.259	0.9868233147330282	-0.1454317387954727	-0.1454317387954727	0.0	0	<ORIGINAL_WORKSPACE>/OpenROAD-flow-scripts/flow/reports/nangate45/ariane133/place_batch_20260421_220319/dpl_evolve_baseline/openroad_dpl_hpwl_only_9case_bo_place_batch_20260421_220319_ariane133_nangate45_trial_c5d1079f_b6a277c48c90/metrics.json	87	omit	1	0.9422516050806411	1.1696909851197994	1.2019347201685788	143.98748725553722	1038	2706	1.5791787467650433	1.50 1.25 1.10 1.04
c74da3eb	ok	5785611.6	5785611.6	5784913.3	0.012071053856586127	141.411	0.9349363975352392	-0.012071053856586127	-0.012071053856586127	0.0	0	<ORIGINAL_WORKSPACE>/OpenROAD-flow-scripts/flow/reports/nangate45/ariane133/place_batch_20260421_220319/dpl_evolve_baseline/openroad_dpl_hpwl_only_9case_bo_place_batch_20260421_220319_ariane133_nangate45_trial_c74da3eb_d138100dec09/metrics.json	26	omit	1	0.663706166010734	1.0668788616608007	1.7354384518270753	100.55471360742692	670	822	1.9226079228264819	1.10 1.04
c8c66155	ok	6198472.6	6198472.6	5784913.3	7.148928230264053	97.599	0.6452741120778568	-7.148928230264054	-7.148928230264054	0.0	0	<ORIGINAL_WORKSPACE>/OpenROAD-flow-scripts/flow/reports/nangate45/ariane133/place_batch_20260421_220319/dpl_evolve_baseline/openroad_dpl_hpwl_only_9case_bo_place_batch_20260421_220319_ariane133_nangate45_trial_c8c66155_e5062bfc8f59/metrics.json	30	256 32	0	0.9729972637134806	1.979044167389728	0.4827147886741445	109.71899335104884	1054	1690	1.3940354921530973	1.04
c8df067f	ok	5791252.3	5791252.3	5784913.3	0.1095781331761705	142.854	0.9444767672493587	-0.1095781331761705	-0.1095781331761705	0.0	0	<ORIGINAL_WORKSPACE>/OpenROAD-flow-scripts/flow/reports/nangate45/ariane133/place_batch_20260421_220319/dpl_evolve_baseline/openroad_dpl_hpwl_only_9case_bo_place_batch_20260421_220319_ariane133_nangate45_trial_c8df067f_826e33c00879/metrics.json	50	omit	1	0.9912919150600459	1.283197431508026	1.9285789103763387	143.73297738670502	1046	1486	1.4440685990315425	1.75 1.35 1.15 1.05
c9099012	ok	5905518.5	5905518.5	5784913.3	2.0848229479947467	132.616	0.876788406103721	-2.0848229479947467	-2.0848229479947467	0.0	0	<ORIGINAL_WORKSPACE>/OpenROAD-flow-scripts/flow/reports/nangate45/ariane133/place_batch_20260421_220319/dpl_evolve_baseline/openroad_dpl_hpwl_only_9case_bo_place_batch_20260421_220319_ariane133_nangate45_trial_c9099012_2abd58e17766/metrics.json	45	1024 128	0	0.9345034718565081	0.12003550714588496	0.7739727924607442	106.51110521550568	1015	1289	1.4917725362143957	1.25 1.10 1.04
c98668aa	ok	5794619.5	5794619.5	5784913.3	0.16778470992815375	147.29	0.9738053050538173	-0.16778470992815375	-0.16778470992815375	0.0	0	<ORIGINAL_WORKSPACE>/OpenROAD-flow-scripts/flow/reports/nangate45/ariane133/place_batch_20260421_220319/dpl_evolve_baseline/openroad_dpl_hpwl_only_9case_bo_place_batch_20260421_220319_ariane133_nangate45_trial_c98668aa_87a56d293465/metrics.json	7	1024	0	0.9746802276510591	1.3244250913845759	1.0264264866585515	3.6213446433141208	541	891	1.296928678306654	1.50 1.25 1.10 1.04
c99e7cf1	ok	6023791.2	6023791.2	5784913.3	4.129325499139293	113.98	0.7535768122074419	-4.129325499139293	-4.129325499139293	0.0	0	<ORIGINAL_WORKSPACE>/OpenROAD-flow-scripts/flow/reports/nangate45/ariane133/place_batch_20260421_220319/dpl_evolve_baseline/openroad_dpl_hpwl_only_9case_bo_place_batch_20260421_220319_ariane133_nangate45_trial_c99e7cf1_49f5eb0a7e01/metrics.json	43	128	1	0.8719793256455033	1.38695230551723	1.078909730433313	145.73676296789426	1167	1826	1.1794179622258594	omit
ca61e0a4	ok	5785504.6	5785504.6	5784913.3	0.010221415072889923	163.375	1.0801510062676856	-0.01022141507288992	-0.01022141507288992	0.0	0	<ORIGINAL_WORKSPACE>/OpenROAD-flow-scripts/flow/reports/nangate45/ariane133/place_batch_20260421_220319/dpl_evolve_baseline/openroad_dpl_hpwl_only_9case_bo_place_batch_20260421_220319_ariane133_nangate45_trial_ca61e0a4_24fcbcc897e2/metrics.json	51	omit	0	0.9401074823333672	1.16402835989416	1.763722369603096	126.71016680883328	1092	1893	1.5463468160203733	1.04
caab2f36	ok	6069122.4	6069122.4	5784913.3	4.9129362059756465	102.797	0.6796405997937217	-4.9129362059756465	-4.9129362059756465	0.0	0	<ORIGINAL_WORKSPACE>/OpenROAD-flow-scripts/flow/reports/nangate45/ariane133/place_batch_20260421_220319/dpl_evolve_baseline/openroad_dpl_hpwl_only_9case_bo_place_batch_20260421_220319_ariane133_nangate45_trial_caab2f36_f9ff6810d839/metrics.json	43	512 64	0	0.7558993788287331	0.7681256125625217	1.5929413287290144	3.1352427543410073	126	3809	1.8038052237769167	2.00 1.50 1.20 1.05
cb5de0a5	ok	5799156.2	5799156.2	5784913.3	0.24620766572249878	150.306	0.9937455372490942	-0.24620766572249878	-0.24620766572249878	0.0	0	<ORIGINAL_WORKSPACE>/OpenROAD-flow-scripts/flow/reports/nangate45/ariane133/place_batch_20260421_220319/dpl_evolve_baseline/openroad_dpl_hpwl_only_9case_bo_place_batch_20260421_220319_ariane133_nangate45_trial_cb5de0a5_4a60d8899a2c/metrics.json	2	omit	0	0.07041663328332354	0.39674722189754397	0.7916820820757339	25.713566431649483	312	1465	1.0065475556563241	omit
cd0efc69	ok	5796112.5	5796112.5	5784913.3	0.1935932211810363	141.54	0.9357892788194535	-0.1935932211810363	-0.1935932211810363	0.0	0	<ORIGINAL_WORKSPACE>/OpenROAD-flow-scripts/flow/reports/nangate45/ariane133/place_batch_20260421_220319/dpl_evolve_baseline/openroad_dpl_hpwl_only_9case_bo_place_batch_20260421_220319_ariane133_nangate45_trial_cd0efc69_f209d692c2bd/metrics.json	4	omit	0	0.9602458701433844	1.311349348024675	1.0258124371741024	34.41874548799528	300	1026	1.4706173920273058	1.75 1.35 1.15 1.05
cd6e547d	ok	5796898.7	5796898.7	5784913.3	0.20718374465526343	147.752	0.9768598101182133	-0.20718374465526343	-0.20718374465526343	0.0	0	<ORIGINAL_WORKSPACE>/OpenROAD-flow-scripts/flow/reports/nangate45/ariane133/place_batch_20260421_220319/dpl_evolve_baseline/openroad_dpl_hpwl_only_9case_bo_place_batch_20260421_220319_ariane133_nangate45_trial_cd6e547d_bfad17f131f2/metrics.json	84	1024	0	0.7863207060515482	0.7440945660437168	1.9310370606588398	58.41271174323572	900	3966	1.3572202762120193	1.75 1.35 1.15 1.05
cf0a0d38	ok	6426211.2	6426211.2	5784913.3	11.085695960214311	60.88	0.40250707428662097	-11.085695960214311	-11.085695960214311	0.0	0	<ORIGINAL_WORKSPACE>/OpenROAD-flow-scripts/flow/reports/nangate45/ariane133/place_batch_20260421_220319/dpl_evolve_baseline/openroad_dpl_hpwl_only_9case_bo_place_batch_20260421_220319_ariane133_nangate45_trial_cf0a0d38_b72c1241ac01/metrics.json	38	64 8	0	0.9445797666345341	1.977398423138938	1.8213177744439866	99.8376227772218	1040	394	1.348584100278381	1.75 1.35 1.15 1.05
cfae9423	ok	5794619.5	5794619.5	5784913.3	0.16778470992815375	138.03	0.9125829741094332	-0.16778470992815375	-0.16778470992815375	0.0	0	<ORIGINAL_WORKSPACE>/OpenROAD-flow-scripts/flow/reports/nangate45/ariane133/place_batch_20260421_220319/dpl_evolve_baseline/openroad_dpl_hpwl_only_9case_bo_place_batch_20260421_220319_ariane133_nangate45_trial_cfae9423_f7bcc7a2cd7c/metrics.json	7	omit	0	0.1777761220288352	1.0843606362515892	0.721530293882605	57.41818188817189	289	1085	1.0425086127931311	1.10 1.04
cffcf5d9	ok	6005374.6	6005374.6	5784913.3	3.810969820411999	123.109	0.8139330389019649	-3.8109698204119984	-3.8109698204119984	0.0	0	<ORIGINAL_WORKSPACE>/OpenROAD-flow-scripts/flow/reports/nangate45/ariane133/place_batch_20260421_220319/dpl_evolve_baseline/openroad_dpl_hpwl_only_9case_bo_place_batch_20260421_220319_ariane133_nangate45_trial_cffcf5d9_8b73acc807b2/metrics.json	9	128	0	0.3643582564790303	0.7220431940982064	0.29561977706192744	32.92925612801611	227	1012	1.3481908844743802	1.50 1.25 1.10 1.04
d0d31241	ok	5790482.6	5790482.6	5784913.3	0.09627283437419562	151.994	1.0049057202549387	-0.09627283437419562	-0.09627283437419562	0.0	0	<ORIGINAL_WORKSPACE>/OpenROAD-flow-scripts/flow/reports/nangate45/ariane133/place_batch_20260421_220319/dpl_evolve_baseline/openroad_dpl_hpwl_only_9case_bo_place_batch_20260421_220319_ariane133_nangate45_trial_d0d31241_62f52c1e5334/metrics.json	10	omit	0	0.8603800320945567	0.4873342249992877	0.21441830160901126	40.56623432940153	107	953	1.0038747569595379	1.10 1.04
d1f8b25d	ok	5912227.6	5912227.6	5784913.3	2.2007987570012473	132.492	0.8759685822336233	-2.200798757001247	-2.200798757001247	0.0	0	<ORIGINAL_WORKSPACE>/OpenROAD-flow-scripts/flow/reports/nangate45/ariane133/place_batch_20260421_220319/dpl_evolve_baseline/openroad_dpl_hpwl_only_9case_bo_place_batch_20260421_220319_ariane133_nangate45_trial_d1f8b25d_6b9180fe0192/metrics.json	13	1024 128	1	0.6477662172347788	1.879815453854101	0.608215493591913	73.3442478589197	681	403	1.231396316200587	1.75 1.35 1.15 1.05
d23e3c2e	ok	5793251.4	5793251.4	5784913.3	0.14413526301250806	142.947	0.9450916351519318	-0.14413526301250806	-0.14413526301250806	0.0	0	<ORIGINAL_WORKSPACE>/OpenROAD-flow-scripts/flow/reports/nangate45/ariane133/place_batch_20260421_220319/dpl_evolve_baseline/openroad_dpl_hpwl_only_9case_bo_place_batch_20260421_220319_ariane133_nangate45_trial_d23e3c2e_98163e87b2bc/metrics.json	53	omit	1	0.5293896592888641	0.16074140791652036	1.2546547076520416	42.119565146745046	126	3451	1.8939548406528837	2.00 1.50 1.20 1.05
d24741a6	ok	5792081.3	5792081.3	5784913.3	0.12390851216387289	141.26	0.9339380636289105	-0.12390851216387289	-0.12390851216387289	0.0	0	<ORIGINAL_WORKSPACE>/OpenROAD-flow-scripts/flow/reports/nangate45/ariane133/place_batch_20260421_220319/dpl_evolve_baseline/openroad_dpl_hpwl_only_9case_bo_place_batch_20260421_220319_ariane133_nangate45_trial_d24741a6_f265cc302665/metrics.json	6	omit	0	0.515728406294788	0.12500019189331768	0.6872710880852707	30.756536897715648	424	352	1.125975614379009	omit
d4722e69	ok	6009732.9	6009732.9	5784913.3	3.886308892477275	119.994	0.7933382699071747	-3.886308892477275	-3.886308892477275	0.0	0	<ORIGINAL_WORKSPACE>/OpenROAD-flow-scripts/flow/reports/nangate45/ariane133/place_batch_20260421_220319/dpl_evolve_baseline/openroad_dpl_hpwl_only_9case_bo_place_batch_20260421_220319_ariane133_nangate45_trial_d4722e69_565985e93f14/metrics.json	72	128	1	0.8728674602583778	1.054056050981374	1.0312708652429907	134.98689360551288	515	1551	1.8075296616287693	2.50 1.75 1.25 1.08
d4eb7b14	ok	6325149.4	6325149.4	5784913.3	9.338706943110116	89.291	0.5903459127813185	-9.338706943110118	-9.338706943110118	0.0	0	<ORIGINAL_WORKSPACE>/OpenROAD-flow-scripts/flow/reports/nangate45/ariane133/place_batch_20260421_220319/dpl_evolve_baseline/openroad_dpl_hpwl_only_9case_bo_place_batch_20260421_220319_ariane133_nangate45_trial_d4eb7b14_92dd12143491/metrics.json	3	128 16	0	0.52532905446218	0.016151979126777016	0.8271448519996051	50.90294999654588	679	394	1.1369203364162348	2.00 1.50 1.20 1.05
d530dbfd	ok	5791942.1	5791942.1	5784913.3	0.12150225311068731	156.586	1.035265649379843	-0.12150225311068731	-0.12150225311068731	0.0	0	<ORIGINAL_WORKSPACE>/OpenROAD-flow-scripts/flow/reports/nangate45/ariane133/place_batch_20260421_220319/dpl_evolve_baseline/openroad_dpl_hpwl_only_9case_bo_place_batch_20260421_220319_ariane133_nangate45_trial_d530dbfd_d5cefbd5871c/metrics.json	78	omit	0	0.6660541436285656	0.3138583480036806	0.9449365925636397	9.486168507176334	177	2202	1.8403148020442246	2.00 1.50 1.20 1.05
d5f145c7	ok	5801554.3	5801554.3	5784913.3	0.28766204672419204	148.59	0.9824002327241953	-0.28766204672419204	-0.28766204672419204	0.0	0	<ORIGINAL_WORKSPACE>/OpenROAD-flow-scripts/flow/reports/nangate45/ariane133/place_batch_20260421_220319/dpl_evolve_baseline/openroad_dpl_hpwl_only_9case_bo_place_batch_20260421_220319_ariane133_nangate45_trial_d5f145c7_62ff05d13a28/metrics.json	125	1024	0	0.8835267695365208	0.723587355055073	1.3344914239124588	67.5922999207537	732	2651	1.284750408844598	1.50 1.25 1.10 1.04
d7cd9fb3	ok	6196154.2	6196154.2	5784913.3	7.10885157086106	89.003	0.5884418057281887	-7.10885157086106	-7.10885157086106	0.0	0	<ORIGINAL_WORKSPACE>/OpenROAD-flow-scripts/flow/reports/nangate45/ariane133/place_batch_20260421_220319/dpl_evolve_baseline/openroad_dpl_hpwl_only_9case_bo_place_batch_20260421_220319_ariane133_nangate45_trial_d7cd9fb3_2c39f1a904b8/metrics.json	49	256 32	1	0.9268256550766857	0.178831242800209	1.3886782327464806	143.74453816119868	870	2062	1.956849167107285	1.10 1.04
d9c6bbe1	ok	5786530.6	5786530.6	5784913.3	0.027957203783846057	154.133	1.019047682014122	-0.027957203783846057	-0.027957203783846057	0.0	0	<ORIGINAL_WORKSPACE>/OpenROAD-flow-scripts/flow/reports/nangate45/ariane133/place_batch_20260421_220319/dpl_evolve_baseline/openroad_dpl_hpwl_only_9case_bo_place_batch_20260421_220319_ariane133_nangate45_trial_d9c6bbe1_d7488a9bc74a/metrics.json	34	omit	0	0.4934693924967104	0.1523213992019243	1.2147340941864395	133.64332379704152	154	1202	1.0986374444768159	omit
da0efa2f	ok	6014096.2	6014096.2	5784913.3	3.9617343962613987	123.249	0.8148586464972363	-3.961734396261399	-3.961734396261399	0.0	0	<ORIGINAL_WORKSPACE>/OpenROAD-flow-scripts/flow/reports/nangate45/ariane133/place_batch_20260421_220319/dpl_evolve_baseline/openroad_dpl_hpwl_only_9case_bo_place_batch_20260421_220319_ariane133_nangate45_trial_da0efa2f_998a5eb87fda/metrics.json	25	128	0	0.9323761276360262	1.9229266972468828	0.5558196994763874	92.0769329520902	479	2184	1.503356169540394	1.10 1.04
da38fd3f	ok	6321730.6	6321730.6	5784913.3	9.279608391019444	88.843	0.5873839684764499	-9.279608391019444	-9.279608391019444	0.0	0	<ORIGINAL_WORKSPACE>/OpenROAD-flow-scripts/flow/reports/nangate45/ariane133/place_batch_20260421_220319/dpl_evolve_baseline/openroad_dpl_hpwl_only_9case_bo_place_batch_20260421_220319_ariane133_nangate45_trial_da38fd3f_bbe3f5d6962a/metrics.json	81	128 16	1	0.9319720691968373	0.02790314595119403	0.50700606793677	92.51675355024864	1142	3806	1.5566531881951564	1.10 1.04
da8090e3	ok	5796300.6	5796300.6	5784913.3	0.19684478244470519	147.375	0.9743672810938037	-0.19684478244470516	-0.19684478244470516	0.0	0	<ORIGINAL_WORKSPACE>/OpenROAD-flow-scripts/flow/reports/nangate45/ariane133/place_batch_20260421_220319/dpl_evolve_baseline/openroad_dpl_hpwl_only_9case_bo_place_batch_20260421_220319_ariane133_nangate45_trial_da8090e3_67a66bfe97c4/metrics.json	1	512	0	0.9993618067377622	1.3206989220848455	0.34686960319073007	104.05830192053185	485	943	1.2386180016515798	1.75 1.35 1.15 1.05
db26e141	ok	5790764.6	5790764.6	5784913.3	0.10114758331814261	136.971	0.9055814137994869	-0.10114758331814262	-0.10114758331814262	0.0	0	<ORIGINAL_WORKSPACE>/OpenROAD-flow-scripts/flow/reports/nangate45/ariane133/place_batch_20260421_220319/dpl_evolve_baseline/openroad_dpl_hpwl_only_9case_bo_place_batch_20260421_220319_ariane133_nangate45_trial_db26e141_76d95750e430/metrics.json	38	omit	1	0.8280382309023275	1.2094317848540799	1.7630412486395448	125.09514604641599	1008	3717	1.2001974864312202	2.50 1.75 1.25 1.08
db5bc7e6	ok	6057541.5	6057541.5	5784913.3	4.712744787376506	103.229	0.6824967603734166	-4.712744787376506	-4.712744787376506	0.0	0	<ORIGINAL_WORKSPACE>/OpenROAD-flow-scripts/flow/reports/nangate45/ariane133/place_batch_20260421_220319/dpl_evolve_baseline/openroad_dpl_hpwl_only_9case_bo_place_batch_20260421_220319_ariane133_nangate45_trial_db5bc7e6_5594f04b935c/metrics.json	46	512 64	1	0.9666503781690794	0.38122226382135743	1.2847668059148625	134.06942649172072	702	886	1.1710409201652063	1.04
dbe84aa8	ok	5784607.7	5784607.7	5784913.3	-0.005282706656980105	154.488	1.0213947584164176	0.005282706656980105	0.005282706656980105	0.0	0	<ORIGINAL_WORKSPACE>/OpenROAD-flow-scripts/flow/reports/nangate45/ariane133/place_batch_20260421_220319/dpl_evolve_baseline/openroad_dpl_hpwl_only_9case_bo_place_batch_20260421_220319_ariane133_nangate45_trial_dbe84aa8_a98c10c63152/metrics.json	37	omit	1	0.46309528008487655	0.23810158943120957	0.7253061441679057	93.78836433998747	102	760	1.0557430984035014	omit
dbf68a21	ok	6058543.4	6058543.4	5784913.3	4.730063975202542	104.542	0.6911776373204982	-4.730063975202542	-4.730063975202542	0.0	0	<ORIGINAL_WORKSPACE>/OpenROAD-flow-scripts/flow/reports/nangate45/ariane133/place_batch_20260421_220319/dpl_evolve_baseline/openroad_dpl_hpwl_only_9case_bo_place_batch_20260421_220319_ariane133_nangate45_trial_dbf68a21_fb6428f9ee35/metrics.json	5	512 64	0	0.43696003871641664	0.3569703079667714	0.7460984430995729	33.150062176046376	137	622	1.1237569919103845	omit
dd3e0704	ok	6065427.4	6065427.4	5784913.3	4.849063165734922	106.022	0.7009626318990824	-4.849063165734923	-4.849063165734923	0.0	0	<ORIGINAL_WORKSPACE>/OpenROAD-flow-scripts/flow/reports/nangate45/ariane133/place_batch_20260421_220319/dpl_evolve_baseline/openroad_dpl_hpwl_only_9case_bo_place_batch_20260421_220319_ariane133_nangate45_trial_dd3e0704_01015f09b10d/metrics.json	3	512 64	1	0.23297427384102043	1.6142103912375583	0.8063282559251349	129.5312781839143	909	2269	1.136455225660685	1.25 1.10 1.04
de61da67	ok	5792960.5	5792960.5	5784913.3	0.13910666560897614	143.961	0.9517956787348266	-0.13910666560897614	-0.13910666560897614	0.0	0	<ORIGINAL_WORKSPACE>/OpenROAD-flow-scripts/flow/reports/nangate45/ariane133/place_batch_20260421_220319/dpl_evolve_baseline/openroad_dpl_hpwl_only_9case_bo_place_batch_20260421_220319_ariane133_nangate45_trial_de61da67_6de4d9128fc8/metrics.json	25	512	0	0.7295875679232031	0.579353578731349	1.2749236375087036	149.88921111333366	1115	2010	1.4607732586173656	1.75 1.35 1.15 1.05
de64ec06	ok	5784399.4	5784399.4	5784913.3	-0.008883452064863984	157.301	1.0399928595985506	0.008883452064863984	0.008883452064863984	0.0	0	<ORIGINAL_WORKSPACE>/OpenROAD-flow-scripts/flow/reports/nangate45/ariane133/place_batch_20260421_220319/dpl_evolve_baseline/openroad_dpl_hpwl_only_9case_bo_place_batch_20260421_220319_ariane133_nangate45_trial_de64ec06_842d738a1db5/metrics.json	54	omit	0	0.6704675101784022	0.8346096047342539	1.1394451654692157	21.058040789285066	278	3223	1.9682615757193975	2.00 1.50 1.20 1.05
debccc41	ok	6057005.7	6057005.7	5784913.3	4.7034827643830095	109.077	0.7211607119244704	-4.7034827643830095	-4.7034827643830095	0.0	0	<ORIGINAL_WORKSPACE>/OpenROAD-flow-scripts/flow/reports/nangate45/ariane133/place_batch_20260421_220319/dpl_evolve_baseline/openroad_dpl_hpwl_only_9case_bo_place_batch_20260421_220319_ariane133_nangate45_trial_debccc41_5b7a9f9cd75c/metrics.json	41	512 64	0	0.828845807980693	1.1494230094162046	1.2747485866993333	42.83644225435409	725	3025	1.8583138364290424	1.75 1.35 1.15 1.05
df4abe36	ok	6315223.4	6315223.4	5784913.3	9.16712269482069	95.949	0.6343651654193002	-9.167122694820693	-9.167122694820693	0.0	0	<ORIGINAL_WORKSPACE>/OpenROAD-flow-scripts/flow/reports/nangate45/ariane133/place_batch_20260421_220319/dpl_evolve_baseline/openroad_dpl_hpwl_only_9case_bo_place_batch_20260421_220319_ariane133_nangate45_trial_df4abe36_ffb57ad2c58e/metrics.json	70	32	0	0.6774239366986746	0.7334000463681576	1.9590299370661135	44.94695940230963	896	2539	1.4592958760250667	1.50 1.25 1.10 1.04
e0413b8f	ok	6197041.5	6197041.5	5784913.3	7.124189743690717	106.969	0.7072237061328114	-7.1241897436907164	-7.1241897436907164	0.0	0	<ORIGINAL_WORKSPACE>/OpenROAD-flow-scripts/flow/reports/nangate45/ariane133/place_batch_20260421_220319/dpl_evolve_baseline/openroad_dpl_hpwl_only_9case_bo_place_batch_20260421_220319_ariane133_nangate45_trial_e0413b8f_6c71e6f869a2/metrics.json	28	256 32	0	0.9475489413950998	0.4428654686469766	0.5707904383845133	12.2210947315893	543	525	1.6337867606119179	2.50 1.75 1.25 1.08
e05b807f	ok	6056813.7	6056813.7	5784913.3	4.70016378637862	101.587	0.6716407055774469	-4.70016378637862	-4.70016378637862	0.0	0	<ORIGINAL_WORKSPACE>/OpenROAD-flow-scripts/flow/reports/nangate45/ariane133/place_batch_20260421_220319/dpl_evolve_baseline/openroad_dpl_hpwl_only_9case_bo_place_batch_20260421_220319_ariane133_nangate45_trial_e05b807f_7cdb926335d9/metrics.json	50	512 64	0	0.7063480808178028	1.4700255310283645	1.7758323628049295	48.669992920992755	912	2715	1.4754462003736002	2.50 1.75 1.25 1.08
e1b02130	ok	6425642.3	6425642.3	5784913.3	11.075861759241924	59.783	0.3952542776293867	-11.075861759241924	-11.075861759241924	0.0	0	<ORIGINAL_WORKSPACE>/OpenROAD-flow-scripts/flow/reports/nangate45/ariane133/place_batch_20260421_220319/dpl_evolve_baseline/openroad_dpl_hpwl_only_9case_bo_place_batch_20260421_220319_ariane133_nangate45_trial_e1b02130_1dc330505cfe/metrics.json	20	64 8	1	0.9636035458709071	1.200031948593021	1.7660679484244464	148.02607319866863	855	2600	1.6004739849308371	1.10 1.04
e1b2c3c4	ok	5798474.1	5798474.1	5784913.3	0.23441665063502012	160.01	1.0579033665670536	-0.23441665063502012	-0.23441665063502012	0.0	0	<ORIGINAL_WORKSPACE>/OpenROAD-flow-scripts/flow/reports/nangate45/ariane133/place_batch_20260421_220319/dpl_evolve_baseline/openroad_dpl_hpwl_only_9case_bo_place_batch_20260421_220319_ariane133_nangate45_trial_e1b2c3c4_a0c5db633f60/metrics.json	19	1024	1	0.40239251985773583	1.809372320687246	0.12226904351036993	116.0811514080628	194	2512	1.010364261335232	1.75 1.35 1.15 1.05
e1c4df49	ok	6196662.3	6196662.3	5784913.3	7.117634762132044	99.854	0.6601830058445508	-7.117634762132044	-7.117634762132044	0.0	0	<ORIGINAL_WORKSPACE>/OpenROAD-flow-scripts/flow/reports/nangate45/ariane133/place_batch_20260421_220319/dpl_evolve_baseline/openroad_dpl_hpwl_only_9case_bo_place_batch_20260421_220319_ariane133_nangate45_trial_e1c4df49_25567c4ae09a/metrics.json	3	256 32	0	0.7829237208141323	0.1620388492340319	0.07101618645168739	100.44855986481141	142	1008	1.0500912017178077	1.50 1.25 1.10 1.04
e1e9f421	ok	5806815.1	5806815.1	5784913.3	0.3786020440444598	139.623	0.9231150662470577	-0.37860204404445985	-0.37860204404445985	0.0	0	<ORIGINAL_WORKSPACE>/OpenROAD-flow-scripts/flow/reports/nangate45/ariane133/place_batch_20260421_220319/dpl_evolve_baseline/openroad_dpl_hpwl_only_9case_bo_place_batch_20260421_220319_ariane133_nangate45_trial_e1e9f421_d6dc3985dc4a/metrics.json	74	omit	0	0.8506615609803662	1.5353721054958525	0.26144101294668354	65.82712925893107	1055	2256	1.3185744543329059	1.04
e2c3e000	ok	6211373.6	6211373.6	5784913.3	7.371939351277742	101.667	0.6721696242033163	-7.371939351277743	-7.371939351277743	0.0	0	<ORIGINAL_WORKSPACE>/OpenROAD-flow-scripts/flow/reports/nangate45/ariane133/place_batch_20260421_220319/dpl_evolve_baseline/openroad_dpl_hpwl_only_9case_bo_place_batch_20260421_220319_ariane133_nangate45_trial_e2c3e000_d8b9f36aecd7/metrics.json	18	64	1	0.4155243764682902	0.3773896683975537	0.589041978234302	124.24311406142458	115	1547	1.0195455665915911	1.10 1.04
e31eb469	ok	5790482.6	5790482.6	5784913.3	0.09627283437419562	157.98	1.0444820564356172	-0.09627283437419562	-0.09627283437419562	0.0	0	<ORIGINAL_WORKSPACE>/OpenROAD-flow-scripts/flow/reports/nangate45/ariane133/place_batch_20260421_220319/dpl_evolve_baseline/openroad_dpl_hpwl_only_9case_bo_place_batch_20260421_220319_ariane133_nangate45_trial_e31eb469_736ea6a48bbf/metrics.json	10	1024	0	0.2383666200153396	0.7652269102468197	0.41349630327499154	17.79751219173332	603	1445	1.2238574700656677	omit
e3591e6f	ok	6314323.9	6314323.9	5784913.3	9.151573628597003	89.113	0.5891690688387591	-9.151573628597003	-9.151573628597003	0.0	0	<ORIGINAL_WORKSPACE>/OpenROAD-flow-scripts/flow/reports/nangate45/ariane133/place_batch_20260421_220319/dpl_evolve_baseline/openroad_dpl_hpwl_only_9case_bo_place_batch_20260421_220319_ariane133_nangate45_trial_e3591e6f_240f153fd52b/metrics.json	58	32	1	0.9539909239172535	1.3643741688784758	1.7993234580805217	145.35090904236247	718	1904	1.7354956433727504	1.50 1.25 1.10 1.04
e4087ae8	ok	6054601.3	6054601.3	5784913.3	4.661919479415534	112.592	0.7444000740486075	-4.661919479415534	-4.661919479415534	0.0	0	<ORIGINAL_WORKSPACE>/OpenROAD-flow-scripts/flow/reports/nangate45/ariane133/place_batch_20260421_220319/dpl_evolve_baseline/openroad_dpl_hpwl_only_9case_bo_place_batch_20260421_220319_ariane133_nangate45_trial_e4087ae8_0356e8b4b178/metrics.json	87	512 64	0	0.9760435504677476	0.3196673006881867	0.445074144178342	64.67726327405565	515	672	1.7293189193611234	1.75 1.35 1.15 1.05
e41cade1	ok	5791252.3	5791252.3	5784913.3	0.1095781331761705	152.966	1.0113320815592521	-0.1095781331761705	-0.1095781331761705	0.0	0	<ORIGINAL_WORKSPACE>/OpenROAD-flow-scripts/flow/reports/nangate45/ariane133/place_batch_20260421_220319/dpl_evolve_baseline/openroad_dpl_hpwl_only_9case_bo_place_batch_20260421_220319_ariane133_nangate45_trial_e41cade1_ef620e80c65b/metrics.json	50	omit	0	0.6176356747275782	1.3533362610735158	1.7961475362298114	18.150782958171227	238	1619	1.9308825806805658	2.00 1.50 1.20 1.05
e463b32a	ok	5796112.5	5796112.5	5784913.3	0.1935932211810363	159.844	1.0568058604183745	-0.1935932211810363	-0.1935932211810363	0.0	0	<ORIGINAL_WORKSPACE>/OpenROAD-flow-scripts/flow/reports/nangate45/ariane133/place_batch_20260421_220319/dpl_evolve_baseline/openroad_dpl_hpwl_only_9case_bo_place_batch_20260421_220319_ariane133_nangate45_trial_e463b32a_67ba63a2cf1e/metrics.json	4	omit	1	0.989085115451936	0.7833460204891367	1.5107027178060393	90.05209493030237	812	975	1.926826426777693	omit
e49d8340	ok	5792081.3	5792081.3	5784913.3	0.12390851216387289	151.555	1.0020032792954803	-0.12390851216387289	-0.12390851216387289	0.0	0	<ORIGINAL_WORKSPACE>/OpenROAD-flow-scripts/flow/reports/nangate45/ariane133/place_batch_20260421_220319/dpl_evolve_baseline/openroad_dpl_hpwl_only_9case_bo_place_batch_20260421_220319_ariane133_nangate45_trial_e49d8340_514e07c4e3c5/metrics.json	6	1024	0	0.9484985106760802	1.6029030808932136	0.6955892120407932	99.16400265252629	167	1815	1.5774891982094685	omit
e627c370	ok	5793842.2	5793842.2	5784913.3	0.15434803491351154	159.371	1.0536786290429216	-0.15434803491351154	-0.15434803491351154	0.0	0	<ORIGINAL_WORKSPACE>/OpenROAD-flow-scripts/flow/reports/nangate45/ariane133/place_batch_20260421_220319/dpl_evolve_baseline/openroad_dpl_hpwl_only_9case_bo_place_batch_20260421_220319_ariane133_nangate45_trial_e627c370_429a95c26215/metrics.json	22	1024	0	0.9300398702358982	1.8808942206006918	0.7231114779998579	107.70779064781766	720	1849	1.4427308254245501	1.75 1.35 1.15 1.05
e63b4d53	ok	6051751.5	6051751.5	5784913.3	4.612656856931636	95.208	0.6294660566471848	-4.612656856931636	-4.612656856931636	0.0	0	<ORIGINAL_WORKSPACE>/OpenROAD-flow-scripts/flow/reports/nangate45/ariane133/place_batch_20260421_220319/dpl_evolve_baseline/openroad_dpl_hpwl_only_9case_bo_place_batch_20260421_220319_ariane133_nangate45_trial_e63b4d53_6d85b8e36c74/metrics.json	84	512 64	0	0.47432566505133256	1.1628976049102109	1.9150415951215836	99.01378479989856	1055	2667	1.1878196603468554	1.50 1.25 1.10 1.04
e7a90779	ok	5794734.0	5794734.0	5784913.3	0.16976399629014643	161.19	1.0657049162986274	-0.1697639962901464	-0.1697639962901464	0.0	0	<ORIGINAL_WORKSPACE>/OpenROAD-flow-scripts/flow/reports/nangate45/ariane133/place_batch_20260421_220319/dpl_evolve_baseline/openroad_dpl_hpwl_only_9case_bo_place_batch_20260421_220319_ariane133_nangate45_trial_e7a90779_0f40664ef7b9/metrics.json	57	omit	1	0.9129313873143207	0.8803279533375625	1.886665349090448	113.94172066154987	502	2374	1.6828745446810278	1.10 1.04
e7dcd851	ok	5791235.1	5791235.1	5784913.3	0.10928080806327407	143.372	0.9479015153518632	-0.10928080806327407	-0.10928080806327407	0.0	0	<ORIGINAL_WORKSPACE>/OpenROAD-flow-scripts/flow/reports/nangate45/ariane133/place_batch_20260421_220319/dpl_evolve_baseline/openroad_dpl_hpwl_only_9case_bo_place_batch_20260421_220319_ariane133_nangate45_trial_e7dcd851_6720d9020046/metrics.json	46	omit	0	0.6014105751804658	1.8815921362772998	1.7363252614927494	116.28547304348594	916	913	1.5797377546341336	1.25 1.10 1.04
e905ba29	ok	5803245.2	5803245.2	5784913.3	0.3168915254097304	146.092	0.965884748631423	-0.31689152540973037	-0.31689152540973037	0.0	0	<ORIGINAL_WORKSPACE>/OpenROAD-flow-scripts/flow/reports/nangate45/ariane133/place_batch_20260421_220319/dpl_evolve_baseline/openroad_dpl_hpwl_only_9case_bo_place_batch_20260421_220319_ariane133_nangate45_trial_e905ba29_c7ab0ba071c7/metrics.json	43	omit	0	0.8324028645732888	1.1066357185057287	1.9530376003681456	103.04528696602418	221	2065	1.7131829532742078	1.50 1.25 1.10 1.04
e956f112	ok	5788774.7	5788774.7	5784913.3	0.06674948784453472	145.932	0.9648269113796841	-0.06674948784453473	-0.06674948784453473	0.0	0	<ORIGINAL_WORKSPACE>/OpenROAD-flow-scripts/flow/reports/nangate45/ariane133/place_batch_20260421_220319/dpl_evolve_baseline/openroad_dpl_hpwl_only_9case_bo_place_batch_20260421_220319_ariane133_nangate45_trial_e956f112_f1cf90f31139/metrics.json	42	omit	0	0.897906270591423	1.0657417661067807	1.2519509479594675	12.240570893422214	231	3641	1.968667995002461	2.00 1.50 1.20 1.05
e9696bb6	ok	5784913.3	5784913.3	5784913.3	0.0	157.749	1.0429548039034193	0.0	0.0	0.0	0	<ORIGINAL_WORKSPACE>/OpenROAD-flow-scripts/flow/reports/nangate45/ariane133/place_batch_20260421_220319/dpl_evolve_baseline/openroad_dpl_hpwl_only_9case_bo_place_batch_20260421_220319_ariane133_nangate45_trial_e9696bb6_56bbe8c32509/metrics.json	1	omit	0	0.41253248851523716	0.5120276373018497	0.3012207434612881	36.65325454869765	122	1234	1.015890231241626	omit
eaa9cc4a	ok	5790736.5	5790736.5	5784913.3	0.10066183705813164	157.594	1.0419300240657974	-0.10066183705813164	-0.10066183705813164	0.0	0	<ORIGINAL_WORKSPACE>/OpenROAD-flow-scripts/flow/reports/nangate45/ariane133/place_batch_20260421_220319/dpl_evolve_baseline/openroad_dpl_hpwl_only_9case_bo_place_batch_20260421_220319_ariane133_nangate45_trial_eaa9cc4a_fd96f4587845/metrics.json	9	512	1	0.7572701581154996	0.5779881918294081	0.6926823409422792	62.85010538876102	353	1326	1.1360342014640896	2.50 1.75 1.25 1.08
eacd4f92	ok	5792479.0	5792479.0	5784913.3	0.1307832910823432	150.344	0.993996773596382	-0.1307832910823432	-0.1307832910823432	0.0	0	<ORIGINAL_WORKSPACE>/OpenROAD-flow-scripts/flow/reports/nangate45/ariane133/place_batch_20260421_220319/dpl_evolve_baseline/openroad_dpl_hpwl_only_9case_bo_place_batch_20260421_220319_ariane133_nangate45_trial_eacd4f92_7cbae435b5a9/metrics.json	11	omit	1	0.3904962726852222	0.005703562140634971	0.5549245222798104	104.0084744752227	202	402	1.001667925372383	omit
eb489984	ok	6194230.7	6194230.7	5784913.3	7.07560128861396	96.95	0.6409832597254912	-7.07560128861396	-7.07560128861396	0.0	0	<ORIGINAL_WORKSPACE>/OpenROAD-flow-scripts/flow/reports/nangate45/ariane133/place_batch_20260421_220319/dpl_evolve_baseline/openroad_dpl_hpwl_only_9case_bo_place_batch_20260421_220319_ariane133_nangate45_trial_eb489984_00fb7ef270d1/metrics.json	71	256 32	1	0.9859113378253491	1.3746012982673996	1.28742045340219	123.74687975129869	690	1711	1.4883964405324461	1.10 1.04
ebee83ae	ok	6013009.8	6013009.8	5784913.3	3.942954512386556	124.752	0.8247957051807578	-3.9429545123865557	-3.9429545123865557	0.0	0	<ORIGINAL_WORKSPACE>/OpenROAD-flow-scripts/flow/reports/nangate45/ariane133/place_batch_20260421_220319/dpl_evolve_baseline/openroad_dpl_hpwl_only_9case_bo_place_batch_20260421_220319_ariane133_nangate45_trial_ebee83ae_b71768b26d45/metrics.json	4	128	1	0.7280218905913548	0.7905463482554205	0.9099876835161965	10.98181403074377	421	1431	1.4518287214483665	1.25 1.10 1.04
ec2b4d3e	ok	5795347.3	5795347.3	5784913.3	0.1803657109260393	140.438	0.9285034247481023	-0.18036571092603929	-0.18036571092603929	0.0	0	<ORIGINAL_WORKSPACE>/OpenROAD-flow-scripts/flow/reports/nangate45/ariane133/place_batch_20260421_220319/dpl_evolve_baseline/openroad_dpl_hpwl_only_9case_bo_place_batch_20260421_220319_ariane133_nangate45_trial_ec2b4d3e_eb438e81f1c2/metrics.json	15	1024	0	0.3274400448916484	0.9621977613647256	0.8093683141486393	6.190879928257342	147	490	1.1640274413668201	1.10 1.04
ed75eddf	ok	5867494.9	5867494.9	5784913.3	1.427533926912968	134.728	0.8907518578266733	-1.4275339269129679	-1.4275339269129679	0.0	0	<ORIGINAL_WORKSPACE>/OpenROAD-flow-scripts/flow/reports/nangate45/ariane133/place_batch_20260421_220319/dpl_evolve_baseline/openroad_dpl_hpwl_only_9case_bo_place_batch_20260421_220319_ariane133_nangate45_trial_ed75eddf_6678d67def1e/metrics.json	20	256	0	0.5319370130315342	0.7795293362651768	1.0739650360623993	1.3694349460263808	466	3334	1.9848726983064695	1.25 1.10 1.04
edea6998	ok	6007490.3	6007490.3	5784913.3	3.8475425379322457	116.451	0.7699137862639832	-3.847542537932245	-3.847542537932245	0.0	0	<ORIGINAL_WORKSPACE>/OpenROAD-flow-scripts/flow/reports/nangate45/ariane133/place_batch_20260421_220319/dpl_evolve_baseline/openroad_dpl_hpwl_only_9case_bo_place_batch_20260421_220319_ariane133_nangate45_trial_edea6998_23b554a4822d/metrics.json	47	128	1	0.3277528210172754	0.05922582789572671	0.30525517624503895	90.29109060875416	109	1314	1.0299224314972673	1.75 1.35 1.15 1.05
edffee72	ok	5784080.9	5784080.9	5784913.3	-0.014389152556520445	153.344	1.013831222066485	0.014389152556520445	0.014389152556520445	0.0	0	<ORIGINAL_WORKSPACE>/OpenROAD-flow-scripts/flow/reports/nangate45/ariane133/place_batch_20260421_220319/dpl_evolve_baseline/openroad_dpl_hpwl_only_9case_bo_place_batch_20260421_220319_ariane133_nangate45_trial_edffee72_1d51cd31a072/metrics.json	17	1024	1	0.5511587769799182	0.5987157664774408	0.5227524574435547	60.04018879302437	104	1034	1.0830181437772364	1.75 1.35 1.15 1.05
ee05c681	ok	5803245.2	5803245.2	5784913.3	0.3168915254097304	142.364	0.9412371406659085	-0.31689152540973037	-0.31689152540973037	0.0	0	<ORIGINAL_WORKSPACE>/OpenROAD-flow-scripts/flow/reports/nangate45/ariane133/place_batch_20260421_220319/dpl_evolve_baseline/openroad_dpl_hpwl_only_9case_bo_place_batch_20260421_220319_ariane133_nangate45_trial_ee05c681_1c5a9556ad3a/metrics.json	43	1024	1	0.7017704853116129	1.0759809931363884	1.7514577469899941	103.03188150842351	948	2856	1.4319713101885498	1.04
ee2cc082	ok	5784913.3	5784913.3	5784913.3	0.0	154.625	1.022300531563219	0.0	0.0	0.0	0	<ORIGINAL_WORKSPACE>/OpenROAD-flow-scripts/flow/reports/nangate45/ariane133/place_batch_20260421_220319/dpl_evolve_baseline/openroad_dpl_hpwl_only_9case_bo_place_batch_20260421_220319_ariane133_nangate45_trial_ee2cc082_9246c653651a/metrics.json	1	omit	0	0.6721165629057435	0.3433460506188301	0.3878508251095271	45.50107138532863	90	1352	1.1275734119808933	omit
ee62d000	ok	5795082.0	5795082.0	5784913.3	0.1757796439231023	141.423	0.9350157353291195	-0.1757796439231023	-0.1757796439231023	0.0	0	<ORIGINAL_WORKSPACE>/OpenROAD-flow-scripts/flow/reports/nangate45/ariane133/place_batch_20260421_220319/dpl_evolve_baseline/openroad_dpl_hpwl_only_9case_bo_place_batch_20260421_220319_ariane133_nangate45_trial_ee62d000_8f6d279e6334/metrics.json	73	omit	0	0.7334050749311282	0.584111875057955	0.984907636672404	52.99727706124935	493	3231	1.6295912942525435	1.75 1.35 1.15 1.05
ee91f47e	ok	5791587.4	5791587.4	5784913.3	0.11537078697446614	144.487	0.9552733186999179	-0.11537078697446614	-0.11537078697446614	0.0	0	<ORIGINAL_WORKSPACE>/OpenROAD-flow-scripts/flow/reports/nangate45/ariane133/place_batch_20260421_220319/dpl_evolve_baseline/openroad_dpl_hpwl_only_9case_bo_place_batch_20260421_220319_ariane133_nangate45_trial_ee91f47e_900bc15766f9/metrics.json	59	512	1	0.9214235701427453	0.6950479359261854	1.102940833478612	29.319211169643467	263	2332	1.8605477530132553	2.00 1.50 1.20 1.05
efa03d46	ok	5784913.3	5784913.3	5784913.3	0.0	148.984	0.9850051569566022	0.0	0.0	0.0	0	<ORIGINAL_WORKSPACE>/OpenROAD-flow-scripts/flow/reports/nangate45/ariane133/place_batch_20260421_220319/dpl_evolve_baseline/openroad_dpl_hpwl_only_9case_bo_place_batch_20260421_220319_ariane133_nangate45_trial_efa03d46_4f0c4840322b/metrics.json	1	omit	0	0.25386132122502003	0.8468218846345439	0.6767767104339952	58.09874026392626	340	801	1.0015340716721006	omit
f03bdf8a	ok	5794335.7	5794335.7	5784913.3	0.16287884556541882	149.448	0.9880728849866448	-0.16287884556541882	-0.16287884556541882	0.0	0	<ORIGINAL_WORKSPACE>/OpenROAD-flow-scripts/flow/reports/nangate45/ariane133/place_batch_20260421_220319/dpl_evolve_baseline/openroad_dpl_hpwl_only_9case_bo_place_batch_20260421_220319_ariane133_nangate45_trial_f03bdf8a_e216d6860e55/metrics.json	62	omit	0	0.9870390288892549	0.7836261280261682	1.9107817139302834	112.85417189799375	1184	1899	1.5046703442279667	2.50 1.75 1.25 1.08
f144c70f	ok	5786095.4	5786095.4	5784913.3	0.020434186973909512	139.116	0.9197630444556105	-0.020434186973909512	-0.020434186973909512	0.0	0	<ORIGINAL_WORKSPACE>/OpenROAD-flow-scripts/flow/reports/nangate45/ariane133/place_batch_20260421_220319/dpl_evolve_baseline/openroad_dpl_hpwl_only_9case_bo_place_batch_20260421_220319_ariane133_nangate45_trial_f144c70f_1238a0024a96/metrics.json	29	1024	0	0.27727077559982427	0.632730204569292	0.45626221419625423	43.118964724382245	216	1106	1.0669499275680878	omit
f2d5f31d	ok	5798474.1	5798474.1	5784913.3	0.23441665063502012	156.734	1.0362441488377012	-0.23441665063502012	-0.23441665063502012	0.0	0	<ORIGINAL_WORKSPACE>/OpenROAD-flow-scripts/flow/reports/nangate45/ariane133/place_batch_20260421_220319/dpl_evolve_baseline/openroad_dpl_hpwl_only_9case_bo_place_batch_20260421_220319_ariane133_nangate45_trial_f2d5f31d_7676cce0536a/metrics.json	19	omit	0	0.7364100033317036	0.8232926136395673	0.6733594823142309	36.799889932962266	100	372	1.3177869903653043	2.50 1.75 1.25 1.08
f47cb0ff	ok	5785769.3	5785769.3	5784913.3	0.01479711026956964	141.675	0.9366818290006083	-0.014797110269569641	-0.014797110269569641	0.0	0	<ORIGINAL_WORKSPACE>/OpenROAD-flow-scripts/flow/reports/nangate45/ariane133/place_batch_20260421_220319/dpl_evolve_baseline/openroad_dpl_hpwl_only_9case_bo_place_batch_20260421_220319_ariane133_nangate45_trial_f47cb0ff_20a81be0972a/metrics.json	12	omit	1	0.847615045150414	1.0710524150249923	1.5725375741396048	127.77607659801717	905	2560	1.478520337222343	1.50 1.25 1.10 1.04
f563609c	ok	5796112.5	5796112.5	5784913.3	0.1935932211810363	153.122	1.0123634728796975	-0.1935932211810363	-0.1935932211810363	0.0	0	<ORIGINAL_WORKSPACE>/OpenROAD-flow-scripts/flow/reports/nangate45/ariane133/place_batch_20260421_220319/dpl_evolve_baseline/openroad_dpl_hpwl_only_9case_bo_place_batch_20260421_220319_ariane133_nangate45_trial_f563609c_f0a2044c2bc4/metrics.json	4	omit	0	0.2663514306555324	0.8390775893632193	0.13549661317599804	52.510844984104914	308	589	1.1041015837468735	1.75 1.35 1.15 1.05
f65308ce	ok	6426359.2	6426359.2	5784913.3	11.088254339092694	61.132	0.4041731679581096	-11.088254339092694	-11.088254339092694	0.0	0	<ORIGINAL_WORKSPACE>/OpenROAD-flow-scripts/flow/reports/nangate45/ariane133/place_batch_20260421_220319/dpl_evolve_baseline/openroad_dpl_hpwl_only_9case_bo_place_batch_20260421_220319_ariane133_nangate45_trial_f65308ce_096b21540ca1/metrics.json	4	64 8	0	0.5483632044223327	0.8785803557844716	0.7443678322422322	25.165339867764636	83	1052	1.1532060570393783	omit
f6eeef56	ok	6207258.0	6207258.0	5784913.3	7.300795674846158	96.627	0.6388477507735434	-7.300795674846158	-7.300795674846158	0.0	0	<ORIGINAL_WORKSPACE>/OpenROAD-flow-scripts/flow/reports/nangate45/ariane133/place_batch_20260421_220319/dpl_evolve_baseline/openroad_dpl_hpwl_only_9case_bo_place_batch_20260421_220319_ariane133_nangate45_trial_f6eeef56_13b3195dc835/metrics.json	65	64	1	0.9536030523078327	0.690835878773694	1.86419758801444	127.33202590733441	983	3900	1.381417294427128	1.10 1.04
f7974b2d	ok	5791775.3	5791775.3	5784913.3	0.11861889096937721	147.246	0.9735143998095893	-0.1186188909693772	-0.1186188909693772	0.0	0	<ORIGINAL_WORKSPACE>/OpenROAD-flow-scripts/flow/reports/nangate45/ariane133/place_batch_20260421_220319/dpl_evolve_baseline/openroad_dpl_hpwl_only_9case_bo_place_batch_20260421_220319_ariane133_nangate45_trial_f7974b2d_25757c194ea7/metrics.json	24	1024	1	0.6295357062516154	0.9586451362237546	1.3903596941598417	141.12410128653676	978	3777	1.1941508349915213	2.50 1.75 1.25 1.08
f7ba4cdc	ok	6046167.7	6046167.7	5784913.3	4.516133370572734	102.687	0.6789133366831512	-4.516133370572734	-4.516133370572734	0.0	0	<ORIGINAL_WORKSPACE>/OpenROAD-flow-scripts/flow/reports/nangate45/ariane133/place_batch_20260421_220319/dpl_evolve_baseline/openroad_dpl_hpwl_only_9case_bo_place_batch_20260421_220319_ariane133_nangate45_trial_f7ba4cdc_4ca665defb37/metrics.json	42	512 64	1	0.9318611166365406	1.8737367626181873	1.6964433997031407	138.03097714584908	312	441	1.2273097362846888	2.50 1.75 1.25 1.08
f87add8c	ok	5793481.4	5793481.4	5784913.3	0.14811112208026625	147.218	0.9733292782905348	-0.14811112208026625	-0.14811112208026625	0.0	0	<ORIGINAL_WORKSPACE>/OpenROAD-flow-scripts/flow/reports/nangate45/ariane133/place_batch_20260421_220319/dpl_evolve_baseline/openroad_dpl_hpwl_only_9case_bo_place_batch_20260421_220319_ariane133_nangate45_trial_f87add8c_e0d438f75143/metrics.json	3	omit	0	0.18246363444516767	0.9437408353274177	0.9037836119894431	64.7905641200751	490	218	1.135858550841855	omit
fa26dda4	ok	6057882.1	6057882.1	5784913.3	4.718632516065536	95.988	0.6346230132494115	-4.718632516065536	-4.718632516065536	0.0	0	<ORIGINAL_WORKSPACE>/OpenROAD-flow-scripts/flow/reports/nangate45/ariane133/place_batch_20260421_220319/dpl_evolve_baseline/openroad_dpl_hpwl_only_9case_bo_place_batch_20260421_220319_ariane133_nangate45_trial_fa26dda4_fb1a0cae2e9a/metrics.json	7	512 64	1	0.9711526147919385	1.3077127452420756	0.9838712229528999	60.5776948247476	141	1677	1.3016755341411035	1.75 1.35 1.15 1.05
fa2d1fc0	ok	5784913.3	5784913.3	5784913.3	0.0	142.955	0.9451445270145188	0.0	0.0	0.0	0	<ORIGINAL_WORKSPACE>/OpenROAD-flow-scripts/flow/reports/nangate45/ariane133/place_batch_20260421_220319/dpl_evolve_baseline/openroad_dpl_hpwl_only_9case_bo_place_batch_20260421_220319_ariane133_nangate45_trial_fa2d1fc0_a665a9d2b573/metrics.json	1	omit	1	0.7212011836993262	0.7396119018783703	1.3194281338064273	128.27172238774432	791	1300	1.204354488196076	1.04
fac92bc5	ok	6313276.0	6313276.0	5784913.3	9.133459268957415	78.0	0.5156956602226747	-9.133459268957413	-9.133459268957413	0.0	0	<ORIGINAL_WORKSPACE>/OpenROAD-flow-scripts/flow/reports/nangate45/ariane133/place_batch_20260421_220319/dpl_evolve_baseline/openroad_dpl_hpwl_only_9case_bo_place_batch_20260421_220319_ariane133_nangate45_trial_fac92bc5_d0943da4f49d/metrics.json	52	32	1	0.8622973041451671	1.4397038286712591	1.774377510184604	106.77331073672454	307	2767	1.847829983604839	1.10 1.04
fb3d5d2b	ok	5788774.7	5788774.7	5784913.3	0.06674948784453472	144.649	0.9563443789173035	-0.06674948784453473	-0.06674948784453473	0.0	0	<ORIGINAL_WORKSPACE>/OpenROAD-flow-scripts/flow/reports/nangate45/ariane133/place_batch_20260421_220319/dpl_evolve_baseline/openroad_dpl_hpwl_only_9case_bo_place_batch_20260421_220319_ariane133_nangate45_trial_fb3d5d2b_0b77a355b489/metrics.json	42	omit	0	0.3111538928619513	0.8483469998254907	1.3678620687259215	10.050287672029564	361	3832	1.8911419166860983	2.00 1.50 1.20 1.05
fb5ac8de	ok	5793020.6	5793020.6	5784913.3	0.14014557486971868	151.912	1.0043635786634226	-0.14014557486971868	-0.14014557486971868	0.0	0	<ORIGINAL_WORKSPACE>/OpenROAD-flow-scripts/flow/reports/nangate45/ariane133/place_batch_20260421_220319/dpl_evolve_baseline/openroad_dpl_hpwl_only_9case_bo_place_batch_20260421_220319_ariane133_nangate45_trial_fb5ac8de_7967728c732d/metrics.json	63	omit	1	0.4277373293360762	1.615396818224419	0.7393929822025813	32.05398564443717	933	1304	1.7332450677264275	omit
fbc21785	ok	5792479.0	5792479.0	5784913.3	0.1307832910823432	148.513	0.981891148546796	-0.1307832910823432	-0.1307832910823432	0.0	0	<ORIGINAL_WORKSPACE>/OpenROAD-flow-scripts/flow/reports/nangate45/ariane133/place_batch_20260421_220319/dpl_evolve_baseline/openroad_dpl_hpwl_only_9case_bo_place_batch_20260421_220319_ariane133_nangate45_trial_fbc21785_1a7af9173a08/metrics.json	11	1024	0	0.9473578617661318	1.1361180255658159	1.2650310518307173	139.90583250261287	1104	1537	1.7099913657822972	1.04
fc81d5ec	ok	5868726.7	5868726.7	5784913.3	1.4488272451723758	113.3	0.7490810038875518	-1.4488272451723758	-1.4488272451723758	0.0	0	<ORIGINAL_WORKSPACE>/OpenROAD-flow-scripts/flow/reports/nangate45/ariane133/place_batch_20260421_220319/dpl_evolve_baseline/openroad_dpl_hpwl_only_9case_bo_place_batch_20260421_220319_ariane133_nangate45_trial_fc81d5ec_607918e056d9/metrics.json	74	256	1	0.9933239601222658	0.8962786050284768	1.43364015536324	143.92591853629494	778	2795	1.1301002820191737	2.50 1.75 1.25 1.08
fcf1d775	ok	6190037.7	6190037.7	5784913.3	7.0031196491743515	109.937	0.7268465871525666	-7.0031196491743515	-7.0031196491743515	0.0	0	<ORIGINAL_WORKSPACE>/OpenROAD-flow-scripts/flow/reports/nangate45/ariane133/place_batch_20260421_220319/dpl_evolve_baseline/openroad_dpl_hpwl_only_9case_bo_place_batch_20260421_220319_ariane133_nangate45_trial_fcf1d775_7789f27fd162/metrics.json	13	256 32	0	0.44789352617590517	1.8171910061861911	0.622547589328675	43.16630078795231	199	175	1.678835532939891	1.04
fd8f1a36	ok	6058850.1	6058850.1	5784913.3	4.735365696837666	105.347	0.6964998809933091	-4.735365696837666	-4.735365696837666	0.0	0	<ORIGINAL_WORKSPACE>/OpenROAD-flow-scripts/flow/reports/nangate45/ariane133/place_batch_20260421_220319/dpl_evolve_baseline/openroad_dpl_hpwl_only_9case_bo_place_batch_20260421_220319_ariane133_nangate45_trial_fd8f1a36_3171e0764545/metrics.json	69	512 64	1	0.5969867036760605	0.23389707286362854	0.6713069343764783	62.8795979973628	226	1654	1.0386711479797828	1.75 1.35 1.15 1.05
fdeab7d1	ok	5791380.7	5791380.7	5784913.3	0.1117976997166124	149.409	0.9878150371565334	-0.1117976997166124	-0.1117976997166124	0.0	0	<ORIGINAL_WORKSPACE>/OpenROAD-flow-scripts/flow/reports/nangate45/ariane133/place_batch_20260421_220319/dpl_evolve_baseline/openroad_dpl_hpwl_only_9case_bo_place_batch_20260421_220319_ariane133_nangate45_trial_fdeab7d1_86c95a280928/metrics.json	35	omit	1	0.9732600934140433	0.33802381377936913	1.2488132358436304	123.94354136700787	1162	3244	1.0693227853317064	2.50 1.75 1.25 1.08
fe409fd7	ok	5786414.5	5786414.5	5784913.3	0.02595025927182325	156.429	1.034227646576574	-0.02595025927182325	-0.02595025927182325	0.0	0	<ORIGINAL_WORKSPACE>/OpenROAD-flow-scripts/flow/reports/nangate45/ariane133/place_batch_20260421_220319/dpl_evolve_baseline/openroad_dpl_hpwl_only_9case_bo_place_batch_20260421_220319_ariane133_nangate45_trial_fe409fd7_48bd1c8a0010/metrics.json	31	omit	0	0.270078777484141	0.3901861406148399	0.8188326573849518	37.43118403293558	285	782	1.1287994250301965	1.04
ff9c3799	ok	5791380.7	5791380.7	5784913.3	0.1117976997166124	152.026	1.0051172877052865	-0.1117976997166124	-0.1117976997166124	0.0	0	<ORIGINAL_WORKSPACE>/OpenROAD-flow-scripts/flow/reports/nangate45/ariane133/place_batch_20260421_220319/dpl_evolve_baseline/openroad_dpl_hpwl_only_9case_bo_place_batch_20260421_220319_ariane133_nangate45_trial_ff9c3799_1af795e4edf1/metrics.json	35	1024	0	0.7477986144701856	0.3387372343449183	1.7441021826579661	140.60510840339003	659	679	1.0643234437172437	1.04
