trial	status	score	hpwl_final	hpwl_ref	hpwl_delta_percent	runtime	runtime_ratio	gain_hr	hpwl_gain_percent	runtime_penalty_pp	legalize_exit_status	metrics_path	improve_random_seed	improve_max_displacement	improve_enable_extra_dpl	global_swap_tradeoff	global_swap_area_weight	global_swap_pin_weight	global_swap_congestion_user_weight	global_swap_sampling_moves	global_swap_normalization_interval	global_swap_profiling_excess	global_swap_budget_multipliers
02eadea5	ok	200057.2	200057.2	200130.4	-0.03657615234865994	5.098	1.009305088101366	0.03657615234865994	0.03657615234865994	0.0	0	<ORIGINAL_WORKSPACE>/OpenROAD-flow-scripts/flow/reports/nangate45/ibex/place_batch_20260421_220319/dpl_evolve_baseline/openroad_dpl_hpwl_only_9case_bo_place_batch_20260421_220319_ibex_nangate45_trial_02eadea5_82d81543d20b/metrics.json	24	64 8	1	0.24338525206784922	1.979762425584474	0.43003300399374556	90.83750823206549	792	1731	1.9247593295234937	1.10 1.04
03221427	ok	200156.1	200156.1	200130.4	0.01284162725903293	5.21	1.0314789150663235	-0.012841627259032932	-0.012841627259032932	0.0	0	<ORIGINAL_WORKSPACE>/OpenROAD-flow-scripts/flow/reports/nangate45/ibex/place_batch_20260421_220319/dpl_evolve_baseline/openroad_dpl_hpwl_only_9case_bo_place_batch_20260421_220319_ibex_nangate45_trial_03221427_5f1580e2dd30/metrics.json	50	256 32	1	0.2900625383573431	0.5831830159591749	1.1966022120905662	70.854795832767	567	393	1.8892684373396946	1.04
034e8cd7	ok	200192.1	200192.1	200130.4	0.030829898905919164	5.066	1.002969708968521	-0.030829898905919164	-0.030829898905919164	0.0	0	<ORIGINAL_WORKSPACE>/OpenROAD-flow-scripts/flow/reports/nangate45/ibex/place_batch_20260421_220319/dpl_evolve_baseline/openroad_dpl_hpwl_only_9case_bo_place_batch_20260421_220319_ibex_nangate45_trial_034e8cd7_fc2b9d4ebd94/metrics.json	17	256 32	0	0.03205165955254746	1.9622467368323555	0.061193551369643606	80.10317003346144	410	2610	1.6146945908124857	omit
03e4bb05	ok	200130.0	200130.0	200130.4	-0.0001998696849624941	5.283	1.045931498713126	0.00019986968496249407	0.00019986968496249407	0.0	0	<ORIGINAL_WORKSPACE>/OpenROAD-flow-scripts/flow/reports/nangate45/ibex/place_batch_20260421_220319/dpl_evolve_baseline/openroad_dpl_hpwl_only_9case_bo_place_batch_20260421_220319_ibex_nangate45_trial_03e4bb05_f522379529e6/metrics.json	49	128	0	0.4941012922118032	1.7835741550597073	0.8779038114821647	113.50449192649535	804	989	1.776238164945413	1.10 1.04
049248c7	ok	200134.0	200134.0	200130.4	0.0017988271646915315	4.893	0.9687190655315778	-0.0017988271646915315	-0.0017988271646915315	0.0	0	<ORIGINAL_WORKSPACE>/OpenROAD-flow-scripts/flow/reports/nangate45/ibex/place_batch_20260421_220319/dpl_evolve_baseline/openroad_dpl_hpwl_only_9case_bo_place_batch_20260421_220319_ibex_nangate45_trial_049248c7_4a26ce696425/metrics.json	116	32	0	0.34724983530301967	0.010422017215269343	0.7544249237415961	148.69118515401317	618	754	1.0273281297670456	1.10 1.04
05fcc310	ok	200025.8	200025.8	200130.4	-0.05226592261845568	4.927	0.9754504058602256	0.05226592261845568	0.05226592261845568	0.0	0	<ORIGINAL_WORKSPACE>/OpenROAD-flow-scripts/flow/reports/nangate45/ibex/place_batch_20260421_220319/dpl_evolve_baseline/openroad_dpl_hpwl_only_9case_bo_place_batch_20260421_220319_ibex_nangate45_trial_05fcc310_30bca8fc260e/metrics.json	58	64 8	0	0.040914367954205624	1.636883098307245	1.106272281940166	75.14753113520447	631	153	1.6523225932021102	1.04
064a8f1d	ok	200180.7	200180.7	200130.4	0.0251336128844081	4.943	0.9786180954266481	-0.0251336128844081	-0.0251336128844081	0.0	0	<ORIGINAL_WORKSPACE>/OpenROAD-flow-scripts/flow/reports/nangate45/ibex/place_batch_20260421_220319/dpl_evolve_baseline/openroad_dpl_hpwl_only_9case_bo_place_batch_20260421_220319_ibex_nangate45_trial_064a8f1d_4b847508993f/metrics.json	29	128 16	1	0.48124893604637226	1.4920397170525475	0.3656563997105166	83.03970639159162	768	495	1.9620885549752927	1.04
0651fe5b	ok	200050.1	200050.1	200130.4	-0.04012383925679875	5.326	1.0544446644228864	0.04012383925679875	0.04012383925679875	0.0	0	<ORIGINAL_WORKSPACE>/OpenROAD-flow-scripts/flow/reports/nangate45/ibex/place_batch_20260421_220319/dpl_evolve_baseline/openroad_dpl_hpwl_only_9case_bo_place_batch_20260421_220319_ibex_nangate45_trial_0651fe5b_baf558b9aac2/metrics.json	37	64 8	1	0.18201451630925422	0.9128975271801759	1.1371263182397773	131.43607710170744	181	146	1.7581180092640458	1.25 1.10 1.04
08785b59	ok	200191.0	200191.0	200130.4	0.0302802572722614	5.363	1.0617699465452386	-0.030280257272261395	-0.030280257272261395	0.0	0	<ORIGINAL_WORKSPACE>/OpenROAD-flow-scripts/flow/reports/nangate45/ibex/place_batch_20260421_220319/dpl_evolve_baseline/openroad_dpl_hpwl_only_9case_bo_place_batch_20260421_220319_ibex_nangate45_trial_08785b59_6088d52cd3f0/metrics.json	17	1024	1	0.5531103880527259	1.4289792331046178	0.3948287187161676	17.91105190537939	1130	865	1.904530400490505	1.25 1.10 1.04
09857ceb	ok	200130.4	200130.4	200130.4	0.0	5.146	1.0188081568006335	0.0	0.0	0.0	0	<ORIGINAL_WORKSPACE>/OpenROAD-flow-scripts/flow/reports/nangate45/ibex/place_batch_20260421_220319/dpl_evolve_baseline/openroad_dpl_hpwl_only_9case_bo_place_batch_20260421_220319_ibex_nangate45_trial_09857ceb_4abf36186b0d/metrics.json	1	1024	1	0.65	0.8	0.9	55.0	400	800	1.2	1.75 1.35 1.15 1.05
0aea1e92	ok	200107.5	200107.5	200130.4	-0.011442539464266389	5.531	1.0950306869926747	0.011442539464266389	0.011442539464266389	0.0	0	<ORIGINAL_WORKSPACE>/OpenROAD-flow-scripts/flow/reports/nangate45/ibex/place_batch_20260421_220319/dpl_evolve_baseline/openroad_dpl_hpwl_only_9case_bo_place_batch_20260421_220319_ibex_nangate45_trial_0aea1e92_340c3bf027f5/metrics.json	52	128	0	0.8548979426974024	1.0554292926174933	1.6142141138089663	85.87327757874095	893	2124	1.770883910501888	1.10 1.04
0b00f2aa	ok	200067.5	200067.5	200130.4	-0.031429507960806645	5.162	1.021975846367056	0.031429507960806645	0.031429507960806645	0.0	0	<ORIGINAL_WORKSPACE>/OpenROAD-flow-scripts/flow/reports/nangate45/ibex/place_batch_20260421_220319/dpl_evolve_baseline/openroad_dpl_hpwl_only_9case_bo_place_batch_20260421_220319_ibex_nangate45_trial_0b00f2aa_6871d517e90f/metrics.json	23	64 8	1	0.2210500588039216	1.6429456447901014	1.2577944158394507	24.077707754008998	696	571	1.9589081487826219	1.04
0b827e24	ok	200032.6	200032.6	200130.4	-0.04886813797403511	4.812	0.9526826371015641	0.04886813797403511	0.04886813797403511	0.0	0	<ORIGINAL_WORKSPACE>/OpenROAD-flow-scripts/flow/reports/nangate45/ibex/place_batch_20260421_220319/dpl_evolve_baseline/openroad_dpl_hpwl_only_9case_bo_place_batch_20260421_220319_ibex_nangate45_trial_0b827e24_fe1433833576/metrics.json	109	64 8	1	0.1245573674890896	0.3822838119983617	0.1569483217583126	53.0594621031448	854	224	1.033869088923157	1.10 1.04
0c60ac71	ok	200073.8	200073.8	200130.4	-0.02828156042260737	5.071	1.003959611958028	0.02828156042260737	0.02828156042260737	0.0	0	<ORIGINAL_WORKSPACE>/OpenROAD-flow-scripts/flow/reports/nangate45/ibex/place_batch_20260421_220319/dpl_evolve_baseline/openroad_dpl_hpwl_only_9case_bo_place_batch_20260421_220319_ibex_nangate45_trial_0c60ac71_baad59dcf919/metrics.json	112	64 8	1	0.25033000249154386	0.3217897302788863	0.10224704954766645	78.31554900870715	518	1221	1.6723580430689133	1.04
0d3774c8	ok	200109.7	200109.7	200130.4	-0.010343256196950857	5.105	1.010690952286676	0.010343256196950857	0.010343256196950857	0.0	0	<ORIGINAL_WORKSPACE>/OpenROAD-flow-scripts/flow/reports/nangate45/ibex/place_batch_20260421_220319/dpl_evolve_baseline/openroad_dpl_hpwl_only_9case_bo_place_batch_20260421_220319_ibex_nangate45_trial_0d3774c8_50667bce6762/metrics.json	125	64 8	0	0.16881391343796992	1.3401266885302108	1.2523286221062404	90.32069859790207	786	1857	1.5825862170180487	1.25 1.10 1.04
0d4a5157	ok	200055.6	200055.6	200130.4	-0.037375631088524465	5.026	0.9950504850524647	0.037375631088524465	0.037375631088524465	0.0	0	<ORIGINAL_WORKSPACE>/OpenROAD-flow-scripts/flow/reports/nangate45/ibex/place_batch_20260421_220319/dpl_evolve_baseline/openroad_dpl_hpwl_only_9case_bo_place_batch_20260421_220319_ibex_nangate45_trial_0d4a5157_d077de3436d1/metrics.json	118	64 8	0	0.47541647840906887	1.1503706552344246	0.22010051410635584	82.34152950618403	1084	955	1.9135582608637642	1.04
0ee139ae	ok	200084.7	200084.7	200130.4	-0.02283511150728852	4.997	0.9893090477133241	0.02283511150728852	0.02283511150728852	0.0	0	<ORIGINAL_WORKSPACE>/OpenROAD-flow-scripts/flow/reports/nangate45/ibex/place_batch_20260421_220319/dpl_evolve_baseline/openroad_dpl_hpwl_only_9case_bo_place_batch_20260421_220319_ibex_nangate45_trial_0ee139ae_084e9f1a3749/metrics.json	115	128 16	0	0.005069664794442735	1.8737645368646016	0.05235942081092554	131.9936169152227	635	506	1.950930535851546	omit
0f309080	ok	200103.0	200103.0	200130.4	-0.013691073420127167	5.162	1.021975846367056	0.013691073420127167	0.013691073420127167	0.0	0	<ORIGINAL_WORKSPACE>/OpenROAD-flow-scripts/flow/reports/nangate45/ibex/place_batch_20260421_220319/dpl_evolve_baseline/openroad_dpl_hpwl_only_9case_bo_place_batch_20260421_220319_ibex_nangate45_trial_0f309080_9a49f213f67a/metrics.json	69	64 8	0	0.5118138185612282	1.170566056987913	1.5389927689300416	133.22621695609874	404	922	1.5999141249520747	omit
0f7ebc48	ok	200140.0	200140.0	200130.4	0.00479687243917257	4.992	0.988319144723817	-0.00479687243917257	-0.00479687243917257	0.0	0	<ORIGINAL_WORKSPACE>/OpenROAD-flow-scripts/flow/reports/nangate45/ibex/place_batch_20260421_220319/dpl_evolve_baseline/openroad_dpl_hpwl_only_9case_bo_place_batch_20260421_220319_ibex_nangate45_trial_0f7ebc48_667fd43347de/metrics.json	34	512	0	0.06620401298657125	0.8616666644459047	1.0425654213837867	121.48604123644935	183	604	1.8511399193838112	1.25 1.10 1.04
10eefb09	ok	200180.0	200180.0	200130.4	0.024783840935712828	5.225	1.0344486240348445	-0.024783840935712825	-0.024783840935712825	0.0	0	<ORIGINAL_WORKSPACE>/OpenROAD-flow-scripts/flow/reports/nangate45/ibex/place_batch_20260421_220319/dpl_evolve_baseline/openroad_dpl_hpwl_only_9case_bo_place_batch_20260421_220319_ibex_nangate45_trial_10eefb09_f9e0dca90f3f/metrics.json	114	256	1	0.23670454105055366	0.5012334297378622	0.284928932778149	122.27638560244691	349	491	1.3305823440028568	omit
11e9e03d	ok	200081.3	200081.3	200130.4	-0.024534003829506074	5.013	0.9924767372797465	0.024534003829506074	0.024534003829506074	0.0	0	<ORIGINAL_WORKSPACE>/OpenROAD-flow-scripts/flow/reports/nangate45/ibex/place_batch_20260421_220319/dpl_evolve_baseline/openroad_dpl_hpwl_only_9case_bo_place_batch_20260421_220319_ibex_nangate45_trial_11e9e03d_a4003191ee51/metrics.json	121	64 8	1	0.25482891227926546	0.23647897545571106	0.6305419705757562	130.18585500147512	872	2541	1.189879749585088	1.04
121dc862	ok	200169.6	200169.6	200130.4	0.019587229126615268	5.283	1.045931498713126	-0.019587229126615268	-0.019587229126615268	0.0	0	<ORIGINAL_WORKSPACE>/OpenROAD-flow-scripts/flow/reports/nangate45/ibex/place_batch_20260421_220319/dpl_evolve_baseline/openroad_dpl_hpwl_only_9case_bo_place_batch_20260421_220319_ibex_nangate45_trial_121dc862_9aea6c8e6013/metrics.json	107	256	1	0.16886485987960814	0.37009686561702143	0.29432729917617684	83.19269000588933	691	631	1.0570778011223574	1.75 1.35 1.15 1.05
1231fa49	ok	200178.8	200178.8	200130.4	0.0241842318808108	5.278	1.044941595723619	-0.024184231880810803	-0.024184231880810803	0.0	0	<ORIGINAL_WORKSPACE>/OpenROAD-flow-scripts/flow/reports/nangate45/ibex/place_batch_20260421_220319/dpl_evolve_baseline/openroad_dpl_hpwl_only_9case_bo_place_batch_20260421_220319_ibex_nangate45_trial_1231fa49_a8fa5e51edd8/metrics.json	101	1024 128	1	0.5616512652662011	0.7352452412751596	0.06161410257664662	140.5965015291943	968	734	1.5654437064529534	omit
12365e24	ok	200166.4	200166.4	200130.4	0.017988271646886232	5.35	1.0591961987725202	-0.017988271646886232	-0.017988271646886232	0.0	0	<ORIGINAL_WORKSPACE>/OpenROAD-flow-scripts/flow/reports/nangate45/ibex/place_batch_20260421_220319/dpl_evolve_baseline/openroad_dpl_hpwl_only_9case_bo_place_batch_20260421_220319_ibex_nangate45_trial_12365e24_7f0fba32b99a/metrics.json	126	256	0	0.5663567861874728	0.9578797483620142	0.21304365953754917	130.6887566674428	291	227	1.0203938578872618	1.75 1.35 1.15 1.05
12737bbe	ok	199983.8	199983.8	200130.4	-0.07325223953982295	5.155	1.0205899821817461	0.07325223953982295	0.07325223953982295	0.0	0	<ORIGINAL_WORKSPACE>/OpenROAD-flow-scripts/flow/reports/nangate45/ibex/place_batch_20260421_220319/dpl_evolve_baseline/openroad_dpl_hpwl_only_9case_bo_place_batch_20260421_220319_ibex_nangate45_trial_12737bbe_fb14c483147c/metrics.json	117	64 8	0	0.08097891734740616	1.4717936299296754	0.333457279866304	31.095403339845703	770	1802	1.9906426723447594	1.75 1.35 1.15 1.05
12931c0c	ok	200178.8	200178.8	200130.4	0.0241842318808108	5.338	1.0568204315977034	-0.024184231880810803	-0.024184231880810803	0.0	0	<ORIGINAL_WORKSPACE>/OpenROAD-flow-scripts/flow/reports/nangate45/ibex/place_batch_20260421_220319/dpl_evolve_baseline/openroad_dpl_hpwl_only_9case_bo_place_batch_20260421_220319_ibex_nangate45_trial_12931c0c_b78dac3c16e2/metrics.json	101	1024 128	0	0.36497588759850447	1.5420718937508313	0.22381658370568044	107.63777208349572	822	613	1.998859201646088	2.50 1.75 1.25 1.08
139c7722	ok	200176.5	200176.5	200130.4	0.023034981192265554	4.985	0.9869332805385073	-0.023034981192265554	-0.023034981192265554	0.0	0	<ORIGINAL_WORKSPACE>/OpenROAD-flow-scripts/flow/reports/nangate45/ibex/place_batch_20260421_220319/dpl_evolve_baseline/openroad_dpl_hpwl_only_9case_bo_place_batch_20260421_220319_ibex_nangate45_trial_139c7722_e0c7fc6b6e06/metrics.json	117	1024	0	0.27256614735917767	1.0497895225891256	0.5471572288308639	93.99538462821495	913	679	1.993523382754435	omit
142312ee	ok	200188.4	200188.4	200130.4	0.02898110431998337	5.239	1.0372203524054642	-0.02898110431998337	-0.02898110431998337	0.0	0	<ORIGINAL_WORKSPACE>/OpenROAD-flow-scripts/flow/reports/nangate45/ibex/place_batch_20260421_220319/dpl_evolve_baseline/openroad_dpl_hpwl_only_9case_bo_place_batch_20260421_220319_ibex_nangate45_trial_142312ee_51c61e571dd2/metrics.json	9	1024	1	0.5619088184145512	1.3758443035680659	1.1283678894721456	76.49213569174998	888	648	1.912106281008675	2.00 1.50 1.20 1.05
18392e76	ok	200016.2	200016.2	200130.4	-0.05706279505761371	4.783	0.9469411997624233	0.057062795057613705	0.057062795057613705	0.0	0	<ORIGINAL_WORKSPACE>/OpenROAD-flow-scripts/flow/reports/nangate45/ibex/place_batch_20260421_220319/dpl_evolve_baseline/openroad_dpl_hpwl_only_9case_bo_place_batch_20260421_220319_ibex_nangate45_trial_18392e76_5b28a7d64939/metrics.json	126	64 8	1	0.9242259776642062	0.8104704540597365	0.10057753180913431	116.04059577415224	1169	1259	1.344367634077416	omit
1ab0675b	ok	200156.3	200156.3	200130.4	0.012941562101506909	4.962	0.9823797267867748	-0.012941562101506907	-0.012941562101506907	0.0	0	<ORIGINAL_WORKSPACE>/OpenROAD-flow-scripts/flow/reports/nangate45/ibex/place_batch_20260421_220319/dpl_evolve_baseline/openroad_dpl_hpwl_only_9case_bo_place_batch_20260421_220319_ibex_nangate45_trial_1ab0675b_83df0aea83fb/metrics.json	88	32	0	0.43251059742846537	1.9732576773090427	0.505210704870586	41.923629981325405	671	572	1.9753525274970365	1.50 1.25 1.10 1.04
1b709614	ok	200016.2	200016.2	200130.4	-0.05706279505761371	5.003	0.9904969313007326	0.057062795057613705	0.057062795057613705	0.0	0	<ORIGINAL_WORKSPACE>/OpenROAD-flow-scripts/flow/reports/nangate45/ibex/place_batch_20260421_220319/dpl_evolve_baseline/openroad_dpl_hpwl_only_9case_bo_place_batch_20260421_220319_ibex_nangate45_trial_1b709614_f600d76f2b10/metrics.json	126	64 8	1	0.002927973544099585	0.7055685380858261	0.2963971792658728	79.76608931476153	933	502	1.226335215872116	1.04
1cd08ec9	ok	200132.8	200132.8	200130.4	0.0011992181097895069	5.25	1.0393981389823796	-0.0011992181097895069	-0.0011992181097895069	0.0	0	<ORIGINAL_WORKSPACE>/OpenROAD-flow-scripts/flow/reports/nangate45/ibex/place_batch_20260421_220319/dpl_evolve_baseline/openroad_dpl_hpwl_only_9case_bo_place_batch_20260421_220319_ibex_nangate45_trial_1cd08ec9_a56686c8ef03/metrics.json	10	1024 128	0	0.49372073080056716	1.6509908949612229	0.6224059873112349	86.3573404457742	1124	1213	1.9702403235326893	1.04
1df349c3	ok	200018.9	200018.9	200130.4	-0.055713674684105964	5.13	1.015640467234211	0.055713674684105964	0.055713674684105964	0.0	0	<ORIGINAL_WORKSPACE>/OpenROAD-flow-scripts/flow/reports/nangate45/ibex/place_batch_20260421_220319/dpl_evolve_baseline/openroad_dpl_hpwl_only_9case_bo_place_batch_20260421_220319_ibex_nangate45_trial_1df349c3_3349a6f1a881/metrics.json	115	64 8	1	0.1305305997998272	1.0188179405984208	0.11253581080484334	98.97740084624697	417	1189	1.8742668666408773	1.50 1.25 1.10 1.04
1df4a0ae	ok	200055.6	200055.6	200130.4	-0.037375631088524465	5.193	1.0281132449019994	0.037375631088524465	0.037375631088524465	0.0	0	<ORIGINAL_WORKSPACE>/OpenROAD-flow-scripts/flow/reports/nangate45/ibex/place_batch_20260421_220319/dpl_evolve_baseline/openroad_dpl_hpwl_only_9case_bo_place_batch_20260421_220319_ibex_nangate45_trial_1df4a0ae_4912b92e7523/metrics.json	117	64	1	0.30493511712497584	0.23874482878193826	0.6586173063190661	139.98961514233892	614	2534	1.8458283333649488	omit
1dfd4d26	ok	200083.8	200083.8	200130.4	-0.023284818298472308	5.027	0.9952484656503663	0.023284818298472308	0.023284818298472308	0.0	0	<ORIGINAL_WORKSPACE>/OpenROAD-flow-scripts/flow/reports/nangate45/ibex/place_batch_20260421_220319/dpl_evolve_baseline/openroad_dpl_hpwl_only_9case_bo_place_batch_20260421_220319_ibex_nangate45_trial_1dfd4d26_2acdbb32afef/metrics.json	88	64 8	0	0.09897974895928968	1.4550276353477487	1.1287745675819476	42.83783685278903	835	569	1.4270070719793222	2.00 1.50 1.20 1.05
1e54c785	ok	200097.6	200097.6	200130.4	-0.016389314167157193	4.915	0.9730746386854088	0.016389314167157193	0.016389314167157193	0.0	0	<ORIGINAL_WORKSPACE>/OpenROAD-flow-scripts/flow/reports/nangate45/ibex/place_batch_20260421_220319/dpl_evolve_baseline/openroad_dpl_hpwl_only_9case_bo_place_batch_20260421_220319_ibex_nangate45_trial_1e54c785_2dc517b8c004/metrics.json	19	512 64	0	0.651304332340991	1.407033976305306	1.2399695846609278	119.94228926040421	89	3104	1.731728600739527	1.04
1eee3445	ok	200096.3	200096.3	200130.4	-0.017038890643303477	4.787	0.9477331221540288	0.017038890643303477	0.017038890643303477	0.0	0	<ORIGINAL_WORKSPACE>/OpenROAD-flow-scripts/flow/reports/nangate45/ibex/place_batch_20260421_220319/dpl_evolve_baseline/openroad_dpl_hpwl_only_9case_bo_place_batch_20260421_220319_ibex_nangate45_trial_1eee3445_9de79de00099/metrics.json	127	64 8	1	0.42121215252837235	0.7013436936039485	0.14180432194370313	145.07592866678414	1013	2070	1.329962787912509	1.10 1.04
1f2283fe	ok	200092.7	200092.7	200130.4	-0.018837717807980468	4.986	0.9871312611364086	0.018837717807980468	0.018837717807980468	0.0	0	<ORIGINAL_WORKSPACE>/OpenROAD-flow-scripts/flow/reports/nangate45/ibex/place_batch_20260421_220319/dpl_evolve_baseline/openroad_dpl_hpwl_only_9case_bo_place_batch_20260421_220319_ibex_nangate45_trial_1f2283fe_8e0afb8c3064/metrics.json	63	64 8	0	0.2110596905061796	1.7618414781234273	0.299070100492785	53.273406288601805	279	3966	1.7953169969879532	1.25 1.10 1.04
1f88e103	ok	200045.3	200045.3	200130.4	-0.0425222754763923	4.858	0.9617897446050286	0.042522275476392306	0.042522275476392306	0.0	0	<ORIGINAL_WORKSPACE>/OpenROAD-flow-scripts/flow/reports/nangate45/ibex/place_batch_20260421_220319/dpl_evolve_baseline/openroad_dpl_hpwl_only_9case_bo_place_batch_20260421_220319_ibex_nangate45_trial_1f88e103_310bb417ded5/metrics.json	57	64 8	0	0.08195246588008664	0.7382277451905781	1.5609989671323496	125.99057682801	385	796	1.9189901111891845	1.04
21305de4	ok	200169.8	200169.8	200130.4	0.019687163969089247	5.263	1.041971886755098	-0.019687163969089243	-0.019687163969089243	0.0	0	<ORIGINAL_WORKSPACE>/OpenROAD-flow-scripts/flow/reports/nangate45/ibex/place_batch_20260421_220319/dpl_evolve_baseline/openroad_dpl_hpwl_only_9case_bo_place_batch_20260421_220319_ibex_nangate45_trial_21305de4_e6297aaa0a23/metrics.json	89	1024	0	0.34252737260189564	1.2229713762423338	0.7353606759274829	58.240611707538065	1051	1137	1.7706834783078214	1.04
218ff9b6	ok	200146.4	200146.4	200130.4	0.007994787398616103	5.064	1.0025737477727183	-0.007994787398616103	-0.007994787398616103	0.0	0	<ORIGINAL_WORKSPACE>/OpenROAD-flow-scripts/flow/reports/nangate45/ibex/place_batch_20260421_220319/dpl_evolve_baseline/openroad_dpl_hpwl_only_9case_bo_place_batch_20260421_220319_ibex_nangate45_trial_218ff9b6_54fdef13ea92/metrics.json	128	1024 128	0	0.5752781227014228	0.4893281425703138	0.2643539823254277	119.30914006865271	423	1998	1.4237790568506252	omit
21a2a605	ok	200011.3	200011.3	200130.4	-0.05951119869845152	5.145	1.018610176202732	0.05951119869845152	0.05951119869845152	0.0	0	<ORIGINAL_WORKSPACE>/OpenROAD-flow-scripts/flow/reports/nangate45/ibex/place_batch_20260421_220319/dpl_evolve_baseline/openroad_dpl_hpwl_only_9case_bo_place_batch_20260421_220319_ibex_nangate45_trial_21a2a605_d794be13cdd0/metrics.json	73	64 8	0	0.18119261174991566	1.506913947222192	0.21101220745856908	75.59176122816488	359	3236	1.633950270048721	omit
22926ec8	ok	200192.1	200192.1	200130.4	0.030829898905919164	5.234	1.036230449415957	-0.030829898905919164	-0.030829898905919164	0.0	0	<ORIGINAL_WORKSPACE>/OpenROAD-flow-scripts/flow/reports/nangate45/ibex/place_batch_20260421_220319/dpl_evolve_baseline/openroad_dpl_hpwl_only_9case_bo_place_batch_20260421_220319_ibex_nangate45_trial_22926ec8_ea854d88f26d/metrics.json	125	512 64	1	0.32199165024976195	0.8992433234620432	0.17353577962695543	90.72029432245085	1102	1945	1.472064569152152	1.04
22e79068	ok	200101.0	200101.0	200130.4	-0.01469042184495418	5.216	1.032666798653732	0.01469042184495418	0.01469042184495418	0.0	0	<ORIGINAL_WORKSPACE>/OpenROAD-flow-scripts/flow/reports/nangate45/ibex/place_batch_20260421_220319/dpl_evolve_baseline/openroad_dpl_hpwl_only_9case_bo_place_batch_20260421_220319_ibex_nangate45_trial_22e79068_3ec6b766fcbd/metrics.json	19	omit	1	0.4667051865330869	0.14169945978487164	1.793459024164215	83.67959094350978	1113	1512	1.6275397765447137	1.04
23957582	ok	200043.8	200043.8	200130.4	-0.04327178679501256	5.027	0.9952484656503663	0.04327178679501256	0.04327178679501256	0.0	0	<ORIGINAL_WORKSPACE>/OpenROAD-flow-scripts/flow/reports/nangate45/ibex/place_batch_20260421_220319/dpl_evolve_baseline/openroad_dpl_hpwl_only_9case_bo_place_batch_20260421_220319_ibex_nangate45_trial_23957582_fe27fcc52e7b/metrics.json	90	64 8	0	0.5080695901092588	0.04923986156463639	0.21731593335423577	108.89950032175771	534	436	1.1063141160339698	1.10 1.04
240fcb72	ok	200043.8	200043.8	200130.4	-0.04327178679501256	4.793	0.9489210057414373	0.04327178679501256	0.04327178679501256	0.0	0	<ORIGINAL_WORKSPACE>/OpenROAD-flow-scripts/flow/reports/nangate45/ibex/place_batch_20260421_220319/dpl_evolve_baseline/openroad_dpl_hpwl_only_9case_bo_place_batch_20260421_220319_ibex_nangate45_trial_240fcb72_86d17c910286/metrics.json	90	64 8	0	0.013035114771031753	0.19282016352056147	0.4737076806966942	108.43114965126105	846	1446	1.2331333644266347	1.25 1.10 1.04
247209ad	ok	200153.8	200153.8	200130.4	0.011692376570473142	5.11	1.011680855276183	-0.011692376570473142	-0.011692376570473142	0.0	0	<ORIGINAL_WORKSPACE>/OpenROAD-flow-scripts/flow/reports/nangate45/ibex/place_batch_20260421_220319/dpl_evolve_baseline/openroad_dpl_hpwl_only_9case_bo_place_batch_20260421_220319_ibex_nangate45_trial_247209ad_842d738a1db5/metrics.json	54	omit	0	0.6704675101784022	0.8346096047342539	1.1394451654692157	21.058040789285066	278	3223	1.9682615757193975	2.00 1.50 1.20 1.05
28c086fb	ok	200072.2	200072.2	200130.4	-0.02908103916245735	5.118	1.0132647000593942	0.02908103916245735	0.02908103916245735	0.0	0	<ORIGINAL_WORKSPACE>/OpenROAD-flow-scripts/flow/reports/nangate45/ibex/place_batch_20260421_220319/dpl_evolve_baseline/openroad_dpl_hpwl_only_9case_bo_place_batch_20260421_220319_ibex_nangate45_trial_28c086fb_188c64a1436c/metrics.json	13	64 8	1	0.7869004629423914	1.7654217659215194	0.3347265325411327	114.53276313940857	916	1963	1.825353528774333	1.04
2939d753	ok	200224.5	200224.5	200130.4	0.047019343388113866	5.455	1.079984161552168	-0.04701934338811386	-0.04701934338811386	0.0	0	<ORIGINAL_WORKSPACE>/OpenROAD-flow-scripts/flow/reports/nangate45/ibex/place_batch_20260421_220319/dpl_evolve_baseline/openroad_dpl_hpwl_only_9case_bo_place_batch_20260421_220319_ibex_nangate45_trial_2939d753_fedad338d684/metrics.json	94	128	1	0.9878373235309554	0.05580303509372886	0.2874362696598714	116.71990585619875	699	1262	1.3412160153857429	omit
29b3b870	ok	200034.6	200034.6	200130.4	-0.0478687895492081	4.735	0.9374381310631559	0.0478687895492081	0.0478687895492081	0.0	0	<ORIGINAL_WORKSPACE>/OpenROAD-flow-scripts/flow/reports/nangate45/ibex/place_batch_20260421_220319/dpl_evolve_baseline/openroad_dpl_hpwl_only_9case_bo_place_batch_20260421_220319_ibex_nangate45_trial_29b3b870_f1e8a37dac32/metrics.json	52	64 8	0	0.31533933509590595	1.0165926352066348	1.313865904645083	63.546467130233	440	122	1.9389952483583985	1.04
2a84b7f0	ok	200011.6	200011.6	200130.4	-0.05936129643471875	5.116	1.0128687388635913	0.05936129643471874	0.05936129643471874	0.0	0	<ORIGINAL_WORKSPACE>/OpenROAD-flow-scripts/flow/reports/nangate45/ibex/place_batch_20260421_220319/dpl_evolve_baseline/openroad_dpl_hpwl_only_9case_bo_place_batch_20260421_220319_ibex_nangate45_trial_2a84b7f0_f99062a0311e/metrics.json	119	64 8	0	0.046337531567893275	1.7038581341269303	0.32788785955916977	2.531081026183088	567	1838	1.9995949654363734	2.00 1.50 1.20 1.05
2a926887	ok	200091.4	200091.4	200130.4	-0.01948729428412675	5.549	1.0985943377549001	0.01948729428412675	0.01948729428412675	0.0	0	<ORIGINAL_WORKSPACE>/OpenROAD-flow-scripts/flow/reports/nangate45/ibex/place_batch_20260421_220319/dpl_evolve_baseline/openroad_dpl_hpwl_only_9case_bo_place_batch_20260421_220319_ibex_nangate45_trial_2a926887_f310a7dc208d/metrics.json	118	512	0	0.21331695720465543	1.4573731777264523	1.3030455667698662	50.53528516314415	924	2677	1.6436680298059612	1.04
2b31e061	ok	200173.4	200173.4	200130.4	0.021485991133780778	5.534	1.095624628786379	-0.021485991133780774	-0.021485991133780774	0.0	0	<ORIGINAL_WORKSPACE>/OpenROAD-flow-scripts/flow/reports/nangate45/ibex/place_batch_20260421_220319/dpl_evolve_baseline/openroad_dpl_hpwl_only_9case_bo_place_batch_20260421_220319_ibex_nangate45_trial_2b31e061_6c71e6f869a2/metrics.json	28	256 32	0	0.9475489413950998	0.4428654686469766	0.5707904383845133	12.2210947315893	543	525	1.6337867606119179	2.50 1.75 1.25 1.08
2d8ec139	ok	200161.8	200161.8	200130.4	0.015689770269781193	5.004	0.9906949118986338	-0.015689770269781193	-0.015689770269781193	0.0	0	<ORIGINAL_WORKSPACE>/OpenROAD-flow-scripts/flow/reports/nangate45/ibex/place_batch_20260421_220319/dpl_evolve_baseline/openroad_dpl_hpwl_only_9case_bo_place_batch_20260421_220319_ibex_nangate45_trial_2d8ec139_a05bcd747591/metrics.json	16	128 16	0	0.10845489820619349	1.2211309490494267	1.0684568928928482	111.64450426814079	529	314	1.8720250413778627	1.04
2e1072a4	ok	200217.4	200217.4	200130.4	0.04347165647997506	4.963	0.9825777073846763	-0.04347165647997506	-0.04347165647997506	0.0	0	<ORIGINAL_WORKSPACE>/OpenROAD-flow-scripts/flow/reports/nangate45/ibex/place_batch_20260421_220319/dpl_evolve_baseline/openroad_dpl_hpwl_only_9case_bo_place_batch_20260421_220319_ibex_nangate45_trial_2e1072a4_d8cf27658da9/metrics.json	56	256 32	0	0.16035202825563127	1.8668971248699482	0.9172965832940163	104.59889008481997	482	253	1.9522615036149056	1.04
2e1d9bdf	ok	200211.2	200211.2	200130.4	0.04037367636302004	5.325	1.054246683824985	-0.04037367636302004	-0.04037367636302004	0.0	0	<ORIGINAL_WORKSPACE>/OpenROAD-flow-scripts/flow/reports/nangate45/ibex/place_batch_20260421_220319/dpl_evolve_baseline/openroad_dpl_hpwl_only_9case_bo_place_batch_20260421_220319_ibex_nangate45_trial_2e1d9bdf_1418e35b2119/metrics.json	39	128	1	0.5495347845590242	1.91920027594709	0.5304174932829658	38.74259520144926	1125	450	1.9948003774238556	omit
2e79636b	ok	200069.7	200069.7	200130.4	-0.030330224693491115	5.038	0.9974262522272818	0.030330224693491115	0.030330224693491115	0.0	0	<ORIGINAL_WORKSPACE>/OpenROAD-flow-scripts/flow/reports/nangate45/ibex/place_batch_20260421_220319/dpl_evolve_baseline/openroad_dpl_hpwl_only_9case_bo_place_batch_20260421_220319_ibex_nangate45_trial_2e79636b_1f67357ab2b7/metrics.json	107	64 8	1	0.040367510523804204	1.2044579735326053	0.11348197047423719	16.210822582375883	685	2707	1.9456760186120068	1.25 1.10 1.04
2f1e4ed5	ok	200085.4	200085.4	200130.4	-0.02248533955860779	5.326	1.0544446644228864	0.02248533955860779	0.02248533955860779	0.0	0	<ORIGINAL_WORKSPACE>/OpenROAD-flow-scripts/flow/reports/nangate45/ibex/place_batch_20260421_220319/dpl_evolve_baseline/openroad_dpl_hpwl_only_9case_bo_place_batch_20260421_220319_ibex_nangate45_trial_2f1e4ed5_4bcdfd8e44c5/metrics.json	59	256	0	0.17092091296443798	1.809827185544304	0.5205832139131731	107.1354790394638	731	1873	1.8799011881581709	1.25 1.10 1.04
2f2a6952	ok	200147.3	200147.3	200130.4	0.008444494189785351	5.545	1.0978024153632944	-0.00844449418978535	-0.00844449418978535	0.0	0	<ORIGINAL_WORKSPACE>/OpenROAD-flow-scripts/flow/reports/nangate45/ibex/place_batch_20260421_220319/dpl_evolve_baseline/openroad_dpl_hpwl_only_9case_bo_place_batch_20260421_220319_ibex_nangate45_trial_2f2a6952_30facf61bd56/metrics.json	81	64 8	1	0.470434793496917	0.6311048551099708	0.24476879302739407	112.26778787408388	353	2431	1.674169684741702	omit
2fd8ed39	ok	200045.1	200045.1	200130.4	-0.042622210318866274	5.118	1.0132647000593942	0.04262221031886628	0.04262221031886628	0.0	0	<ORIGINAL_WORKSPACE>/OpenROAD-flow-scripts/flow/reports/nangate45/ibex/place_batch_20260421_220319/dpl_evolve_baseline/openroad_dpl_hpwl_only_9case_bo_place_batch_20260421_220319_ibex_nangate45_trial_2fd8ed39_9c31bc393e92/metrics.json	89	64 8	1	0.08042633302044497	0.6999746595506721	0.32764036896161364	102.07255561699179	896	2178	1.0325081553434075	1.50 1.25 1.10 1.04
318d7fea	ok	200032.6	200032.6	200130.4	-0.04886813797403511	5.197	1.0289051672936051	0.04886813797403511	0.04886813797403511	0.0	0	<ORIGINAL_WORKSPACE>/OpenROAD-flow-scripts/flow/reports/nangate45/ibex/place_batch_20260421_220319/dpl_evolve_baseline/openroad_dpl_hpwl_only_9case_bo_place_batch_20260421_220319_ibex_nangate45_trial_318d7fea_3df9e2695553/metrics.json	109	64 8	0	0.02292807412817985	0.4963371609161653	0.2547577189456408	100.71506836352367	427	286	1.0867557537273511	1.04
31ae4e1c	ok	200163.0	200163.0	200130.4	0.016289379324683217	5.186	1.0267273807166897	-0.016289379324683217	-0.016289379324683217	0.0	0	<ORIGINAL_WORKSPACE>/OpenROAD-flow-scripts/flow/reports/nangate45/ibex/place_batch_20260421_220319/dpl_evolve_baseline/openroad_dpl_hpwl_only_9case_bo_place_batch_20260421_220319_ibex_nangate45_trial_31ae4e1c_4d8efae7d969/metrics.json	119	32	1	0.24962017802190106	0.25472926003467844	0.211329374651428	148.17075474098058	716	2296	1.4806124347983596	omit
3242f75c	ok	200176.5	200176.5	200130.4	0.023034981192265554	4.991	0.9881211641259156	-0.023034981192265554	-0.023034981192265554	0.0	0	<ORIGINAL_WORKSPACE>/OpenROAD-flow-scripts/flow/reports/nangate45/ibex/place_batch_20260421_220319/dpl_evolve_baseline/openroad_dpl_hpwl_only_9case_bo_place_batch_20260421_220319_ibex_nangate45_trial_3242f75c_4369e99e5880/metrics.json	117	256	1	0.3319895781114713	0.6165482840029939	0.23983667290715072	86.17643706839466	1141	829	1.3325292978965328	omit
324dc5bd	ok	200189.8	200189.8	200130.4	0.029680648217359374	5.212	1.0318748762621262	-0.02968064821735937	-0.02968064821735937	0.0	0	<ORIGINAL_WORKSPACE>/OpenROAD-flow-scripts/flow/reports/nangate45/ibex/place_batch_20260421_220319/dpl_evolve_baseline/openroad_dpl_hpwl_only_9case_bo_place_batch_20260421_220319_ibex_nangate45_trial_324dc5bd_c3f770882331/metrics.json	106	128	1	0.10399652998297157	1.1929271450272771	0.5651335488121647	97.03588861508888	1033	1749	1.48008611082774	omit
32d8131d	ok	200021.9	200021.9	200130.4	-0.054214652046865444	5.081	1.0059394179370422	0.054214652046865444	0.054214652046865444	0.0	0	<ORIGINAL_WORKSPACE>/OpenROAD-flow-scripts/flow/reports/nangate45/ibex/place_batch_20260421_220319/dpl_evolve_baseline/openroad_dpl_hpwl_only_9case_bo_place_batch_20260421_220319_ibex_nangate45_trial_32d8131d_42d14c6cfded/metrics.json	111	64 8	0	0.4041665975878686	0.2501621770228326	0.759065851233401	81.96309638805225	194	961	1.3118800589124244	1.10 1.04
33298482	ok	200036.6	200036.6	200130.4	-0.04686944112438109	4.828	0.9558503266679865	0.04686944112438109	0.04686944112438109	0.0	0	<ORIGINAL_WORKSPACE>/OpenROAD-flow-scripts/flow/reports/nangate45/ibex/place_batch_20260421_220319/dpl_evolve_baseline/openroad_dpl_hpwl_only_9case_bo_place_batch_20260421_220319_ibex_nangate45_trial_33298482_d477a3554af0/metrics.json	8	64 8	1	0.6687975609939026	1.460487142036707	1.1020718817787833	95.20478809350996	958	1873	1.9945309051730886	1.75 1.35 1.15 1.05
333ba64c	ok	199991.4	199991.4	200130.4	-0.06945471552547738	4.883	0.9667392595525638	0.06945471552547738	0.06945471552547738	0.0	0	<ORIGINAL_WORKSPACE>/OpenROAD-flow-scripts/flow/reports/nangate45/ibex/place_batch_20260421_220319/dpl_evolve_baseline/openroad_dpl_hpwl_only_9case_bo_place_batch_20260421_220319_ibex_nangate45_trial_333ba64c_646fc29a35d0/metrics.json	99	64 8	0	0.11194536662813581	0.7086691307088592	0.17064690854462694	146.91137573039023	411	397	1.5208278843207175	1.10 1.04
33606184	ok	200127.2	200127.2	200130.4	-0.0015989574797144951	5.338	1.0568204315977034	0.0015989574797144951	0.0015989574797144951	0.0	0	<ORIGINAL_WORKSPACE>/OpenROAD-flow-scripts/flow/reports/nangate45/ibex/place_batch_20260421_220319/dpl_evolve_baseline/openroad_dpl_hpwl_only_9case_bo_place_batch_20260421_220319_ibex_nangate45_trial_33606184_70e151df2ffc/metrics.json	79	1024 128	1	0.020792292652441452	0.5579368621155983	0.14744466952341587	113.1309913999323	776	1216	1.245614282753425	omit
357a84bf	ok	200087.6	200087.6	200130.4	-0.021386056291292255	4.928	0.975648386458127	0.021386056291292258	0.021386056291292258	0.0	0	<ORIGINAL_WORKSPACE>/OpenROAD-flow-scripts/flow/reports/nangate45/ibex/place_batch_20260421_220319/dpl_evolve_baseline/openroad_dpl_hpwl_only_9case_bo_place_batch_20260421_220319_ibex_nangate45_trial_357a84bf_a4a8bf9af12a/metrics.json	87	128 16	0	0.3064003808528247	1.332476031067575	0.26270608305239374	110.66976279045403	260	3057	1.6651989995294476	2.00 1.50 1.20 1.05
35d59b46	ok	200133.3	200133.3	200130.4	0.00144905521599626	5.319	1.0530588002375767	-0.00144905521599626	-0.00144905521599626	0.0	0	<ORIGINAL_WORKSPACE>/OpenROAD-flow-scripts/flow/reports/nangate45/ibex/place_batch_20260421_220319/dpl_evolve_baseline/openroad_dpl_hpwl_only_9case_bo_place_batch_20260421_220319_ibex_nangate45_trial_35d59b46_671ac954815a/metrics.json	120	1024 128	1	0.019331013891229005	1.198234396611157	0.05655552293821525	130.4253325416825	616	2353	1.0921969072921225	1.50 1.25 1.10 1.04
361d86d3	ok	200169.5	200169.5	200130.4	0.019537261705371012	5.121	1.0138586418530984	-0.01953726170537101	-0.01953726170537101	0.0	0	<ORIGINAL_WORKSPACE>/OpenROAD-flow-scripts/flow/reports/nangate45/ibex/place_batch_20260421_220319/dpl_evolve_baseline/openroad_dpl_hpwl_only_9case_bo_place_batch_20260421_220319_ibex_nangate45_trial_361d86d3_302c53b86d7a/metrics.json	90	64	1	0.03766704864785854	0.7629484964165796	0.28611842808496457	145.0985399480749	275	1783	1.1390230222555824	1.10 1.04
36639974	ok	200140.6	200140.6	200130.4	0.005096676966623582	4.872	0.9645614729756483	-0.005096676966623582	-0.005096676966623582	0.0	0	<ORIGINAL_WORKSPACE>/OpenROAD-flow-scripts/flow/reports/nangate45/ibex/place_batch_20260421_220319/dpl_evolve_baseline/openroad_dpl_hpwl_only_9case_bo_place_batch_20260421_220319_ibex_nangate45_trial_36639974_8085fc58f873/metrics.json	23	128	1	0.3146560139438791	1.8618699031398682	1.3070517100412535	69.64121394321751	626	882	1.7434473092159017	1.04
37663e83	ok	200179.7	200179.7	200130.4	0.024633938671994593	4.984	0.9867352999406058	-0.024633938671994593	-0.024633938671994593	0.0	0	<ORIGINAL_WORKSPACE>/OpenROAD-flow-scripts/flow/reports/nangate45/ibex/place_batch_20260421_220319/dpl_evolve_baseline/openroad_dpl_hpwl_only_9case_bo_place_batch_20260421_220319_ibex_nangate45_trial_37663e83_20574beb316c/metrics.json	121	512 64	1	0.08289156780809998	0.6451360182169007	0.35427738170051726	83.29187282697706	630	1334	1.1773238291100696	1.50 1.25 1.10 1.04
378ec3c6	ok	200016.7	200016.7	200130.4	-0.05681295795140696	5.049	0.9996040388041972	0.05681295795140695	0.05681295795140695	0.0	0	<ORIGINAL_WORKSPACE>/OpenROAD-flow-scripts/flow/reports/nangate45/ibex/place_batch_20260421_220319/dpl_evolve_baseline/openroad_dpl_hpwl_only_9case_bo_place_batch_20260421_220319_ibex_nangate45_trial_378ec3c6_ca737e4599f0/metrics.json	108	64 8	0	0.6732467311566794	1.024235482001591	0.40402606254203216	149.93712800405874	551	886	1.0225644373164136	1.75 1.35 1.15 1.05
37c28928	ok	200098.8	200098.8	200130.4	-0.015789705112269712	5.167	1.022965749356563	0.015789705112269712	0.015789705112269712	0.0	0	<ORIGINAL_WORKSPACE>/OpenROAD-flow-scripts/flow/reports/nangate45/ibex/place_batch_20260421_220319/dpl_evolve_baseline/openroad_dpl_hpwl_only_9case_bo_place_batch_20260421_220319_ibex_nangate45_trial_37c28928_a95c93bb7a71/metrics.json	124	128 16	0	0.12006112484145337	1.5142959386673893	0.4389155748981545	67.78243777757548	937	1407	1.6916856861397802	1.25 1.10 1.04
37e49946	ok	200176.5	200176.5	200130.4	0.023034981192265554	5.612	1.1110671154226885	-0.03743774016269887	-0.023034981192265554	0.01440275897043332	0	<ORIGINAL_WORKSPACE>/OpenROAD-flow-scripts/flow/reports/nangate45/ibex/place_batch_20260421_220319/dpl_evolve_baseline/openroad_dpl_hpwl_only_9case_bo_place_batch_20260421_220319_ibex_nangate45_trial_37e49946_a2ed7f634f33/metrics.json	117	1024	0	0.07860541776128906	0.2503547280074111	0.5173285531835979	90.67042256613577	84	517	1.6800190997040372	1.50 1.25 1.10 1.04
38ce4d08	ok	200160.4	200160.4	200130.4	0.014990226372405192	5.017	0.9932686596713522	-0.014990226372405192	-0.014990226372405192	0.0	0	<ORIGINAL_WORKSPACE>/OpenROAD-flow-scripts/flow/reports/nangate45/ibex/place_batch_20260421_220319/dpl_evolve_baseline/openroad_dpl_hpwl_only_9case_bo_place_batch_20260421_220319_ibex_nangate45_trial_38ce4d08_9ab9ca287c89/metrics.json	92	omit	1	0.37438413936456916	1.370776792936418	1.3897212983705691	132.06816833550945	263	163	1.762073871380964	1.25 1.10 1.04
3b0010d9	ok	199983.8	199983.8	200130.4	-0.07325223953982295	4.618	0.9142744011086914	0.07325223953982295	0.07325223953982295	0.0	0	<ORIGINAL_WORKSPACE>/OpenROAD-flow-scripts/flow/reports/nangate45/ibex/place_batch_20260421_220319/dpl_evolve_baseline/openroad_dpl_hpwl_only_9case_bo_place_batch_20260421_220319_ibex_nangate45_trial_3b0010d9_0905199dcd91/metrics.json	117	64 8	0	0.1289882240704082	1.5050966325639783	0.09515327051618461	76.55669726253737	864	975	1.9280103647674363	omit
3b12b957	ok	200069.7	200069.7	200130.4	-0.030330224693491115	4.809	0.9520886953078598	0.030330224693491115	0.030330224693491115	0.0	0	<ORIGINAL_WORKSPACE>/OpenROAD-flow-scripts/flow/reports/nangate45/ibex/place_batch_20260421_220319/dpl_evolve_baseline/openroad_dpl_hpwl_only_9case_bo_place_batch_20260421_220319_ibex_nangate45_trial_3b12b957_d0fdd807a673/metrics.json	107	64 8	0	0.08840906462631803	1.2770670357916853	0.08929082739796722	149.1073591125248	304	1005	1.467794650291899	2.00 1.50 1.20 1.05
3bba5f6e	ok	199983.8	199983.8	200130.4	-0.07325223953982295	4.901	0.9703029103147891	0.07325223953982295	0.07325223953982295	0.0	0	<ORIGINAL_WORKSPACE>/OpenROAD-flow-scripts/flow/reports/nangate45/ibex/place_batch_20260421_220319/dpl_evolve_baseline/openroad_dpl_hpwl_only_9case_bo_place_batch_20260421_220319_ibex_nangate45_trial_3bba5f6e_2f2318a84540/metrics.json	117	64 8	0	0.1050599853766215	1.4239050871319792	0.8607059196899327	64.2416661448195	770	1364	1.6077399090253854	1.04
3c7eb3fa	ok	200159.5	200159.5	200130.4	0.014540519581235945	5.262	1.0417739061571964	-0.014540519581235945	-0.014540519581235945	0.0	0	<ORIGINAL_WORKSPACE>/OpenROAD-flow-scripts/flow/reports/nangate45/ibex/place_batch_20260421_220319/dpl_evolve_baseline/openroad_dpl_hpwl_only_9case_bo_place_batch_20260421_220319_ibex_nangate45_trial_3c7eb3fa_5a94253032b0/metrics.json	68	256 32	1	0.24080641360141825	0.4071023324948424	0.16036960884589715	141.6842369274292	530	560	1.6436717221300454	omit
3cd24bc7	ok	200033.4	200033.4	200130.4	-0.04846839860411012	5.059	1.0015838447832113	0.04846839860411012	0.04846839860411012	0.0	0	<ORIGINAL_WORKSPACE>/OpenROAD-flow-scripts/flow/reports/nangate45/ibex/place_batch_20260421_220319/dpl_evolve_baseline/openroad_dpl_hpwl_only_9case_bo_place_batch_20260421_220319_ibex_nangate45_trial_3cd24bc7_78d154b295f8/metrics.json	110	64 8	0	0.25068329292098446	1.5647709536593404	0.16431108850644927	123.02390833566528	757	1687	1.8823869803491653	1.75 1.35 1.15 1.05
3d381fd1	ok	199989.8	199989.8	200130.4	-0.07025419426534191	4.874	0.9649574341714511	0.07025419426534191	0.07025419426534191	0.0	0	<ORIGINAL_WORKSPACE>/OpenROAD-flow-scripts/flow/reports/nangate45/ibex/place_batch_20260421_220319/dpl_evolve_baseline/openroad_dpl_hpwl_only_9case_bo_place_batch_20260421_220319_ibex_nangate45_trial_3d381fd1_9b590a7f98cc/metrics.json	43	64 8	1	0.4662003720229416	1.7720488431476742	0.48837830895638507	94.84263851282446	910	1236	1.8947045928917388	1.10 1.04
3d450cd3	ok	200113.9	200113.9	200130.4	-0.008244624504822854	5.009	0.991684814888141	0.008244624504822856	0.008244624504822856	0.0	0	<ORIGINAL_WORKSPACE>/OpenROAD-flow-scripts/flow/reports/nangate45/ibex/place_batch_20260421_220319/dpl_evolve_baseline/openroad_dpl_hpwl_only_9case_bo_place_batch_20260421_220319_ibex_nangate45_trial_3d450cd3_cbf3c877183c/metrics.json	7	64 8	0	0.0795394392364222	0.658715630134121	0.729524084513605	99.6326215012434	638	3257	1.8832796414678818	omit
3d872aa6	ok	200186.8	200186.8	200130.4	0.028181625580118854	5.331	1.0554345674123937	-0.028181625580118854	-0.028181625580118854	0.0	0	<ORIGINAL_WORKSPACE>/OpenROAD-flow-scripts/flow/reports/nangate45/ibex/place_batch_20260421_220319/dpl_evolve_baseline/openroad_dpl_hpwl_only_9case_bo_place_batch_20260421_220319_ibex_nangate45_trial_3d872aa6_ebe9a9ff9d6d/metrics.json	28	omit	1	0.3235391156071068	1.8687626078092738	1.289053084035717	107.13517788918932	720	240	1.971309106617137	1.04
3ea92230	ok	200135.2	200135.2	200130.4	0.0023984362195935563	5.083	1.0063353791328449	-0.0023984362195935563	-0.0023984362195935563	0.0	0	<ORIGINAL_WORKSPACE>/OpenROAD-flow-scripts/flow/reports/nangate45/ibex/place_batch_20260421_220319/dpl_evolve_baseline/openroad_dpl_hpwl_only_9case_bo_place_batch_20260421_220319_ibex_nangate45_trial_3ea92230_4eb4e45ba6cb/metrics.json	75	512 64	0	0.12183229865435147	1.2978771010428238	0.4664389775591039	88.5481138417232	458	3903	1.7223192962166136	omit
3ebc907e	ok	200196.8	200196.8	200130.4	0.03317836770425391	5.026	0.9950504850524647	-0.03317836770425392	-0.03317836770425392	0.0	0	<ORIGINAL_WORKSPACE>/OpenROAD-flow-scripts/flow/reports/nangate45/ibex/place_batch_20260421_220319/dpl_evolve_baseline/openroad_dpl_hpwl_only_9case_bo_place_batch_20260421_220319_ibex_nangate45_trial_3ebc907e_2610b5554d44/metrics.json	88	512 64	0	0.5060033088563434	1.1372638390107555	0.1661739568469679	131.08525114579754	789	199	1.2037757680456647	1.50 1.25 1.10 1.04
3f1abbb8	ok	200066.7	200066.7	200130.4	-0.031829247330731635	4.905	0.9710948327063947	0.031829247330731635	0.031829247330731635	0.0	0	<ORIGINAL_WORKSPACE>/OpenROAD-flow-scripts/flow/reports/nangate45/ibex/place_batch_20260421_220319/dpl_evolve_baseline/openroad_dpl_hpwl_only_9case_bo_place_batch_20260421_220319_ibex_nangate45_trial_3f1abbb8_c4e7a4049d9a/metrics.json	103	64 8	0	0.2985706337619898	1.033953842195718	0.08287012859917767	58.430319329058634	734	162	1.677601349738494	1.50 1.25 1.10 1.04
3f297b49	ok	200173.8	200173.8	200130.4	0.02168586081874327	5.2	1.0294991090873093	-0.02168586081874327	-0.02168586081874327	0.0	0	<ORIGINAL_WORKSPACE>/OpenROAD-flow-scripts/flow/reports/nangate45/ibex/place_batch_20260421_220319/dpl_evolve_baseline/openroad_dpl_hpwl_only_9case_bo_place_batch_20260421_220319_ibex_nangate45_trial_3f297b49_4a86955d8006/metrics.json	108	256 32	0	0.13291982666367402	0.10255383099920626	0.3567786140250562	85.94022954311215	552	433	1.4309632291454495	2.00 1.50 1.20 1.05
3fa9520b	ok	200202.8	200202.8	200130.4	0.03617641297873495	5.011	0.9920807760839437	-0.03617641297873495	-0.03617641297873495	0.0	0	<ORIGINAL_WORKSPACE>/OpenROAD-flow-scripts/flow/reports/nangate45/ibex/place_batch_20260421_220319/dpl_evolve_baseline/openroad_dpl_hpwl_only_9case_bo_place_batch_20260421_220319_ibex_nangate45_trial_3fa9520b_53ab5054d284/metrics.json	127	32	0	0.24088352883837316	1.5195985913074876	0.4118310295778364	46.13905453396953	522	924	1.5579754070038452	1.10 1.04
411a6db9	ok	200147.3	200147.3	200130.4	0.008444494189785351	5.192	1.0279152643040983	-0.00844449418978535	-0.00844449418978535	0.0	0	<ORIGINAL_WORKSPACE>/OpenROAD-flow-scripts/flow/reports/nangate45/ibex/place_batch_20260421_220319/dpl_evolve_baseline/openroad_dpl_hpwl_only_9case_bo_place_batch_20260421_220319_ibex_nangate45_trial_411a6db9_dcb588f570c4/metrics.json	81	64 8	0	0.2101268454444077	1.3863535885450595	0.32859151208077053	48.706008307096354	123	2723	1.4695941916460677	omit
416bc91b	ok	200083.8	200083.8	200130.4	-0.023284818298472308	4.923	0.97465848346862	0.023284818298472308	0.023284818298472308	0.0	0	<ORIGINAL_WORKSPACE>/OpenROAD-flow-scripts/flow/reports/nangate45/ibex/place_batch_20260421_220319/dpl_evolve_baseline/openroad_dpl_hpwl_only_9case_bo_place_batch_20260421_220319_ibex_nangate45_trial_416bc91b_346c27d276b9/metrics.json	88	64 8	0	0.09949491390211361	0.1447571234225507	0.09826978475257585	148.4490478086287	107	755	1.6258794119325153	omit
422b5320	ok	200220.0	200220.0	200130.4	0.04477080943225308	5.192	1.0279152643040983	-0.04477080943225308	-0.04477080943225308	0.0	0	<ORIGINAL_WORKSPACE>/OpenROAD-flow-scripts/flow/reports/nangate45/ibex/place_batch_20260421_220319/dpl_evolve_baseline/openroad_dpl_hpwl_only_9case_bo_place_batch_20260421_220319_ibex_nangate45_trial_422b5320_4fd0f26c7a3b/metrics.json	122	1024 128	1	0.18927789163447717	0.20690545904309943	0.7520850649480779	101.81763349979884	544	1544	1.5565069686025739	1.50 1.25 1.10 1.04
43627a4a	ok	200063.1	200063.1	200130.4	-0.03362807449542317	5.27	1.0433577509404077	0.03362807449542316	0.03362807449542316	0.0	0	<ORIGINAL_WORKSPACE>/OpenROAD-flow-scripts/flow/reports/nangate45/ibex/place_batch_20260421_220319/dpl_evolve_baseline/openroad_dpl_hpwl_only_9case_bo_place_batch_20260421_220319_ibex_nangate45_trial_43627a4a_a09ba30ecff7/metrics.json	124	512	1	0.43774359385290673	0.8421907871603334	0.42562268004074205	116.64065495627204	927	1895	1.4802645019252592	1.75 1.35 1.15 1.05
438f0d4f	ok	200051.8	200051.8	200130.4	-0.03927439309570451	4.614	0.9134824787170857	0.03927439309570451	0.03927439309570451	0.0	0	<ORIGINAL_WORKSPACE>/OpenROAD-flow-scripts/flow/reports/nangate45/ibex/place_batch_20260421_220319/dpl_evolve_baseline/openroad_dpl_hpwl_only_9case_bo_place_batch_20260421_220319_ibex_nangate45_trial_438f0d4f_0871492b5602/metrics.json	60	64 8	1	0.42691292014224735	1.4350300981245885	1.759808862527176	61.13524811909995	257	227	1.9287894533349066	1.04
4392fb01	ok	200166.5	200166.5	200130.4	0.01803823906813049	5.041	0.998020194020986	-0.01803823906813049	-0.01803823906813049	0.0	0	<ORIGINAL_WORKSPACE>/OpenROAD-flow-scripts/flow/reports/nangate45/ibex/place_batch_20260421_220319/dpl_evolve_baseline/openroad_dpl_hpwl_only_9case_bo_place_batch_20260421_220319_ibex_nangate45_trial_4392fb01_c3a0d3eb1c35/metrics.json	57	32	1	0.11619674682756405	1.9955212160204439	1.1225753960080531	99.71669112498938	804	138	1.4748444599253303	2.00 1.50 1.20 1.05
44931f8e	ok	200186.3	200186.3	200130.4	0.0279317884739121	5.219	1.033260740447436	-0.0279317884739121	-0.0279317884739121	0.0	0	<ORIGINAL_WORKSPACE>/OpenROAD-flow-scripts/flow/reports/nangate45/ibex/place_batch_20260421_220319/dpl_evolve_baseline/openroad_dpl_hpwl_only_9case_bo_place_batch_20260421_220319_ibex_nangate45_trial_44931f8e_9e494b9f9002/metrics.json	58	256	1	0.5617895044861149	0.659530516357563	1.6859097319510457	61.253245758482805	939	692	1.8512617742805542	2.00 1.50 1.20 1.05
44abba9d	ok	200018.1	200018.1	200130.4	-0.056113414054030954	4.897	0.9695109879231836	0.056113414054030954	0.056113414054030954	0.0	0	<ORIGINAL_WORKSPACE>/OpenROAD-flow-scripts/flow/reports/nangate45/ibex/place_batch_20260421_220319/dpl_evolve_baseline/openroad_dpl_hpwl_only_9case_bo_place_batch_20260421_220319_ibex_nangate45_trial_44abba9d_8d506ab8f4c3/metrics.json	80	64 8	0	0.20976515397479312	1.0364785399899334	0.09215309595793662	116.68014577922487	536	389	1.4128172494171494	1.10 1.04
44b0b663	ok	199991.4	199991.4	200130.4	-0.06945471552547738	4.797	0.9497129281330429	0.06945471552547738	0.06945471552547738	0.0	0	<ORIGINAL_WORKSPACE>/OpenROAD-flow-scripts/flow/reports/nangate45/ibex/place_batch_20260421_220319/dpl_evolve_baseline/openroad_dpl_hpwl_only_9case_bo_place_batch_20260421_220319_ibex_nangate45_trial_44b0b663_28cc1471f083/metrics.json	99	64 8	0	0.5220725559575657	0.4843181331587044	0.3655252014152718	148.65475430763078	677	501	1.1851550427857833	1.75 1.35 1.15 1.05
44db4fd9	ok	200089.8	200089.8	200130.4	-0.02028677302399127	5.198	1.0291031478915067	0.02028677302399127	0.02028677302399127	0.0	0	<ORIGINAL_WORKSPACE>/OpenROAD-flow-scripts/flow/reports/nangate45/ibex/place_batch_20260421_220319/dpl_evolve_baseline/openroad_dpl_hpwl_only_9case_bo_place_batch_20260421_220319_ibex_nangate45_trial_44db4fd9_d0818035ced0/metrics.json	115	128	1	0.10054537833876928	0.09247757480971336	0.32708483833416124	114.66980830791589	904	1476	1.0152875895715694	1.75 1.35 1.15 1.05
46bac89b	ok	200130.4	200130.4	200130.4	0.0	4.911	0.9722827162938031	0.0	0.0	0.0	0	<ORIGINAL_WORKSPACE>/OpenROAD-flow-scripts/flow/reports/nangate45/ibex/place_batch_20260421_220319/dpl_evolve_baseline/openroad_dpl_hpwl_only_9case_bo_place_batch_20260421_220319_ibex_nangate45_trial_46bac89b_9939d995f2bb/metrics.json	1	1024	0	0.4	0.4	0.6	35.0	150	1000	1.1	omit
4804e42d	ok	200063.1	200063.1	200130.4	-0.03362807449542317	4.995	0.9889130865175213	0.03362807449542316	0.03362807449542316	0.0	0	<ORIGINAL_WORKSPACE>/OpenROAD-flow-scripts/flow/reports/nangate45/ibex/place_batch_20260421_220319/dpl_evolve_baseline/openroad_dpl_hpwl_only_9case_bo_place_batch_20260421_220319_ibex_nangate45_trial_4804e42d_a432deb13610/metrics.json	75	64 8	1	0.37780787909923186	1.1247572027884107	0.18765920000274033	102.63912612666692	933	1675	1.0165993559484796	omit
483a9cd3	ok	200091.7	200091.7	200130.4	-0.019337392020393973	5.054	1.0005939417937042	0.019337392020393973	0.019337392020393973	0.0	0	<ORIGINAL_WORKSPACE>/OpenROAD-flow-scripts/flow/reports/nangate45/ibex/place_batch_20260421_220319/dpl_evolve_baseline/openroad_dpl_hpwl_only_9case_bo_place_batch_20260421_220319_ibex_nangate45_trial_483a9cd3_337684c8ff3f/metrics.json	109	64	0	0.08234421754778881	1.9557815704050625	0.9125293802645288	102.3190785578617	780	256	1.5379750426487613	omit
4890b587	ok	200109.7	200109.7	200130.4	-0.010343256196950857	5.011	0.9920807760839437	0.010343256196950857	0.010343256196950857	0.0	0	<ORIGINAL_WORKSPACE>/OpenROAD-flow-scripts/flow/reports/nangate45/ibex/place_batch_20260421_220319/dpl_evolve_baseline/openroad_dpl_hpwl_only_9case_bo_place_batch_20260421_220319_ibex_nangate45_trial_4890b587_b46e2abd705a/metrics.json	125	64 8	1	0.3752446971032102	0.06733900271672877	0.9602525055698663	143.13959846687894	742	643	1.27615624612018	1.50 1.25 1.10 1.04
48af000e	ok	200108.8	200108.8	200130.4	-0.010792962988134647	5.164	1.0223718075628587	0.010792962988134647	0.010792962988134647	0.0	0	<ORIGINAL_WORKSPACE>/OpenROAD-flow-scripts/flow/reports/nangate45/ibex/place_batch_20260421_220319/dpl_evolve_baseline/openroad_dpl_hpwl_only_9case_bo_place_batch_20260421_220319_ibex_nangate45_trial_48af000e_95526bcd89bd/metrics.json	93	128 16	0	0.20184599709595308	1.3125786634558478	0.5116335109701259	145.23310734783462	431	835	1.6035701828199762	1.10 1.04
48b9e617	ok	200067.1	200067.1	200130.4	-0.03162937764576914	5.027	0.9952484656503663	0.03162937764576914	0.03162937764576914	0.0	0	<ORIGINAL_WORKSPACE>/OpenROAD-flow-scripts/flow/reports/nangate45/ibex/place_batch_20260421_220319/dpl_evolve_baseline/openroad_dpl_hpwl_only_9case_bo_place_batch_20260421_220319_ibex_nangate45_trial_48b9e617_a8bd41aeba1a/metrics.json	102	64 8	1	0.9457933363773761	0.09970876937596482	0.1755599589904724	141.06840669168358	1167	1924	1.2802173114806168	1.25 1.10 1.04
48d5ffd9	ok	200006.7	200006.7	200130.4	-0.06180970007554202	4.811	0.9524846565036627	0.06180970007554202	0.06180970007554202	0.0	0	<ORIGINAL_WORKSPACE>/OpenROAD-flow-scripts/flow/reports/nangate45/ibex/place_batch_20260421_220319/dpl_evolve_baseline/openroad_dpl_hpwl_only_9case_bo_place_batch_20260421_220319_ibex_nangate45_trial_48d5ffd9_5777c06bf260/metrics.json	71	64 8	0	0.210545839562991	0.8269674852418485	1.2453454343010923	120.9850778273789	243	129	1.5653515818578223	1.25 1.10 1.04
4915d3f4	ok	200257.1	200257.1	200130.4	0.06330872271279708	5.223	1.0340526628390416	-0.06330872271279708	-0.06330872271279708	0.0	0	<ORIGINAL_WORKSPACE>/OpenROAD-flow-scripts/flow/reports/nangate45/ibex/place_batch_20260421_220319/dpl_evolve_baseline/openroad_dpl_hpwl_only_9case_bo_place_batch_20260421_220319_ibex_nangate45_trial_4915d3f4_b0c2786ef4fc/metrics.json	127	512 64	0	0.0796316841925904	0.05967740962038406	0.2500448489841984	146.61280034805498	559	1438	1.8341430397397567	1.25 1.10 1.04
4927759d	ok	200166.4	200166.4	200130.4	0.017988271646886232	5.367	1.0625618689368441	-0.017988271646886232	-0.017988271646886232	0.0	0	<ORIGINAL_WORKSPACE>/OpenROAD-flow-scripts/flow/reports/nangate45/ibex/place_batch_20260421_220319/dpl_evolve_baseline/openroad_dpl_hpwl_only_9case_bo_place_batch_20260421_220319_ibex_nangate45_trial_4927759d_60de4b405c12/metrics.json	126	256	0	0.10691597257639446	0.5575925115686554	0.1674912195468587	142.67180019387246	585	1488	1.1716398033683006	1.50 1.25 1.10 1.04
49aa67df	ok	200172.0	200172.0	200130.4	0.020786447236404774	5.033	0.9964363492377747	-0.020786447236404774	-0.020786447236404774	0.0	0	<ORIGINAL_WORKSPACE>/OpenROAD-flow-scripts/flow/reports/nangate45/ibex/place_batch_20260421_220319/dpl_evolve_baseline/openroad_dpl_hpwl_only_9case_bo_place_batch_20260421_220319_ibex_nangate45_trial_49aa67df_f4295764c589/metrics.json	26	omit	1	0.4254979790569675	0.09171983479992625	1.798758446359824	125.14217001865437	1175	409	1.1234156752553708	2.50 1.75 1.25 1.08
4a77825c	ok	200153.7	200153.7	200130.4	0.011642409149243424	5.076	1.004949514947535	-0.011642409149243424	-0.011642409149243424	0.0	0	<ORIGINAL_WORKSPACE>/OpenROAD-flow-scripts/flow/reports/nangate45/ibex/place_batch_20260421_220319/dpl_evolve_baseline/openroad_dpl_hpwl_only_9case_bo_place_batch_20260421_220319_ibex_nangate45_trial_4a77825c_4ca665defb37/metrics.json	42	512 64	1	0.9318611166365406	1.8737367626181873	1.6964433997031407	138.03097714584908	312	441	1.2273097362846888	2.50 1.75 1.25 1.08
4ae6978f	ok	200055.6	200055.6	200130.4	-0.037375631088524465	4.775	0.945357354979212	0.037375631088524465	0.037375631088524465	0.0	0	<ORIGINAL_WORKSPACE>/OpenROAD-flow-scripts/flow/reports/nangate45/ibex/place_batch_20260421_220319/dpl_evolve_baseline/openroad_dpl_hpwl_only_9case_bo_place_batch_20260421_220319_ibex_nangate45_trial_4ae6978f_1cb38b033223/metrics.json	1	64 8	0	0.3105568455151193	1.306532417142188	0.4946214321028063	21.756618951034064	1116	743	1.776938686527645	1.04
4aebd2b7	ok	200133.1	200133.1	200130.4	0.0013491203735222844	4.964	0.9827756879825778	-0.0013491203735222844	-0.0013491203735222844	0.0	0	<ORIGINAL_WORKSPACE>/OpenROAD-flow-scripts/flow/reports/nangate45/ibex/place_batch_20260421_220319/dpl_evolve_baseline/openroad_dpl_hpwl_only_9case_bo_place_batch_20260421_220319_ibex_nangate45_trial_4aebd2b7_06007f616639/metrics.json	16	64 8	0	0.18085015035466495	1.0368223841888995	1.5845857851801926	63.542884647306515	332	168	1.9361837438434144	omit
4b2d4dc3	ok	200127.0	200127.0	200130.4	-0.0016988923222030132	5.043	0.9984161552167887	0.0016988923222030132	0.0016988923222030132	0.0	0	<ORIGINAL_WORKSPACE>/OpenROAD-flow-scripts/flow/reports/nangate45/ibex/place_batch_20260421_220319/dpl_evolve_baseline/openroad_dpl_hpwl_only_9case_bo_place_batch_20260421_220319_ibex_nangate45_trial_4b2d4dc3_bf70a1205431/metrics.json	56	64 8	1	0.6764621689907316	1.7670447333711057	0.5056092990752008	92.41511819499915	805	968	1.847717375066429	1.10 1.04
4b39872a	ok	200112.5	200112.5	200130.4	-0.008944168402198856	4.895	0.9691150267273806	0.008944168402198856	0.008944168402198856	0.0	0	<ORIGINAL_WORKSPACE>/OpenROAD-flow-scripts/flow/reports/nangate45/ibex/place_batch_20260421_220319/dpl_evolve_baseline/openroad_dpl_hpwl_only_9case_bo_place_batch_20260421_220319_ibex_nangate45_trial_4b39872a_0356e8b4b178/metrics.json	87	512 64	0	0.9760435504677476	0.3196673006881867	0.445074144178342	64.67726327405565	515	672	1.7293189193611234	1.75 1.35 1.15 1.05
4b7efd20	ok	200155.2	200155.2	200130.4	0.012391920467863684	5.068	1.0033656701643239	-0.012391920467863684	-0.012391920467863684	0.0	0	<ORIGINAL_WORKSPACE>/OpenROAD-flow-scripts/flow/reports/nangate45/ibex/place_batch_20260421_220319/dpl_evolve_baseline/openroad_dpl_hpwl_only_9case_bo_place_batch_20260421_220319_ibex_nangate45_trial_4b7efd20_2899f5e23443/metrics.json	116	256 32	0	0.36379248096246863	1.3547099482028913	0.4568573580920481	88.5470830128515	639	1815	1.7831136743586269	omit
4b95f965	ok	200088.2	200088.2	200130.4	-0.021086251763841244	5.058	1.0013858641853097	0.021086251763841244	0.021086251763841244	0.0	0	<ORIGINAL_WORKSPACE>/OpenROAD-flow-scripts/flow/reports/nangate45/ibex/place_batch_20260421_220319/dpl_evolve_baseline/openroad_dpl_hpwl_only_9case_bo_place_batch_20260421_220319_ibex_nangate45_trial_4b95f965_acdfb3abf44b/metrics.json	33	64 8	1	0.6224931314615354	0.11158378602316887	1.551522658856638	96.16244618515886	936	643	1.9485372618994747	1.25 1.10 1.04
4c42d227	ok	200238.4	200238.4	200130.4	0.05396481494065869	4.999	0.9897050089091268	-0.05396481494065869	-0.05396481494065869	0.0	0	<ORIGINAL_WORKSPACE>/OpenROAD-flow-scripts/flow/reports/nangate45/ibex/place_batch_20260421_220319/dpl_evolve_baseline/openroad_dpl_hpwl_only_9case_bo_place_batch_20260421_220319_ibex_nangate45_trial_4c42d227_a11f593a8b61/metrics.json	60	128 16	0	0.14348160051468747	1.006864620573041	1.5818282580018854	124.05550372449264	95	343	1.609062381592114	1.25 1.10 1.04
4f1e40e8	ok	200181.9	200181.9	200130.4	0.025733221939295583	4.95	0.9800039596119581	-0.02573322193929558	-0.02573322193929558	0.0	0	<ORIGINAL_WORKSPACE>/OpenROAD-flow-scripts/flow/reports/nangate45/ibex/place_batch_20260421_220319/dpl_evolve_baseline/openroad_dpl_hpwl_only_9case_bo_place_batch_20260421_220319_ibex_nangate45_trial_4f1e40e8_8ec6a5e0ec0b/metrics.json	114	128 16	0	0.7575476055224639	0.14276429108346783	0.346973968400239	125.70324560716674	708	783	1.332987572130887	1.75 1.35 1.15 1.05
4f4dd7c8	ok	200057.2	200057.2	200130.4	-0.03657615234865994	4.892	0.9685210849336765	0.03657615234865994	0.03657615234865994	0.0	0	<ORIGINAL_WORKSPACE>/OpenROAD-flow-scripts/flow/reports/nangate45/ibex/place_batch_20260421_220319/dpl_evolve_baseline/openroad_dpl_hpwl_only_9case_bo_place_batch_20260421_220319_ibex_nangate45_trial_4f4dd7c8_91a40c7a649a/metrics.json	24	64 8	1	0.3108889032058572	0.6582405158624186	1.6212543008142943	74.40087812314081	853	275	1.847686074258601	1.10 1.04
50500e67	ok	200182.5	200182.5	200130.4	0.026033026466746594	5.357	1.0605820629578302	-0.026033026466746594	-0.026033026466746594	0.0	0	<ORIGINAL_WORKSPACE>/OpenROAD-flow-scripts/flow/reports/nangate45/ibex/place_batch_20260421_220319/dpl_evolve_baseline/openroad_dpl_hpwl_only_9case_bo_place_batch_20260421_220319_ibex_nangate45_trial_50500e67_1ec7f569ced2/metrics.json	22	1024	1	0.3556932621127825	1.7396448726777403	0.6118039855670756	76.12334268662198	619	2051	1.8987188712206857	1.10 1.04
50621ad0	ok	200109.7	200109.7	200130.4	-0.010343256196950857	5.132	1.0160364284300138	0.010343256196950857	0.010343256196950857	0.0	0	<ORIGINAL_WORKSPACE>/OpenROAD-flow-scripts/flow/reports/nangate45/ibex/place_batch_20260421_220319/dpl_evolve_baseline/openroad_dpl_hpwl_only_9case_bo_place_batch_20260421_220319_ibex_nangate45_trial_50621ad0_355b9b907093/metrics.json	125	64 8	0	0.08451798938652735	0.48015310350246887	0.23328722186816375	132.18328881760226	509	523	1.566164267419942	omit
50689473	ok	200034.6	200034.6	200130.4	-0.0478687895492081	5.021	0.9940605820629578	0.0478687895492081	0.0478687895492081	0.0	0	<ORIGINAL_WORKSPACE>/OpenROAD-flow-scripts/flow/reports/nangate45/ibex/place_batch_20260421_220319/dpl_evolve_baseline/openroad_dpl_hpwl_only_9case_bo_place_batch_20260421_220319_ibex_nangate45_trial_50689473_1877be97662c/metrics.json	52	64 8	1	0.604169768391824	0.9569392163178052	1.2398512410000937	101.60296410576257	836	466	1.9386489615848268	2.50 1.75 1.25 1.08
50a85e24	ok	200147.6	200147.6	200130.4	0.008594396453518127	5.181	1.0257374777271828	-0.008594396453518127	-0.008594396453518127	0.0	0	<ORIGINAL_WORKSPACE>/OpenROAD-flow-scripts/flow/reports/nangate45/ibex/place_batch_20260421_220319/dpl_evolve_baseline/openroad_dpl_hpwl_only_9case_bo_place_batch_20260421_220319_ibex_nangate45_trial_50a85e24_3bd81981e5a4/metrics.json	22	32	0	0.29603883293665456	1.149013931573359	1.6526840124090532	96.62276493951425	222	203	1.8373630103909648	2.00 1.50 1.20 1.05
50c05025	ok	200055.6	200055.6	200130.4	-0.037375631088524465	5.13	1.015640467234211	0.037375631088524465	0.037375631088524465	0.0	0	<ORIGINAL_WORKSPACE>/OpenROAD-flow-scripts/flow/reports/nangate45/ibex/place_batch_20260421_220319/dpl_evolve_baseline/openroad_dpl_hpwl_only_9case_bo_place_batch_20260421_220319_ibex_nangate45_trial_50c05025_197fbbf830ac/metrics.json	118	64 8	1	0.21859736139651564	0.4237217442616678	0.32836861220993807	146.89710215666668	719	258	1.55185761750062	1.10 1.04
530f8e9d	ok	200045.6	200045.6	200130.4	-0.04237237321265953	5.005	0.9908928924965353	0.04237237321265953	0.04237237321265953	0.0	0	<ORIGINAL_WORKSPACE>/OpenROAD-flow-scripts/flow/reports/nangate45/ibex/place_batch_20260421_220319/dpl_evolve_baseline/openroad_dpl_hpwl_only_9case_bo_place_batch_20260421_220319_ibex_nangate45_trial_530f8e9d_43e036f84138/metrics.json	123	64 8	1	0.0017277098623093333	0.5986920613268973	0.6350753534891742	77.81000139120837	358	2401	1.298566245723466	1.50 1.25 1.10 1.04
57bef450	ok	200055.6	200055.6	200130.4	-0.037375631088524465	5.057	1.0011878835874084	0.037375631088524465	0.037375631088524465	0.0	0	<ORIGINAL_WORKSPACE>/OpenROAD-flow-scripts/flow/reports/nangate45/ibex/place_batch_20260421_220319/dpl_evolve_baseline/openroad_dpl_hpwl_only_9case_bo_place_batch_20260421_220319_ibex_nangate45_trial_57bef450_ca0ada12933a/metrics.json	118	64 8	1	0.0068094813832799556	1.5564592319484276	0.768441292670714	68.18974668328084	831	1145	1.5621828426700193	1.04
57fec977	ok	200190.1	200190.1	200130.4	0.02983055048109215	5.003	0.9904969313007326	-0.02983055048109215	-0.02983055048109215	0.0	0	<ORIGINAL_WORKSPACE>/OpenROAD-flow-scripts/flow/reports/nangate45/ibex/place_batch_20260421_220319/dpl_evolve_baseline/openroad_dpl_hpwl_only_9case_bo_place_batch_20260421_220319_ibex_nangate45_trial_57fec977_867dce79f227/metrics.json	121	64	1	0.052004073256110304	0.5094709665044904	0.37215541353218595	122.32941444779266	695	1894	1.3183084570697798	2.00 1.50 1.20 1.05
59bcd9e0	ok	200045.3	200045.3	200130.4	-0.0425222754763923	4.842	0.9586220550386061	0.042522275476392306	0.042522275476392306	0.0	0	<ORIGINAL_WORKSPACE>/OpenROAD-flow-scripts/flow/reports/nangate45/ibex/place_batch_20260421_220319/dpl_evolve_baseline/openroad_dpl_hpwl_only_9case_bo_place_batch_20260421_220319_ibex_nangate45_trial_59bcd9e0_b6bdba70266e/metrics.json	57	64 8	0	0.06427796129503155	1.754176814915739	0.7795254205421754	76.80875510896985	357	2713	1.7119840524326315	omit
5ab49cd5	ok	200223.2	200223.2	200130.4	0.04636976691198212	4.979	0.9857453969510988	-0.04636976691198212	-0.04636976691198212	0.0	0	<ORIGINAL_WORKSPACE>/OpenROAD-flow-scripts/flow/reports/nangate45/ibex/place_batch_20260421_220319/dpl_evolve_baseline/openroad_dpl_hpwl_only_9case_bo_place_batch_20260421_220319_ibex_nangate45_trial_5ab49cd5_ee8b0465a9a2/metrics.json	25	64	1	0.31058725179421	1.9648348985858857	0.5699454691956887	80.04800174568172	411	3652	1.3665566438512344	1.75 1.35 1.15 1.05
5bb3dccc	ok	200220.0	200220.0	200130.4	0.04477080943225308	5.212	1.0318748762621262	-0.04477080943225308	-0.04477080943225308	0.0	0	<ORIGINAL_WORKSPACE>/OpenROAD-flow-scripts/flow/reports/nangate45/ibex/place_batch_20260421_220319/dpl_evolve_baseline/openroad_dpl_hpwl_only_9case_bo_place_batch_20260421_220319_ibex_nangate45_trial_5bb3dccc_4e43a8ef6bcd/metrics.json	122	512	0	0.030136157478830854	0.08941377423150504	0.09877816454939098	145.80640836257533	144	134	1.7431677600840358	omit
5c6685a4	ok	200038.8	200038.8	200130.4	-0.04577015785708009	4.624	0.9154622846960997	0.04577015785708009	0.04577015785708009	0.0	0	<ORIGINAL_WORKSPACE>/OpenROAD-flow-scripts/flow/reports/nangate45/ibex/place_batch_20260421_220319/dpl_evolve_baseline/openroad_dpl_hpwl_only_9case_bo_place_batch_20260421_220319_ibex_nangate45_trial_5c6685a4_0e357eb6666a/metrics.json	114	64 8	1	0.5397945660500201	0.21716077932860378	0.20955550757373972	139.84357751221364	527	1349	1.7370286836935827	omit
5cac1dcb	ok	200033.2	200033.2	200130.4	-0.048568333446584094	4.928	0.975648386458127	0.048568333446584094	0.048568333446584094	0.0	0	<ORIGINAL_WORKSPACE>/OpenROAD-flow-scripts/flow/reports/nangate45/ibex/place_batch_20260421_220319/dpl_evolve_baseline/openroad_dpl_hpwl_only_9case_bo_place_batch_20260421_220319_ibex_nangate45_trial_5cac1dcb_20a134de82bb/metrics.json	87	64 8	0	0.16698158966833707	1.194077930250583	1.5390112117735448	34.83380150441323	989	880	1.7970784418867602	1.04
5df9a81e	ok	199982.7	199982.7	200130.4	-0.07380188117346617	4.666	0.9237774698079588	0.07380188117346617	0.07380188117346617	0.0	0	<ORIGINAL_WORKSPACE>/OpenROAD-flow-scripts/flow/reports/nangate45/ibex/place_batch_20260421_220319/dpl_evolve_baseline/openroad_dpl_hpwl_only_9case_bo_place_batch_20260421_220319_ibex_nangate45_trial_5df9a81e_4eae33d4e947/metrics.json	106	64 8	1	0.011782915133884402	0.39329876796725227	0.1474670394819857	92.4275887948189	864	757	1.094210915481535	1.75 1.35 1.15 1.05
5e571d4f	ok	200018.9	200018.9	200130.4	-0.055713674684105964	5.015	0.9928726984755493	0.055713674684105964	0.055713674684105964	0.0	0	<ORIGINAL_WORKSPACE>/OpenROAD-flow-scripts/flow/reports/nangate45/ibex/place_batch_20260421_220319/dpl_evolve_baseline/openroad_dpl_hpwl_only_9case_bo_place_batch_20260421_220319_ibex_nangate45_trial_5e571d4f_ff0066f9a8c4/metrics.json	115	64 8	0	0.30635085055988887	0.5049203899940695	0.13274221344069503	111.23209489327925	459	1825	1.4354782867481022	1.50 1.25 1.10 1.04
5f26a539	ok	200018.9	200018.9	200130.4	-0.055713674684105964	4.713	0.9330825579093249	0.055713674684105964	0.055713674684105964	0.0	0	<ORIGINAL_WORKSPACE>/OpenROAD-flow-scripts/flow/reports/nangate45/ibex/place_batch_20260421_220319/dpl_evolve_baseline/openroad_dpl_hpwl_only_9case_bo_place_batch_20260421_220319_ibex_nangate45_trial_5f26a539_ddf1179c720e/metrics.json	115	64 8	0	0.5580136055513374	1.030335001099379	0.4592106019423787	131.51195895983088	1035	667	1.9373932497739335	omit
5faebecd	ok	199982.7	199982.7	200130.4	-0.07380188117346617	5.225	1.0344486240348445	0.07380188117346617	0.07380188117346617	0.0	0	<ORIGINAL_WORKSPACE>/OpenROAD-flow-scripts/flow/reports/nangate45/ibex/place_batch_20260421_220319/dpl_evolve_baseline/openroad_dpl_hpwl_only_9case_bo_place_batch_20260421_220319_ibex_nangate45_trial_5faebecd_a194a9f8902f/metrics.json	106	64 8	0	0.2696427779524723	0.04953903648643998	0.24303409706980034	112.13314151171635	569	376	1.2841842771401188	1.10 1.04
5ff06aa5	ok	200220.0	200220.0	200130.4	0.04477080943225308	5.168	1.0231637299544645	-0.04477080943225308	-0.04477080943225308	0.0	0	<ORIGINAL_WORKSPACE>/OpenROAD-flow-scripts/flow/reports/nangate45/ibex/place_batch_20260421_220319/dpl_evolve_baseline/openroad_dpl_hpwl_only_9case_bo_place_batch_20260421_220319_ibex_nangate45_trial_5ff06aa5_0f56fd6e83e5/metrics.json	122	128	0	0.20587682516498446	0.45730132083871344	0.39442507993813436	143.4245687524985	78	841	1.4586215463548187	1.10 1.04
60ae26b4	ok	200145.9	200145.9	200130.4	0.00774495029240935	4.753	0.9410017818253811	-0.007744950292409349	-0.007744950292409349	0.0	0	<ORIGINAL_WORKSPACE>/OpenROAD-flow-scripts/flow/reports/nangate45/ibex/place_batch_20260421_220319/dpl_evolve_baseline/openroad_dpl_hpwl_only_9case_bo_place_batch_20260421_220319_ibex_nangate45_trial_60ae26b4_bbe3f5d6962a/metrics.json	81	128 16	1	0.9319720691968373	0.02790314595119403	0.50700606793677	92.51675355024864	1142	3806	1.5566531881951564	1.10 1.04
6135fedc	ok	200220.0	200220.0	200130.4	0.04477080943225308	5.208	1.0310829538705206	-0.04477080943225308	-0.04477080943225308	0.0	0	<ORIGINAL_WORKSPACE>/OpenROAD-flow-scripts/flow/reports/nangate45/ibex/place_batch_20260421_220319/dpl_evolve_baseline/openroad_dpl_hpwl_only_9case_bo_place_batch_20260421_220319_ibex_nangate45_trial_6135fedc_f44391d077bb/metrics.json	122	1024	1	0.5377065137882537	0.6361161886432843	0.16545363546703612	90.05540991823955	734	2787	1.6268950938512998	omit
61925719	ok	200108.3	200108.3	200130.4	-0.0110428000943414	5.275	1.0443476539299148	0.0110428000943414	0.0110428000943414	0.0	0	<ORIGINAL_WORKSPACE>/OpenROAD-flow-scripts/flow/reports/nangate45/ibex/place_batch_20260421_220319/dpl_evolve_baseline/openroad_dpl_hpwl_only_9case_bo_place_batch_20260421_220319_ibex_nangate45_trial_61925719_66b6c2acf5bc/metrics.json	126	128 16	1	0.4890165257303591	0.6761299069214252	0.0737781096745181	137.03460626450303	683	2859	1.179277664183111	omit
62109e05	ok	200047.6	200047.6	200130.4	-0.041373024787832516	4.88	0.9661453177588596	0.041373024787832516	0.041373024787832516	0.0	0	<ORIGINAL_WORKSPACE>/OpenROAD-flow-scripts/flow/reports/nangate45/ibex/place_batch_20260421_220319/dpl_evolve_baseline/openroad_dpl_hpwl_only_9case_bo_place_batch_20260421_220319_ibex_nangate45_trial_62109e05_7bb701b5e3f0/metrics.json	97	64 8	0	0.07769610268067326	1.0755005656323984	0.6289767810584788	8.821940526295414	840	761	1.4262868337459012	1.04
6230cc59	ok	200199.0	200199.0	200130.4	0.03427765097156945	5.187	1.0269253613145912	-0.03427765097156945	-0.03427765097156945	0.0	0	<ORIGINAL_WORKSPACE>/OpenROAD-flow-scripts/flow/reports/nangate45/ibex/place_batch_20260421_220319/dpl_evolve_baseline/openroad_dpl_hpwl_only_9case_bo_place_batch_20260421_220319_ibex_nangate45_trial_6230cc59_b0358651d589/metrics.json	66	1024 128	0	0.006248564500257119	1.781073225537844	0.6718643812950018	49.067282099588645	793	968	1.8643732776255049	omit
62d40407	ok	200067.1	200067.1	200130.4	-0.03162937764576914	5.052	1.0001979805979013	0.03162937764576914	0.03162937764576914	0.0	0	<ORIGINAL_WORKSPACE>/OpenROAD-flow-scripts/flow/reports/nangate45/ibex/place_batch_20260421_220319/dpl_evolve_baseline/openroad_dpl_hpwl_only_9case_bo_place_batch_20260421_220319_ibex_nangate45_trial_62d40407_c6f15f7140fc/metrics.json	102	64 8	1	0.9175119277630939	0.1691214602716146	0.27741850063550755	83.38739437709526	1101	2123	1.0112794774128622	omit
62d5175c	ok	200105.8	200105.8	200130.4	-0.012291985625375167	5.176	1.0247475747376757	0.012291985625375167	0.012291985625375167	0.0	0	<ORIGINAL_WORKSPACE>/OpenROAD-flow-scripts/flow/reports/nangate45/ibex/place_batch_20260421_220319/dpl_evolve_baseline/openroad_dpl_hpwl_only_9case_bo_place_batch_20260421_220319_ibex_nangate45_trial_62d5175c_934053c683d5/metrics.json	98	1024	1	0.05703543666615496	0.3099966766995082	0.20146762218235334	97.3264023252102	1126	437	1.0494427368574193	2.50 1.75 1.25 1.08
63a7a0af	ok	200152.6	200152.6	200130.4	0.01109276751558566	5.16	1.0215798851712532	-0.01109276751558566	-0.01109276751558566	0.0	0	<ORIGINAL_WORKSPACE>/OpenROAD-flow-scripts/flow/reports/nangate45/ibex/place_batch_20260421_220319/dpl_evolve_baseline/openroad_dpl_hpwl_only_9case_bo_place_batch_20260421_220319_ibex_nangate45_trial_63a7a0af_a2e63cd4e287/metrics.json	121	256 32	0	0.18250643643926046	0.01243093994371175	0.9670579060873117	120.67306402056174	427	1206	1.0238927891575962	1.25 1.10 1.04
63f532f3	ok	200114.5	200114.5	200130.4	-0.007944819977371844	5.214	1.0322708374579292	0.007944819977371844	0.007944819977371844	0.0	0	<ORIGINAL_WORKSPACE>/OpenROAD-flow-scripts/flow/reports/nangate45/ibex/place_batch_20260421_220319/dpl_evolve_baseline/openroad_dpl_hpwl_only_9case_bo_place_batch_20260421_220319_ibex_nangate45_trial_63f532f3_958a0f4455e0/metrics.json	108	1024	1	0.29653200092425147	0.9528806934639372	0.22844084278273827	102.3230295498249	544	954	1.3375373332830893	1.50 1.25 1.10 1.04
64ae58f6	ok	200202.0	200202.0	200130.4	0.03577667360880997	5.174	1.0243516135418729	-0.03577667360880997	-0.03577667360880997	0.0	0	<ORIGINAL_WORKSPACE>/OpenROAD-flow-scripts/flow/reports/nangate45/ibex/place_batch_20260421_220319/dpl_evolve_baseline/openroad_dpl_hpwl_only_9case_bo_place_batch_20260421_220319_ibex_nangate45_trial_64ae58f6_716c304914bf/metrics.json	88	1024	1	0.27798079581853163	0.24843221229793078	0.4836148435041769	135.64112147790567	641	1635	1.0301744542012716	omit
657e49be	ok	200109.7	200109.7	200130.4	-0.010343256196950857	5.18	1.0255394971292813	0.010343256196950857	0.010343256196950857	0.0	0	<ORIGINAL_WORKSPACE>/OpenROAD-flow-scripts/flow/reports/nangate45/ibex/place_batch_20260421_220319/dpl_evolve_baseline/openroad_dpl_hpwl_only_9case_bo_place_batch_20260421_220319_ibex_nangate45_trial_657e49be_fcd8e396d8a8/metrics.json	125	64 8	0	0.6132384331563396	0.26339912074680816	0.38792378181955334	139.2064089043692	659	419	1.0590569909856662	2.50 1.75 1.25 1.08
6707f46b	ok	199992.2	199992.2	200130.4	-0.06905497615553786	5.19	1.0275193031082954	0.06905497615553786	0.06905497615553786	0.0	0	<ORIGINAL_WORKSPACE>/OpenROAD-flow-scripts/flow/reports/nangate45/ibex/place_batch_20260421_220319/dpl_evolve_baseline/openroad_dpl_hpwl_only_9case_bo_place_batch_20260421_220319_ibex_nangate45_trial_6707f46b_20e5b44ca4cf/metrics.json	6	64 8	1	0.43906733592389624	1.549270961949531	0.32493445442185287	36.378377339150084	1051	706	1.929512917783337	1.04
6a29b1d7	ok	200246.9	200246.9	200130.4	0.058212045746173495	5.282	1.0457335181152247	-0.058212045746173495	-0.058212045746173495	0.0	0	<ORIGINAL_WORKSPACE>/OpenROAD-flow-scripts/flow/reports/nangate45/ibex/place_batch_20260421_220319/dpl_evolve_baseline/openroad_dpl_hpwl_only_9case_bo_place_batch_20260421_220319_ibex_nangate45_trial_6a29b1d7_4f9db043f977/metrics.json	69	1024 128	0	0.006727661665483525	0.45794421961301146	0.7386705661820853	96.80757676864455	297	423	1.2092035600126496	omit
6b4296fa	ok	200073.8	200073.8	200130.4	-0.02828156042260737	5.101	1.0098990298950703	0.02828156042260737	0.02828156042260737	0.0	0	<ORIGINAL_WORKSPACE>/OpenROAD-flow-scripts/flow/reports/nangate45/ibex/place_batch_20260421_220319/dpl_evolve_baseline/openroad_dpl_hpwl_only_9case_bo_place_batch_20260421_220319_ibex_nangate45_trial_6b4296fa_51c28befcc3c/metrics.json	112	64 8	1	0.16187692504811751	0.16802751218173223	0.4097954290456848	141.9874757014549	283	2631	1.4072670766551967	omit
6b7b929c	ok	200034.6	200034.6	200130.4	-0.0478687895492081	4.936	0.9772322312413383	0.0478687895492081	0.0478687895492081	0.0	0	<ORIGINAL_WORKSPACE>/OpenROAD-flow-scripts/flow/reports/nangate45/ibex/place_batch_20260421_220319/dpl_evolve_baseline/openroad_dpl_hpwl_only_9case_bo_place_batch_20260421_220319_ibex_nangate45_trial_6b7b929c_10f0832a3412/metrics.json	52	64 8	1	0.07167423422193311	1.149399628050444	1.2036756932542494	138.27801543654022	513	1121	1.835131556313963	2.50 1.75 1.25 1.08
6c359a64	ok	200009.6	200009.6	200130.4	-0.06036064485954576	4.689	0.9283310235596911	0.06036064485954576	0.06036064485954576	0.0	0	<ORIGINAL_WORKSPACE>/OpenROAD-flow-scripts/flow/reports/nangate45/ibex/place_batch_20260421_220319/dpl_evolve_baseline/openroad_dpl_hpwl_only_9case_bo_place_batch_20260421_220319_ibex_nangate45_trial_6c359a64_337b9a48cbb0/metrics.json	38	64 8	0	0.13801717770199481	1.0492492584971282	1.3136431666773998	110.18848931554587	387	347	1.8730600657681227	1.04
6c3f6b30	ok	200126.1	200126.1	200130.4	-0.0021485991133722605	5.161	1.0217778657691545	0.0021485991133722605	0.0021485991133722605	0.0	0	<ORIGINAL_WORKSPACE>/OpenROAD-flow-scripts/flow/reports/nangate45/ibex/place_batch_20260421_220319/dpl_evolve_baseline/openroad_dpl_hpwl_only_9case_bo_place_batch_20260421_220319_ibex_nangate45_trial_6c3f6b30_f3c29cc8f2d0/metrics.json	4	64	1	0.47685538729464383	1.3869160033262997	1.2142502504067452	114.24008249128205	267	314	1.888749498395546	1.04
6d18b896	ok	200211.2	200211.2	200130.4	0.04037367636302004	4.961	0.9821817461888736	-0.04037367636302004	-0.04037367636302004	0.0	0	<ORIGINAL_WORKSPACE>/OpenROAD-flow-scripts/flow/reports/nangate45/ibex/place_batch_20260421_220319/dpl_evolve_baseline/openroad_dpl_hpwl_only_9case_bo_place_batch_20260421_220319_ibex_nangate45_trial_6d18b896_322b8c419331/metrics.json	39	512	0	0.36654309724374434	1.7246925056760882	1.400721549139341	103.64132130992529	267	1823	1.5815774073442912	omit
6d24a764	ok	200072.2	200072.2	200130.4	-0.02908103916245735	4.935	0.9770342506434369	0.02908103916245735	0.02908103916245735	0.0	0	<ORIGINAL_WORKSPACE>/OpenROAD-flow-scripts/flow/reports/nangate45/ibex/place_batch_20260421_220319/dpl_evolve_baseline/openroad_dpl_hpwl_only_9case_bo_place_batch_20260421_220319_ibex_nangate45_trial_6d24a764_31ba4036edec/metrics.json	13	64 8	0	0.09006292309191077	1.4891087387424649	1.2679327483023801	104.75993641084516	327	909	1.9617506544227965	2.50 1.75 1.25 1.08
6d787eaa	ok	200129.7	200129.7	200130.4	-0.00034977194868072905	5.42	1.0730548406256186	0.00034977194868072905	0.00034977194868072905	0.0	0	<ORIGINAL_WORKSPACE>/OpenROAD-flow-scripts/flow/reports/nangate45/ibex/place_batch_20260421_220319/dpl_evolve_baseline/openroad_dpl_hpwl_only_9case_bo_place_batch_20260421_220319_ibex_nangate45_trial_6d787eaa_58b23e496374/metrics.json	120	512 64	0	0.3269845624901172	1.3977189020730905	0.31136355988625686	13.835566334507078	266	112	1.734409964123094	1.50 1.25 1.10 1.04
6d948990	ok	200023.9	200023.9	200130.4	-0.053215303622038426	4.897	0.9695109879231836	0.05321530362203843	0.05321530362203843	0.0	0	<ORIGINAL_WORKSPACE>/OpenROAD-flow-scripts/flow/reports/nangate45/ibex/place_batch_20260421_220319/dpl_evolve_baseline/openroad_dpl_hpwl_only_9case_bo_place_batch_20260421_220319_ibex_nangate45_trial_6d948990_d91b96853b0d/metrics.json	82	64 8	0	0.05957030065047053	1.72585009172581	0.13717399402064104	103.56095669727969	399	3011	1.589163485622056	1.50 1.25 1.10 1.04
6dcba10b	ok	200183.1	200183.1	200130.4	0.026332830994197608	5.057	1.0011878835874084	-0.026332830994197604	-0.026332830994197604	0.0	0	<ORIGINAL_WORKSPACE>/OpenROAD-flow-scripts/flow/reports/nangate45/ibex/place_batch_20260421_220319/dpl_evolve_baseline/openroad_dpl_hpwl_only_9case_bo_place_batch_20260421_220319_ibex_nangate45_trial_6dcba10b_e0380de61864/metrics.json	111	256 32	1	0.061908334207524555	0.7415018938785527	0.06430793871754145	88.07330294021205	611	687	1.417970571542822	1.25 1.10 1.04
6de253a8	ok	200112.0	200112.0	200130.4	-0.00919400550840561	5.229	1.0352405464264502	0.00919400550840561	0.00919400550840561	0.0	0	<ORIGINAL_WORKSPACE>/OpenROAD-flow-scripts/flow/reports/nangate45/ibex/place_batch_20260421_220319/dpl_evolve_baseline/openroad_dpl_hpwl_only_9case_bo_place_batch_20260421_220319_ibex_nangate45_trial_6de253a8_43acfb027560/metrics.json	12	omit	1	0.33568554089752484	1.2509020718596502	0.5080508797453255	28.707951853096095	894	466	1.85857911639994	1.04
6ecfab04	ok	200142.3	200142.3	200130.4	0.005946123127717818	5.22	1.0334587210453374	-0.005946123127717817	-0.005946123127717817	0.0	0	<ORIGINAL_WORKSPACE>/OpenROAD-flow-scripts/flow/reports/nangate45/ibex/place_batch_20260421_220319/dpl_evolve_baseline/openroad_dpl_hpwl_only_9case_bo_place_batch_20260421_220319_ibex_nangate45_trial_6ecfab04_f3f1ff93e21b/metrics.json	16	64	1	0.6667533485052027	1.346908414613833	0.1877219144925832	10.015437262216299	1172	1457	1.9892204475945854	1.04
6f043880	ok	200226.1	200226.1	200130.4	0.04781882212797838	5.244	1.0382102553949712	-0.04781882212797838	-0.04781882212797838	0.0	0	<ORIGINAL_WORKSPACE>/OpenROAD-flow-scripts/flow/reports/nangate45/ibex/place_batch_20260421_220319/dpl_evolve_baseline/openroad_dpl_hpwl_only_9case_bo_place_batch_20260421_220319_ibex_nangate45_trial_6f043880_820db4a806cc/metrics.json	25	1024 128	0	0.03112107758735766	0.8567175650058567	1.0858506018551193	54.79897213976132	478	156	1.9247245976891936	2.50 1.75 1.25 1.08
6f3439c2	ok	200033.4	200033.4	200130.4	-0.04846839860411012	4.962	0.9823797267867748	0.04846839860411012	0.04846839860411012	0.0	0	<ORIGINAL_WORKSPACE>/OpenROAD-flow-scripts/flow/reports/nangate45/ibex/place_batch_20260421_220319/dpl_evolve_baseline/openroad_dpl_hpwl_only_9case_bo_place_batch_20260421_220319_ibex_nangate45_trial_6f3439c2_da937a3f0e3c/metrics.json	110	64 8	1	0.5638864503979126	0.513636046011329	0.1508570959422103	125.87986233331512	996	1614	1.6279901718471284	1.50 1.25 1.10 1.04
6f4c10af	ok	200193.7	200193.7	200130.4	0.031629377645783684	5.091	1.0079192239160562	-0.031629377645783684	-0.031629377645783684	0.0	0	<ORIGINAL_WORKSPACE>/OpenROAD-flow-scripts/flow/reports/nangate45/ibex/place_batch_20260421_220319/dpl_evolve_baseline/openroad_dpl_hpwl_only_9case_bo_place_batch_20260421_220319_ibex_nangate45_trial_6f4c10af_6174e06cdcfe/metrics.json	127	64	0	0.4462006854533546	0.4712184316410685	0.2761903735922611	149.48833454476568	577	1527	1.4320373228205392	1.25 1.10 1.04
7052553e	ok	200260.6	200260.6	200130.4	0.06505758245624435	5.069	1.0035636507622252	-0.06505758245624435	-0.06505758245624435	0.0	0	<ORIGINAL_WORKSPACE>/OpenROAD-flow-scripts/flow/reports/nangate45/ibex/place_batch_20260421_220319/dpl_evolve_baseline/openroad_dpl_hpwl_only_9case_bo_place_batch_20260421_220319_ibex_nangate45_trial_7052553e_ff99fea8d4ce/metrics.json	127	128	0	0.5542767036520273	1.665984610040756	0.26957839975306647	54.674129520535615	953	478	1.9925284436046204	omit
70a6a7e6	ok	200037.8	200037.8	200130.4	-0.0462698320694936	4.648	0.9202138190457334	0.0462698320694936	0.0462698320694936	0.0	0	<ORIGINAL_WORKSPACE>/OpenROAD-flow-scripts/flow/reports/nangate45/ibex/place_batch_20260421_220319/dpl_evolve_baseline/openroad_dpl_hpwl_only_9case_bo_place_batch_20260421_220319_ibex_nangate45_trial_70a6a7e6_72e2e6acfa71/metrics.json	47	64 8	0	0.3525323051260897	1.860301855370347	1.5250456586189742	99.84094288023783	835	247	1.6513505397651982	1.75 1.35 1.15 1.05
711cdae8	ok	200048.6	200048.6	200130.4	-0.04087335057541901	4.626	0.9158582458919027	0.04087335057541901	0.04087335057541901	0.0	0	<ORIGINAL_WORKSPACE>/OpenROAD-flow-scripts/flow/reports/nangate45/ibex/place_batch_20260421_220319/dpl_evolve_baseline/openroad_dpl_hpwl_only_9case_bo_place_batch_20260421_220319_ibex_nangate45_trial_711cdae8_24204a8847fd/metrics.json	20	64 8	0	0.4123038329553481	0.7911405850732707	1.1234670955222843	95.54813511235136	282	717	1.9354787327047542	1.04
715187b4	ok	200089.8	200089.8	200130.4	-0.02028677302399127	5.06	1.0017818253811126	0.02028677302399127	0.02028677302399127	0.0	0	<ORIGINAL_WORKSPACE>/OpenROAD-flow-scripts/flow/reports/nangate45/ibex/place_batch_20260421_220319/dpl_evolve_baseline/openroad_dpl_hpwl_only_9case_bo_place_batch_20260421_220319_ibex_nangate45_trial_715187b4_3cd76e2084e9/metrics.json	115	omit	0	0.07568027768972357	0.9411756743952161	0.5841067727297562	23.852068721770863	536	2697	1.9269822527224318	1.75 1.35 1.15 1.05
71f6a916	ok	200160.4	200160.4	200130.4	0.014990226372405192	5.203	1.0300930508810138	-0.014990226372405192	-0.014990226372405192	0.0	0	<ORIGINAL_WORKSPACE>/OpenROAD-flow-scripts/flow/reports/nangate45/ibex/place_batch_20260421_220319/dpl_evolve_baseline/openroad_dpl_hpwl_only_9case_bo_place_batch_20260421_220319_ibex_nangate45_trial_71f6a916_103f5f0a1e51/metrics.json	92	1024 128	0	0.5960144170992057	0.4464968242768603	0.7585585566826454	113.2778938467953	820	669	1.1909361427750438	1.75 1.35 1.15 1.05
71f7aad4	ok	200044.5	200044.5	200130.4	-0.042922014846317295	4.976	0.9851514551573946	0.042922014846317295	0.042922014846317295	0.0	0	<ORIGINAL_WORKSPACE>/OpenROAD-flow-scripts/flow/reports/nangate45/ibex/place_batch_20260421_220319/dpl_evolve_baseline/openroad_dpl_hpwl_only_9case_bo_place_batch_20260421_220319_ibex_nangate45_trial_71f7aad4_415a8f9e1174/metrics.json	10	64 8	0	0.06602128312775377	0.8386590684112165	1.1556216039724618	93.66852394146896	867	574	1.8072095387794793	1.50 1.25 1.10 1.04
72f49eb5	ok	200179.7	200179.7	200130.4	0.024633938671994593	5.227	1.0348445852306474	-0.024633938671994593	-0.024633938671994593	0.0	0	<ORIGINAL_WORKSPACE>/OpenROAD-flow-scripts/flow/reports/nangate45/ibex/place_batch_20260421_220319/dpl_evolve_baseline/openroad_dpl_hpwl_only_9case_bo_place_batch_20260421_220319_ibex_nangate45_trial_72f49eb5_faac55bf716d/metrics.json	121	512 64	1	0.6283931774485362	0.23914645635144516	0.16651264788324732	141.51008145781458	1052	1681	1.2524440502233718	omit
7345efbc	ok	200037.4	200037.4	200130.4	-0.0464697017544561	4.61	0.9126905563254801	0.0464697017544561	0.0464697017544561	0.0	0	<ORIGINAL_WORKSPACE>/OpenROAD-flow-scripts/flow/reports/nangate45/ibex/place_batch_20260421_220319/dpl_evolve_baseline/openroad_dpl_hpwl_only_9case_bo_place_batch_20260421_220319_ibex_nangate45_trial_7345efbc_c45571a35a32/metrics.json	120	64 8	1	0.026681224131052773	0.41183643681239196	0.557281931265329	89.4522853009656	1166	2455	1.5583623897497862	2.50 1.75 1.25 1.08
73601aa0	ok	200045.3	200045.3	200130.4	-0.0425222754763923	5.252	1.0397941001781825	0.042522275476392306	0.042522275476392306	0.0	0	<ORIGINAL_WORKSPACE>/OpenROAD-flow-scripts/flow/reports/nangate45/ibex/place_batch_20260421_220319/dpl_evolve_baseline/openroad_dpl_hpwl_only_9case_bo_place_batch_20260421_220319_ibex_nangate45_trial_73601aa0_d829f5118bbf/metrics.json	57	64 8	0	0.13554299333639308	1.873006072657433	1.3599287459381224	71.96110974454811	211	654	1.7078021930179528	1.04
738ada60	ok	200021.9	200021.9	200130.4	-0.054214652046865444	5.114	1.0124727776677884	0.054214652046865444	0.054214652046865444	0.0	0	<ORIGINAL_WORKSPACE>/OpenROAD-flow-scripts/flow/reports/nangate45/ibex/place_batch_20260421_220319/dpl_evolve_baseline/openroad_dpl_hpwl_only_9case_bo_place_batch_20260421_220319_ibex_nangate45_trial_738ada60_194244aee72f/metrics.json	111	64 8	0	0.23421826852474184	0.41309365004635157	0.24369446414591142	117.7263056562028	759	885	1.4746371084723526	1.10 1.04
739d2d31	ok	200211.4	200211.4	200130.4	0.04047361120549402	5.178	1.0251435359334784	-0.04047361120549402	-0.04047361120549402	0.0	0	<ORIGINAL_WORKSPACE>/OpenROAD-flow-scripts/flow/reports/nangate45/ibex/place_batch_20260421_220319/dpl_evolve_baseline/openroad_dpl_hpwl_only_9case_bo_place_batch_20260421_220319_ibex_nangate45_trial_739d2d31_33324bce2543/metrics.json	105	64	0	0.017013867134713867	0.02525770970572825	0.3133297321390346	143.6900564926217	843	170	1.3163763556504122	1.10 1.04
73e79b87	ok	200178.6	200178.6	200130.4	0.024084297038336824	5.245	1.0384082359928728	-0.024084297038336824	-0.024084297038336824	0.0	0	<ORIGINAL_WORKSPACE>/OpenROAD-flow-scripts/flow/reports/nangate45/ibex/place_batch_20260421_220319/dpl_evolve_baseline/openroad_dpl_hpwl_only_9case_bo_place_batch_20260421_220319_ibex_nangate45_trial_73e79b87_dbbe844ed25d/metrics.json	61	128 16	1	0.5270178267176426	0.6065990095163879	1.541917592703561	61.60343061686736	879	2524	1.7433940691136498	1.04
7411497a	ok	200016.7	200016.7	200130.4	-0.05681295795140696	5.306	1.0504850524648583	0.05681295795140695	0.05681295795140695	0.0	0	<ORIGINAL_WORKSPACE>/OpenROAD-flow-scripts/flow/reports/nangate45/ibex/place_batch_20260421_220319/dpl_evolve_baseline/openroad_dpl_hpwl_only_9case_bo_place_batch_20260421_220319_ibex_nangate45_trial_7411497a_883df51a85fd/metrics.json	108	64 8	1	0.5396737946124661	0.30909121054884475	0.4471381140808544	123.5719108000082	341	2177	1.422588283651151	1.10 1.04
74c244c8	ok	200032.6	200032.6	200130.4	-0.04886813797403511	4.912	0.9724806968917046	0.04886813797403511	0.04886813797403511	0.0	0	<ORIGINAL_WORKSPACE>/OpenROAD-flow-scripts/flow/reports/nangate45/ibex/place_batch_20260421_220319/dpl_evolve_baseline/openroad_dpl_hpwl_only_9case_bo_place_batch_20260421_220319_ibex_nangate45_trial_74c244c8_37242ffab190/metrics.json	109	64 8	0	0.16493356641542128	0.05008324315399349	0.45631750795655546	143.05807251771463	197	1462	1.9424855816984008	omit
75356fd4	ok	200198.2	200198.2	200130.4	0.03387791160164446	4.76	0.9423876460106909	-0.03387791160164446	-0.03387791160164446	0.0	0	<ORIGINAL_WORKSPACE>/OpenROAD-flow-scripts/flow/reports/nangate45/ibex/place_batch_20260421_220319/dpl_evolve_baseline/openroad_dpl_hpwl_only_9case_bo_place_batch_20260421_220319_ibex_nangate45_trial_75356fd4_c46dde359143/metrics.json	116	128 16	1	0.044676946565909884	0.4848357098581216	0.0898615168721258	113.81660206047057	690	388	1.6905359637215802	2.50 1.75 1.25 1.08
75401e02	ok	200220.0	200220.0	200130.4	0.04477080943225308	5.196	1.0287071866957038	-0.04477080943225308	-0.04477080943225308	0.0	0	<ORIGINAL_WORKSPACE>/OpenROAD-flow-scripts/flow/reports/nangate45/ibex/place_batch_20260421_220319/dpl_evolve_baseline/openroad_dpl_hpwl_only_9case_bo_place_batch_20260421_220319_ibex_nangate45_trial_75401e02_a74bc5d8b1d4/metrics.json	122	256	1	0.06374062603450442	0.23676650700222152	0.4093767672438281	124.81934438140408	540	2306	1.5326093160599128	1.75 1.35 1.15 1.05
75683a04	ok	200124.9	200124.9	200130.4	-0.0027482081682742854	5.09	1.0077212433181548	0.0027482081682742854	0.0027482081682742854	0.0	0	<ORIGINAL_WORKSPACE>/OpenROAD-flow-scripts/flow/reports/nangate45/ibex/place_batch_20260421_220319/dpl_evolve_baseline/openroad_dpl_hpwl_only_9case_bo_place_batch_20260421_220319_ibex_nangate45_trial_75683a04_ee76166758ed/metrics.json	92	128 16	0	0.33193360488752366	0.30120349448489087	0.06191369648815537	127.94826801285433	686	579	1.051628046657445	1.75 1.35 1.15 1.05
7589ccbb	ok	200038.8	200038.8	200130.4	-0.04577015785708009	5.005	0.9908928924965353	0.04577015785708009	0.04577015785708009	0.0	0	<ORIGINAL_WORKSPACE>/OpenROAD-flow-scripts/flow/reports/nangate45/ibex/place_batch_20260421_220319/dpl_evolve_baseline/openroad_dpl_hpwl_only_9case_bo_place_batch_20260421_220319_ibex_nangate45_trial_7589ccbb_93ed81a3c067/metrics.json	114	64 8	0	0.43142177650470864	0.10647195246317265	0.5271376742146759	102.4075431115873	640	942	1.1871843471793302	1.75 1.35 1.15 1.05
75c76f6f	ok	200160.9	200160.9	200130.4	0.015240063478611947	5.373	1.0637497525242525	-0.015240063478611945	-0.015240063478611945	0.0	0	<ORIGINAL_WORKSPACE>/OpenROAD-flow-scripts/flow/reports/nangate45/ibex/place_batch_20260421_220319/dpl_evolve_baseline/openroad_dpl_hpwl_only_9case_bo_place_batch_20260421_220319_ibex_nangate45_trial_75c76f6f_15d916640c43/metrics.json	123	512 64	0	0.6125350600226798	0.952024386311777	0.05388004494140716	115.53595996626547	969	672	1.9553877395964485	1.50 1.25 1.10 1.04
7633b4dd	ok	200028.5	200028.5	200130.4	-0.05091680224493339	4.767	0.9437735101960009	0.0509168022449334	0.0509168022449334	0.0	0	<ORIGINAL_WORKSPACE>/OpenROAD-flow-scripts/flow/reports/nangate45/ibex/place_batch_20260421_220319/dpl_evolve_baseline/openroad_dpl_hpwl_only_9case_bo_place_batch_20260421_220319_ibex_nangate45_trial_7633b4dd_28fe8100a0cd/metrics.json	101	64 8	0	0.3114797754249934	0.29586537416251685	0.7354298544867439	146.1329839684256	583	766	1.324730549363458	1.25 1.10 1.04
7765e357	ok	200086.5	200086.5	200130.4	-0.021935697924950023	4.676	0.9257572757869729	0.021935697924950023	0.021935697924950023	0.0	0	<ORIGINAL_WORKSPACE>/OpenROAD-flow-scripts/flow/reports/nangate45/ibex/place_batch_20260421_220319/dpl_evolve_baseline/openroad_dpl_hpwl_only_9case_bo_place_batch_20260421_220319_ibex_nangate45_trial_7765e357_0cf51f5c05e2/metrics.json	11	64 8	1	0.04951563943291126	1.2039636502855076	1.596443186306232	96.49651217042829	517	1005	1.9213283605808975	1.04
7812d9da	ok	200156.0	200156.0	200130.4	0.012791659837788674	5.158	1.0211839239754505	-0.012791659837788672	-0.012791659837788672	0.0	0	<ORIGINAL_WORKSPACE>/OpenROAD-flow-scripts/flow/reports/nangate45/ibex/place_batch_20260421_220319/dpl_evolve_baseline/openroad_dpl_hpwl_only_9case_bo_place_batch_20260421_220319_ibex_nangate45_trial_7812d9da_c63a2681372e/metrics.json	43	1024	0	0.43040055505303987	1.0564432716850325	1.2629142962858309	117.33847795272062	327	726	1.5825880289675345	1.04
784919a9	ok	199983.8	199983.8	200130.4	-0.07325223953982295	4.902	0.9705008909126905	0.07325223953982295	0.07325223953982295	0.0	0	<ORIGINAL_WORKSPACE>/OpenROAD-flow-scripts/flow/reports/nangate45/ibex/place_batch_20260421_220319/dpl_evolve_baseline/openroad_dpl_hpwl_only_9case_bo_place_batch_20260421_220319_ibex_nangate45_trial_784919a9_93da40ba1d91/metrics.json	117	64 8	0	0.11804206834358622	1.3896571742772899	0.3206106119163048	87.13059501860383	626	935	1.959024029560815	omit
791103fe	ok	200044.5	200044.5	200130.4	-0.042922014846317295	5.072	1.0041575925559294	0.042922014846317295	0.042922014846317295	0.0	0	<ORIGINAL_WORKSPACE>/OpenROAD-flow-scripts/flow/reports/nangate45/ibex/place_batch_20260421_220319/dpl_evolve_baseline/openroad_dpl_hpwl_only_9case_bo_place_batch_20260421_220319_ibex_nangate45_trial_791103fe_1d24d8516a70/metrics.json	10	64 8	1	0.3935283691162196	1.4767263332231846	0.8308287103029816	74.13199863400459	917	1785	1.774536096959404	1.25 1.10 1.04
79257af6	ok	200200.8	200200.8	200130.4	0.03517706455390794	4.868	0.9637695505840428	-0.03517706455390794	-0.03517706455390794	0.0	0	<ORIGINAL_WORKSPACE>/OpenROAD-flow-scripts/flow/reports/nangate45/ibex/place_batch_20260421_220319/dpl_evolve_baseline/openroad_dpl_hpwl_only_9case_bo_place_batch_20260421_220319_ibex_nangate45_trial_79257af6_84fbd8e1fbc9/metrics.json	116	512	0	0.4344059471695684	1.352482303465666	0.14413515131139087	138.3951960811126	874	154	1.752578416312397	omit
79d0215b	ok	200220.5	200220.5	200130.4	0.04502064653845984	5.267	1.0427638091467037	-0.04502064653845984	-0.04502064653845984	0.0	0	<ORIGINAL_WORKSPACE>/OpenROAD-flow-scripts/flow/reports/nangate45/ibex/place_batch_20260421_220319/dpl_evolve_baseline/openroad_dpl_hpwl_only_9case_bo_place_batch_20260421_220319_ibex_nangate45_trial_79d0215b_9891b609f58d/metrics.json	123	256	1	0.28777339066896335	1.7913310506181181	0.19767160479364304	90.04388244329586	766	761	1.776365863955165	omit
7b30e06f	ok	200045.6	200045.6	200130.4	-0.04237237321265953	4.818	0.9538705206889724	0.04237237321265953	0.04237237321265953	0.0	0	<ORIGINAL_WORKSPACE>/OpenROAD-flow-scripts/flow/reports/nangate45/ibex/place_batch_20260421_220319/dpl_evolve_baseline/openroad_dpl_hpwl_only_9case_bo_place_batch_20260421_220319_ibex_nangate45_trial_7b30e06f_0c37f5be701a/metrics.json	123	64 8	1	0.1002652981524662	0.667325223523751	0.27487451263321716	125.54364988924918	546	841	1.480388619479626	omit
7b39cb88	ok	200045.1	200045.1	200130.4	-0.042622210318866274	6.254	1.238170659275391	-0.13231347197304844	0.04262221031886628	0.17493568229191472	0	<ORIGINAL_WORKSPACE>/OpenROAD-flow-scripts/flow/reports/nangate45/ibex/place_batch_20260421_220319/dpl_evolve_baseline/openroad_dpl_hpwl_only_9case_bo_place_batch_20260421_220319_ibex_nangate45_trial_7b39cb88_5312a1ae4301/metrics.json	89	64 8	0	0.25234180569111203	0.705143234717667	1.14569389576341	136.90348930638166	368	409	1.4501816999626675	1.25 1.10 1.04
7c6c97fb	ok	200159.5	200159.5	200130.4	0.014540519581235945	5.048	0.9994060582062958	-0.014540519581235945	-0.014540519581235945	0.0	0	<ORIGINAL_WORKSPACE>/OpenROAD-flow-scripts/flow/reports/nangate45/ibex/place_batch_20260421_220319/dpl_evolve_baseline/openroad_dpl_hpwl_only_9case_bo_place_batch_20260421_220319_ibex_nangate45_trial_7c6c97fb_01015f09b10d/metrics.json	3	512 64	1	0.23297427384102043	1.6142103912375583	0.8063282559251349	129.5312781839143	909	2269	1.136455225660685	1.25 1.10 1.04
7d199d13	ok	200004.5	200004.5	200130.4	-0.06290898334285755	4.882	0.9665412789546624	0.06290898334285755	0.06290898334285755	0.0	0	<ORIGINAL_WORKSPACE>/OpenROAD-flow-scripts/flow/reports/nangate45/ibex/place_batch_20260421_220319/dpl_evolve_baseline/openroad_dpl_hpwl_only_9case_bo_place_batch_20260421_220319_ibex_nangate45_trial_7d199d13_f833d1244448/metrics.json	116	64 8	1	0.0065454118519278764	0.6251768507303858	0.15518483783356707	113.47575338627637	432	1672	1.3441905440758757	1.50 1.25 1.10 1.04
7dcc4717	ok	200095.9	200095.9	200130.4	-0.017238760328265972	5.151	1.0197980597901406	0.017238760328265972	0.017238760328265972	0.0	0	<ORIGINAL_WORKSPACE>/OpenROAD-flow-scripts/flow/reports/nangate45/ibex/place_batch_20260421_220319/dpl_evolve_baseline/openroad_dpl_hpwl_only_9case_bo_place_batch_20260421_220319_ibex_nangate45_trial_7dcc4717_6546bfb896d5/metrics.json	77	64 8	0	0.0717130066577387	0.8112582390763274	1.0887452285318693	82.89849746334559	582	1090	1.5236138877357446	1.75 1.35 1.15 1.05
7e4ebbd5	ok	200044.5	200044.5	200130.4	-0.042922014846317295	5.187	1.0269253613145912	0.042922014846317295	0.042922014846317295	0.0	0	<ORIGINAL_WORKSPACE>/OpenROAD-flow-scripts/flow/reports/nangate45/ibex/place_batch_20260421_220319/dpl_evolve_baseline/openroad_dpl_hpwl_only_9case_bo_place_batch_20260421_220319_ibex_nangate45_trial_7e4ebbd5_1b6950476efb/metrics.json	10	64 8	1	0.2995590343529917	1.778443633846097	0.514537853332346	21.51642345517225	1169	2324	1.7903206037133472	1.04
7e654692	ok	200045.6	200045.6	200130.4	-0.04237237321265953	5.023	0.9944565432587605	0.04237237321265953	0.04237237321265953	0.0	0	<ORIGINAL_WORKSPACE>/OpenROAD-flow-scripts/flow/reports/nangate45/ibex/place_batch_20260421_220319/dpl_evolve_baseline/openroad_dpl_hpwl_only_9case_bo_place_batch_20260421_220319_ibex_nangate45_trial_7e654692_05b846ce96d1/metrics.json	123	64 8	1	0.12406794126748424	0.6267046055317137	0.16943759388326696	105.73686567770818	303	1054	1.3601646071383928	1.50 1.25 1.10 1.04
7e831180	ok	200133.6	200133.6	200130.4	0.0015989574797290373	4.871	0.964363492377747	-0.0015989574797290376	-0.0015989574797290376	0.0	0	<ORIGINAL_WORKSPACE>/OpenROAD-flow-scripts/flow/reports/nangate45/ibex/place_batch_20260421_220319/dpl_evolve_baseline/openroad_dpl_hpwl_only_9case_bo_place_batch_20260421_220319_ibex_nangate45_trial_7e831180_beedad0b92b7/metrics.json	10	512 64	1	0.6338872188772529	0.3056996229313242	1.478030988955871	92.0674755556505	1121	1284	1.10055509810937	omit
7fae9031	ok	200061.3	200061.3	200130.4	-0.0345274880777762	5.07	1.0037616313601267	0.034527488077776204	0.034527488077776204	0.0	0	<ORIGINAL_WORKSPACE>/OpenROAD-flow-scripts/flow/reports/nangate45/ibex/place_batch_20260421_220319/dpl_evolve_baseline/openroad_dpl_hpwl_only_9case_bo_place_batch_20260421_220319_ibex_nangate45_trial_7fae9031_039332944e2d/metrics.json	35	64 8	1	0.39356758620018195	0.9697892547831553	0.9051763357502414	148.70782885344616	547	771	1.973678617083942	1.04
803adf1a	ok	200011.6	200011.6	200130.4	-0.05936129643471875	5.125	1.014650564244704	0.05936129643471874	0.05936129643471874	0.0	0	<ORIGINAL_WORKSPACE>/OpenROAD-flow-scripts/flow/reports/nangate45/ibex/place_batch_20260421_220319/dpl_evolve_baseline/openroad_dpl_hpwl_only_9case_bo_place_batch_20260421_220319_ibex_nangate45_trial_803adf1a_781bfbfed1c3/metrics.json	119	64 8	1	0.08755383837935873	0.8843764192245915	0.62461773332654	119.34580222687887	898	180	1.0258685397642087	1.75 1.35 1.15 1.05
81bcd17c	ok	200159.0	200159.0	200130.4	0.014290682475029192	5.275	1.0443476539299148	-0.014290682475029192	-0.014290682475029192	0.0	0	<ORIGINAL_WORKSPACE>/OpenROAD-flow-scripts/flow/reports/nangate45/ibex/place_batch_20260421_220319/dpl_evolve_baseline/openroad_dpl_hpwl_only_9case_bo_place_batch_20260421_220319_ibex_nangate45_trial_81bcd17c_0dea6e22091f/metrics.json	12	64	1	0.44230279894827446	1.4711360267948363	0.4931054025169829	125.3870868514596	1059	1466	1.6828625351471374	1.10 1.04
82bb27ea	ok	200109.6	200109.6	200130.4	-0.010393223618195117	4.935	0.9770342506434369	0.010393223618195117	0.010393223618195117	0.0	0	<ORIGINAL_WORKSPACE>/OpenROAD-flow-scripts/flow/reports/nangate45/ibex/place_batch_20260421_220319/dpl_evolve_baseline/openroad_dpl_hpwl_only_9case_bo_place_batch_20260421_220319_ibex_nangate45_trial_82bb27ea_703008a4cd52/metrics.json	126	256 32	0	0.09439266324177047	0.1648597175689089	0.45950341444286186	138.84318482903606	411	1240	1.9023204937539875	1.04
82bd2151	ok	200140.8	200140.8	200130.4	0.005196611809097558	5.665	1.121560087111463	-0.03318883862527631	-0.005196611809097558	0.02799222681617875	0	<ORIGINAL_WORKSPACE>/OpenROAD-flow-scripts/flow/reports/nangate45/ibex/place_batch_20260421_220319/dpl_evolve_baseline/openroad_dpl_hpwl_only_9case_bo_place_batch_20260421_220319_ibex_nangate45_trial_82bd2151_0bf889eee343/metrics.json	30	128	0	0.47427088585098776	0.894457295201328	1.3976098552836194	86.20955176896321	720	803	1.773191699304827	1.04
82ce136f	ok	200109.7	200109.7	200130.4	-0.010343256196950857	5.03	0.9958424074440705	0.010343256196950857	0.010343256196950857	0.0	0	<ORIGINAL_WORKSPACE>/OpenROAD-flow-scripts/flow/reports/nangate45/ibex/place_batch_20260421_220319/dpl_evolve_baseline/openroad_dpl_hpwl_only_9case_bo_place_batch_20260421_220319_ibex_nangate45_trial_82ce136f_a11d97250f98/metrics.json	125	64 8	0	0.054002400247416954	0.3975684750010102	0.382270292284953	129.14761903764088	334	1774	1.7308332025927113	2.50 1.75 1.25 1.08
832c5d5b	ok	200220.5	200220.5	200130.4	0.04502064653845984	5.548	1.0983963571569986	-0.04502064653845984	-0.04502064653845984	0.0	0	<ORIGINAL_WORKSPACE>/OpenROAD-flow-scripts/flow/reports/nangate45/ibex/place_batch_20260421_220319/dpl_evolve_baseline/openroad_dpl_hpwl_only_9case_bo_place_batch_20260421_220319_ibex_nangate45_trial_832c5d5b_8e46115d10a6/metrics.json	123	256	1	0.05647195904062275	0.4859900661931231	0.5281001872630089	126.37601547532184	924	997	1.4446753162491868	1.50 1.25 1.10 1.04
83befcaf	ok	200112.6	200112.6	200130.4	-0.008894200980954597	5.274	1.0441496733320135	0.008894200980954597	0.008894200980954597	0.0	0	<ORIGINAL_WORKSPACE>/OpenROAD-flow-scripts/flow/reports/nangate45/ibex/place_batch_20260421_220319/dpl_evolve_baseline/openroad_dpl_hpwl_only_9case_bo_place_batch_20260421_220319_ibex_nangate45_trial_83befcaf_0035413ecf0d/metrics.json	59	512 64	1	0.2685564079292443	1.5905463865735956	0.9773130571317186	66.37867499458304	1027	1202	1.7747970261264476	1.04
8466dfa9	ok	200055.3	200055.3	200130.4	-0.037525533352257244	4.912	0.9724806968917046	0.03752553335225724	0.03752553335225724	0.0	0	<ORIGINAL_WORKSPACE>/OpenROAD-flow-scripts/flow/reports/nangate45/ibex/place_batch_20260421_220319/dpl_evolve_baseline/openroad_dpl_hpwl_only_9case_bo_place_batch_20260421_220319_ibex_nangate45_trial_8466dfa9_781e8ab13dd5/metrics.json	94	64 8	0	0.40225129717146924	0.689101979113154	0.058057890956722716	146.81734924165323	878	696	1.3523681891196357	1.75 1.35 1.15 1.05
84718558	ok	200016.7	200016.7	200130.4	-0.05681295795140696	5.022	0.9942585626608592	0.05681295795140695	0.05681295795140695	0.0	0	<ORIGINAL_WORKSPACE>/OpenROAD-flow-scripts/flow/reports/nangate45/ibex/place_batch_20260421_220319/dpl_evolve_baseline/openroad_dpl_hpwl_only_9case_bo_place_batch_20260421_220319_ibex_nangate45_trial_84718558_dcae4b7b5e3d/metrics.json	108	64 8	0	0.20293633870392336	0.22710207750288375	0.20549459776718032	145.94022684134603	373	1448	1.798381329566147	2.00 1.50 1.20 1.05
8704f39f	ok	199983.8	199983.8	200130.4	-0.07325223953982295	4.896	0.969313007325282	0.07325223953982295	0.07325223953982295	0.0	0	<ORIGINAL_WORKSPACE>/OpenROAD-flow-scripts/flow/reports/nangate45/ibex/place_batch_20260421_220319/dpl_evolve_baseline/openroad_dpl_hpwl_only_9case_bo_place_batch_20260421_220319_ibex_nangate45_trial_8704f39f_e6a81dfcf4c9/metrics.json	117	64 8	1	0.2836456534126891	0.6256093865452241	0.21710404426521407	112.7534315146327	853	1511	1.3335479948941906	omit
8919ddd6	ok	200097.5	200097.5	200130.4	-0.016439281588401453	5.355	1.0601861017620273	0.016439281588401453	0.016439281588401453	0.0	0	<ORIGINAL_WORKSPACE>/OpenROAD-flow-scripts/flow/reports/nangate45/ibex/place_batch_20260421_220319/dpl_evolve_baseline/openroad_dpl_hpwl_only_9case_bo_place_batch_20260421_220319_ibex_nangate45_trial_8919ddd6_cff1bb3713d3/metrics.json	113	512	0	0.10632991075753556	1.318984090517239	0.8706129467087189	26.582719027278777	416	559	1.6680260152788375	1.04
89413d05	ok	200120.5	200120.5	200130.4	-0.004946774702890805	5.049	0.9996040388041972	0.004946774702890805	0.004946774702890805	0.0	0	<ORIGINAL_WORKSPACE>/OpenROAD-flow-scripts/flow/reports/nangate45/ibex/place_batch_20260421_220319/dpl_evolve_baseline/openroad_dpl_hpwl_only_9case_bo_place_batch_20260421_220319_ibex_nangate45_trial_89413d05_c1f67cd5adf4/metrics.json	78	64 8	0	0.08614082263434089	0.27718313508843473	0.2973168874824629	96.91949438522172	109	1434	1.8349526668328915	1.75 1.35 1.15 1.05
8a651d78	ok	200032.4	200032.4	200130.4	-0.04896807281652363	5.073	1.004355573153831	0.04896807281652363	0.04896807281652363	0.0	0	<ORIGINAL_WORKSPACE>/OpenROAD-flow-scripts/flow/reports/nangate45/ibex/place_batch_20260421_220319/dpl_evolve_baseline/openroad_dpl_hpwl_only_9case_bo_place_batch_20260421_220319_ibex_nangate45_trial_8a651d78_38cab722d533/metrics.json	42	64 8	1	0.7487664073444328	0.8361419790994846	1.654185921183358	65.70960630779678	1044	569	1.8779776787265425	1.04
8a769061	ok	200103.3	200103.3	200130.4	-0.013541171156408932	5.111	1.0118788358740842	0.013541171156408932	0.013541171156408932	0.0	0	<ORIGINAL_WORKSPACE>/OpenROAD-flow-scripts/flow/reports/nangate45/ibex/place_batch_20260421_220319/dpl_evolve_baseline/openroad_dpl_hpwl_only_9case_bo_place_batch_20260421_220319_ibex_nangate45_trial_8a769061_60c695fc6148/metrics.json	25	64 8	0	0.06545205357624283	1.207057694319029	0.749151185750658	61.01717698892573	659	198	1.5648659621314753	1.04
8b915abe	ok	200151.1	200151.1	200130.4	0.0103432561969654	5.674	1.1233419124925759	-0.04063680474109037	-0.0103432561969654	0.030293548544124967	0	<ORIGINAL_WORKSPACE>/OpenROAD-flow-scripts/flow/reports/nangate45/ibex/place_batch_20260421_220319/dpl_evolve_baseline/openroad_dpl_hpwl_only_9case_bo_place_batch_20260421_220319_ibex_nangate45_trial_8b915abe_331c24c5ef6b/metrics.json	110	256 32	0	0.03940745042083563	1.4145385732931877	0.2500985535200865	54.77048235651406	577	259	1.492776175162844	1.50 1.25 1.10 1.04
8c6efff9	ok	200130.4	200130.4	200130.4	0.0	4.936	0.9772322312413383	0.0	0.0	0.0	0	<ORIGINAL_WORKSPACE>/OpenROAD-flow-scripts/flow/reports/nangate45/ibex/place_batch_20260421_220319/dpl_evolve_baseline/openroad_dpl_hpwl_only_9case_bo_place_batch_20260421_220319_ibex_nangate45_trial_8c6efff9_dce7bb395b69/metrics.json	1	omit	0	0.4	0.4	0.6	35.0	150	1000	1.1	omit
8c9a429d	ok	200044.5	200044.5	200130.4	-0.042922014846317295	4.806	0.9514947535141556	0.042922014846317295	0.042922014846317295	0.0	0	<ORIGINAL_WORKSPACE>/OpenROAD-flow-scripts/flow/reports/nangate45/ibex/place_batch_20260421_220319/dpl_evolve_baseline/openroad_dpl_hpwl_only_9case_bo_place_batch_20260421_220319_ibex_nangate45_trial_8c9a429d_9036830ab689/metrics.json	10	64 8	0	0.018576202177409518	0.14004428743844466	0.9983729663272121	90.94941924799956	704	1338	1.988616154412449	2.00 1.50 1.20 1.05
8cf63132	ok	200182.5	200182.5	200130.4	0.026033026466746594	5.3	1.04929716887745	-0.026033026466746594	-0.026033026466746594	0.0	0	<ORIGINAL_WORKSPACE>/OpenROAD-flow-scripts/flow/reports/nangate45/ibex/place_batch_20260421_220319/dpl_evolve_baseline/openroad_dpl_hpwl_only_9case_bo_place_batch_20260421_220319_ibex_nangate45_trial_8cf63132_8c291468d4c1/metrics.json	22	512	1	0.48040252731384786	0.9618661593649969	0.6062644490328697	83.25272745377623	716	1984	1.9242552375131439	1.04
8df449ee	ok	200057.2	200057.2	200130.4	-0.03657615234865994	4.926	0.9752524252623243	0.03657615234865994	0.03657615234865994	0.0	0	<ORIGINAL_WORKSPACE>/OpenROAD-flow-scripts/flow/reports/nangate45/ibex/place_batch_20260421_220319/dpl_evolve_baseline/openroad_dpl_hpwl_only_9case_bo_place_batch_20260421_220319_ibex_nangate45_trial_8df449ee_c4708b5c6f4e/metrics.json	24	64 8	0	0.1653213387668248	0.06317553864996737	1.7285280739078865	37.376422698027184	688	2128	1.9173239865158287	2.00 1.50 1.20 1.05
8e191f17	ok	200172.7	200172.7	200130.4	0.021136219185100044	5.365	1.0621659077410415	-0.021136219185100048	-0.021136219185100048	0.0	0	<ORIGINAL_WORKSPACE>/OpenROAD-flow-scripts/flow/reports/nangate45/ibex/place_batch_20260421_220319/dpl_evolve_baseline/openroad_dpl_hpwl_only_9case_bo_place_batch_20260421_220319_ibex_nangate45_trial_8e191f17_724969375584/metrics.json	109	256	1	0.5406873847106362	0.008098022874115929	0.06882438399102211	130.29058406944336	841	2106	1.7814448760247217	2.50 1.75 1.25 1.08
8ecca3dd	ok	200018.1	200018.1	200130.4	-0.056113414054030954	5.108	1.01128489408038	0.056113414054030954	0.056113414054030954	0.0	0	<ORIGINAL_WORKSPACE>/OpenROAD-flow-scripts/flow/reports/nangate45/ibex/place_batch_20260421_220319/dpl_evolve_baseline/openroad_dpl_hpwl_only_9case_bo_place_batch_20260421_220319_ibex_nangate45_trial_8ecca3dd_0b9a89536da3/metrics.json	80	64 8	0	0.020310686668446126	0.6923149877161265	1.3651157945316856	143.97994119621427	299	274	1.758048344239127	1.25 1.10 1.04
8f4acc13	ok	200018.1	200018.1	200130.4	-0.056113414054030954	5.243	1.03801227479707	0.056113414054030954	0.056113414054030954	0.0	0	<ORIGINAL_WORKSPACE>/OpenROAD-flow-scripts/flow/reports/nangate45/ibex/place_batch_20260421_220319/dpl_evolve_baseline/openroad_dpl_hpwl_only_9case_bo_place_batch_20260421_220319_ibex_nangate45_trial_8f4acc13_16656c05003a/metrics.json	80	64 8	0	0.46191346094681307	0.4151351884828608	0.21830890465745417	70.8695861208646	1158	532	1.2204268866375716	omit
8f6cb6ef	ok	200133.5	200133.5	200130.4	0.001548990058484778	4.853	0.9607998416155216	-0.0015489900584847783	-0.0015489900584847783	0.0	0	<ORIGINAL_WORKSPACE>/OpenROAD-flow-scripts/flow/reports/nangate45/ibex/place_batch_20260421_220319/dpl_evolve_baseline/openroad_dpl_hpwl_only_9case_bo_place_batch_20260421_220319_ibex_nangate45_trial_8f6cb6ef_7789f27fd162/metrics.json	13	256 32	0	0.44789352617590517	1.8171910061861911	0.622547589328675	43.16630078795231	199	175	1.678835532939891	1.04
94a0c594	ok	200257.1	200257.1	200130.4	0.06330872271279708	5.424	1.0738467630172244	-0.06330872271279708	-0.06330872271279708	0.0	0	<ORIGINAL_WORKSPACE>/OpenROAD-flow-scripts/flow/reports/nangate45/ibex/place_batch_20260421_220319/dpl_evolve_baseline/openroad_dpl_hpwl_only_9case_bo_place_batch_20260421_220319_ibex_nangate45_trial_94a0c594_c696896f9d7d/metrics.json	127	512 64	0	0.009366702993567275	1.4019814572742808	0.06462644032327891	101.31881417764305	501	569	1.9247907470234122	1.10 1.04
94ff6f40	ok	200047.6	200047.6	200130.4	-0.041373024787832516	4.78	0.9463472579687191	0.041373024787832516	0.041373024787832516	0.0	0	<ORIGINAL_WORKSPACE>/OpenROAD-flow-scripts/flow/reports/nangate45/ibex/place_batch_20260421_220319/dpl_evolve_baseline/openroad_dpl_hpwl_only_9case_bo_place_batch_20260421_220319_ibex_nangate45_trial_94ff6f40_1ab9d6f3deb0/metrics.json	97	64 8	1	0.13763807806418507	1.0816656612665652	0.570716359107506	127.92529977131797	625	816	1.308418397373267	1.50 1.25 1.10 1.04
971c0e3f	ok	200153.2	200153.2	200130.4	0.011392572043036672	5.655	1.1195802811324491	-0.0368256296561521	-0.011392572043036672	0.025433057613115425	0	<ORIGINAL_WORKSPACE>/OpenROAD-flow-scripts/flow/reports/nangate45/ibex/place_batch_20260421_220319/dpl_evolve_baseline/openroad_dpl_hpwl_only_9case_bo_place_batch_20260421_220319_ibex_nangate45_trial_971c0e3f_4191dc2d4a64/metrics.json	75	256	0	0.01237473725476015	1.281392631038735	1.1371267436189567	37.34912530786772	647	806	1.9520591010118757	1.04
97e723af	ok	200113.9	200113.9	200130.4	-0.008244624504822854	5.047	0.9992080776083943	0.008244624504822856	0.008244624504822856	0.0	0	<ORIGINAL_WORKSPACE>/OpenROAD-flow-scripts/flow/reports/nangate45/ibex/place_batch_20260421_220319/dpl_evolve_baseline/openroad_dpl_hpwl_only_9case_bo_place_batch_20260421_220319_ibex_nangate45_trial_97e723af_e1a708858b62/metrics.json	7	64 8	1	0.5741458259913133	1.2133403886273202	0.45059924042664856	33.16190586298773	911	458	1.988991604816794	1.04
98dce921	ok	200109.6	200109.6	200130.4	-0.010393223618195117	5.022	0.9942585626608592	0.010393223618195117	0.010393223618195117	0.0	0	<ORIGINAL_WORKSPACE>/OpenROAD-flow-scripts/flow/reports/nangate45/ibex/place_batch_20260421_220319/dpl_evolve_baseline/openroad_dpl_hpwl_only_9case_bo_place_batch_20260421_220319_ibex_nangate45_trial_98dce921_72d721da9c09/metrics.json	126	256 32	1	0.21951758417562484	0.1591136002807511	0.4414606148501281	92.75836948524314	810	1495	1.5494293230788743	omit
99d6a507	ok	200120.5	200120.5	200130.4	-0.004946774702890805	4.688	0.9281330429617897	0.004946774702890805	0.004946774702890805	0.0	0	<ORIGINAL_WORKSPACE>/OpenROAD-flow-scripts/flow/reports/nangate45/ibex/place_batch_20260421_220319/dpl_evolve_baseline/openroad_dpl_hpwl_only_9case_bo_place_batch_20260421_220319_ibex_nangate45_trial_99d6a507_0c6367db594b/metrics.json	78	64 8	0	0.12319599996166403	0.8811051658783484	0.12987783916445705	76.45380994764297	527	3568	1.6480323885173151	omit
9a74cd21	ok	200083.8	200083.8	200130.4	-0.023284818298472308	4.901	0.9703029103147891	0.023284818298472308	0.023284818298472308	0.0	0	<ORIGINAL_WORKSPACE>/OpenROAD-flow-scripts/flow/reports/nangate45/ibex/place_batch_20260421_220319/dpl_evolve_baseline/openroad_dpl_hpwl_only_9case_bo_place_batch_20260421_220319_ibex_nangate45_trial_9a74cd21_8f5abde0e2d9/metrics.json	88	64 8	1	0.20464276986010127	1.0160938787977742	0.3154976028376617	78.67901760410244	120	820	1.5626445834165752	1.50 1.25 1.10 1.04
9ab01666	ok	199983.9	199983.9	200130.4	-0.07320227211857869	4.785	0.9473371609582261	0.07320227211857869	0.07320227211857869	0.0	0	<ORIGINAL_WORKSPACE>/OpenROAD-flow-scripts/flow/reports/nangate45/ibex/place_batch_20260421_220319/dpl_evolve_baseline/openroad_dpl_hpwl_only_9case_bo_place_batch_20260421_220319_ibex_nangate45_trial_9ab01666_705930bc5af2/metrics.json	34	64 8	0	0.27652472289355345	1.0293210518939024	1.301865722586259	85.1509284070903	448	218	1.9996311268047053	1.04
9ace0916	ok	200116.7	200116.7	200130.4	-0.006845536710056312	4.918	0.9736685804791131	0.0068455367100563125	0.0068455367100563125	0.0	0	<ORIGINAL_WORKSPACE>/OpenROAD-flow-scripts/flow/reports/nangate45/ibex/place_batch_20260421_220319/dpl_evolve_baseline/openroad_dpl_hpwl_only_9case_bo_place_batch_20260421_220319_ibex_nangate45_trial_9ace0916_87bf2cea6362/metrics.json	124	32	0	0.07270400983141359	1.4781510429703395	1.4607145261433123	53.478233394929006	840	1079	1.3532604569341293	1.04
9b28d732	ok	200146.2	200146.2	200130.4	0.007894852556142126	4.818	0.9538705206889724	-0.007894852556142126	-0.007894852556142126	0.0	0	<ORIGINAL_WORKSPACE>/OpenROAD-flow-scripts/flow/reports/nangate45/ibex/place_batch_20260421_220319/dpl_evolve_baseline/openroad_dpl_hpwl_only_9case_bo_place_batch_20260421_220319_ibex_nangate45_trial_9b28d732_d4495f6ff467/metrics.json	14	64 8	0	0.16535419711693278	1.8550171607920678	0.7281434265037379	112.62181547042333	885	3545	1.6236722070556089	1.25 1.10 1.04
9b9b47db	ok	200097.5	200097.5	200130.4	-0.016439281588401453	5.038	0.9974262522272818	0.016439281588401453	0.016439281588401453	0.0	0	<ORIGINAL_WORKSPACE>/OpenROAD-flow-scripts/flow/reports/nangate45/ibex/place_batch_20260421_220319/dpl_evolve_baseline/openroad_dpl_hpwl_only_9case_bo_place_batch_20260421_220319_ibex_nangate45_trial_9b9b47db_047d3fea0f4b/metrics.json	113	512	1	0.20960887567052722	0.12090628516964946	0.2318434745562144	70.84292200248157	749	2406	1.7158481037881332	1.50 1.25 1.10 1.04
9bfab360	ok	200093.6	200093.6	200130.4	-0.01838801101681122	4.738	0.9380320728568601	0.01838801101681122	0.01838801101681122	0.0	0	<ORIGINAL_WORKSPACE>/OpenROAD-flow-scripts/flow/reports/nangate45/ibex/place_batch_20260421_220319/dpl_evolve_baseline/openroad_dpl_hpwl_only_9case_bo_place_batch_20260421_220319_ibex_nangate45_trial_9bfab360_e1eaec6f79bf/metrics.json	38	32	0	0.13216114194293815	0.41290811777886605	0.19856817761302625	76.18825499179312	351	1492	1.1080653286972368	1.75 1.35 1.15 1.05
9cef9245	ok	199964.1	199964.1	200130.4	-0.0830958215243603	5.208	1.0310829538705206	0.0830958215243603	0.0830958215243603	0.0	0	<ORIGINAL_WORKSPACE>/OpenROAD-flow-scripts/flow/reports/nangate45/ibex/place_batch_20260421_220319/dpl_evolve_baseline/openroad_dpl_hpwl_only_9case_bo_place_batch_20260421_220319_ibex_nangate45_trial_9cef9245_4a020ba869c4/metrics.json	18	64 8	1	0.39759359405815764	1.1213407738574255	1.2696343322975	96.1998350363441	780	421	1.964122874732281	1.04
9d199915	ok	200034.6	200034.6	200130.4	-0.0478687895492081	4.852	0.9606018610176204	0.0478687895492081	0.0478687895492081	0.0	0	<ORIGINAL_WORKSPACE>/OpenROAD-flow-scripts/flow/reports/nangate45/ibex/place_batch_20260421_220319/dpl_evolve_baseline/openroad_dpl_hpwl_only_9case_bo_place_batch_20260421_220319_ibex_nangate45_trial_9d199915_7cdee3d53ce3/metrics.json	52	64 8	0	0.0600336354340297	1.7581894188505693	0.8128807431221023	90.52329760895233	597	352	1.7658092127302198	1.04
9da23631	ok	200115.9	200115.9	200130.4	-0.0072452760799958426	5.332	1.0556325480102948	0.0072452760799958426	0.0072452760799958426	0.0	0	<ORIGINAL_WORKSPACE>/OpenROAD-flow-scripts/flow/reports/nangate45/ibex/place_batch_20260421_220319/dpl_evolve_baseline/openroad_dpl_hpwl_only_9case_bo_place_batch_20260421_220319_ibex_nangate45_trial_9da23631_8ea1e8aba66e/metrics.json	8	256 32	1	0.31058940065663687	0.9805879697164044	0.9646843908673199	119.31238453474856	1049	642	1.8138723433347068	1.50 1.25 1.10 1.04
9df653e3	ok	200089.5	200089.5	200130.4	-0.020436675287709503	4.568	0.904375371213621	0.020436675287709503	0.020436675287709503	0.0	0	<ORIGINAL_WORKSPACE>/OpenROAD-flow-scripts/flow/reports/nangate45/ibex/place_batch_20260421_220319/dpl_evolve_baseline/openroad_dpl_hpwl_only_9case_bo_place_batch_20260421_220319_ibex_nangate45_trial_9df653e3_dbd23f8652c0/metrics.json	95	64 8	1	0.07682555212713074	0.5256666951713638	0.1422172075453821	86.1752889877619	879	1291	1.1967655900990481	1.75 1.35 1.15 1.05
9ed5effc	ok	200012.9	200012.9	200130.4	-0.058711719958587004	5.087	1.0071273015244506	0.058711719958587004	0.058711719958587004	0.0	0	<ORIGINAL_WORKSPACE>/OpenROAD-flow-scripts/flow/reports/nangate45/ibex/place_batch_20260421_220319/dpl_evolve_baseline/openroad_dpl_hpwl_only_9case_bo_place_batch_20260421_220319_ibex_nangate45_trial_9ed5effc_4f8d23a25bac/metrics.json	79	64 8	0	1.93632411085512e-05	1.878900588179334	0.8877411683362199	88.4209223629141	696	851	1.7260527570077988	omit
9f524f44	ok	200078.4	200078.4	200130.4	-0.02598305904550233	4.672	0.9249653533953671	0.025983059045502334	0.025983059045502334	0.0	0	<ORIGINAL_WORKSPACE>/OpenROAD-flow-scripts/flow/reports/nangate45/ibex/place_batch_20260421_220319/dpl_evolve_baseline/openroad_dpl_hpwl_only_9case_bo_place_batch_20260421_220319_ibex_nangate45_trial_9f524f44_31840864328b/metrics.json	32	64 8	0	0.12392575703949099	1.5743679424806762	0.5702785935334392	139.18463897398215	989	493	1.4318491434763816	1.04
a0083cbc	ok	200063.5	200063.5	200130.4	-0.033428204810460674	5.376	1.064343694317957	0.03342820481046067	0.03342820481046067	0.0	0	<ORIGINAL_WORKSPACE>/OpenROAD-flow-scripts/flow/reports/nangate45/ibex/place_batch_20260421_220319/dpl_evolve_baseline/openroad_dpl_hpwl_only_9case_bo_place_batch_20260421_220319_ibex_nangate45_trial_a0083cbc_f2fbfc77181a/metrics.json	124	64 8	0	0.2787534753029165	1.4573141452415483	0.2836391839212066	27.237846931017533	81	1410	1.6440642639026672	1.50 1.25 1.10 1.04
a06e3d87	ok	200130.4	200130.4	200130.4	0.0	4.85	0.9602058998218174	0.0	0.0	0.0	0	<ORIGINAL_WORKSPACE>/OpenROAD-flow-scripts/flow/reports/nangate45/ibex/place_batch_20260421_220319/dpl_evolve_baseline/openroad_dpl_hpwl_only_9case_bo_place_batch_20260421_220319_ibex_nangate45_trial_a06e3d87_08ef8cec32a6/metrics.json	1	512	0	0.5	0.6	0.8	45.0	200	1000	1.15	1.50 1.25 1.10 1.04
a12ed1a7	ok	200153.9	200153.9	200130.4	0.011742343991717401	5.191	1.0277172837061967	-0.0117423439917174	-0.0117423439917174	0.0	0	<ORIGINAL_WORKSPACE>/OpenROAD-flow-scripts/flow/reports/nangate45/ibex/place_batch_20260421_220319/dpl_evolve_baseline/openroad_dpl_hpwl_only_9case_bo_place_batch_20260421_220319_ibex_nangate45_trial_a12ed1a7_b58c32ea61c3/metrics.json	102	32	0	0.03481994021579199	0.13998580156924634	0.10653134630022348	145.3876285178806	261	343	1.4402111166040354	1.10 1.04
a13ace89	ok	200017.5	200017.5	200130.4	-0.05641321858148197	5.12	1.013660661255197	0.05641321858148197	0.05641321858148197	0.0	0	<ORIGINAL_WORKSPACE>/OpenROAD-flow-scripts/flow/reports/nangate45/ibex/place_batch_20260421_220319/dpl_evolve_baseline/openroad_dpl_hpwl_only_9case_bo_place_batch_20260421_220319_ibex_nangate45_trial_a13ace89_da92c7194ec1/metrics.json	122	64 8	1	0.37534687847898923	0.4692194577491792	0.44481250360621005	146.86287151847506	796	2551	1.6788753507520664	1.75 1.35 1.15 1.05
a1446772	ok	200017.5	200017.5	200130.4	-0.05641321858148197	4.974	0.9847554939615918	0.05641321858148197	0.05641321858148197	0.0	0	<ORIGINAL_WORKSPACE>/OpenROAD-flow-scripts/flow/reports/nangate45/ibex/place_batch_20260421_220319/dpl_evolve_baseline/openroad_dpl_hpwl_only_9case_bo_place_batch_20260421_220319_ibex_nangate45_trial_a1446772_3bc4f395dea4/metrics.json	122	64 8	1	0.41021621249176904	0.6881799423425163	0.5120492718245702	126.0630714526559	791	2137	1.3966749033229524	omit
a1edaf00	ok	200160.2	200160.2	200130.4	0.014890291529931217	5.204	1.0302910314789149	-0.014890291529931217	-0.014890291529931217	0.0	0	<ORIGINAL_WORKSPACE>/OpenROAD-flow-scripts/flow/reports/nangate45/ibex/place_batch_20260421_220319/dpl_evolve_baseline/openroad_dpl_hpwl_only_9case_bo_place_batch_20260421_220319_ibex_nangate45_trial_a1edaf00_3f1bcd79883d/metrics.json	97	omit	0	0.06588377615309002	1.442087552338509	0.35643449684938405	72.6006268890579	645	1465	1.9143996537171686	2.00 1.50 1.20 1.05
a5a30934	ok	200148.8	200148.8	200130.4	0.00919400550840561	5.039	0.9976242328251831	-0.00919400550840561	-0.00919400550840561	0.0	0	<ORIGINAL_WORKSPACE>/OpenROAD-flow-scripts/flow/reports/nangate45/ibex/place_batch_20260421_220319/dpl_evolve_baseline/openroad_dpl_hpwl_only_9case_bo_place_batch_20260421_220319_ibex_nangate45_trial_a5a30934_774d9eebccd7/metrics.json	118	32	1	0.013773865163980277	0.8525390384453229	0.47317096130516806	119.63769532554703	100	1058	1.2646831146763815	1.50 1.25 1.10 1.04
a5b00e61	ok	200095.6	200095.6	200130.4	-0.017388662591984204	5.041	0.998020194020986	0.017388662591984207	0.017388662591984207	0.0	0	<ORIGINAL_WORKSPACE>/OpenROAD-flow-scripts/flow/reports/nangate45/ibex/place_batch_20260421_220319/dpl_evolve_baseline/openroad_dpl_hpwl_only_9case_bo_place_batch_20260421_220319_ibex_nangate45_trial_a5b00e61_636014b16bb2/metrics.json	100	64 8	0	0.22214035128369386	1.2234646221431564	0.5663662618416152	102.5822536912999	385	518	1.8642927797811406	omit
a62180df	ok	200128.1	200128.1	200130.4	-0.0011492506885452478	5.07	1.0037616313601267	0.0011492506885452478	0.0011492506885452478	0.0	0	<ORIGINAL_WORKSPACE>/OpenROAD-flow-scripts/flow/reports/nangate45/ibex/place_batch_20260421_220319/dpl_evolve_baseline/openroad_dpl_hpwl_only_9case_bo_place_batch_20260421_220319_ibex_nangate45_trial_a62180df_4a0eea0195ea/metrics.json	18	512	1	0.25462995762948515	0.5370086996779607	1.4617835717592877	99.1879070296837	706	985	1.9785097905883116	2.00 1.50 1.20 1.05
a6741c8c	ok	200174.3	200174.3	200130.4	0.021935697924950023	5.267	1.0427638091467037	-0.021935697924950023	-0.021935697924950023	0.0	0	<ORIGINAL_WORKSPACE>/OpenROAD-flow-scripts/flow/reports/nangate45/ibex/place_batch_20260421_220319/dpl_evolve_baseline/openroad_dpl_hpwl_only_9case_bo_place_batch_20260421_220319_ibex_nangate45_trial_a6741c8c_97a1616be73b/metrics.json	68	256	0	0.25112356828918225	1.4842496090279587	1.703084728836091	141.15721949342054	374	161	1.7507928507499144	1.04
a8627981	ok	200047.6	200047.6	200130.4	-0.041373024787832516	5.115	1.01267075826569	0.041373024787832516	0.041373024787832516	0.0	0	<ORIGINAL_WORKSPACE>/OpenROAD-flow-scripts/flow/reports/nangate45/ibex/place_batch_20260421_220319/dpl_evolve_baseline/openroad_dpl_hpwl_only_9case_bo_place_batch_20260421_220319_ibex_nangate45_trial_a8627981_c8940d5845c6/metrics.json	97	64 8	0	0.36973874031865606	1.603388226432648	0.5971121091119149	85.38607645083391	717	1568	1.595099155188856	1.04
aa157360	ok	200016.3	200016.3	200130.4	-0.057012827636383996	5.289	1.0471193823005345	0.05701282763638399	0.05701282763638399	0.0	0	<ORIGINAL_WORKSPACE>/OpenROAD-flow-scripts/flow/reports/nangate45/ibex/place_batch_20260421_220319/dpl_evolve_baseline/openroad_dpl_hpwl_only_9case_bo_place_batch_20260421_220319_ibex_nangate45_trial_aa157360_5c8226673a24/metrics.json	86	64 8	1	0.3687693744909367	0.5805439675769333	0.2017071876514643	91.52713408811768	975	1513	1.4615844663816435	omit
aa863f12	ok	200108.4	200108.4	200130.4	-0.010992832673097142	5.321	1.0534547614333793	0.010992832673097142	0.010992832673097142	0.0	0	<ORIGINAL_WORKSPACE>/OpenROAD-flow-scripts/flow/reports/nangate45/ibex/place_batch_20260421_220319/dpl_evolve_baseline/openroad_dpl_hpwl_only_9case_bo_place_batch_20260421_220319_ibex_nangate45_trial_aa863f12_513dce2eecd3/metrics.json	74	128	0	0.3453229881162253	0.9434986709313936	1.667933004549485	120.35445836181866	249	281	1.5151429937908492	2.50 1.75 1.25 1.08
adca48d8	ok	200093.6	200093.6	200130.4	-0.01838801101681122	5.095	1.0087111463076617	0.01838801101681122	0.01838801101681122	0.0	0	<ORIGINAL_WORKSPACE>/OpenROAD-flow-scripts/flow/reports/nangate45/ibex/place_batch_20260421_220319/dpl_evolve_baseline/openroad_dpl_hpwl_only_9case_bo_place_batch_20260421_220319_ibex_nangate45_trial_adca48d8_6045ef8038a3/metrics.json	79	256 32	0	0.0335233247608578	0.8216825556946991	1.1337663659818604	99.36328294534687	997	936	1.4255698686441718	1.04
ae0a2083	ok	200094.6	200094.6	200130.4	-0.017888336804397713	5.066	1.002969708968521	0.017888336804397713	0.017888336804397713	0.0	0	<ORIGINAL_WORKSPACE>/OpenROAD-flow-scripts/flow/reports/nangate45/ibex/place_batch_20260421_220319/dpl_evolve_baseline/openroad_dpl_hpwl_only_9case_bo_place_batch_20260421_220319_ibex_nangate45_trial_ae0a2083_b0af767e8ad3/metrics.json	22	64 8	1	0.2793059037461375	1.346970917380121	1.5493278818666143	69.85549099753051	615	159	1.9625328438131209	2.50 1.75 1.25 1.08
ae1deb64	ok	200095.9	200095.9	200130.4	-0.017238760328265972	5.065	1.0027717283706197	0.017238760328265972	0.017238760328265972	0.0	0	<ORIGINAL_WORKSPACE>/OpenROAD-flow-scripts/flow/reports/nangate45/ibex/place_batch_20260421_220319/dpl_evolve_baseline/openroad_dpl_hpwl_only_9case_bo_place_batch_20260421_220319_ibex_nangate45_trial_ae1deb64_161cdafcd5bc/metrics.json	77	64 8	0	0.016756118138201617	1.7991771682000606	0.7330372115662671	24.711209908475478	1029	1161	1.7443681727614933	1.04
af579e9c	ok	200017.5	200017.5	200130.4	-0.05641321858148197	4.953	0.9805979014056623	0.05641321858148197	0.05641321858148197	0.0	0	<ORIGINAL_WORKSPACE>/OpenROAD-flow-scripts/flow/reports/nangate45/ibex/place_batch_20260421_220319/dpl_evolve_baseline/openroad_dpl_hpwl_only_9case_bo_place_batch_20260421_220319_ibex_nangate45_trial_af579e9c_7b748f4faeda/metrics.json	122	64 8	1	0.2874619395612282	1.3348182920766152	0.09944765783575271	34.42636298959377	477	126	1.7820616382402068	1.50 1.25 1.10 1.04
afd08641	ok	199983.8	199983.8	200130.4	-0.07325223953982295	5.071	1.003959611958028	0.07325223953982295	0.07325223953982295	0.0	0	<ORIGINAL_WORKSPACE>/OpenROAD-flow-scripts/flow/reports/nangate45/ibex/place_batch_20260421_220319/dpl_evolve_baseline/openroad_dpl_hpwl_only_9case_bo_place_batch_20260421_220319_ibex_nangate45_trial_afd08641_4de08a521c9e/metrics.json	117	64 8	0	0.08283889810558401	0.006750451112177536	0.14155131712424468	137.84479898923144	275	1242	1.7931716738579977	omit
afe447af	ok	200081.3	200081.3	200130.4	-0.024534003829506074	5.098	1.009305088101366	0.024534003829506074	0.024534003829506074	0.0	0	<ORIGINAL_WORKSPACE>/OpenROAD-flow-scripts/flow/reports/nangate45/ibex/place_batch_20260421_220319/dpl_evolve_baseline/openroad_dpl_hpwl_only_9case_bo_place_batch_20260421_220319_ibex_nangate45_trial_afe447af_9d951289dfa0/metrics.json	121	64 8	1	0.021443061259238005	0.32723169302514904	0.3204678547958668	120.1734536819142	93	184	1.7485845031287681	omit
b0462f0d	ok	200150.4	200150.4	200130.4	0.009993484248270129	5.405	1.0700851316570976	-0.009993484248270129	-0.009993484248270129	0.0	0	<ORIGINAL_WORKSPACE>/OpenROAD-flow-scripts/flow/reports/nangate45/ibex/place_batch_20260421_220319/dpl_evolve_baseline/openroad_dpl_hpwl_only_9case_bo_place_batch_20260421_220319_ibex_nangate45_trial_b0462f0d_ec4681f343a8/metrics.json	73	64	0	0.6164985040645373	0.07771012821452938	0.2889931091823672	132.60342354994287	795	1293	1.075197217667713	omit
b07cb90d	ok	200096.3	200096.3	200130.4	-0.017038890643303477	5.254	1.0401900613739852	0.017038890643303477	0.017038890643303477	0.0	0	<ORIGINAL_WORKSPACE>/OpenROAD-flow-scripts/flow/reports/nangate45/ibex/place_batch_20260421_220319/dpl_evolve_baseline/openroad_dpl_hpwl_only_9case_bo_place_batch_20260421_220319_ibex_nangate45_trial_b07cb90d_99423fc958c4/metrics.json	127	64 8	0	0.33889403303153603	1.0563723815836588	0.23514138993853276	81.46321952730727	705	1150	1.9591406664965456	omit
b1826f0b	ok	200069.7	200069.7	200130.4	-0.030330224693491115	4.798	0.9499109087309443	0.030330224693491115	0.030330224693491115	0.0	0	<ORIGINAL_WORKSPACE>/OpenROAD-flow-scripts/flow/reports/nangate45/ibex/place_batch_20260421_220319/dpl_evolve_baseline/openroad_dpl_hpwl_only_9case_bo_place_batch_20260421_220319_ibex_nangate45_trial_b1826f0b_e2a49d1d43f2/metrics.json	107	64 8	0	0.04295282056586418	1.546702900894047	0.3240676346780289	86.49475053488001	1105	441	1.9266559318899537	omit
b219bd3f	ok	200063.1	200063.1	200130.4	-0.03362807449542317	5.42	1.0730548406256186	0.03362807449542316	0.03362807449542316	0.0	0	<ORIGINAL_WORKSPACE>/OpenROAD-flow-scripts/flow/reports/nangate45/ibex/place_batch_20260421_220319/dpl_evolve_baseline/openroad_dpl_hpwl_only_9case_bo_place_batch_20260421_220319_ibex_nangate45_trial_b219bd3f_01e4be39d4de/metrics.json	124	128	1	0.5235598127730914	1.093341707936831	0.13031553888901254	139.11698512412724	704	2003	1.6028845840367838	omit
b257704e	ok	200105.5	200105.5	200130.4	-0.012441887889093402	5.113	1.012274797069887	0.012441887889093402	0.012441887889093402	0.0	0	<ORIGINAL_WORKSPACE>/OpenROAD-flow-scripts/flow/reports/nangate45/ibex/place_batch_20260421_220319/dpl_evolve_baseline/openroad_dpl_hpwl_only_9case_bo_place_batch_20260421_220319_ibex_nangate45_trial_b257704e_f6c3bb5abf37/metrics.json	26	64 8	0	0.14355865983961102	1.9158301185323847	0.19954462771285736	115.49567068152422	400	1137	1.7335674685756706	omit
b2ee6483	ok	200144.4	200144.4	200130.4	0.00699543897378909	4.858	0.9617897446050286	-0.00699543897378909	-0.00699543897378909	0.0	0	<ORIGINAL_WORKSPACE>/OpenROAD-flow-scripts/flow/reports/nangate45/ibex/place_batch_20260421_220319/dpl_evolve_baseline/openroad_dpl_hpwl_only_9case_bo_place_batch_20260421_220319_ibex_nangate45_trial_b2ee6483_6bd3eb2062ee/metrics.json	74	128 16	0	0.032426325314457105	0.1871541916349615	0.17747484433234145	67.7599723037213	482	3904	1.1679832931996148	omit
b4691fbb	ok	200096.1	200096.1	200130.4	-0.017138825485777453	5.239	1.0372203524054642	0.017138825485777453	0.017138825485777453	0.0	0	<ORIGINAL_WORKSPACE>/OpenROAD-flow-scripts/flow/reports/nangate45/ibex/place_batch_20260421_220319/dpl_evolve_baseline/openroad_dpl_hpwl_only_9case_bo_place_batch_20260421_220319_ibex_nangate45_trial_b4691fbb_ae1af91de3e7/metrics.json	120	32	1	0.8088759018619237	0.47638627204873385	0.6921963490515707	111.3060954121369	1191	1997	1.4179713995316563	omit
b48ee31b	ok	200140.0	200140.0	200130.4	0.00479687243917257	5.004	0.9906949118986338	-0.00479687243917257	-0.00479687243917257	0.0	0	<ORIGINAL_WORKSPACE>/OpenROAD-flow-scripts/flow/reports/nangate45/ibex/place_batch_20260421_220319/dpl_evolve_baseline/openroad_dpl_hpwl_only_9case_bo_place_batch_20260421_220319_ibex_nangate45_trial_b48ee31b_c4b76887e686/metrics.json	34	1024	1	0.21089863978880408	1.3847645091095093	1.075966606742997	96.57810097191036	471	134	1.995886565942677	1.10 1.04
b4cace0a	ok	200062.3	200062.3	200130.4	-0.034027813865362695	5.182	1.0259354583250841	0.034027813865362695	0.034027813865362695	0.0	0	<ORIGINAL_WORKSPACE>/OpenROAD-flow-scripts/flow/reports/nangate45/ibex/place_batch_20260421_220319/dpl_evolve_baseline/openroad_dpl_hpwl_only_9case_bo_place_batch_20260421_220319_ibex_nangate45_trial_b4cace0a_e6673126bb28/metrics.json	61	64 8	0	0.5853396290476213	0.4373378118475605	0.4934647440155122	136.46414872074646	768	1151	1.2739186587256188	2.00 1.50 1.20 1.05
b6156429	ok	200062.6	200062.6	200130.4	-0.033877911601629916	5.131	1.0158384478321125	0.033877911601629916	0.033877911601629916	0.0	0	<ORIGINAL_WORKSPACE>/OpenROAD-flow-scripts/flow/reports/nangate45/ibex/place_batch_20260421_220319/dpl_evolve_baseline/openroad_dpl_hpwl_only_9case_bo_place_batch_20260421_220319_ibex_nangate45_trial_b6156429_6db1cbcb05d7/metrics.json	5	64 8	1	0.3021077912872372	1.0346193467810558	0.8161004641061436	4.208403403062768	1172	462	1.8635871726206081	2.00 1.50 1.20 1.05
b6d82089	ok	200045.3	200045.3	200130.4	-0.0425222754763923	5.186	1.0267273807166897	0.042522275476392306	0.042522275476392306	0.0	0	<ORIGINAL_WORKSPACE>/OpenROAD-flow-scripts/flow/reports/nangate45/ibex/place_batch_20260421_220319/dpl_evolve_baseline/openroad_dpl_hpwl_only_9case_bo_place_batch_20260421_220319_ibex_nangate45_trial_b6d82089_2c5615e133b6/metrics.json	57	64 8	1	0.09289604918690735	1.3643890450827365	1.6503582822312495	140.33943979983908	543	2663	1.575905996330169	2.50 1.75 1.25 1.08
b82a461d	ok	200047.6	200047.6	200130.4	-0.041373024787832516	5.111	1.0118788358740842	0.041373024787832516	0.041373024787832516	0.0	0	<ORIGINAL_WORKSPACE>/OpenROAD-flow-scripts/flow/reports/nangate45/ibex/place_batch_20260421_220319/dpl_evolve_baseline/openroad_dpl_hpwl_only_9case_bo_place_batch_20260421_220319_ibex_nangate45_trial_b82a461d_dee8f406c912/metrics.json	97	64 8	0	0.05924904108481611	0.5953911524040371	0.4614853269144937	143.64740798542942	264	390	1.6576272395371563	1.10 1.04
b96ca838	ok	200211.2	200211.2	200130.4	0.04037367636302004	5.071	1.003959611958028	-0.04037367636302004	-0.04037367636302004	0.0	0	<ORIGINAL_WORKSPACE>/OpenROAD-flow-scripts/flow/reports/nangate45/ibex/place_batch_20260421_220319/dpl_evolve_baseline/openroad_dpl_hpwl_only_9case_bo_place_batch_20260421_220319_ibex_nangate45_trial_b96ca838_acb6b6f2d19c/metrics.json	39	omit	0	0.13730213428306914	0.8112921418580606	1.6949246863664673	75.4802567736553	447	504	1.649960473001312	1.04
bbae7674	ok	200117.2	200117.2	200130.4	-0.00659569960384956	5.321	1.0534547614333793	0.006595699603849559	0.006595699603849559	0.0	0	<ORIGINAL_WORKSPACE>/OpenROAD-flow-scripts/flow/reports/nangate45/ibex/place_batch_20260421_220319/dpl_evolve_baseline/openroad_dpl_hpwl_only_9case_bo_place_batch_20260421_220319_ibex_nangate45_trial_bbae7674_9c2c5d14a085/metrics.json	46	64	0	0.307691980486043	0.9023545304874176	0.9520762635708487	119.57576426322522	176	112	1.1912045814507246	1.25 1.10 1.04
bbb89c22	ok	200081.3	200081.3	200130.4	-0.024534003829506074	5.139	1.0174222926153238	0.024534003829506074	0.024534003829506074	0.0	0	<ORIGINAL_WORKSPACE>/OpenROAD-flow-scripts/flow/reports/nangate45/ibex/place_batch_20260421_220319/dpl_evolve_baseline/openroad_dpl_hpwl_only_9case_bo_place_batch_20260421_220319_ibex_nangate45_trial_bbb89c22_c601e22b585a/metrics.json	121	64 8	0	0.32757383181828864	1.292814169470688	0.22215684443496858	4.826288124282609	710	2569	1.815188643929202	1.04
bea9d82e	ok	200186.3	200186.3	200130.4	0.0279317884739121	5.118	1.0132647000593942	-0.0279317884739121	-0.0279317884739121	0.0	0	<ORIGINAL_WORKSPACE>/OpenROAD-flow-scripts/flow/reports/nangate45/ibex/place_batch_20260421_220319/dpl_evolve_baseline/openroad_dpl_hpwl_only_9case_bo_place_batch_20260421_220319_ibex_nangate45_trial_bea9d82e_712ed0a71295/metrics.json	58	128	0	0.1346586855255134	1.874778582273242	0.7987635435928434	63.535055419371496	792	370	1.4565171998865944	1.04
bee380f4	ok	199959.8	199959.8	200130.4	-0.0852444206377471	5.052	1.0001979805979013	0.0852444206377471	0.0852444206377471	0.0	0	<ORIGINAL_WORKSPACE>/OpenROAD-flow-scripts/flow/reports/nangate45/ibex/place_batch_20260421_220319/dpl_evolve_baseline/openroad_dpl_hpwl_only_9case_bo_place_batch_20260421_220319_ibex_nangate45_trial_bee380f4_5257f56e0b61/metrics.json	128	64 8	1	0.5145891704956687	0.5563854398712822	0.09459542554125033	125.68515927840483	859	2034	1.443298415098948	omit
bf1395a6	ok	199982.7	199982.7	200130.4	-0.07380188117346617	5.067	1.0031676895664225	0.07380188117346617	0.07380188117346617	0.0	0	<ORIGINAL_WORKSPACE>/OpenROAD-flow-scripts/flow/reports/nangate45/ibex/place_batch_20260421_220319/dpl_evolve_baseline/openroad_dpl_hpwl_only_9case_bo_place_batch_20260421_220319_ibex_nangate45_trial_bf1395a6_daf0ca495211/metrics.json	106	64 8	1	0.7314359852588364	0.22646017673653146	0.11263808674226627	110.24829332543234	1068	1715	1.2741763359032034	omit
bf968fdb	ok	200063.5	200063.5	200130.4	-0.033428204810460674	4.898	0.9697089685210848	0.03342820481046067	0.03342820481046067	0.0	0	<ORIGINAL_WORKSPACE>/OpenROAD-flow-scripts/flow/reports/nangate45/ibex/place_batch_20260421_220319/dpl_evolve_baseline/openroad_dpl_hpwl_only_9case_bo_place_batch_20260421_220319_ibex_nangate45_trial_bf968fdb_3a2989d3a230/metrics.json	124	64 8	0	0.04754194798212724	1.7029667539013151	0.23765058909994552	61.266462388495405	221	481	1.9178199907315838	1.04
c0dd07ac	ok	200091.4	200091.4	200130.4	-0.01948729428412675	5.622	1.1130469214017025	0.0025155891376087147	0.01948729428412675	0.016971705146518034	0	<ORIGINAL_WORKSPACE>/OpenROAD-flow-scripts/flow/reports/nangate45/ibex/place_batch_20260421_220319/dpl_evolve_baseline/openroad_dpl_hpwl_only_9case_bo_place_batch_20260421_220319_ibex_nangate45_trial_c0dd07ac_7cb9fc2855a3/metrics.json	118	omit	0	0.27639203633929527	1.5480353288396165	0.20976894879613106	41.02607977066508	388	149	1.7831940684993264	omit
c0f0b111	ok	200130.4	200130.4	200130.4	0.0	4.984	0.9867352999406058	0.0	0.0	0.0	0	<ORIGINAL_WORKSPACE>/OpenROAD-flow-scripts/flow/reports/nangate45/ibex/place_batch_20260421_220319/dpl_evolve_baseline/openroad_dpl_hpwl_only_9case_bo_place_batch_20260421_220319_ibex_nangate45_trial_c0f0b111_6d35be55b58b/metrics.json	1	omit	0	0.4	0.4	0.6	35.0	150	1000	1.1	1.50 1.25 1.10 1.04
c1690e3e	ok	200051.8	200051.8	200130.4	-0.03927439309570451	4.994	0.9887151059196198	0.03927439309570451	0.03927439309570451	0.0	0	<ORIGINAL_WORKSPACE>/OpenROAD-flow-scripts/flow/reports/nangate45/ibex/place_batch_20260421_220319/dpl_evolve_baseline/openroad_dpl_hpwl_only_9case_bo_place_batch_20260421_220319_ibex_nangate45_trial_c1690e3e_633ed5b6c1ce/metrics.json	60	64 8	1	0.35289744993073485	1.9149305777015857	0.5673681798816179	141.79839330851883	1180	1030	1.8075486115003483	1.10 1.04
c2a314c1	ok	200069.7	200069.7	200130.4	-0.030330224693491115	5.515	1.0918629974262521	0.030330224693491115	0.030330224693491115	0.0	0	<ORIGINAL_WORKSPACE>/OpenROAD-flow-scripts/flow/reports/nangate45/ibex/place_batch_20260421_220319/dpl_evolve_baseline/openroad_dpl_hpwl_only_9case_bo_place_batch_20260421_220319_ibex_nangate45_trial_c2a314c1_616a5dfaf2e1/metrics.json	107	64 8	0	0.09395676568188702	1.4225263662169063	1.5152541614195463	89.02848961517543	715	894	1.6840565220204655	1.10 1.04
c2f0153b	ok	200184.2	200184.2	200130.4	0.02688247262785537	4.908	0.971688774500099	-0.02688247262785537	-0.02688247262785537	0.0	0	<ORIGINAL_WORKSPACE>/OpenROAD-flow-scripts/flow/reports/nangate45/ibex/place_batch_20260421_220319/dpl_evolve_baseline/openroad_dpl_hpwl_only_9case_bo_place_batch_20260421_220319_ibex_nangate45_trial_c2f0153b_cde22665de34/metrics.json	84	64	0	0.04203607295224697	0.10079527918828096	0.2196931260189376	138.67308372157498	178	120	1.3490878557636339	omit
c3877df2	ok	200081.3	200081.3	200130.4	-0.024534003829506074	5.012	0.9922787566818451	0.024534003829506074	0.024534003829506074	0.0	0	<ORIGINAL_WORKSPACE>/OpenROAD-flow-scripts/flow/reports/nangate45/ibex/place_batch_20260421_220319/dpl_evolve_baseline/openroad_dpl_hpwl_only_9case_bo_place_batch_20260421_220319_ibex_nangate45_trial_c3877df2_dc2d42225266/metrics.json	121	64 8	0	0.3230599122192881	1.7632121240813319	0.6280395375219479	75.12640992537662	783	129	1.7631541864219682	2.50 1.75 1.25 1.08
c4a22353	ok	200126.9	200126.9	200130.4	-0.0017488597434472725	5.071	1.003959611958028	0.0017488597434472725	0.0017488597434472725	0.0	0	<ORIGINAL_WORKSPACE>/OpenROAD-flow-scripts/flow/reports/nangate45/ibex/place_batch_20260421_220319/dpl_evolve_baseline/openroad_dpl_hpwl_only_9case_bo_place_batch_20260421_220319_ibex_nangate45_trial_c4a22353_faf6b0e0d843/metrics.json	102	512	0	0.3264658072614865	0.25455996476326187	1.052079330501006	128.56102805164159	931	1332	1.431178050870073	1.10 1.04
c68abbe6	ok	200078.4	200078.4	200130.4	-0.02598305904550233	5.02	0.9938626014650563	0.025983059045502334	0.025983059045502334	0.0	0	<ORIGINAL_WORKSPACE>/OpenROAD-flow-scripts/flow/reports/nangate45/ibex/place_batch_20260421_220319/dpl_evolve_baseline/openroad_dpl_hpwl_only_9case_bo_place_batch_20260421_220319_ibex_nangate45_trial_c68abbe6_236ce8dd9eee/metrics.json	32	64 8	1	0.7359195902103538	1.7976845701332083	0.2744590962954087	19.994589205951197	981	465	1.7607272766796336	1.04
c6dd8599	ok	200112.5	200112.5	200130.4	-0.008944168402198856	5.168	1.0231637299544645	0.008944168402198856	0.008944168402198856	0.0	0	<ORIGINAL_WORKSPACE>/OpenROAD-flow-scripts/flow/reports/nangate45/ibex/place_batch_20260421_220319/dpl_evolve_baseline/openroad_dpl_hpwl_only_9case_bo_place_batch_20260421_220319_ibex_nangate45_trial_c6dd8599_1e8be228d321/metrics.json	87	512 64	0	0.23815271950281347	0.8475429740727929	1.4437790316582775	99.12189149641992	352	524	1.7282795293707789	1.25 1.10 1.04
c76fce96	ok	200088.2	200088.2	200130.4	-0.021086251763841244	4.713	0.9330825579093249	0.021086251763841244	0.021086251763841244	0.0	0	<ORIGINAL_WORKSPACE>/OpenROAD-flow-scripts/flow/reports/nangate45/ibex/place_batch_20260421_220319/dpl_evolve_baseline/openroad_dpl_hpwl_only_9case_bo_place_batch_20260421_220319_ibex_nangate45_trial_c76fce96_ab47d22822d0/metrics.json	33	64 8	1	0.4015749220939094	1.339699238773443	1.8719939656952467	76.78716301319785	777	1105	1.9900422254733954	omit
c832ea94	ok	200081.3	200081.3	200130.4	-0.024534003829506074	4.721	0.9346664026925361	0.024534003829506074	0.024534003829506074	0.0	0	<ORIGINAL_WORKSPACE>/OpenROAD-flow-scripts/flow/reports/nangate45/ibex/place_batch_20260421_220319/dpl_evolve_baseline/openroad_dpl_hpwl_only_9case_bo_place_batch_20260421_220319_ibex_nangate45_trial_c832ea94_5dfab2890f67/metrics.json	121	64 8	1	0.07736182933805473	1.3601397803455302	0.37290509546214157	146.77865676924023	178	2031	1.5309719855004404	1.50 1.25 1.10 1.04
c8a30ccd	ok	200095.9	200095.9	200130.4	-0.017238760328265972	4.955	0.980993862601465	0.017238760328265972	0.017238760328265972	0.0	0	<ORIGINAL_WORKSPACE>/OpenROAD-flow-scripts/flow/reports/nangate45/ibex/place_batch_20260421_220319/dpl_evolve_baseline/openroad_dpl_hpwl_only_9case_bo_place_batch_20260421_220319_ibex_nangate45_trial_c8a30ccd_1b1fa8c8e855/metrics.json	77	64 8	1	0.33504528050373683	0.6182215802421018	0.9204098000063994	145.7031667942222	632	1974	1.572884197150454	1.25 1.10 1.04
c8ae5897	ok	199988.5	199988.5	200130.4	-0.07090377074147365	5.011	0.9920807760839437	0.07090377074147365	0.07090377074147365	0.0	0	<ORIGINAL_WORKSPACE>/OpenROAD-flow-scripts/flow/reports/nangate45/ibex/place_batch_20260421_220319/dpl_evolve_baseline/openroad_dpl_hpwl_only_9case_bo_place_batch_20260421_220319_ibex_nangate45_trial_c8ae5897_7ece11350e79/metrics.json	45	64 8	1	0.6723302324334351	0.653729185180799	1.6262457789932245	75.31007203576901	931	627	1.949942314227625	1.04
c95dc12e	ok	200103.9	200103.9	200130.4	-0.013241366628957921	5.384	1.0659275391011682	0.01324136662895792	0.01324136662895792	0.0	0	<ORIGINAL_WORKSPACE>/OpenROAD-flow-scripts/flow/reports/nangate45/ibex/place_batch_20260421_220319/dpl_evolve_baseline/openroad_dpl_hpwl_only_9case_bo_place_batch_20260421_220319_ibex_nangate45_trial_c95dc12e_770bb58d5650/metrics.json	119	512 64	0	0.09802906881939787	1.438998203757933	0.9993116959012767	71.10657736976438	551	2342	1.4258667921070332	1.04
c9a9d688	ok	200166.5	200166.5	200130.4	0.01803823906813049	5.075	1.0047515343496338	-0.01803823906813049	-0.01803823906813049	0.0	0	<ORIGINAL_WORKSPACE>/OpenROAD-flow-scripts/flow/reports/nangate45/ibex/place_batch_20260421_220319/dpl_evolve_baseline/openroad_dpl_hpwl_only_9case_bo_place_batch_20260421_220319_ibex_nangate45_trial_c9a9d688_6cd42261b467/metrics.json	78	512	0	0.2863168398697367	1.050766518109476	1.1087065983144433	122.67598868387877	64	289	1.5655400595634308	1.50 1.25 1.10 1.04
ca7bfab6	ok	200031.9	200031.9	200130.4	-0.04921790992273038	4.842	0.9586220550386061	0.04921790992273038	0.04921790992273038	0.0	0	<ORIGINAL_WORKSPACE>/OpenROAD-flow-scripts/flow/reports/nangate45/ibex/place_batch_20260421_220319/dpl_evolve_baseline/openroad_dpl_hpwl_only_9case_bo_place_batch_20260421_220319_ibex_nangate45_trial_ca7bfab6_03ae865c34fb/metrics.json	65	64 8	0	0.01404579463437184	1.982970414182701	0.08544977316006919	48.96785380619787	634	1226	1.4459463036438571	1.75 1.35 1.15 1.05
caadba25	ok	200168.5	200168.5	200130.4	0.019037587492957503	5.103	1.010294991090873	-0.019037587492957503	-0.019037587492957503	0.0	0	<ORIGINAL_WORKSPACE>/OpenROAD-flow-scripts/flow/reports/nangate45/ibex/place_batch_20260421_220319/dpl_evolve_baseline/openroad_dpl_hpwl_only_9case_bo_place_batch_20260421_220319_ibex_nangate45_trial_caadba25_937dc0239d12/metrics.json	36	512	0	0.36283761155347827	1.43874522656068	1.557339622063948	77.35530030582686	358	650	1.946602829022636	1.04
cc76c773	ok	200169.4	200169.4	200130.4	0.01948729428412675	5.246	1.0386062165907741	-0.01948729428412675	-0.01948729428412675	0.0	0	<ORIGINAL_WORKSPACE>/OpenROAD-flow-scripts/flow/reports/nangate45/ibex/place_batch_20260421_220319/dpl_evolve_baseline/openroad_dpl_hpwl_only_9case_bo_place_batch_20260421_220319_ibex_nangate45_trial_cc76c773_8bf11c780226/metrics.json	123	256 32	1	0.2896020805917405	0.7548956324688944	0.20951452707020865	85.09419756328344	315	849	1.626211406336618	1.50 1.25 1.10 1.04
cc7b5be1	ok	200218.6	200218.6	200130.4	0.04407126553487708	4.858	0.9617897446050286	-0.044071265534877085	-0.044071265534877085	0.0	0	<ORIGINAL_WORKSPACE>/OpenROAD-flow-scripts/flow/reports/nangate45/ibex/place_batch_20260421_220319/dpl_evolve_baseline/openroad_dpl_hpwl_only_9case_bo_place_batch_20260421_220319_ibex_nangate45_trial_cc7b5be1_f8da3971632a/metrics.json	78	64	0	0.30319237751081135	1.4959200621010798	0.2946189432383233	85.8800059222337	672	1451	1.9955161357037583	omit
cc82e530	ok	200211.2	200211.2	200130.4	0.04037367636302004	5.551	1.0989902989507028	-0.04037367636302004	-0.04037367636302004	0.0	0	<ORIGINAL_WORKSPACE>/OpenROAD-flow-scripts/flow/reports/nangate45/ibex/place_batch_20260421_220319/dpl_evolve_baseline/openroad_dpl_hpwl_only_9case_bo_place_batch_20260421_220319_ibex_nangate45_trial_cc82e530_761f421f4fa5/metrics.json	39	1024	1	0.8115215688733552	0.12028306022143809	1.6217966086162743	97.88065221975035	1099	288	1.890816448067958	1.04
cca2ae9a	ok	200220.0	200220.0	200130.4	0.04477080943225308	5.372	1.0635517719263512	-0.04477080943225308	-0.04477080943225308	0.0	0	<ORIGINAL_WORKSPACE>/OpenROAD-flow-scripts/flow/reports/nangate45/ibex/place_batch_20260421_220319/dpl_evolve_baseline/openroad_dpl_hpwl_only_9case_bo_place_batch_20260421_220319_ibex_nangate45_trial_cca2ae9a_24083e7782aa/metrics.json	122	omit	1	0.21105686286321573	0.4501241328531231	0.30146178983662275	78.09108911789014	1150	246	1.1526014303775125	1.75 1.35 1.15 1.05
cca5cfa0	ok	200162.7	200162.7	200130.4	0.016139477060964982	5.193	1.0281132449019994	-0.016139477060964982	-0.016139477060964982	0.0	0	<ORIGINAL_WORKSPACE>/OpenROAD-flow-scripts/flow/reports/nangate45/ibex/place_batch_20260421_220319/dpl_evolve_baseline/openroad_dpl_hpwl_only_9case_bo_place_batch_20260421_220319_ibex_nangate45_trial_cca5cfa0_db4c4e1aa0d8/metrics.json	4	512 64	1	0.2820684643923633	1.4471339246653325	1.286842743352352	87.65394285543731	1062	366	1.996716613589652	1.10 1.04
ccb795f2	ok	199983.8	199983.8	200130.4	-0.07325223953982295	4.964	0.9827756879825778	0.07325223953982295	0.07325223953982295	0.0	0	<ORIGINAL_WORKSPACE>/OpenROAD-flow-scripts/flow/reports/nangate45/ibex/place_batch_20260421_220319/dpl_evolve_baseline/openroad_dpl_hpwl_only_9case_bo_place_batch_20260421_220319_ibex_nangate45_trial_ccb795f2_194b5bd15b0f/metrics.json	117	64 8	1	0.03398725295159325	0.676198599055748	0.19435393196670495	114.75348779621929	651	1461	1.2011212600942205	1.50 1.25 1.10 1.04
ccefd961	ok	200140.0	200140.0	200130.4	0.00479687243917257	5.352	1.0595921599683231	-0.00479687243917257	-0.00479687243917257	0.0	0	<ORIGINAL_WORKSPACE>/OpenROAD-flow-scripts/flow/reports/nangate45/ibex/place_batch_20260421_220319/dpl_evolve_baseline/openroad_dpl_hpwl_only_9case_bo_place_batch_20260421_220319_ibex_nangate45_trial_ccefd961_8c10d82a33c3/metrics.json	34	128	1	0.25372650807854424	1.5229507187010467	0.24858918947562922	56.774547968071616	669	901	1.6020169689517485	1.10 1.04
ccfb8790	ok	200218.5	200218.5	200130.4	0.04402129811363282	5.447	1.0784003167689566	-0.044021298113632826	-0.044021298113632826	0.0	0	<ORIGINAL_WORKSPACE>/OpenROAD-flow-scripts/flow/reports/nangate45/ibex/place_batch_20260421_220319/dpl_evolve_baseline/openroad_dpl_hpwl_only_9case_bo_place_batch_20260421_220319_ibex_nangate45_trial_ccfb8790_61f0678e7d26/metrics.json	20	1024 128	1	0.6913613526215143	1.0154243483166363	0.9686226812909898	61.470110760330755	944	347	1.9885793031765515	1.04
cf281b9f	ok	200037.4	200037.4	200130.4	-0.0464697017544561	4.843	0.9588200356365076	0.0464697017544561	0.0464697017544561	0.0	0	<ORIGINAL_WORKSPACE>/OpenROAD-flow-scripts/flow/reports/nangate45/ibex/place_batch_20260421_220319/dpl_evolve_baseline/openroad_dpl_hpwl_only_9case_bo_place_batch_20260421_220319_ibex_nangate45_trial_cf281b9f_dbdc798eea1e/metrics.json	120	64 8	0	0.1035620848583817	1.0745373428440401	0.8178528093517586	59.297085164152634	552	938	1.7100376044272718	1.04
cf8f9062	ok	200153.1	200153.1	200130.4	0.011342604621792412	4.937	0.9774302118392397	-0.011342604621792412	-0.011342604621792412	0.0	0	<ORIGINAL_WORKSPACE>/OpenROAD-flow-scripts/flow/reports/nangate45/ibex/place_batch_20260421_220319/dpl_evolve_baseline/openroad_dpl_hpwl_only_9case_bo_place_batch_20260421_220319_ibex_nangate45_trial_cf8f9062_7967728c732d/metrics.json	63	omit	1	0.4277373293360762	1.615396818224419	0.7393929822025813	32.05398564443717	933	1304	1.7332450677264275	omit
cf9e28a3	ok	200063.5	200063.5	200130.4	-0.033428204810460674	4.95	0.9800039596119581	0.03342820481046067	0.03342820481046067	0.0	0	<ORIGINAL_WORKSPACE>/OpenROAD-flow-scripts/flow/reports/nangate45/ibex/place_batch_20260421_220319/dpl_evolve_baseline/openroad_dpl_hpwl_only_9case_bo_place_batch_20260421_220319_ibex_nangate45_trial_cf9e28a3_fff52f3ad013/metrics.json	124	64 8	0	0.04802905287574635	1.7418523103828651	0.6152086472708546	83.71620944015818	523	2040	1.8226538647700794	omit
cfb2d65f	ok	199983.8	199983.8	200130.4	-0.07325223953982295	4.79	0.9483270639477331	0.07325223953982295	0.07325223953982295	0.0	0	<ORIGINAL_WORKSPACE>/OpenROAD-flow-scripts/flow/reports/nangate45/ibex/place_batch_20260421_220319/dpl_evolve_baseline/openroad_dpl_hpwl_only_9case_bo_place_batch_20260421_220319_ibex_nangate45_trial_cfb2d65f_a5cd0675d570/metrics.json	117	64 8	0	0.19033758392094624	1.3860564513131435	0.2599099222108413	54.83540381133585	569	527	1.7855196107899987	1.50 1.25 1.10 1.04
d05e590d	ok	200131.0	200131.0	200130.4	0.00029980452745101237	4.974	0.9847554939615918	-0.0002998045274510123	-0.0002998045274510123	0.0	0	<ORIGINAL_WORKSPACE>/OpenROAD-flow-scripts/flow/reports/nangate45/ibex/place_batch_20260421_220319/dpl_evolve_baseline/openroad_dpl_hpwl_only_9case_bo_place_batch_20260421_220319_ibex_nangate45_trial_d05e590d_f3911c52c6df/metrics.json	128	128 16	1	0.22419832939101214	0.380051021547134	0.1699918405091364	125.39429002680363	291	2321	1.2701483652226782	1.50 1.25 1.10 1.04
d182848f	ok	200126.7	200126.7	200130.4	-0.0018487945859212481	5.071	1.003959611958028	0.0018487945859212483	0.0018487945859212483	0.0	0	<ORIGINAL_WORKSPACE>/OpenROAD-flow-scripts/flow/reports/nangate45/ibex/place_batch_20260421_220319/dpl_evolve_baseline/openroad_dpl_hpwl_only_9case_bo_place_batch_20260421_220319_ibex_nangate45_trial_d182848f_1ef8f8b80ebc/metrics.json	96	64 8	1	0.03207775547448049	0.09542209021786603	0.2405908306355957	123.70298519539529	646	1419	1.4609147193615377	1.50 1.25 1.10 1.04
d37fb112	ok	200092.7	200092.7	200130.4	-0.018837717807980468	4.644	0.9194218966541279	0.018837717807980468	0.018837717807980468	0.0	0	<ORIGINAL_WORKSPACE>/OpenROAD-flow-scripts/flow/reports/nangate45/ibex/place_batch_20260421_220319/dpl_evolve_baseline/openroad_dpl_hpwl_only_9case_bo_place_batch_20260421_220319_ibex_nangate45_trial_d37fb112_9382bf9d2f32/metrics.json	63	64 8	0	0.3125013784920495	1.0090383394019893	1.364005565632892	115.52249344681383	200	189	1.5190823222119896	1.25 1.10 1.04
d3a9e086	ok	200189.8	200189.8	200130.4	0.029680648217359374	5.308	1.0508810136606612	-0.02968064821735937	-0.02968064821735937	0.0	0	<ORIGINAL_WORKSPACE>/OpenROAD-flow-scripts/flow/reports/nangate45/ibex/place_batch_20260421_220319/dpl_evolve_baseline/openroad_dpl_hpwl_only_9case_bo_place_batch_20260421_220319_ibex_nangate45_trial_d3a9e086_a01882fb3705/metrics.json	106	128	0	0.045313113323226836	0.15494961848730815	0.10712416584607753	130.68354957781185	543	684	1.484694114426198	1.75 1.35 1.15 1.05
d3af2d2f	ok	200085.2	200085.2	200130.4	-0.022585274401081764	5.089	1.0075232627202535	0.022585274401081764	0.022585274401081764	0.0	0	<ORIGINAL_WORKSPACE>/OpenROAD-flow-scripts/flow/reports/nangate45/ibex/place_batch_20260421_220319/dpl_evolve_baseline/openroad_dpl_hpwl_only_9case_bo_place_batch_20260421_220319_ibex_nangate45_trial_d3af2d2f_3b4afc84e665/metrics.json	92	64 8	1	0.1798632774994213	0.20067926749170353	0.19531088508853706	129.81399147501932	720	709	1.0540495292251075	1.25 1.10 1.04
d3baa58d	ok	200011.6	200011.6	200130.4	-0.05936129643471875	4.961	0.9821817461888736	0.05936129643471874	0.05936129643471874	0.0	0	<ORIGINAL_WORKSPACE>/OpenROAD-flow-scripts/flow/reports/nangate45/ibex/place_batch_20260421_220319/dpl_evolve_baseline/openroad_dpl_hpwl_only_9case_bo_place_batch_20260421_220319_ibex_nangate45_trial_d3baa58d_7606775b9645/metrics.json	119	64 8	1	0.10162335970256824	0.4576033244914371	0.13602117612109896	130.8474581764046	546	775	1.4821919640690835	omit
d4861577	ok	199964.1	199964.1	200130.4	-0.0830958215243603	4.826	0.9554543654721837	0.0830958215243603	0.0830958215243603	0.0	0	<ORIGINAL_WORKSPACE>/OpenROAD-flow-scripts/flow/reports/nangate45/ibex/place_batch_20260421_220319/dpl_evolve_baseline/openroad_dpl_hpwl_only_9case_bo_place_batch_20260421_220319_ibex_nangate45_trial_d4861577_37139e2e46b6/metrics.json	18	64 8	1	0.5108782262521132	1.4213846669446322	0.8345703536853952	89.3278126398033	987	1375	1.9922087970653803	1.04
d4c15b41	ok	200137.1	200137.1	200130.4	0.00334781722317631	4.778	0.9459512967729161	-0.00334781722317631	-0.00334781722317631	0.0	0	<ORIGINAL_WORKSPACE>/OpenROAD-flow-scripts/flow/reports/nangate45/ibex/place_batch_20260421_220319/dpl_evolve_baseline/openroad_dpl_hpwl_only_9case_bo_place_batch_20260421_220319_ibex_nangate45_trial_d4c15b41_0477f1be8bd8/metrics.json	104	256 32	1	0.49958417067888605	1.4571713359491925	0.45597915489714336	37.20503375658461	1030	1722	1.6166850671552362	1.04
d537f2ea	ok	199983.8	199983.8	200130.4	-0.07325223953982295	4.971	0.9841615521678876	0.07325223953982295	0.07325223953982295	0.0	0	<ORIGINAL_WORKSPACE>/OpenROAD-flow-scripts/flow/reports/nangate45/ibex/place_batch_20260421_220319/dpl_evolve_baseline/openroad_dpl_hpwl_only_9case_bo_place_batch_20260421_220319_ibex_nangate45_trial_d537f2ea_24255c33ecf2/metrics.json	117	64 8	1	0.36198562470220297	0.3893064748847377	0.2552789325010156	139.11461448807	618	1977	1.4975710729420686	omit
d5687abc	ok	200018.9	200018.9	200130.4	-0.055713674684105964	5.106	1.0108889328845772	0.055713674684105964	0.055713674684105964	0.0	0	<ORIGINAL_WORKSPACE>/OpenROAD-flow-scripts/flow/reports/nangate45/ibex/place_batch_20260421_220319/dpl_evolve_baseline/openroad_dpl_hpwl_only_9case_bo_place_batch_20260421_220319_ibex_nangate45_trial_d5687abc_a7b6ba6b1700/metrics.json	115	64 8	0	0.22662238083077557	1.8328021297359018	0.34254670073012045	34.19665095591938	796	1477	1.8525754317955554	1.75 1.35 1.15 1.05
d6086814	ok	200086.5	200086.5	200130.4	-0.021935697924950023	5.031	0.9960403880419718	0.021935697924950023	0.021935697924950023	0.0	0	<ORIGINAL_WORKSPACE>/OpenROAD-flow-scripts/flow/reports/nangate45/ibex/place_batch_20260421_220319/dpl_evolve_baseline/openroad_dpl_hpwl_only_9case_bo_place_batch_20260421_220319_ibex_nangate45_trial_d6086814_c6fbddc52fbf/metrics.json	11	64 8	1	0.17730899334270056	0.7234648168915235	0.6592545479695203	80.12004516198957	1084	1648	1.8614505320994035	1.04
d748dad7	ok	200157.8	200157.8	200130.4	0.013691073420127167	5.067	1.0031676895664225	-0.013691073420127167	-0.013691073420127167	0.0	0	<ORIGINAL_WORKSPACE>/OpenROAD-flow-scripts/flow/reports/nangate45/ibex/place_batch_20260421_220319/dpl_evolve_baseline/openroad_dpl_hpwl_only_9case_bo_place_batch_20260421_220319_ibex_nangate45_trial_d748dad7_c023fbea61e4/metrics.json	7	1024 128	1	0.6054241810507961	1.4906047017159982	1.960534164339978	132.3593389815636	445	1229	1.9738438871244746	1.04
d8fdcebd	ok	200032.6	200032.6	200130.4	-0.04886813797403511	4.912	0.9724806968917046	0.04886813797403511	0.04886813797403511	0.0	0	<ORIGINAL_WORKSPACE>/OpenROAD-flow-scripts/flow/reports/nangate45/ibex/place_batch_20260421_220319/dpl_evolve_baseline/openroad_dpl_hpwl_only_9case_bo_place_batch_20260421_220319_ibex_nangate45_trial_d8fdcebd_ade8a337c7b4/metrics.json	109	64 8	0	0.09906144615220804	1.0908756822112884	0.3175984302943047	47.830131753874	539	864	1.9831330242875855	1.25 1.10 1.04
d933b5fb	ok	200036.6	200036.6	200130.4	-0.04686944112438109	5.089	1.0075232627202535	0.04686944112438109	0.04686944112438109	0.0	0	<ORIGINAL_WORKSPACE>/OpenROAD-flow-scripts/flow/reports/nangate45/ibex/place_batch_20260421_220319/dpl_evolve_baseline/openroad_dpl_hpwl_only_9case_bo_place_batch_20260421_220319_ibex_nangate45_trial_d933b5fb_6fda7a2c238c/metrics.json	8	64 8	1	0.26463252124293407	0.7859605478313169	1.3188225331046628	74.84503557703641	329	584	1.9094959908887308	1.50 1.25 1.10 1.04
d96ef3a5	ok	200130.4	200130.4	200130.4	0.0	5.037	0.9972282716293803	0.0	0.0	0.0	0	<ORIGINAL_WORKSPACE>/OpenROAD-flow-scripts/flow/reports/nangate45/ibex/place_batch_20260421_220319/dpl_evolve_baseline/openroad_dpl_hpwl_only_9case_bo_place_batch_20260421_220319_ibex_nangate45_trial_d96ef3a5_2274519dc40f/metrics.json	1	256	0	0.25	0.3	0.9	25.0	100	1500	1.05	1.25 1.10 1.04
d9dedd55	ok	200069.7	200069.7	200130.4	-0.030330224693491115	5.052	1.0001979805979013	0.030330224693491115	0.030330224693491115	0.0	0	<ORIGINAL_WORKSPACE>/OpenROAD-flow-scripts/flow/reports/nangate45/ibex/place_batch_20260421_220319/dpl_evolve_baseline/openroad_dpl_hpwl_only_9case_bo_place_batch_20260421_220319_ibex_nangate45_trial_d9dedd55_bb4edad58fef/metrics.json	107	64 8	1	0.6861525181478514	0.30803349551353676	0.24677117014751365	98.59690604386562	961	944	1.1102589142980914	1.50 1.25 1.10 1.04
dae038ed	ok	200109.7	200109.7	200130.4	-0.010343256196950857	5.019	0.993664620867155	0.010343256196950857	0.010343256196950857	0.0	0	<ORIGINAL_WORKSPACE>/OpenROAD-flow-scripts/flow/reports/nangate45/ibex/place_batch_20260421_220319/dpl_evolve_baseline/openroad_dpl_hpwl_only_9case_bo_place_batch_20260421_220319_ibex_nangate45_trial_dae038ed_dec98c8134e1/metrics.json	125	64 8	1	0.6852740841853368	0.5988575619864037	0.42445586706514565	127.69732755736273	813	391	1.273261962109029	1.75 1.35 1.15 1.05
db7ffdc7	ok	200032.6	200032.6	200130.4	-0.04886813797403511	5.069	1.0035636507622252	0.04886813797403511	0.04886813797403511	0.0	0	<ORIGINAL_WORKSPACE>/OpenROAD-flow-scripts/flow/reports/nangate45/ibex/place_batch_20260421_220319/dpl_evolve_baseline/openroad_dpl_hpwl_only_9case_bo_place_batch_20260421_220319_ibex_nangate45_trial_db7ffdc7_da2da86e78a3/metrics.json	109	64 8	0	0.2531695974684903	0.9808830109408987	0.2844920372156802	46.71148005229227	983	2245	1.9423067094128135	1.75 1.35 1.15 1.05
dbeaf8f4	ok	200072.2	200072.2	200130.4	-0.02908103916245735	5.025	0.9948525044545635	0.02908103916245735	0.02908103916245735	0.0	0	<ORIGINAL_WORKSPACE>/OpenROAD-flow-scripts/flow/reports/nangate45/ibex/place_batch_20260421_220319/dpl_evolve_baseline/openroad_dpl_hpwl_only_9case_bo_place_batch_20260421_220319_ibex_nangate45_trial_dbeaf8f4_6cee835027c9/metrics.json	13	64 8	1	0.4114622598173672	1.456668937654762	1.4962511720978473	114.76994178547417	774	228	1.9156136650722064	1.04
ddff1abd	ok	200073.8	200073.8	200130.4	-0.02828156042260737	4.908	0.971688774500099	0.02828156042260737	0.02828156042260737	0.0	0	<ORIGINAL_WORKSPACE>/OpenROAD-flow-scripts/flow/reports/nangate45/ibex/place_batch_20260421_220319/dpl_evolve_baseline/openroad_dpl_hpwl_only_9case_bo_place_batch_20260421_220319_ibex_nangate45_trial_ddff1abd_585c4c382d73/metrics.json	112	64 8	0	0.35428832895977186	1.1813863860706082	0.17248663026357042	114.16290911726588	836	261	1.8952885269423985	2.00 1.50 1.20 1.05
de492249	ok	200126.7	200126.7	200130.4	-0.0018487945859212481	4.995	0.9889130865175213	0.0018487945859212483	0.0018487945859212483	0.0	0	<ORIGINAL_WORKSPACE>/OpenROAD-flow-scripts/flow/reports/nangate45/ibex/place_batch_20260421_220319/dpl_evolve_baseline/openroad_dpl_hpwl_only_9case_bo_place_batch_20260421_220319_ibex_nangate45_trial_de492249_5788f28f0e97/metrics.json	96	64 8	1	0.523616546654311	0.05919489306618231	0.5703963368674125	80.75913332654036	1100	2092	1.4945980945063815	2.00 1.50 1.20 1.05
de850140	ok	200088.2	200088.2	200130.4	-0.021086251763841244	5.193	1.0281132449019994	0.021086251763841244	0.021086251763841244	0.0	0	<ORIGINAL_WORKSPACE>/OpenROAD-flow-scripts/flow/reports/nangate45/ibex/place_batch_20260421_220319/dpl_evolve_baseline/openroad_dpl_hpwl_only_9case_bo_place_batch_20260421_220319_ibex_nangate45_trial_de850140_162e3b9cfeed/metrics.json	33	64 8	1	0.41796507262603855	1.750777530839466	1.091658439422931	106.831102876596	453	319	1.9728857274539786	2.00 1.50 1.20 1.05
df0737f8	ok	200004.5	200004.5	200130.4	-0.06290898334285755	5.167	1.022965749356563	0.06290898334285755	0.06290898334285755	0.0	0	<ORIGINAL_WORKSPACE>/OpenROAD-flow-scripts/flow/reports/nangate45/ibex/place_batch_20260421_220319/dpl_evolve_baseline/openroad_dpl_hpwl_only_9case_bo_place_batch_20260421_220319_ibex_nangate45_trial_df0737f8_7c3aedd9d2f4/metrics.json	116	64 8	1	0.05117765185830528	0.19354148370343088	0.24314455499717402	108.0364013064669	668	1543	1.444027148727851	1.50 1.25 1.10 1.04
df51a4e6	ok	200104.2	200104.2	200130.4	-0.01309146436522514	6.715	1.3294397149079389	-0.27208403355174643	0.013091464365225142	0.28517549791697155	0	<ORIGINAL_WORKSPACE>/OpenROAD-flow-scripts/flow/reports/nangate45/ibex/place_batch_20260421_220319/dpl_evolve_baseline/openroad_dpl_hpwl_only_9case_bo_place_batch_20260421_220319_ibex_nangate45_trial_df51a4e6_da4d239a777d/metrics.json	91	1024 128	0	0.17466558865339446	0.422375398176734	0.12726047062493345	146.57412887794968	511	660	1.7340034841265801	1.10 1.04
df59b5f5	ok	200101.0	200101.0	200130.4	-0.01469042184495418	4.8	0.9503068699267471	0.01469042184495418	0.01469042184495418	0.0	0	<ORIGINAL_WORKSPACE>/OpenROAD-flow-scripts/flow/reports/nangate45/ibex/place_batch_20260421_220319/dpl_evolve_baseline/openroad_dpl_hpwl_only_9case_bo_place_batch_20260421_220319_ibex_nangate45_trial_df59b5f5_a0c5db633f60/metrics.json	19	1024	1	0.40239251985773583	1.809372320687246	0.12226904351036993	116.0811514080628	194	2512	1.010364261335232	1.75 1.35 1.15 1.05
e01bb21b	ok	200157.0	200157.0	200130.4	0.013291334050202178	5.496	1.0881013660661256	-0.01329133405020218	-0.01329133405020218	0.0	0	<ORIGINAL_WORKSPACE>/OpenROAD-flow-scripts/flow/reports/nangate45/ibex/place_batch_20260421_220319/dpl_evolve_baseline/openroad_dpl_hpwl_only_9case_bo_place_batch_20260421_220319_ibex_nangate45_trial_e01bb21b_f174527a0eef/metrics.json	121	128	0	0.023522477448515836	1.905245039090346	0.611716471403061	18.668066892005932	728	2326	1.9389687355583167	2.50 1.75 1.25 1.08
e054fec3	ok	200160.9	200160.9	200130.4	0.015240063478611947	5.392	1.0675113838843793	-0.015240063478611945	-0.015240063478611945	0.0	0	<ORIGINAL_WORKSPACE>/OpenROAD-flow-scripts/flow/reports/nangate45/ibex/place_batch_20260421_220319/dpl_evolve_baseline/openroad_dpl_hpwl_only_9case_bo_place_batch_20260421_220319_ibex_nangate45_trial_e054fec3_400673f449d1/metrics.json	123	512 64	0	0.09886926173077845	0.3880258792439393	0.29730789194267365	114.37869479563655	387	180	1.2469673651526447	1.10 1.04
e1626c80	ok	200101.2	200101.2	200130.4	-0.014590487002465662	5.357	1.0605820629578302	0.014590487002465662	0.014590487002465662	0.0	0	<ORIGINAL_WORKSPACE>/OpenROAD-flow-scripts/flow/reports/nangate45/ibex/place_batch_20260421_220319/dpl_evolve_baseline/openroad_dpl_hpwl_only_9case_bo_place_batch_20260421_220319_ibex_nangate45_trial_e1626c80_8a8dccd85e69/metrics.json	46	256	0	0.18570467035439683	0.6134800353198697	1.139681562496721	137.97452155712	743	106	1.6085035304910857	1.25 1.10 1.04
e210df50	ok	200072.2	200072.2	200130.4	-0.02908103916245735	5.258	1.040981983765591	0.02908103916245735	0.02908103916245735	0.0	0	<ORIGINAL_WORKSPACE>/OpenROAD-flow-scripts/flow/reports/nangate45/ibex/place_batch_20260421_220319/dpl_evolve_baseline/openroad_dpl_hpwl_only_9case_bo_place_batch_20260421_220319_ibex_nangate45_trial_e210df50_fa3fd0b5909f/metrics.json	13	64 8	1	0.2535941326754626	1.9697855663724564	0.15855896816505236	64.30579007414029	1163	517	1.9800198402881157	1.04
e26b2f84	ok	200050.0	200050.0	200130.4	-0.040173806678043	5.265	1.0423678479509007	0.04017380667804301	0.04017380667804301	0.0	0	<ORIGINAL_WORKSPACE>/OpenROAD-flow-scripts/flow/reports/nangate45/ibex/place_batch_20260421_220319/dpl_evolve_baseline/openroad_dpl_hpwl_only_9case_bo_place_batch_20260421_220319_ibex_nangate45_trial_e26b2f84_6c81bbc07f13/metrics.json	30	64 8	0	0.06304858660546342	1.2006037884372351	1.1919573687380138	120.50655577257058	332	510	1.8166468773706541	1.04
e26ccf9d	ok	200008.0	200008.0	200130.4	-0.061160123599410275	4.809	0.9520886953078598	0.061160123599410275	0.061160123599410275	0.0	0	<ORIGINAL_WORKSPACE>/OpenROAD-flow-scripts/flow/reports/nangate45/ibex/place_batch_20260421_220319/dpl_evolve_baseline/openroad_dpl_hpwl_only_9case_bo_place_batch_20260421_220319_ibex_nangate45_trial_e26ccf9d_88f221ad2842/metrics.json	84	64 8	0	0.025305437295645626	1.3239322131819167	1.0280472356725614	47.475533271775575	792	798	1.6540715035622626	1.04
e2bc8c4e	ok	200091.4	200091.4	200130.4	-0.01948729428412675	5.431	1.075232627202534	0.01948729428412675	0.01948729428412675	0.0	0	<ORIGINAL_WORKSPACE>/OpenROAD-flow-scripts/flow/reports/nangate45/ibex/place_batch_20260421_220319/dpl_evolve_baseline/openroad_dpl_hpwl_only_9case_bo_place_batch_20260421_220319_ibex_nangate45_trial_e2bc8c4e_8876398f5c6e/metrics.json	118	512	1	0.18017976332053218	0.12180103137932001	0.35276401840342975	128.6937214376129	115	1324	1.8041028409094626	1.25 1.10 1.04
e2fca328	ok	200063.1	200063.1	200130.4	-0.03362807449542317	5.017	0.9932686596713522	0.03362807449542316	0.03362807449542316	0.0	0	<ORIGINAL_WORKSPACE>/OpenROAD-flow-scripts/flow/reports/nangate45/ibex/place_batch_20260421_220319/dpl_evolve_baseline/openroad_dpl_hpwl_only_9case_bo_place_batch_20260421_220319_ibex_nangate45_trial_e2fca328_67db7d799459/metrics.json	75	64 8	1	0.04137360207206482	1.662117568993948	0.28428708631754795	72.93224369464444	530	770	1.7983206041118216	1.04
e3f3d097	ok	200171.8	200171.8	200130.4	0.020686512393916258	5.082	1.0061373985349436	-0.020686512393916258	-0.020686512393916258	0.0	0	<ORIGINAL_WORKSPACE>/OpenROAD-flow-scripts/flow/reports/nangate45/ibex/place_batch_20260421_220319/dpl_evolve_baseline/openroad_dpl_hpwl_only_9case_bo_place_batch_20260421_220319_ibex_nangate45_trial_e3f3d097_39b35e30f086/metrics.json	114	32	1	0.03083356210892839	0.5165874937112631	0.12703522642827175	92.58349151013344	646	1582	1.3304562658567949	1.50 1.25 1.10 1.04
e42150cf	ok	200148.8	200148.8	200130.4	0.00919400550840561	5.209	1.031280934468422	-0.00919400550840561	-0.00919400550840561	0.0	0	<ORIGINAL_WORKSPACE>/OpenROAD-flow-scripts/flow/reports/nangate45/ibex/place_batch_20260421_220319/dpl_evolve_baseline/openroad_dpl_hpwl_only_9case_bo_place_batch_20260421_220319_ibex_nangate45_trial_e42150cf_c1ecb8dcd34e/metrics.json	118	32	1	0.31094876485444145	0.24556620906639595	0.5624850935038359	90.68799610569714	780	1834	1.2904032074117502	1.25 1.10 1.04
e50d2ebd	ok	200016.7	200016.7	200130.4	-0.05681295795140696	5.041	0.998020194020986	0.05681295795140695	0.05681295795140695	0.0	0	<ORIGINAL_WORKSPACE>/OpenROAD-flow-scripts/flow/reports/nangate45/ibex/place_batch_20260421_220319/dpl_evolve_baseline/openroad_dpl_hpwl_only_9case_bo_place_batch_20260421_220319_ibex_nangate45_trial_e50d2ebd_656855aeb1b2/metrics.json	108	64 8	1	0.24376242777595689	1.7978940575416567	0.989947727433066	104.00007294295635	548	2539	1.6933470038160128	omit
e52718de	ok	200139.9	200139.9	200130.4	0.004746905017928311	5.171	1.0237576717481687	-0.004746905017928311	-0.004746905017928311	0.0	0	<ORIGINAL_WORKSPACE>/OpenROAD-flow-scripts/flow/reports/nangate45/ibex/place_batch_20260421_220319/dpl_evolve_baseline/openroad_dpl_hpwl_only_9case_bo_place_batch_20260421_220319_ibex_nangate45_trial_e52718de_24fcbcc897e2/metrics.json	51	omit	0	0.9401074823333672	1.16402835989416	1.763722369603096	126.71016680883328	1092	1893	1.5463468160203733	1.04
e570cfa3	ok	200132.9	200132.9	200130.4	0.001249185531033766	5.222	1.0338546822411405	-0.001249185531033766	-0.001249185531033766	0.0	0	<ORIGINAL_WORKSPACE>/OpenROAD-flow-scripts/flow/reports/nangate45/ibex/place_batch_20260421_220319/dpl_evolve_baseline/openroad_dpl_hpwl_only_9case_bo_place_batch_20260421_220319_ibex_nangate45_trial_e570cfa3_c0c45ff77ad9/metrics.json	84	128 16	0	0.2686689778997956	1.607973629144692	0.9007827018139496	89.0757338638032	502	1666	1.6070308869376178	omit
e5ac7662	ok	200149.5	200149.5	200130.4	0.009543777457100881	5.098	1.009305088101366	-0.009543777457100881	-0.009543777457100881	0.0	0	<ORIGINAL_WORKSPACE>/OpenROAD-flow-scripts/flow/reports/nangate45/ibex/place_batch_20260421_220319/dpl_evolve_baseline/openroad_dpl_hpwl_only_9case_bo_place_batch_20260421_220319_ibex_nangate45_trial_e5ac7662_3940c7d3ff53/metrics.json	102	128 16	0	0.18606719625797788	0.17965334390860033	0.12437328157187064	140.98187132254859	487	1225	1.7669218376550162	omit
e5fa0170	ok	200066.7	200066.7	200130.4	-0.031829247330731635	4.975	0.9849534745594931	0.031829247330731635	0.031829247330731635	0.0	0	<ORIGINAL_WORKSPACE>/OpenROAD-flow-scripts/flow/reports/nangate45/ibex/place_batch_20260421_220319/dpl_evolve_baseline/openroad_dpl_hpwl_only_9case_bo_place_batch_20260421_220319_ibex_nangate45_trial_e5fa0170_1425df27a11e/metrics.json	103	64 8	1	0.00899842226652034	0.6804601223522659	0.19820682613084228	133.10673655926263	558	1399	1.2788883876872572	2.50 1.75 1.25 1.08
e6036b1f	ok	200199.9	200199.9	200130.4	0.03472735776273869	5.357	1.0605820629578302	-0.03472735776273869	-0.03472735776273869	0.0	0	<ORIGINAL_WORKSPACE>/OpenROAD-flow-scripts/flow/reports/nangate45/ibex/place_batch_20260421_220319/dpl_evolve_baseline/openroad_dpl_hpwl_only_9case_bo_place_batch_20260421_220319_ibex_nangate45_trial_e6036b1f_0111adb06184/metrics.json	88	128	0	0.04610643153031249	1.1873379941276034	1.0542870799509436	46.65049798349733	636	805	1.6116242042139444	2.50 1.75 1.25 1.08
e693def1	ok	200063.1	200063.1	200130.4	-0.03362807449542317	5.337	1.056622450999802	0.03362807449542316	0.03362807449542316	0.0	0	<ORIGINAL_WORKSPACE>/OpenROAD-flow-scripts/flow/reports/nangate45/ibex/place_batch_20260421_220319/dpl_evolve_baseline/openroad_dpl_hpwl_only_9case_bo_place_batch_20260421_220319_ibex_nangate45_trial_e693def1_72160cd179b2/metrics.json	124	1024 128	0	0.09242002694904865	1.3389112464616164	0.38814256358362786	67.68203891211728	601	606	1.8826276166447127	omit
e69aa2af	ok	200115.5	200115.5	200130.4	-0.007445145764958337	5.351	1.0593941793704216	0.007445145764958337	0.007445145764958337	0.0	0	<ORIGINAL_WORKSPACE>/OpenROAD-flow-scripts/flow/reports/nangate45/ibex/place_batch_20260421_220319/dpl_evolve_baseline/openroad_dpl_hpwl_only_9case_bo_place_batch_20260421_220319_ibex_nangate45_trial_e69aa2af_16931f751d0d/metrics.json	106	256 32	0	0.24605070235177123	0.8288824535433773	0.3480415604003246	149.8798454816124	587	142	1.346827001270928	1.10 1.04
e6e78a01	ok	200096.3	200096.3	200130.4	-0.017038890643303477	5.188	1.0271233419124925	0.017038890643303477	0.017038890643303477	0.0	0	<ORIGINAL_WORKSPACE>/OpenROAD-flow-scripts/flow/reports/nangate45/ibex/place_batch_20260421_220319/dpl_evolve_baseline/openroad_dpl_hpwl_only_9case_bo_place_batch_20260421_220319_ibex_nangate45_trial_e6e78a01_cb24a60ed1f1/metrics.json	127	64 8	0	0.6292923940113593	1.459564040020655	0.30191551353507756	145.05399054220325	493	555	1.7956439132115	1.50 1.25 1.10 1.04
e7e35f51	ok	200095.9	200095.9	200130.4	-0.017238760328265972	5.153	1.0201940209859433	0.017238760328265972	0.017238760328265972	0.0	0	<ORIGINAL_WORKSPACE>/OpenROAD-flow-scripts/flow/reports/nangate45/ibex/place_batch_20260421_220319/dpl_evolve_baseline/openroad_dpl_hpwl_only_9case_bo_place_batch_20260421_220319_ibex_nangate45_trial_e7e35f51_5c4670f400d0/metrics.json	77	64 8	0	0.39826732416164934	0.40554884989948353	0.5947664212340616	146.40206783577537	456	307	1.0206499755263105	1.75 1.35 1.15 1.05
e7eb11d9	ok	200169.7	200169.7	200130.4	0.019637196547859528	5.463	1.0815680063353792	-0.019637196547859528	-0.019637196547859528	0.0	0	<ORIGINAL_WORKSPACE>/OpenROAD-flow-scripts/flow/reports/nangate45/ibex/place_batch_20260421_220319/dpl_evolve_baseline/openroad_dpl_hpwl_only_9case_bo_place_batch_20260421_220319_ibex_nangate45_trial_e7eb11d9_68e978676f69/metrics.json	89	128	0	0.09776650243807924	6.857108995939661e-05	0.14018397640146882	79.42572051501708	220	817	1.93625666213255	omit
e83dec69	ok	200105.5	200105.5	200130.4	-0.012441887889093402	4.336	0.858443872500495	0.012441887889093402	0.012441887889093402	0.0	0	<ORIGINAL_WORKSPACE>/OpenROAD-flow-scripts/flow/reports/nangate45/ibex/place_batch_20260421_220319/dpl_evolve_baseline/openroad_dpl_hpwl_only_9case_bo_place_batch_20260421_220319_ibex_nangate45_trial_e83dec69_eff095d0ef6a/metrics.json	26	64 8	1	0.1424632436691633	1.1720048411354589	1.8388980462579	103.82888429355818	891	815	1.5176910646595545	1.04
e841897b	ok	200062.6	200062.6	200130.4	-0.033877911601629916	5.235	1.0364284300138586	0.033877911601629916	0.033877911601629916	0.0	0	<ORIGINAL_WORKSPACE>/OpenROAD-flow-scripts/flow/reports/nangate45/ibex/place_batch_20260421_220319/dpl_evolve_baseline/openroad_dpl_hpwl_only_9case_bo_place_batch_20260421_220319_ibex_nangate45_trial_e841897b_3560d1d01450/metrics.json	5	64 8	1	0.5414448028606871	1.066503257846103	0.23491994712734543	37.129474876342535	1073	1677	1.7782625751688148	1.75 1.35 1.15 1.05
e88ae10b	ok	200095.6	200095.6	200130.4	-0.017388662591984204	5.043	0.9984161552167887	0.017388662591984207	0.017388662591984207	0.0	0	<ORIGINAL_WORKSPACE>/OpenROAD-flow-scripts/flow/reports/nangate45/ibex/place_batch_20260421_220319/dpl_evolve_baseline/openroad_dpl_hpwl_only_9case_bo_place_batch_20260421_220319_ibex_nangate45_trial_e88ae10b_bf314d1a512d/metrics.json	100	64 8	1	0.11654628033348122	1.0725013796677172	0.5754697986419719	144.4172451139344	242	327	1.4030122548795922	1.04
e9186a98	ok	200153.0	200153.0	200130.4	0.011292637200548154	5.197	1.0289051672936051	-0.011292637200548154	-0.011292637200548154	0.0	0	<ORIGINAL_WORKSPACE>/OpenROAD-flow-scripts/flow/reports/nangate45/ibex/place_batch_20260421_220319/dpl_evolve_baseline/openroad_dpl_hpwl_only_9case_bo_place_batch_20260421_220319_ibex_nangate45_trial_e9186a98_08fe771fff9b/metrics.json	120	256 32	1	0.6933782239122038	0.18672604167093537	0.17591859286475897	101.99819657305513	1094	1491	1.1356803237553383	1.10 1.04
eb375237	ok	200202.5	200202.5	200130.4	0.036026510715016724	5.267	1.0427638091467037	-0.03602651071501672	-0.03602651071501672	0.0	0	<ORIGINAL_WORKSPACE>/OpenROAD-flow-scripts/flow/reports/nangate45/ibex/place_batch_20260421_220319/dpl_evolve_baseline/openroad_dpl_hpwl_only_9case_bo_place_batch_20260421_220319_ibex_nangate45_trial_eb375237_7ae9878c9623/metrics.json	104	64	0	0.38225678695535725	0.8952493939077057	1.052069993348793	137.88734593261438	531	518	1.2595738105454033	1.75 1.35 1.15 1.05
ec9928b0	ok	200096.3	200096.3	200130.4	-0.017038890643303477	4.918	0.9736685804791131	0.017038890643303477	0.017038890643303477	0.0	0	<ORIGINAL_WORKSPACE>/OpenROAD-flow-scripts/flow/reports/nangate45/ibex/place_batch_20260421_220319/dpl_evolve_baseline/openroad_dpl_hpwl_only_9case_bo_place_batch_20260421_220319_ibex_nangate45_trial_ec9928b0_bb76397080f5/metrics.json	127	64 8	0	0.07351231591706295	1.2885959958385376	0.8456451176281758	58.244771020877586	626	641	1.8810178515606912	1.50 1.25 1.10 1.04
ec99548b	ok	200112.0	200112.0	200130.4	-0.00919400550840561	5.283	1.045931498713126	0.00919400550840561	0.00919400550840561	0.0	0	<ORIGINAL_WORKSPACE>/OpenROAD-flow-scripts/flow/reports/nangate45/ibex/place_batch_20260421_220319/dpl_evolve_baseline/openroad_dpl_hpwl_only_9case_bo_place_batch_20260421_220319_ibex_nangate45_trial_ec99548b_29e1c881f013/metrics.json	12	256	1	0.3392763579437097	0.9659105076255454	1.454372316356774	69.706964321359	603	334	1.900829553510614	1.04
ee3cabc1	ok	200092.7	200092.7	200130.4	-0.018837717807980468	4.9	0.9701049297168878	0.018837717807980468	0.018837717807980468	0.0	0	<ORIGINAL_WORKSPACE>/OpenROAD-flow-scripts/flow/reports/nangate45/ibex/place_batch_20260421_220319/dpl_evolve_baseline/openroad_dpl_hpwl_only_9case_bo_place_batch_20260421_220319_ibex_nangate45_trial_ee3cabc1_ab07c9c04231/metrics.json	63	64 8	1	0.7763472882876016	0.15736628483517573	1.1834338349335662	73.51820999571277	555	623	1.851161767084735	1.04
ee4b80f1	ok	200011.6	200011.6	200130.4	-0.05936129643471875	4.683	0.9271431399722827	0.05936129643471874	0.05936129643471874	0.0	0	<ORIGINAL_WORKSPACE>/OpenROAD-flow-scripts/flow/reports/nangate45/ibex/place_batch_20260421_220319/dpl_evolve_baseline/openroad_dpl_hpwl_only_9case_bo_place_batch_20260421_220319_ibex_nangate45_trial_ee4b80f1_4ee6d32fd735/metrics.json	119	64 8	0	0.05155494319725707	0.2676880754803391	0.1530240846196299	124.26470035650878	360	348	1.580678495327052	omit
ef7b135e	ok	200143.3	200143.3	200130.4	0.006445797340131325	5.139	1.0174222926153238	-0.006445797340131324	-0.006445797340131324	0.0	0	<ORIGINAL_WORKSPACE>/OpenROAD-flow-scripts/flow/reports/nangate45/ibex/place_batch_20260421_220319/dpl_evolve_baseline/openroad_dpl_hpwl_only_9case_bo_place_batch_20260421_220319_ibex_nangate45_trial_ef7b135e_1a1ae3a65ee2/metrics.json	13	32	1	0.5419513668159648	1.4886221956458305	0.9620287373632397	84.42342630205047	932	1374	1.8389024713075535	1.04
efdb4415	ok	200045.6	200045.6	200130.4	-0.04237237321265953	4.906	0.9712928133042961	0.04237237321265953	0.04237237321265953	0.0	0	<ORIGINAL_WORKSPACE>/OpenROAD-flow-scripts/flow/reports/nangate45/ibex/place_batch_20260421_220319/dpl_evolve_baseline/openroad_dpl_hpwl_only_9case_bo_place_batch_20260421_220319_ibex_nangate45_trial_efdb4415_03900b0b2b34/metrics.json	123	64 8	0	0.49152926181708195	0.7390908488608247	0.07309683910558429	122.58014483143774	999	1457	1.3587606081554089	omit
f05a7f2e	ok	200123.6	200123.6	200130.4	-0.0033977846444060264	5.134	1.0164323896258167	0.0033977846444060264	0.0033977846444060264	0.0	0	<ORIGINAL_WORKSPACE>/OpenROAD-flow-scripts/flow/reports/nangate45/ibex/place_batch_20260421_220319/dpl_evolve_baseline/openroad_dpl_hpwl_only_9case_bo_place_batch_20260421_220319_ibex_nangate45_trial_f05a7f2e_7eb32ddb65bd/metrics.json	64	32	0	0.167293410556013	1.3730463162527922	0.26548462639785003	88.59743988002315	382	2484	1.5259771994667417	omit
f181f6ba	ok	200185.2	200185.2	200130.4	0.027382146840268875	5.253	1.0399920807760838	-0.02738214684026888	-0.02738214684026888	0.0	0	<ORIGINAL_WORKSPACE>/OpenROAD-flow-scripts/flow/reports/nangate45/ibex/place_batch_20260421_220319/dpl_evolve_baseline/openroad_dpl_hpwl_only_9case_bo_place_batch_20260421_220319_ibex_nangate45_trial_f181f6ba_38e80696758d/metrics.json	104	1024	0	0.22285506623183363	1.3232000038202425	0.09296493218817148	65.35389994937943	734	894	1.8311319968730184	1.50 1.25 1.10 1.04
f1b830f2	ok	200061.3	200061.3	200130.4	-0.0345274880777762	5.031	0.9960403880419718	0.034527488077776204	0.034527488077776204	0.0	0	<ORIGINAL_WORKSPACE>/OpenROAD-flow-scripts/flow/reports/nangate45/ibex/place_batch_20260421_220319/dpl_evolve_baseline/openroad_dpl_hpwl_only_9case_bo_place_batch_20260421_220319_ibex_nangate45_trial_f1b830f2_855739bb32d6/metrics.json	35	64 8	0	0.03166159976707231	0.26141954651181953	0.9377390975277102	143.84152306207068	87	282	1.5802421591538007	2.00 1.50 1.20 1.05
f238ba48	ok	200095.8	200095.8	200130.4	-0.01728872774951023	4.959	0.9817857849930706	0.017288727749510232	0.017288727749510232	0.0	0	<ORIGINAL_WORKSPACE>/OpenROAD-flow-scripts/flow/reports/nangate45/ibex/place_batch_20260421_220319/dpl_evolve_baseline/openroad_dpl_hpwl_only_9case_bo_place_batch_20260421_220319_ibex_nangate45_trial_f238ba48_6007bf5e589d/metrics.json	3	64 8	0	0.01777794835909552	0.2721331327684158	1.935698273210448	104.71393946685151	245	310	1.8079607787343912	1.25 1.10 1.04
f25ae312	ok	200095.8	200095.8	200130.4	-0.01728872774951023	5.15	1.0196000791922393	0.017288727749510232	0.017288727749510232	0.0	0	<ORIGINAL_WORKSPACE>/OpenROAD-flow-scripts/flow/reports/nangate45/ibex/place_batch_20260421_220319/dpl_evolve_baseline/openroad_dpl_hpwl_only_9case_bo_place_batch_20260421_220319_ibex_nangate45_trial_f25ae312_c9954b09013e/metrics.json	3	64 8	0	0.43865182364569066	1.970972992506455	1.238459070114973	111.64406106603164	517	385	1.8829783728042746	1.04
f2dc5d3b	ok	200103.0	200103.0	200130.4	-0.013691073420127167	4.914	0.9728766580875073	0.013691073420127167	0.013691073420127167	0.0	0	<ORIGINAL_WORKSPACE>/OpenROAD-flow-scripts/flow/reports/nangate45/ibex/place_batch_20260421_220319/dpl_evolve_baseline/openroad_dpl_hpwl_only_9case_bo_place_batch_20260421_220319_ibex_nangate45_trial_f2dc5d3b_3ac92d0ad980/metrics.json	69	64 8	0	0.4570990461851776	1.5231475928697167	0.3709688906753596	99.56696764876281	542	3085	1.7917841446864073	omit
f3460f39	ok	200173.4	200173.4	200130.4	0.021485991133780778	5.193	1.0281132449019994	-0.021485991133780774	-0.021485991133780774	0.0	0	<ORIGINAL_WORKSPACE>/OpenROAD-flow-scripts/flow/reports/nangate45/ibex/place_batch_20260421_220319/dpl_evolve_baseline/openroad_dpl_hpwl_only_9case_bo_place_batch_20260421_220319_ibex_nangate45_trial_f3460f39_b9c8baab6046/metrics.json	28	256 32	0	0.23368297281025097	1.1612182588029119	1.8395984398914873	97.75904906690293	840	1154	1.9522560390274994	1.04
f3858c98	ok	200112.0	200112.0	200130.4	-0.00919400550840561	4.942	0.9784201148287468	0.00919400550840561	0.00919400550840561	0.0	0	<ORIGINAL_WORKSPACE>/OpenROAD-flow-scripts/flow/reports/nangate45/ibex/place_batch_20260421_220319/dpl_evolve_baseline/openroad_dpl_hpwl_only_9case_bo_place_batch_20260421_220319_ibex_nangate45_trial_f3858c98_ff84793cb15c/metrics.json	12	128	0	0.0686117478822102	0.18305464224263032	0.7452966629105438	86.29917365864976	710	1170	1.8782700865719877	2.00 1.50 1.20 1.05
f3a3f7c2	ok	200202.8	200202.8	200130.4	0.03617641297873495	5.267	1.0427638091467037	-0.03617641297873495	-0.03617641297873495	0.0	0	<ORIGINAL_WORKSPACE>/OpenROAD-flow-scripts/flow/reports/nangate45/ibex/place_batch_20260421_220319/dpl_evolve_baseline/openroad_dpl_hpwl_only_9case_bo_place_batch_20260421_220319_ibex_nangate45_trial_f3a3f7c2_48cf2830c8d5/metrics.json	127	32	0	0.08691796367801308	1.1462626293094123	0.4506456906667712	96.9342880889295	816	848	1.8527191736602346	1.04
f3acf099	ok	200190.7	200190.7	200130.4	0.030130355008543164	5.618	1.112254999010097	-0.04607475607144303	-0.03013035500854316	0.01594440106289987	0	<ORIGINAL_WORKSPACE>/OpenROAD-flow-scripts/flow/reports/nangate45/ibex/place_batch_20260421_220319/dpl_evolve_baseline/openroad_dpl_hpwl_only_9case_bo_place_batch_20260421_220319_ibex_nangate45_trial_f3acf099_b7db59e36b14/metrics.json	50	omit	0	0.24150180502039467	1.3642156347691226	0.9481161007813443	76.52025265726209	747	1948	1.3640111994796247	omit
f481057b	ok	199964.1	199964.1	200130.4	-0.0830958215243603	5.044	0.99861413581469	0.0830958215243603	0.0830958215243603	0.0	0	<ORIGINAL_WORKSPACE>/OpenROAD-flow-scripts/flow/reports/nangate45/ibex/place_batch_20260421_220319/dpl_evolve_baseline/openroad_dpl_hpwl_only_9case_bo_place_batch_20260421_220319_ibex_nangate45_trial_f481057b_d5313b85847b/metrics.json	18	64 8	1	0.23871647452971256	1.3902326986760336	1.4945962170168454	89.09038294221983	553	493	1.9919782498011422	1.04
f4ebf12e	ok	200087.8	200087.8	200130.4	-0.02128612144881828	5.017	0.9932686596713522	0.021286121448818283	0.021286121448818283	0.0	0	<ORIGINAL_WORKSPACE>/OpenROAD-flow-scripts/flow/reports/nangate45/ibex/place_batch_20260421_220319/dpl_evolve_baseline/openroad_dpl_hpwl_only_9case_bo_place_batch_20260421_220319_ibex_nangate45_trial_f4ebf12e_6495108e625e/metrics.json	15	omit	1	0.6233601157918027	0.031642485693112565	1.8624026058003345	103.63453762753859	1197	772	1.1371357496288779	omit
f4f7f700	ok	199959.8	199959.8	200130.4	-0.0852444206377471	4.853	0.9607998416155216	0.0852444206377471	0.0852444206377471	0.0	0	<ORIGINAL_WORKSPACE>/OpenROAD-flow-scripts/flow/reports/nangate45/ibex/place_batch_20260421_220319/dpl_evolve_baseline/openroad_dpl_hpwl_only_9case_bo_place_batch_20260421_220319_ibex_nangate45_trial_f4f7f700_670376a7d3a8/metrics.json	128	64 8	0	0.3888349143140263	1.2756648316884411	0.24974512510800384	105.52788841904055	885	564	1.9870222767206969	omit
f55b3575	ok	200169.4	200169.4	200130.4	0.01948729428412675	5.322	1.053652742031281	-0.01948729428412675	-0.01948729428412675	0.0	0	<ORIGINAL_WORKSPACE>/OpenROAD-flow-scripts/flow/reports/nangate45/ibex/place_batch_20260421_220319/dpl_evolve_baseline/openroad_dpl_hpwl_only_9case_bo_place_batch_20260421_220319_ibex_nangate45_trial_f55b3575_371e4b9b46e5/metrics.json	123	256 32	0	0.08387616437580571	0.14876197844124375	0.06144414503745982	148.99484694633952	435	2199	1.7114012218446257	omit
f614e135	ok	200089.8	200089.8	200130.4	-0.02028677302399127	5.192	1.0279152643040983	0.02028677302399127	0.02028677302399127	0.0	0	<ORIGINAL_WORKSPACE>/OpenROAD-flow-scripts/flow/reports/nangate45/ibex/place_batch_20260421_220319/dpl_evolve_baseline/openroad_dpl_hpwl_only_9case_bo_place_batch_20260421_220319_ibex_nangate45_trial_f614e135_7a02848dc5af/metrics.json	115	128	0	0.08813771107941096	0.012734210324736258	0.7154788931679903	130.89467582257177	363	2789	1.6608321647868705	omit
f63efd4b	ok	200142.3	200142.3	200130.4	0.005946123127717818	5.104	1.0104929716887745	-0.005946123127717817	-0.005946123127717817	0.0	0	<ORIGINAL_WORKSPACE>/OpenROAD-flow-scripts/flow/reports/nangate45/ibex/place_batch_20260421_220319/dpl_evolve_baseline/openroad_dpl_hpwl_only_9case_bo_place_batch_20260421_220319_ibex_nangate45_trial_f63efd4b_5b7a9f9cd75c/metrics.json	41	512 64	0	0.828845807980693	1.1494230094162046	1.2747485866993333	42.83644225435409	725	3025	1.8583138364290424	1.75 1.35 1.15 1.05
f64e301d	ok	200101.2	200101.2	200130.4	-0.014590487002465662	5.187	1.0269253613145912	0.014590487002465662	0.014590487002465662	0.0	0	<ORIGINAL_WORKSPACE>/OpenROAD-flow-scripts/flow/reports/nangate45/ibex/place_batch_20260421_220319/dpl_evolve_baseline/openroad_dpl_hpwl_only_9case_bo_place_batch_20260421_220319_ibex_nangate45_trial_f64e301d_b5932a61408d/metrics.json	46	512	1	0.4253943002607777	0.7507772322245887	1.4046606992280914	106.43491177696163	1066	343	1.8132084146890335	1.04
f679e577	ok	200011.3	200011.3	200130.4	-0.05951119869845152	4.836	0.9574341714511978	0.05951119869845152	0.05951119869845152	0.0	0	<ORIGINAL_WORKSPACE>/OpenROAD-flow-scripts/flow/reports/nangate45/ibex/place_batch_20260421_220319/dpl_evolve_baseline/openroad_dpl_hpwl_only_9case_bo_place_batch_20260421_220319_ibex_nangate45_trial_f679e577_2897ab9d9e99/metrics.json	73	64 8	0	0.056389609771220615	1.8341583621852129	0.624948522435095	91.28642563890969	596	1598	1.7082963021136788	omit
f68e8921	ok	200220.0	200220.0	200130.4	0.04477080943225308	5.134	1.0164323896258167	-0.04477080943225308	-0.04477080943225308	0.0	0	<ORIGINAL_WORKSPACE>/OpenROAD-flow-scripts/flow/reports/nangate45/ibex/place_batch_20260421_220319/dpl_evolve_baseline/openroad_dpl_hpwl_only_9case_bo_place_batch_20260421_220319_ibex_nangate45_trial_f68e8921_03a8607d957f/metrics.json	122	256	0	0.061663671485382654	0.7254132578799991	0.1579625489733977	105.80332834498115	599	1130	1.9734693565019945	omit
f725c114	ok	200121.3	200121.3	200130.4	-0.004547035332965817	4.757	0.9417937042169866	0.004547035332965817	0.004547035332965817	0.0	0	<ORIGINAL_WORKSPACE>/OpenROAD-flow-scripts/flow/reports/nangate45/ibex/place_batch_20260421_220319/dpl_evolve_baseline/openroad_dpl_hpwl_only_9case_bo_place_batch_20260421_220319_ibex_nangate45_trial_f725c114_328d2a28a821/metrics.json	68	64	0	0.10438448375656383	0.933331062273477	0.8361141576677693	133.88934413815062	387	704	1.7187728912003513	1.04
f7332fab	ok	200011.6	200011.6	200130.4	-0.05936129643471875	4.986	0.9871312611364086	0.05936129643471874	0.05936129643471874	0.0	0	<ORIGINAL_WORKSPACE>/OpenROAD-flow-scripts/flow/reports/nangate45/ibex/place_batch_20260421_220319/dpl_evolve_baseline/openroad_dpl_hpwl_only_9case_bo_place_batch_20260421_220319_ibex_nangate45_trial_f7332fab_b84e87ae2649/metrics.json	119	64 8	1	0.5308749309816553	0.019829149988023542	0.251592173116256	102.86237045193363	1174	2507	1.2191797516655194	omit
f785b8ec	ok	200108.7	200108.7	200130.4	-0.010842930409364362	4.941	0.9782221342308454	0.010842930409364364	0.010842930409364364	0.0	0	<ORIGINAL_WORKSPACE>/OpenROAD-flow-scripts/flow/reports/nangate45/ibex/place_batch_20260421_220319/dpl_evolve_baseline/openroad_dpl_hpwl_only_9case_bo_place_batch_20260421_220319_ibex_nangate45_trial_f785b8ec_eb6d03df5a40/metrics.json	83	64 8	1	0.7416259068584926	0.1847491332663012	0.22247490472101478	126.64417645796735	852	2086	1.4238726298473254	omit
f7aff523	ok	200191.9	200191.9	200130.4	0.03072996406343064	5.302	1.0496931300732526	-0.030729964063430645	-0.030729964063430645	0.0	0	<ORIGINAL_WORKSPACE>/OpenROAD-flow-scripts/flow/reports/nangate45/ibex/place_batch_20260421_220319/dpl_evolve_baseline/openroad_dpl_hpwl_only_9case_bo_place_batch_20260421_220319_ibex_nangate45_trial_f7aff523_9466c408887d/metrics.json	45	256 32	1	0.3963532506992221	1.6818252014005572	0.4063868164239458	81.13553199247247	1070	998	1.9110297182934668	1.10 1.04
f7fd8658	ok	200004.5	200004.5	200130.4	-0.06290898334285755	5.169	1.0233617105523658	0.06290898334285755	0.06290898334285755	0.0	0	<ORIGINAL_WORKSPACE>/OpenROAD-flow-scripts/flow/reports/nangate45/ibex/place_batch_20260421_220319/dpl_evolve_baseline/openroad_dpl_hpwl_only_9case_bo_place_batch_20260421_220319_ibex_nangate45_trial_f7fd8658_b73472a16863/metrics.json	116	64 8	1	0.10746491939724956	0.7871785518475098	0.14038226895240621	91.45135291015715	244	1020	1.6196354901549914	1.50 1.25 1.10 1.04
f80a42c3	ok	200034.5	200034.5	200130.4	-0.04791875697045236	5.128	1.0152445060384083	0.04791875697045236	0.04791875697045236	0.0	0	<ORIGINAL_WORKSPACE>/OpenROAD-flow-scripts/flow/reports/nangate45/ibex/place_batch_20260421_220319/dpl_evolve_baseline/openroad_dpl_hpwl_only_9case_bo_place_batch_20260421_220319_ibex_nangate45_trial_f80a42c3_bc8ca516d8eb/metrics.json	36	64 8	1	0.5714960817769988	1.0084042009073866	0.9350105891815048	91.4929006070778	866	1492	1.9599336721361236	1.04
f99d8581	ok	200128.1	200128.1	200130.4	-0.0011492506885452478	5.498	1.0884973272619283	0.0011492506885452478	0.0011492506885452478	0.0	0	<ORIGINAL_WORKSPACE>/OpenROAD-flow-scripts/flow/reports/nangate45/ibex/place_batch_20260421_220319/dpl_evolve_baseline/openroad_dpl_hpwl_only_9case_bo_place_batch_20260421_220319_ibex_nangate45_trial_f99d8581_dc57a1b14840/metrics.json	18	1024 128	1	0.07381551937921738	1.2750183220030669	1.8598103802040489	78.0917805506871	718	365	1.8598590635791363	1.25 1.10 1.04
f9af7be9	ok	200152.6	200152.6	200130.4	0.01109276751558566	5.154	1.0203920015838448	-0.01109276751558566	-0.01109276751558566	0.0	0	<ORIGINAL_WORKSPACE>/OpenROAD-flow-scripts/flow/reports/nangate45/ibex/place_batch_20260421_220319/dpl_evolve_baseline/openroad_dpl_hpwl_only_9case_bo_place_batch_20260421_220319_ibex_nangate45_trial_f9af7be9_f9cfdb634962/metrics.json	79	64	1	0.06112369600966002	1.0503619874716155	0.05700019663169331	103.19561738292352	452	1963	1.32758014533272	1.50 1.25 1.10 1.04
f9d8c595	ok	200155.7	200155.7	200130.4	0.012641757574070439	4.991	0.9881211641259156	-0.012641757574070437	-0.012641757574070437	0.0	0	<ORIGINAL_WORKSPACE>/OpenROAD-flow-scripts/flow/reports/nangate45/ibex/place_batch_20260421_220319/dpl_evolve_baseline/openroad_dpl_hpwl_only_9case_bo_place_batch_20260421_220319_ibex_nangate45_trial_f9d8c595_6cb9b2ebe30a/metrics.json	38	256	1	0.1956177477605726	1.0968813189574897	1.0438143045566557	119.66543845776947	113	674	1.4483427328844158	1.25 1.10 1.04
fa00e24e	ok	200091.2	200091.2	200130.4	-0.019587229126600724	4.985	0.9869332805385073	0.019587229126600724	0.019587229126600724	0.0	0	<ORIGINAL_WORKSPACE>/OpenROAD-flow-scripts/flow/reports/nangate45/ibex/place_batch_20260421_220319/dpl_evolve_baseline/openroad_dpl_hpwl_only_9case_bo_place_batch_20260421_220319_ibex_nangate45_trial_fa00e24e_1839db10e9b9/metrics.json	40	64 8	1	0.038123537917633704	1.5920849091009202	0.17886305880229092	70.26512114106731	551	2757	1.7321999241464459	omit
fae89147	ok	200045.6	200045.6	200130.4	-0.04237237321265953	5.092	1.0081172045139575	0.04237237321265953	0.04237237321265953	0.0	0	<ORIGINAL_WORKSPACE>/OpenROAD-flow-scripts/flow/reports/nangate45/ibex/place_batch_20260421_220319/dpl_evolve_baseline/openroad_dpl_hpwl_only_9case_bo_place_batch_20260421_220319_ibex_nangate45_trial_fae89147_0f50339535b0/metrics.json	123	64 8	0	0.5034063359048476	0.0287374604278684	0.08154226768211231	135.12487320729147	642	2850	1.4981212495262646	omit
fc030d55	ok	200088.2	200088.2	200130.4	-0.021086251763841244	4.925	0.9750544446644228	0.021086251763841244	0.021086251763841244	0.0	0	<ORIGINAL_WORKSPACE>/OpenROAD-flow-scripts/flow/reports/nangate45/ibex/place_batch_20260421_220319/dpl_evolve_baseline/openroad_dpl_hpwl_only_9case_bo_place_batch_20260421_220319_ibex_nangate45_trial_fc030d55_f9cdef17d670/metrics.json	33	64 8	0	0.3200805539736734	0.6273623980461478	1.4576777261571825	103.299593742228	650	122	1.9127726649612506	1.75 1.35 1.15 1.05
fe3dcbc7	ok	200017.5	200017.5	200130.4	-0.05641321858148197	5.111	1.0118788358740842	0.05641321858148197	0.05641321858148197	0.0	0	<ORIGINAL_WORKSPACE>/OpenROAD-flow-scripts/flow/reports/nangate45/ibex/place_batch_20260421_220319/dpl_evolve_baseline/openroad_dpl_hpwl_only_9case_bo_place_batch_20260421_220319_ibex_nangate45_trial_fe3dcbc7_ae8494d99fbd/metrics.json	122	64 8	1	0.3156145797781174	1.1558643007909286	0.493747112211506	86.96371026291166	959	914	1.9986158079552219	omit
fe71fa39	ok	200073.8	200073.8	200130.4	-0.02828156042260737	4.595	0.9097208473569589	0.02828156042260737	0.02828156042260737	0.0	0	<ORIGINAL_WORKSPACE>/OpenROAD-flow-scripts/flow/reports/nangate45/ibex/place_batch_20260421_220319/dpl_evolve_baseline/openroad_dpl_hpwl_only_9case_bo_place_batch_20260421_220319_ibex_nangate45_trial_fe71fa39_7264add5733f/metrics.json	112	64 8	0	0.6645475452205203	1.8125343065629758	0.34334212755295895	102.91071654261887	987	1420	1.8614172881809155	omit
fe79490f	ok	200199.3	200199.3	200130.4	0.034427553235287685	4.935	0.9770342506434369	-0.034427553235287685	-0.034427553235287685	0.0	0	<ORIGINAL_WORKSPACE>/OpenROAD-flow-scripts/flow/reports/nangate45/ibex/place_batch_20260421_220319/dpl_evolve_baseline/openroad_dpl_hpwl_only_9case_bo_place_batch_20260421_220319_ibex_nangate45_trial_fe79490f_729ac8dca8b4/metrics.json	36	128 16	0	0.13844040088730963	1.6930325673499624	0.6636688824661439	95.71279274332052	491	1663	1.712263120756375	1.75 1.35 1.15 1.05
fe931ad1	ok	200108.7	200108.7	200130.4	-0.010842930409364362	5.027	0.9952484656503663	0.010842930409364364	0.010842930409364364	0.0	0	<ORIGINAL_WORKSPACE>/OpenROAD-flow-scripts/flow/reports/nangate45/ibex/place_batch_20260421_220319/dpl_evolve_baseline/openroad_dpl_hpwl_only_9case_bo_place_batch_20260421_220319_ibex_nangate45_trial_fe931ad1_5751e001c437/metrics.json	83	64 8	0	0.09757741175769959	1.1750032931403018	0.4181132015407352	58.03459603327245	964	2141	1.9496783717530255	omit
