trial	status	score	hpwl_final	hpwl_ref	hpwl_delta_percent	runtime	runtime_ratio	gain_hr	hpwl_gain_percent	runtime_penalty_pp	legalize_exit_status	metrics_path	improve_random_seed	improve_max_displacement	improve_enable_extra_dpl	global_swap_tradeoff	global_swap_area_weight	global_swap_pin_weight	global_swap_congestion_user_weight	global_swap_sampling_moves	global_swap_normalization_interval	global_swap_profiling_excess	global_swap_budget_multipliers
00e5f258	ok	63331.3	63331.3	63342.0	-0.01689242524706686	7.257	1.0509775524981897	0.01689242524706686	0.01689242524706686	0.0	0	<ORIGINAL_WORKSPACE>/OpenROAD-flow-scripts/flow/reports/asap7/ibex/place_batch_20260421_220319/dpl_evolve_baseline/openroad_dpl_hpwl_only_9case_bo_place_batch_20260421_220319_ibex_asap7_trial_00e5f258_b7ebc256522d/metrics.json	39	64 8	1	0.01810046947546126	0.028921419507578427	0.9770320395821682	127.10627144987393	644	175	1.2848157339077013	1.10 1.04
00e9b323	ok	63351.0	63351.0	63342.0	0.014208581983518044	7.908	1.1452570601013758	-0.0726588112976193	-0.014208581983518044	0.05845022931410125	0	<ORIGINAL_WORKSPACE>/OpenROAD-flow-scripts/flow/reports/asap7/ibex/place_batch_20260421_220319/dpl_evolve_baseline/openroad_dpl_hpwl_only_9case_bo_place_batch_20260421_220319_ibex_asap7_trial_00e9b323_fc32ac98cae5/metrics.json	63	512 64	0	0.4474701900550804	0.9329477176969398	1.4004055311531514	39.890678386103076	580	2330	1.037679596701747	1.04
01443388	ok	63313.5	63313.5	63342.0	-0.044993842947807144	7.646	1.1073135409123822	0.03546791848115992	0.044993842947807144	0.00952592446664723	0	<ORIGINAL_WORKSPACE>/OpenROAD-flow-scripts/flow/reports/asap7/ibex/place_batch_20260421_220319/dpl_evolve_baseline/openroad_dpl_hpwl_only_9case_bo_place_batch_20260421_220319_ibex_asap7_trial_01443388_ba2d8daa1f6c/metrics.json	92	64 8	1	0.7879638782256617	1.162391500132498	1.209742165965424	68.17768077485108	917	664	1.6628536065681343	1.04
01e240bc	ok	63298.3	63298.3	63342.0	-0.06899055918663302	7.414	1.0737146994931208	0.06899055918663302	0.06899055918663302	0.0	0	<ORIGINAL_WORKSPACE>/OpenROAD-flow-scripts/flow/reports/asap7/ibex/place_batch_20260421_220319/dpl_evolve_baseline/openroad_dpl_hpwl_only_9case_bo_place_batch_20260421_220319_ibex_asap7_trial_01e240bc_5ecae35dac89/metrics.json	36	64 8	1	0.4134507872825557	0.1618995041467673	0.07165197359516012	128.51345016772558	161	160	1.3390890344389024	2.00 1.50 1.20 1.05
026b558d	ok	63317.1	63317.1	63342.0	-0.039310410154402224	7.472	1.0821144098479363	0.039310410154402224	0.039310410154402224	0.0	0	<ORIGINAL_WORKSPACE>/OpenROAD-flow-scripts/flow/reports/asap7/ibex/place_batch_20260421_220319/dpl_evolve_baseline/openroad_dpl_hpwl_only_9case_bo_place_batch_20260421_220319_ibex_asap7_trial_026b558d_6640a6fa17ce/metrics.json	31	64 8	1	0.4672648270499813	0.4539185765785132	1.6463852615782264	60.07790928970346	405	1349	1.5256510178424583	omit
02a07313	ok	63313.1	63313.1	63342.0	-0.04562533548041024	7.705	1.115858073859522	0.025009872018847017	0.04562533548041024	0.020615463461563226	0	<ORIGINAL_WORKSPACE>/OpenROAD-flow-scripts/flow/reports/asap7/ibex/place_batch_20260421_220319/dpl_evolve_baseline/openroad_dpl_hpwl_only_9case_bo_place_batch_20260421_220319_ibex_asap7_trial_02a07313_379ef36495cb/metrics.json	54	64 8	1	0.2126943438577812	0.2553128505171013	1.4544093005306724	100.3587595629814	461	190	1.5813044817007764	2.00 1.50 1.20 1.05
031ce89e	ok	63295.0	63295.0	63342.0	-0.07420037258059424	7.401	1.0718320057929036	0.07420037258059424	0.07420037258059424	0.0	0	<ORIGINAL_WORKSPACE>/OpenROAD-flow-scripts/flow/reports/asap7/ibex/place_batch_20260421_220319/dpl_evolve_baseline/openroad_dpl_hpwl_only_9case_bo_place_batch_20260421_220319_ibex_asap7_trial_031ce89e_043352b0950f/metrics.json	35	64 8	1	0.25759847538812153	0.1509699962792429	0.3419051229502129	133.1947298295836	178	577	1.1736979919930437	1.50 1.25 1.10 1.04
037c4477	ok	63310.9	63310.9	63342.0	-0.04909854440971006	7.556	1.0942795076031862	0.04909854440971006	0.04909854440971006	0.0	0	<ORIGINAL_WORKSPACE>/OpenROAD-flow-scripts/flow/reports/asap7/ibex/place_batch_20260421_220319/dpl_evolve_baseline/openroad_dpl_hpwl_only_9case_bo_place_batch_20260421_220319_ibex_asap7_trial_037c4477_05d6e48828b2/metrics.json	49	64 8	0	0.019209440261751688	0.4649813463575918	1.2903194632966841	50.3672434788307	876	1241	1.0472172224520877	1.10 1.04
03905ee9	ok	63333.1	63333.1	63342.0	-0.014050708850370141	7.522	1.0893555394641563	0.014050708850370141	0.014050708850370141	0.0	0	<ORIGINAL_WORKSPACE>/OpenROAD-flow-scripts/flow/reports/asap7/ibex/place_batch_20260421_220319/dpl_evolve_baseline/openroad_dpl_hpwl_only_9case_bo_place_batch_20260421_220319_ibex_asap7_trial_03905ee9_910f96b20423/metrics.json	97	64 8	1	0.4922150861708549	1.1085493714171781	1.1221154774188538	101.30442265242927	830	2330	1.8438506818123004	1.04
03c97408	ok	63298.5	63298.5	63342.0	-0.06867481292033722	7.618	1.103258508327299	0.0644266899269635	0.06867481292033721	0.004248122993373707	0	<ORIGINAL_WORKSPACE>/OpenROAD-flow-scripts/flow/reports/asap7/ibex/place_batch_20260421_220319/dpl_evolve_baseline/openroad_dpl_hpwl_only_9case_bo_place_batch_20260421_220319_ibex_asap7_trial_03c97408_3e01ae2b3c1d/metrics.json	52	64 8	0	0.46434134145465633	0.34491443497038404	0.999936421262076	105.90649646692066	319	1390	1.3144988012001761	1.04
03fa9814	ok	63340.7	63340.7	63342.0	-0.002052350730957201	7.491	1.0848660391020999	0.002052350730957201	0.002052350730957201	0.0	0	<ORIGINAL_WORKSPACE>/OpenROAD-flow-scripts/flow/reports/asap7/ibex/place_batch_20260421_220319/dpl_evolve_baseline/openroad_dpl_hpwl_only_9case_bo_place_batch_20260421_220319_ibex_asap7_trial_03fa9814_1122fe98ffff/metrics.json	69	128 16	1	0.2677456672022016	0.7905101421989421	1.1809732345598845	75.5322569884185	125	232	1.5428058637181639	2.00 1.50 1.20 1.05
040da415	ok	63315.5	63315.5	63342.0	-0.04183638028480313	7.539	1.0918175235336711	0.04183638028480313	0.04183638028480313	0.0	0	<ORIGINAL_WORKSPACE>/OpenROAD-flow-scripts/flow/reports/asap7/ibex/place_batch_20260421_220319/dpl_evolve_baseline/openroad_dpl_hpwl_only_9case_bo_place_batch_20260421_220319_ibex_asap7_trial_040da415_3bbd94f086d5/metrics.json	94	64 8	1	0.6998922835267506	1.0341778711690148	0.9790184272635034	137.6479651556227	906	734	1.7055380391056616	1.10 1.04
04e4dbaa	ok	63331.4	63331.4	63342.0	-0.016734552113918957	8.795	1.2737146994931208	-0.20160101843244382	0.016734552113918954	0.21833557054636277	0	<ORIGINAL_WORKSPACE>/OpenROAD-flow-scripts/flow/reports/asap7/ibex/place_batch_20260421_220319/dpl_evolve_baseline/openroad_dpl_hpwl_only_9case_bo_place_batch_20260421_220319_ibex_asap7_trial_04e4dbaa_d3a5a8d81bff/metrics.json	18	omit	1	0.34431461936498786	0.29521808622626244	0.17363963790241033	86.6381011906843	66	185	1.3510137460833669	1.10 1.04
07396bb3	ok	63352.6	63352.6	63342.0	0.016734552113918957	7.742	1.121216509775525	-0.04428282044838435	-0.016734552113918954	0.027548268334465397	0	<ORIGINAL_WORKSPACE>/OpenROAD-flow-scripts/flow/reports/asap7/ibex/place_batch_20260421_220319/dpl_evolve_baseline/openroad_dpl_hpwl_only_9case_bo_place_batch_20260421_220319_ibex_asap7_trial_07396bb3_a977fcee25bf/metrics.json	60	256	0	0.1630753110607499	0.08944630750334395	0.8602206189183851	121.23657582817928	485	424	1.1537723505423891	1.25 1.10 1.04
0777ee58	ok	63347.1	63347.1	63342.0	0.008051529790657928	7.663	1.1097755249818972	-0.02077711985218802	-0.008051529790657928	0.012725590061530094	0	<ORIGINAL_WORKSPACE>/OpenROAD-flow-scripts/flow/reports/asap7/ibex/place_batch_20260421_220319/dpl_evolve_baseline/openroad_dpl_hpwl_only_9case_bo_place_batch_20260421_220319_ibex_asap7_trial_0777ee58_752e3aee162a/metrics.json	37	64	0	0.5201134083261771	0.2739878122380719	1.3580252264221602	112.38346407051073	794	1141	1.4124456624050155	1.75 1.35 1.15 1.05
08cfbe97	ok	63320.1	63320.1	63342.0	-0.03457421615989621	7.768	1.1249818971759593	0.002164153120397215	0.034574216159896205	0.03241006303949899	0	<ORIGINAL_WORKSPACE>/OpenROAD-flow-scripts/flow/reports/asap7/ibex/place_batch_20260421_220319/dpl_evolve_baseline/openroad_dpl_hpwl_only_9case_bo_place_batch_20260421_220319_ibex_asap7_trial_08cfbe97_7ac7c36bbc10/metrics.json	107	64 8	1	0.7605213545013467	0.8386410301650695	1.2900527783536668	50.354478042069886	338	508	1.1036955225920981	1.10 1.04
08efe7d4	ok	63360.1	63360.1	63342.0	0.02857503710018399	7.914	1.1461259956553222	-0.0881361014854371	-0.028575037100183994	0.059561064385253104	0	<ORIGINAL_WORKSPACE>/OpenROAD-flow-scripts/flow/reports/asap7/ibex/place_batch_20260421_220319/dpl_evolve_baseline/openroad_dpl_hpwl_only_9case_bo_place_batch_20260421_220319_ibex_asap7_trial_08efe7d4_83a61b5b4305/metrics.json	53	512	0	0.9652018721788923	0.05248212275123877	0.05022448486068515	139.6762542987682	598	1013	1.0544834448296503	1.10 1.04
09da3dbd	ok	63338.2	63338.2	63342.0	-0.005999179059712214	7.691	1.1138305575669805	-0.011988721363638728	0.005999179059712214	0.017987900423350942	0	<ORIGINAL_WORKSPACE>/OpenROAD-flow-scripts/flow/reports/asap7/ibex/place_batch_20260421_220319/dpl_evolve_baseline/openroad_dpl_hpwl_only_9case_bo_place_batch_20260421_220319_ibex_asap7_trial_09da3dbd_563ad2cd3430/metrics.json	71	1024	0	0.7009154316820903	0.961484533122989	1.7634352985491704	0.15131611932957156	463	1143	1.121687797925461	1.75 1.35 1.15 1.05
0a2fe190	ok	63342.6	63342.6	63342.0	0.0009472387988989056	7.393	1.0706734250543084	-0.0009472387988989057	-0.0009472387988989057	0.0	0	<ORIGINAL_WORKSPACE>/OpenROAD-flow-scripts/flow/reports/asap7/ibex/place_batch_20260421_220319/dpl_evolve_baseline/openroad_dpl_hpwl_only_9case_bo_place_batch_20260421_220319_ibex_asap7_trial_0a2fe190_eb3cb03b1830/metrics.json	57	128 16	0	0.5166056811675485	1.4172285061101502	1.4821738712692611	94.4660533186482	264	253	1.5935535592620278	1.25 1.10 1.04
0ae5886c	ok	63337.2	63337.2	63342.0	-0.007577910391214219	7.741	1.1210716871832005	-0.01978320293296108	0.007577910391214218	0.027361113324175297	0	<ORIGINAL_WORKSPACE>/OpenROAD-flow-scripts/flow/reports/asap7/ibex/place_batch_20260421_220319/dpl_evolve_baseline/openroad_dpl_hpwl_only_9case_bo_place_batch_20260421_220319_ibex_asap7_trial_0ae5886c_2698d2af8d69/metrics.json	49	512 64	0	0.11550194538701064	0.6757167097394622	1.647691718523796	135.6358730811467	88	1116	1.6059304067605362	1.10 1.04
0b0939fe	ok	63303.7	63303.7	63342.0	-0.06046540999653138	7.593	1.099637943519189	0.06046540999653138	0.06046540999653138	0.0	0	<ORIGINAL_WORKSPACE>/OpenROAD-flow-scripts/flow/reports/asap7/ibex/place_batch_20260421_220319/dpl_evolve_baseline/openroad_dpl_hpwl_only_9case_bo_place_batch_20260421_220319_ibex_asap7_trial_0b0939fe_c582235c6cf2/metrics.json	111	64 8	1	0.677718512075579	0.8396819158032052	0.7583258171674498	75.87206590007442	153	1034	1.8463456344893039	1.04
0b1995de	ok	63322.3	63322.3	63342.0	-0.031101007230584905	7.217	1.0451846488052134	0.031101007230584905	0.031101007230584905	0.0	0	<ORIGINAL_WORKSPACE>/OpenROAD-flow-scripts/flow/reports/asap7/ibex/place_batch_20260421_220319/dpl_evolve_baseline/openroad_dpl_hpwl_only_9case_bo_place_batch_20260421_220319_ibex_asap7_trial_0b1995de_bd01316b1f05/metrics.json	61	64 8	0	0.7018947178098789	0.3134444669296791	0.07368763429959924	144.20553796615246	782	1399	1.2357649049869117	1.10 1.04
0b9db3bf	ok	63340.3	63340.3	63342.0	-0.002683843263548814	8.049	1.1656770456191166	-0.08176060326054506	0.002683843263548814	0.08444444652409387	0	<ORIGINAL_WORKSPACE>/OpenROAD-flow-scripts/flow/reports/asap7/ibex/place_batch_20260421_220319/dpl_evolve_baseline/openroad_dpl_hpwl_only_9case_bo_place_batch_20260421_220319_ibex_asap7_trial_0b9db3bf_2dc517b8c004/metrics.json	19	512 64	0	0.651304332340991	1.407033976305306	1.2399695846609278	119.94228926040421	89	3104	1.731728600739527	1.04
0bda7410	ok	63307.5	63307.5	63342.0	-0.054466230936819175	7.153	1.0359160028964518	0.054466230936819175	0.054466230936819175	0.0	0	<ORIGINAL_WORKSPACE>/OpenROAD-flow-scripts/flow/reports/asap7/ibex/place_batch_20260421_220319/dpl_evolve_baseline/openroad_dpl_hpwl_only_9case_bo_place_batch_20260421_220319_ibex_asap7_trial_0bda7410_8ea4ad106a71/metrics.json	60	64 8	0	0.7585266978536596	1.0827724252702458	1.3770773396072595	4.4382939130394945	490	767	1.2376411818186397	1.25 1.10 1.04
0c39d069	ok	63303.7	63303.7	63342.0	-0.06046540999653138	7.269	1.0527154236060825	0.06046540999653138	0.06046540999653138	0.0	0	<ORIGINAL_WORKSPACE>/OpenROAD-flow-scripts/flow/reports/asap7/ibex/place_batch_20260421_220319/dpl_evolve_baseline/openroad_dpl_hpwl_only_9case_bo_place_batch_20260421_220319_ibex_asap7_trial_0c39d069_64f55a6cad52/metrics.json	25	64 8	0	0.5213881108926645	0.049786514270117876	1.354572543444155	118.02195493203232	67	128	1.4307175024038894	1.25 1.10 1.04
0c8754ea	ok	63324.2	63324.2	63342.0	-0.028101417700740282	7.54	1.0919623461259955	0.028101417700740282	0.028101417700740282	0.0	0	<ORIGINAL_WORKSPACE>/OpenROAD-flow-scripts/flow/reports/asap7/ibex/place_batch_20260421_220319/dpl_evolve_baseline/openroad_dpl_hpwl_only_9case_bo_place_batch_20260421_220319_ibex_asap7_trial_0c8754ea_10b046bf2a1c/metrics.json	62	64 8	0	0.4171613722309841	0.6180813497281742	0.8501509863383864	112.46809125387084	518	1709	1.5036011704702905	1.04
0cb2c6e9	ok	63330.1	63330.1	63342.0	-0.018786902844876156	7.758	1.1235336712527153	-0.0117542034665017	0.018786902844876156	0.030541106311377856	0	<ORIGINAL_WORKSPACE>/OpenROAD-flow-scripts/flow/reports/asap7/ibex/place_batch_20260421_220319/dpl_evolve_baseline/openroad_dpl_hpwl_only_9case_bo_place_batch_20260421_220319_ibex_asap7_trial_0cb2c6e9_e35470f52dac/metrics.json	69	256 32	0	0.22225536099286264	0.8406850624006508	1.4688117723452951	104.47303771689306	648	137	1.6323047169816547	1.25 1.10 1.04
0d2a93e9	ok	63308.2	63308.2	63342.0	-0.05336111900477237	7.474	1.082404055032585	0.05336111900477236	0.05336111900477236	0.0	0	<ORIGINAL_WORKSPACE>/OpenROAD-flow-scripts/flow/reports/asap7/ibex/place_batch_20260421_220319/dpl_evolve_baseline/openroad_dpl_hpwl_only_9case_bo_place_batch_20260421_220319_ibex_asap7_trial_0d2a93e9_b47c25ace640/metrics.json	78	64 8	0	0.3233407589256555	0.12116671611465193	0.8127697414132005	147.3839142346492	551	618	1.2047648888106137	1.10 1.04
0edc9080	ok	63324.3	63324.3	63342.0	-0.027943544567580893	7.287	1.0553222302679217	0.027943544567580893	0.027943544567580893	0.0	0	<ORIGINAL_WORKSPACE>/OpenROAD-flow-scripts/flow/reports/asap7/ibex/place_batch_20260421_220319/dpl_evolve_baseline/openroad_dpl_hpwl_only_9case_bo_place_batch_20260421_220319_ibex_asap7_trial_0edc9080_b1f6f7fff559/metrics.json	116	64 8	1	0.6495374993430452	0.7041543546738637	1.107278767232363	113.34520272545532	753	454	1.8409478576743288	2.50 1.75 1.25 1.08
0fc12dde	ok	63317.0	63317.0	63342.0	-0.03946828328755012	7.503	1.0866039102099927	0.03946828328755012	0.03946828328755012	0.0	0	<ORIGINAL_WORKSPACE>/OpenROAD-flow-scripts/flow/reports/asap7/ibex/place_batch_20260421_220319/dpl_evolve_baseline/openroad_dpl_hpwl_only_9case_bo_place_batch_20260421_220319_ibex_asap7_trial_0fc12dde_e3545fd7ddcf/metrics.json	50	64 8	0	0.8285424977649395	0.2190318999675051	0.5454907348313724	144.50263559392022	895	1219	1.111546367492021	1.75 1.35 1.15 1.05
10c65f85	ok	63320.8	63320.8	63342.0	-0.033469104227837915	7.617	1.1031136857349746	0.029409653378899857	0.03346910422783791	0.004059450848938052	0	<ORIGINAL_WORKSPACE>/OpenROAD-flow-scripts/flow/reports/asap7/ibex/place_batch_20260421_220319/dpl_evolve_baseline/openroad_dpl_hpwl_only_9case_bo_place_batch_20260421_220319_ibex_asap7_trial_10c65f85_33ed2fb46497/metrics.json	64	64 8	0	0.6609214884797705	0.18255436425608024	1.558631374256988	144.84725743625236	1101	482	1.4995249202611798	1.25 1.10 1.04
110452c8	ok	63299.8	63299.8	63342.0	-0.06662246218938	7.352	1.064735698769008	0.06662246218938002	0.06662246218938002	0.0	0	<ORIGINAL_WORKSPACE>/OpenROAD-flow-scripts/flow/reports/asap7/ibex/place_batch_20260421_220319/dpl_evolve_baseline/openroad_dpl_hpwl_only_9case_bo_place_batch_20260421_220319_ibex_asap7_trial_110452c8_d27eec18a8ba/metrics.json	74	64 8	1	0.4343131131838206	0.39560741036557356	1.3170870083518262	57.02095130633292	56	262	1.2874859534511522	2.00 1.50 1.20 1.05
11554c1d	ok	63316.6	63316.6	63342.0	-0.04009977582015323	7.416	1.0740043446777698	0.04009977582015323	0.04009977582015323	0.0	0	<ORIGINAL_WORKSPACE>/OpenROAD-flow-scripts/flow/reports/asap7/ibex/place_batch_20260421_220319/dpl_evolve_baseline/openroad_dpl_hpwl_only_9case_bo_place_batch_20260421_220319_ibex_asap7_trial_11554c1d_1156be13d1bb/metrics.json	89	64 8	0	0.002323449290834334	0.5837768927572523	1.6604764901884632	72.24889830337119	246	346	1.0816913781628723	1.10 1.04
11719d2f	ok	63311.9	63311.9	63342.0	-0.04751981307820805	7.724	1.1186097031136857	0.0233421864517526	0.04751981307820805	0.02417762662645545	0	<ORIGINAL_WORKSPACE>/OpenROAD-flow-scripts/flow/reports/asap7/ibex/place_batch_20260421_220319/dpl_evolve_baseline/openroad_dpl_hpwl_only_9case_bo_place_batch_20260421_220319_ibex_asap7_trial_11719d2f_0bc69e06eeda/metrics.json	98	64 8	1	0.17036276669056583	0.3729602807551462	0.7274269118906642	106.0370970496232	572	200	1.3729971282840807	omit
11c8a03d	ok	63324.0	63324.0	63342.0	-0.02841716396703609	7.15	1.0354815351194786	0.02841716396703609	0.02841716396703609	0.0	0	<ORIGINAL_WORKSPACE>/OpenROAD-flow-scripts/flow/reports/asap7/ibex/place_batch_20260421_220319/dpl_evolve_baseline/openroad_dpl_hpwl_only_9case_bo_place_batch_20260421_220319_ibex_asap7_trial_11c8a03d_cdcdd8e77ad3/metrics.json	113	64 8	1	0.46693865186933886	0.5374959971561639	1.645168092711803	120.27361822435644	951	2181	1.70156084737427	2.00 1.50 1.20 1.05
125465ad	ok	63359.6	63359.6	63342.0	0.027785671434432987	8.299	1.2018826937002172	-0.1577655441057939	-0.02778567143443299	0.1299798726713609	0	<ORIGINAL_WORKSPACE>/OpenROAD-flow-scripts/flow/reports/asap7/ibex/place_batch_20260421_220319/dpl_evolve_baseline/openroad_dpl_hpwl_only_9case_bo_place_batch_20260421_220319_ibex_asap7_trial_125465ad_dd6243036075/metrics.json	23	512	1	0.4550932914292747	0.24502032612355315	1.435453630667161	105.29026969962749	752	1933	1.2638536611213014	2.00 1.50 1.20 1.05
125f1965	ok	63349.0	63349.0	63342.0	0.011051119320514035	7.405	1.0724112961622012	-0.011051119320514035	-0.011051119320514035	0.0	0	<ORIGINAL_WORKSPACE>/OpenROAD-flow-scripts/flow/reports/asap7/ibex/place_batch_20260421_220319/dpl_evolve_baseline/openroad_dpl_hpwl_only_9case_bo_place_batch_20260421_220319_ibex_asap7_trial_125f1965_7beb3106f7af/metrics.json	49	1024 128	1	0.18459784361504053	0.09505109715359918	0.2224416921061509	143.80186903951224	220	399	1.3202922821271421	2.00 1.50 1.20 1.05
1353c8c4	ok	63316.1	63316.1	63342.0	-0.04088914148590423	7.563	1.0952932657494567	0.040889141485904223	0.040889141485904223	0.0	0	<ORIGINAL_WORKSPACE>/OpenROAD-flow-scripts/flow/reports/asap7/ibex/place_batch_20260421_220319/dpl_evolve_baseline/openroad_dpl_hpwl_only_9case_bo_place_batch_20260421_220319_ibex_asap7_trial_1353c8c4_97797c748baa/metrics.json	88	64 8	0	0.02277034854083998	0.8686618415499352	1.6901400237006272	90.10088504260503	503	1497	1.0468180527445494	1.75 1.35 1.15 1.05
1360959f	ok	63310.9	63310.9	63342.0	-0.04909854440971006	7.578	1.097465604634323	0.04909854440971006	0.04909854440971006	0.0	0	<ORIGINAL_WORKSPACE>/OpenROAD-flow-scripts/flow/reports/asap7/ibex/place_batch_20260421_220319/dpl_evolve_baseline/openroad_dpl_hpwl_only_9case_bo_place_batch_20260421_220319_ibex_asap7_trial_1360959f_01637914a601/metrics.json	49	64 8	1	0.4957390067115951	0.9685730731903505	1.1445318255712271	142.31515596640634	429	1096	1.040053893085453	1.04
13f6b47c	ok	63322.5	63322.5	63342.0	-0.0307852609642891	6.879	0.9962346125995655	0.0307852609642891	0.0307852609642891	0.0	0	<ORIGINAL_WORKSPACE>/OpenROAD-flow-scripts/flow/reports/asap7/ibex/place_batch_20260421_220319/dpl_evolve_baseline/openroad_dpl_hpwl_only_9case_bo_place_batch_20260421_220319_ibex_asap7_trial_13f6b47c_8eb214062be5/metrics.json	87	64 8	1	0.4928066660640053	0.6788690645844138	1.987329254308425	12.378785971439356	485	2158	1.0608748637048209	1.25 1.10 1.04
14f203b8	ok	63365.7	63365.7	63342.0	0.037415932556592923	7.861	1.1384503982621288	-0.08715000017614513	-0.037415932556592923	0.04973406761955221	0	<ORIGINAL_WORKSPACE>/OpenROAD-flow-scripts/flow/reports/asap7/ibex/place_batch_20260421_220319/dpl_evolve_baseline/openroad_dpl_hpwl_only_9case_bo_place_batch_20260421_220319_ibex_asap7_trial_14f203b8_ac7891491c01/metrics.json	112	1024	1	0.6372828266695453	0.769472245898891	0.8691214696529914	116.2083991617834	559	289	1.187192712597969	2.00 1.50 1.20 1.05
152479a5	ok	63334.0	63334.0	63342.0	-0.01262985065201604	7.263	1.051846488052136	0.01262985065201604	0.01262985065201604	0.0	0	<ORIGINAL_WORKSPACE>/OpenROAD-flow-scripts/flow/reports/asap7/ibex/place_batch_20260421_220319/dpl_evolve_baseline/openroad_dpl_hpwl_only_9case_bo_place_batch_20260421_220319_ibex_asap7_trial_152479a5_50ccc19f60e1/metrics.json	13	64 8	0	0.7861091256710667	0.14179049522487397	0.4958160397301307	146.16813686877111	1114	2241	1.3524565407661737	1.10 1.04
1641e7f9	ok	63338.4	63338.4	63342.0	-0.00568343279340492	7.447	1.0784938450398263	0.00568343279340492	0.00568343279340492	0.0	0	<ORIGINAL_WORKSPACE>/OpenROAD-flow-scripts/flow/reports/asap7/ibex/place_batch_20260421_220319/dpl_evolve_baseline/openroad_dpl_hpwl_only_9case_bo_place_batch_20260421_220319_ibex_asap7_trial_1641e7f9_552f34f20c3b/metrics.json	103	512	1	0.12524520884395463	0.27840438426120406	1.232794275525722	51.65096750833034	100	146	1.312492805682736	2.00 1.50 1.20 1.05
165b6df3	ok	63349.7	63349.7	63342.0	0.012156231252560844	7.747	1.121940622737147	-0.040640093386239876	-0.012156231252560844	0.028483862133679032	0	<ORIGINAL_WORKSPACE>/OpenROAD-flow-scripts/flow/reports/asap7/ibex/place_batch_20260421_220319/dpl_evolve_baseline/openroad_dpl_hpwl_only_9case_bo_place_batch_20260421_220319_ibex_asap7_trial_165b6df3_d9c0d5c477cb/metrics.json	49	omit	0	0.8803133784158751	0.09032208042052733	0.3128843016372014	133.62363891785589	924	1924	1.051486597786724	1.10 1.04
16780b89	ok	63315.1	63315.1	63342.0	-0.04246787281740624	7.758	1.1235336712527153	0.011926766506028374	0.04246787281740623	0.030541106311377856	0	<ORIGINAL_WORKSPACE>/OpenROAD-flow-scripts/flow/reports/asap7/ibex/place_batch_20260421_220319/dpl_evolve_baseline/openroad_dpl_hpwl_only_9case_bo_place_batch_20260421_220319_ibex_asap7_trial_16780b89_1bc9f431f098/metrics.json	69	64 8	0	0.07969979748131117	0.9921079493864612	1.6781766391761581	20.8614867657843	793	2835	1.042135823454927	1.10 1.04
191f80bd	ok	63361.1	63361.1	63342.0	0.030153768431685997	7.594	1.0997827661115134	-0.030153768431685997	-0.030153768431685997	0.0	0	<ORIGINAL_WORKSPACE>/OpenROAD-flow-scripts/flow/reports/asap7/ibex/place_batch_20260421_220319/dpl_evolve_baseline/openroad_dpl_hpwl_only_9case_bo_place_batch_20260421_220319_ibex_asap7_trial_191f80bd_aba863d2bfd7/metrics.json	8	64	0	0.07062856816166713	0.6275848306960994	1.8639306188652476	100.24443274326242	211	1146	1.3343796847571032	1.10 1.04
19d1b3e8	ok	63339.9	63339.9	63342.0	-0.003315335796151913	7.584	1.0983345401882694	0.003315335796151913	0.003315335796151913	0.0	0	<ORIGINAL_WORKSPACE>/OpenROAD-flow-scripts/flow/reports/asap7/ibex/place_batch_20260421_220319/dpl_evolve_baseline/openroad_dpl_hpwl_only_9case_bo_place_batch_20260421_220319_ibex_asap7_trial_19d1b3e8_bbe3f5d6962a/metrics.json	81	128 16	1	0.9319720691968373	0.02790314595119403	0.50700606793677	92.51675355024864	1142	3806	1.5566531881951564	1.10 1.04
1a42b3f3	ok	63304.9	63304.9	63342.0	-0.05857093239872208	7.326	1.0609703113685733	0.05857093239872209	0.05857093239872209	0.0	0	<ORIGINAL_WORKSPACE>/OpenROAD-flow-scripts/flow/reports/asap7/ibex/place_batch_20260421_220319/dpl_evolve_baseline/openroad_dpl_hpwl_only_9case_bo_place_batch_20260421_220319_ibex_asap7_trial_1a42b3f3_b37197abbc1b/metrics.json	38	64 8	0	0.2525051377580454	1.5197966937887746	1.6615097396039253	139.4835846695465	85	551	1.2936545222184845	omit
1b7d7dea	ok	63295.6	63295.6	63342.0	-0.07325313378169533	7.054	1.021578566256336	0.07325313378169533	0.07325313378169533	0.0	0	<ORIGINAL_WORKSPACE>/OpenROAD-flow-scripts/flow/reports/asap7/ibex/place_batch_20260421_220319/dpl_evolve_baseline/openroad_dpl_hpwl_only_9case_bo_place_batch_20260421_220319_ibex_asap7_trial_1b7d7dea_8278b9e68304/metrics.json	41	64 8	0	0.7228083240369246	0.8147888854043829	1.8034420322749114	19.536103709573407	648	523	1.11050807426311	1.25 1.10 1.04
1dc1bee6	ok	63298.5	63298.5	63342.0	-0.06867481292033722	7.452	1.0792179580014483	0.06867481292033721	0.06867481292033721	0.0	0	<ORIGINAL_WORKSPACE>/OpenROAD-flow-scripts/flow/reports/asap7/ibex/place_batch_20260421_220319/dpl_evolve_baseline/openroad_dpl_hpwl_only_9case_bo_place_batch_20260421_220319_ibex_asap7_trial_1dc1bee6_48506fd6fd22/metrics.json	52	64 8	1	0.2568923463229561	0.16710437530011896	0.8792909615682166	139.0926538558197	387	1011	1.1398105866135895	1.10 1.04
1dcba782	ok	63340.4	63340.4	63342.0	-0.0025259701304009108	7.627	1.1045619116582186	-0.0034196452245044084	0.0025259701304009108	0.005945615354905319	0	<ORIGINAL_WORKSPACE>/OpenROAD-flow-scripts/flow/reports/asap7/ibex/place_batch_20260421_220319/dpl_evolve_baseline/openroad_dpl_hpwl_only_9case_bo_place_batch_20260421_220319_ibex_asap7_trial_1dcba782_8d5f83c0be2c/metrics.json	20	32	0	0.6266007612934752	0.5633699427966367	1.9731420618457955	68.9748841721584	686	1005	1.035130906624303	1.75 1.35 1.15 1.05
1dcd5a8b	ok	63341.8	63341.8	63342.0	-0.0003157462662958063	7.431	1.0761766835626358	0.0003157462662958063	0.0003157462662958063	0.0	0	<ORIGINAL_WORKSPACE>/OpenROAD-flow-scripts/flow/reports/asap7/ibex/place_batch_20260421_220319/dpl_evolve_baseline/openroad_dpl_hpwl_only_9case_bo_place_batch_20260421_220319_ibex_asap7_trial_1dcd5a8b_51bccc7cd0f5/metrics.json	91	32	0	0.47878323817373414	0.6817604532045904	1.9568783776486185	59.751710115429276	428	476	1.449971980952834	1.04
1e18b467	ok	63309.4	63309.4	63342.0	-0.05146664140696307	7.613	1.102534395365677	0.04816200301361229	0.05146664140696307	0.00330463839335078	0	<ORIGINAL_WORKSPACE>/OpenROAD-flow-scripts/flow/reports/asap7/ibex/place_batch_20260421_220319/dpl_evolve_baseline/openroad_dpl_hpwl_only_9case_bo_place_batch_20260421_220319_ibex_asap7_trial_1e18b467_e2f5bad4ec07/metrics.json	68	64 8	0	0.7188625634915331	0.2102497456540392	1.5599890902987186	98.82377278481839	686	1172	1.4812627879549154	1.50 1.25 1.10 1.04
1ec46088	ok	63330.8	63330.8	63342.0	-0.017681790912817862	7.667	1.1103548153511946	0.0042038543038961235	0.017681790912817862	0.013477936608921739	0	<ORIGINAL_WORKSPACE>/OpenROAD-flow-scripts/flow/reports/asap7/ibex/place_batch_20260421_220319/dpl_evolve_baseline/openroad_dpl_hpwl_only_9case_bo_place_batch_20260421_220319_ibex_asap7_trial_1ec46088_42f0393429ea/metrics.json	10	128 16	1	0.5574555169950739	0.1437254828511711	0.2773331384367241	132.6718264445627	166	470	1.1786548905262328	2.00 1.50 1.20 1.05
1f26b422	ok	63337.4	63337.4	63342.0	-0.007262164124906926	8.109	1.1743664011585806	-0.08817454795537982	0.007262164124906926	0.09543671208028674	0	<ORIGINAL_WORKSPACE>/OpenROAD-flow-scripts/flow/reports/asap7/ibex/place_batch_20260421_220319/dpl_evolve_baseline/openroad_dpl_hpwl_only_9case_bo_place_batch_20260421_220319_ibex_asap7_trial_1f26b422_c2866481cd3c/metrics.json	56	1024 128	0	0.3152777227889103	1.140904650202175	1.6676966409955942	36.80292192201138	313	1030	1.0428611815823892	2.00 1.50 1.20 1.05
1fbb63bf	ok	63310.9	63310.9	63342.0	-0.04909854440971006	7.492	1.0850108616944243	0.04909854440971006	0.04909854440971006	0.0	0	<ORIGINAL_WORKSPACE>/OpenROAD-flow-scripts/flow/reports/asap7/ibex/place_batch_20260421_220319/dpl_evolve_baseline/openroad_dpl_hpwl_only_9case_bo_place_batch_20260421_220319_ibex_asap7_trial_1fbb63bf_6a824a9fb5db/metrics.json	49	64 8	0	0.13886954784705902	0.7586735142489025	1.912879801346454	4.836795470977353	545	877	1.0506132157963106	1.10 1.04
2010bd53	ok	63343.3	63343.3	63342.0	0.002052350730957201	7.531	1.090658942795076	-0.002052350730957201	-0.002052350730957201	0.0	0	<ORIGINAL_WORKSPACE>/OpenROAD-flow-scripts/flow/reports/asap7/ibex/place_batch_20260421_220319/dpl_evolve_baseline/openroad_dpl_hpwl_only_9case_bo_place_batch_20260421_220319_ibex_asap7_trial_2010bd53_0ebdba80cc4e/metrics.json	38	512 64	1	0.17209241098616357	0.7703432830539305	1.0059822405120256	131.61490485326019	239	197	1.608632927448165	1.25 1.10 1.04
20d54f95	ok	63320.8	63320.8	63342.0	-0.033469104227837915	7.561	1.0950036205648082	0.03346910422783791	0.03346910422783791	0.0	0	<ORIGINAL_WORKSPACE>/OpenROAD-flow-scripts/flow/reports/asap7/ibex/place_batch_20260421_220319/dpl_evolve_baseline/openroad_dpl_hpwl_only_9case_bo_place_batch_20260421_220319_ibex_asap7_trial_20d54f95_c9676d854958/metrics.json	64	64 8	0	0.6179976092928363	0.8350200846264801	1.2668155366459026	61.9381538422613	486	2185	1.0751342281078358	1.25 1.10 1.04
2179bd00	ok	63318.4	63318.4	63342.0	-0.03725805942344502	7.343	1.0634322954380884	0.03725805942344502	0.03725805942344502	0.0	0	<ORIGINAL_WORKSPACE>/OpenROAD-flow-scripts/flow/reports/asap7/ibex/place_batch_20260421_220319/dpl_evolve_baseline/openroad_dpl_hpwl_only_9case_bo_place_batch_20260421_220319_ibex_asap7_trial_2179bd00_3c5a73ffa8a5/metrics.json	110	64 8	1	0.8629953326577043	0.5800323241772799	1.9798944283089321	102.04004670440085	677	1593	1.9853511020629442	1.04
21b26305	ok	63326.7	63326.7	63342.0	-0.02415458937198527	7.651	1.1080376538740042	0.01368721787148191	0.02415458937198527	0.010467371500503359	0	<ORIGINAL_WORKSPACE>/OpenROAD-flow-scripts/flow/reports/asap7/ibex/place_batch_20260421_220319/dpl_evolve_baseline/openroad_dpl_hpwl_only_9case_bo_place_batch_20260421_220319_ibex_asap7_trial_21b26305_81f0a0a3f3be/metrics.json	74	32	1	0.4728514680022784	0.004824139180694298	0.9537254450945334	58.9471081099773	115	774	1.3424805386122276	omit
22d625bb	ok	63322.2	63322.2	63342.0	-0.031258880363744294	7.81	1.1310644460535844	-0.008987695523519378	0.031258880363744294	0.04024657588726367	0	<ORIGINAL_WORKSPACE>/OpenROAD-flow-scripts/flow/reports/asap7/ibex/place_batch_20260421_220319/dpl_evolve_baseline/openroad_dpl_hpwl_only_9case_bo_place_batch_20260421_220319_ibex_asap7_trial_22d625bb_b467a4d16e0e/metrics.json	55	512	0	0.8855014949286057	1.0859104652647185	1.6407440231647592	61.568919063449435	513	1509	1.1089145949849732	1.75 1.35 1.15 1.05
23a67cb3	ok	63329.2	63329.2	63342.0	-0.020207761043230257	7.542	1.0922519913106443	0.020207761043230257	0.020207761043230257	0.0	0	<ORIGINAL_WORKSPACE>/OpenROAD-flow-scripts/flow/reports/asap7/ibex/place_batch_20260421_220319/dpl_evolve_baseline/openroad_dpl_hpwl_only_9case_bo_place_batch_20260421_220319_ibex_asap7_trial_23a67cb3_b88191b15fc8/metrics.json	5	32	0	0.4887881937807794	0.01916970062492196	1.310404484395987	140.68098430392473	483	365	1.465440166922886	1.10 1.04
24c309b3	ok	63339.8	63339.8	63342.0	-0.0034732089292998166	7.68	1.1122375090514118	-0.012448499538402373	0.003473208929299816	0.01592170846770219	0	<ORIGINAL_WORKSPACE>/OpenROAD-flow-scripts/flow/reports/asap7/ibex/place_batch_20260421_220319/dpl_evolve_baseline/openroad_dpl_hpwl_only_9case_bo_place_batch_20260421_220319_ibex_asap7_trial_24c309b3_01015f09b10d/metrics.json	3	512 64	1	0.23297427384102043	1.6142103912375583	0.8063282559251349	129.5312781839143	909	2269	1.136455225660685	1.25 1.10 1.04
26d2da76	ok	63340.3	63340.3	63342.0	-0.002683843263548814	7.869	1.139608979000724	-0.04853566278253376	0.002683843263548814	0.05121950604608257	0	<ORIGINAL_WORKSPACE>/OpenROAD-flow-scripts/flow/reports/asap7/ibex/place_batch_20260421_220319/dpl_evolve_baseline/openroad_dpl_hpwl_only_9case_bo_place_batch_20260421_220319_ibex_asap7_trial_26d2da76_dc10c417c0f3/metrics.json	83	omit	1	0.30121533079577745	0.5154002531941532	1.1887977827845224	61.77216254443245	98	348	1.475371935248886	1.50 1.25 1.10 1.04
279ebbbe	ok	63340.2	63340.2	63342.0	-0.002841716396708204	7.876	1.140622737146995	-0.0496769289859277	0.002841716396708204	0.052518645382635905	0	<ORIGINAL_WORKSPACE>/OpenROAD-flow-scripts/flow/reports/asap7/ibex/place_batch_20260421_220319/dpl_evolve_baseline/openroad_dpl_hpwl_only_9case_bo_place_batch_20260421_220319_ibex_asap7_trial_279ebbbe_cf753d88fadb/metrics.json	72	64 8	0	0.573435899653338	0.9680831128769121	1.178528429229277	89.85637050783777	84	158	1.2930501624562598	1.04
27b3ce35	ok	63335.5	63335.5	63342.0	-0.010261753654763032	7.845	1.1361332367849384	-0.0364991678222054	0.010261753654763032	0.046760921476968434	0	<ORIGINAL_WORKSPACE>/OpenROAD-flow-scripts/flow/reports/asap7/ibex/place_batch_20260421_220319/dpl_evolve_baseline/openroad_dpl_hpwl_only_9case_bo_place_batch_20260421_220319_ibex_asap7_trial_27b3ce35_660937e6df86/metrics.json	9	256	0	0.3521423286291908	0.04214074579219457	1.6267900792401986	124.47458838187048	595	440	1.3632887035267405	1.04
2b3d7226	ok	63316.1	63316.1	63342.0	-0.04088914148590423	7.57	1.0963070238957278	0.040889141485904223	0.040889141485904223	0.0	0	<ORIGINAL_WORKSPACE>/OpenROAD-flow-scripts/flow/reports/asap7/ibex/place_batch_20260421_220319/dpl_evolve_baseline/openroad_dpl_hpwl_only_9case_bo_place_batch_20260421_220319_ibex_asap7_trial_2b3d7226_b7ceff5a2c3e/metrics.json	47	64 8	0	0.0052537000521481695	1.3409130345949873	1.054377518615221	23.591736122689305	933	1014	1.070548673867678	omit
2c1a7b55	ok	63336.2	63336.2	63342.0	-0.009156641722716224	7.663	1.1097755249818972	-0.00356894833881387	0.009156641722716224	0.012725590061530094	0	<ORIGINAL_WORKSPACE>/OpenROAD-flow-scripts/flow/reports/asap7/ibex/place_batch_20260421_220319/dpl_evolve_baseline/openroad_dpl_hpwl_only_9case_bo_place_batch_20260421_220319_ibex_asap7_trial_2c1a7b55_1631b0469490/metrics.json	44	64	0	0.6383385682119134	0.7699073018665159	1.819936144330337	142.81506273111586	90	887	1.1133186650378504	1.10 1.04
2c96e9e5	ok	63322.3	63322.3	63342.0	-0.031101007230584905	7.596	1.1000724112961622	0.03100653619195298	0.031101007230584905	9.447103863192548e-05	0	<ORIGINAL_WORKSPACE>/OpenROAD-flow-scripts/flow/reports/asap7/ibex/place_batch_20260421_220319/dpl_evolve_baseline/openroad_dpl_hpwl_only_9case_bo_place_batch_20260421_220319_ibex_asap7_trial_2c96e9e5_29373d956bb1/metrics.json	61	64 8	0	0.5027203364654269	0.9826913732720228	1.0849914608700453	134.33660616220223	531	670	1.3157149078495176	1.25 1.10 1.04
2dffd71d	ok	63308.3	63308.3	63342.0	-0.05320324587161297	7.33	1.0615496017378712	0.05320324587161297	0.05320324587161297	0.0	0	<ORIGINAL_WORKSPACE>/OpenROAD-flow-scripts/flow/reports/asap7/ibex/place_batch_20260421_220319/dpl_evolve_baseline/openroad_dpl_hpwl_only_9case_bo_place_batch_20260421_220319_ibex_asap7_trial_2dffd71d_31ca384a34e9/metrics.json	127	64 8	1	0.45728268630783186	0.6782672882281706	1.2534046714688745	52.27086568170513	466	637	1.5255831320538105	2.50 1.75 1.25 1.08
2f7fe625	ok	63344.8	63344.8	63342.0	0.004420447728210208	7.551	1.0935553946415641	-0.004420447728210208	-0.004420447728210208	0.0	0	<ORIGINAL_WORKSPACE>/OpenROAD-flow-scripts/flow/reports/asap7/ibex/place_batch_20260421_220319/dpl_evolve_baseline/openroad_dpl_hpwl_only_9case_bo_place_batch_20260421_220319_ibex_asap7_trial_2f7fe625_b5d0facb578b/metrics.json	109	32	1	0.5384522629161337	0.3188221461733415	1.7972069112957898	132.72788649024542	1186	2192	1.7749256067384769	1.75 1.35 1.15 1.05
2f8dbbae	ok	63352.0	63352.0	63342.0	0.01578731331502005	7.589	1.0990586531498914	-0.01578731331502005	-0.01578731331502005	0.0	0	<ORIGINAL_WORKSPACE>/OpenROAD-flow-scripts/flow/reports/asap7/ibex/place_batch_20260421_220319/dpl_evolve_baseline/openroad_dpl_hpwl_only_9case_bo_place_batch_20260421_220319_ibex_asap7_trial_2f8dbbae_8828e0e098d9/metrics.json	32	1024	1	0.7325964298612783	0.9656349694955394	1.677768122035991	43.77307104428257	428	740	1.0243758527873663	1.25 1.10 1.04
2fb2144c	ok	63342.5	63342.5	63342.0	0.0007893656657510025	7.581	1.0979000724112962	-0.0007893656657510025	-0.0007893656657510025	0.0	0	<ORIGINAL_WORKSPACE>/OpenROAD-flow-scripts/flow/reports/asap7/ibex/place_batch_20260421_220319/dpl_evolve_baseline/openroad_dpl_hpwl_only_9case_bo_place_batch_20260421_220319_ibex_asap7_trial_2fb2144c_83a1cdb2798d/metrics.json	84	128 16	1	0.7322703430150691	0.7499093005143341	1.2621489924288933	27.884493678530838	343	185	1.3892052998750637	1.50 1.25 1.10 1.04
308ab210	ok	63328.1	63328.1	63342.0	-0.021944365507880165	7.536	1.091383055756698	0.021944365507880165	0.021944365507880165	0.0	0	<ORIGINAL_WORKSPACE>/OpenROAD-flow-scripts/flow/reports/asap7/ibex/place_batch_20260421_220319/dpl_evolve_baseline/openroad_dpl_hpwl_only_9case_bo_place_batch_20260421_220319_ibex_asap7_trial_308ab210_e60022935899/metrics.json	43	64 8	0	0.8639658973685602	0.08892759250718868	0.570546933532518	130.1546097242348	755	1176	1.4738423640820841	2.50 1.75 1.25 1.08
30ee4ac6	ok	63348.6	63348.6	63342.0	0.010419626787910936	7.997	1.1581462708182475	-0.08530425728731171	-0.010419626787910936	0.07488463049940078	0	<ORIGINAL_WORKSPACE>/OpenROAD-flow-scripts/flow/reports/asap7/ibex/place_batch_20260421_220319/dpl_evolve_baseline/openroad_dpl_hpwl_only_9case_bo_place_batch_20260421_220319_ibex_asap7_trial_30ee4ac6_916466919915/metrics.json	115	64	1	0.8832055106327308	1.1736967879008504	0.7316529821150533	77.33725451371696	287	1143	1.6443668187103053	1.04
33061da6	ok	63362.7	63362.7	63342.0	0.03267973856208691	7.853	1.1372918175235336	-0.08092761171046478	-0.03267973856208691	0.048247873148377876	0	<ORIGINAL_WORKSPACE>/OpenROAD-flow-scripts/flow/reports/asap7/ibex/place_batch_20260421_220319/dpl_evolve_baseline/openroad_dpl_hpwl_only_9case_bo_place_batch_20260421_220319_ibex_asap7_trial_33061da6_9f730b13e687/metrics.json	44	128	1	0.4692127785380127	0.08156323618355375	0.625878350353962	149.42575245078106	279	1165	1.4587246020586488	1.10 1.04
339bec50	ok	63305.9	63305.9	63342.0	-0.05699220106722008	7.258	1.051122375090514	0.05699220106722008	0.05699220106722008	0.0	0	<ORIGINAL_WORKSPACE>/OpenROAD-flow-scripts/flow/reports/asap7/ibex/place_batch_20260421_220319/dpl_evolve_baseline/openroad_dpl_hpwl_only_9case_bo_place_batch_20260421_220319_ibex_asap7_trial_339bec50_d1148da76888/metrics.json	105	64 8	1	0.8289888344258767	0.7556059830408117	1.48698888833523	41.51073844059115	275	219	1.213590139263358	1.10 1.04
3401632a	ok	63320.1	63320.1	63342.0	-0.03457421615989621	7.65	1.10789283128168	0.02429510945075517	0.034574216159896205	0.010279106709141032	0	<ORIGINAL_WORKSPACE>/OpenROAD-flow-scripts/flow/reports/asap7/ibex/place_batch_20260421_220319/dpl_evolve_baseline/openroad_dpl_hpwl_only_9case_bo_place_batch_20260421_220319_ibex_asap7_trial_3401632a_a294bd811ccc/metrics.json	79	64 8	1	0.3094509450233977	0.07511047016048465	0.4424820511992377	132.98770338266152	600	664	1.2993355512725573	1.04
3447921a	ok	63297.8	63297.8	63342.0	-0.06977992485238402	8.385	1.2143374366401158	-0.075705199417241	0.06977992485238403	0.14548512426962504	0	<ORIGINAL_WORKSPACE>/OpenROAD-flow-scripts/flow/reports/asap7/ibex/place_batch_20260421_220319/dpl_evolve_baseline/openroad_dpl_hpwl_only_9case_bo_place_batch_20260421_220319_ibex_asap7_trial_3447921a_7b71c1114f35/metrics.json	63	64 8	0	0.006051212002066819	1.037070814455655	1.3691025340025904	7.863908738640957	663	1432	1.0562756171955847	1.10 1.04
34762a91	ok	63299.9	63299.9	63342.0	-0.0664645890562321	7.062	1.0227371469949311	0.0664645890562321	0.0664645890562321	0.0	0	<ORIGINAL_WORKSPACE>/OpenROAD-flow-scripts/flow/reports/asap7/ibex/place_batch_20260421_220319/dpl_evolve_baseline/openroad_dpl_hpwl_only_9case_bo_place_batch_20260421_220319_ibex_asap7_trial_34762a91_b3f2702333b3/metrics.json	108	64 8	1	0.3896991377530097	0.4696791196296779	1.7824579525527904	113.84159191752565	1003	2082	1.858677302738349	2.00 1.50 1.20 1.05
354b098f	ok	63334.4	63334.4	63342.0	-0.01199835811941294	8.196	1.1869659666908037	-0.09930515629216528	0.01199835811941294	0.11130351441157822	0	<ORIGINAL_WORKSPACE>/OpenROAD-flow-scripts/flow/reports/asap7/ibex/place_batch_20260421_220319/dpl_evolve_baseline/openroad_dpl_hpwl_only_9case_bo_place_batch_20260421_220319_ibex_asap7_trial_354b098f_de9800dca631/metrics.json	26	1024	1	0.37030346536883757	0.5386953620860883	1.5145463704076791	140.43178372084137	584	108	1.1398594302215697	1.25 1.10 1.04
35dca3ee	ok	63331.0	63331.0	63342.0	-0.017366044646522055	7.612	1.1023895727733526	0.014250140348732133	0.017366044646522055	0.003115904297789922	0	<ORIGINAL_WORKSPACE>/OpenROAD-flow-scripts/flow/reports/asap7/ibex/place_batch_20260421_220319/dpl_evolve_baseline/openroad_dpl_hpwl_only_9case_bo_place_batch_20260421_220319_ibex_asap7_trial_35dca3ee_7b257109a15a/metrics.json	120	64 8	0	0.5984569820924689	1.170365139887156	0.08374799902792263	57.343067004494905	189	709	1.738473020263432	1.04
3624641e	ok	63325.3	63325.3	63342.0	-0.02636481323607889	7.552	1.0937002172338883	0.02636481323607889	0.02636481323607889	0.0	0	<ORIGINAL_WORKSPACE>/OpenROAD-flow-scripts/flow/reports/asap7/ibex/place_batch_20260421_220319/dpl_evolve_baseline/openroad_dpl_hpwl_only_9case_bo_place_batch_20260421_220319_ibex_asap7_trial_3624641e_d52ac109c83d/metrics.json	66	64 8	1	0.3484821711729632	0.44647194294689974	1.1663431590358615	30.913826871632857	73	714	1.3485467030137244	1.10 1.04
36836111	ok	63313.5	63313.5	63342.0	-0.044993842947807144	7.727	1.1190441708906589	0.020254170174025345	0.044993842947807144	0.0247396727737818	0	<ORIGINAL_WORKSPACE>/OpenROAD-flow-scripts/flow/reports/asap7/ibex/place_batch_20260421_220319/dpl_evolve_baseline/openroad_dpl_hpwl_only_9case_bo_place_batch_20260421_220319_ibex_asap7_trial_36836111_b8802b1bc697/metrics.json	92	64 8	0	0.5374570150418508	0.04629776697025004	1.9461921664145918	117.3475337458474	1149	1269	1.2673925645684843	1.75 1.35 1.15 1.05
36f4690a	ok	63305.9	63305.9	63342.0	-0.05699220106722008	7.206	1.0435916002896453	0.05699220106722008	0.05699220106722008	0.0	0	<ORIGINAL_WORKSPACE>/OpenROAD-flow-scripts/flow/reports/asap7/ibex/place_batch_20260421_220319/dpl_evolve_baseline/openroad_dpl_hpwl_only_9case_bo_place_batch_20260421_220319_ibex_asap7_trial_36f4690a_a2fe4629f55c/metrics.json	86	64 8	1	0.4567250214279153	0.4643987376995683	1.1077724499819577	26.53270437758345	153	288	1.1986908381363306	2.00 1.50 1.20 1.05
37644e64	ok	63351.1	63351.1	63342.0	0.014366455116665948	7.641	1.1065894279507602	-0.02295062467571682	-0.014366455116665948	0.008584169559050872	0	<ORIGINAL_WORKSPACE>/OpenROAD-flow-scripts/flow/reports/asap7/ibex/place_batch_20260421_220319/dpl_evolve_baseline/openroad_dpl_hpwl_only_9case_bo_place_batch_20260421_220319_ibex_asap7_trial_37644e64_340c3bf027f5/metrics.json	52	128	0	0.8548979426974024	1.0554292926174933	1.6142141138089663	85.87327757874095	893	2124	1.770883910501888	1.10 1.04
3775c56d	ok	63348.1	63348.1	63342.0	0.009630261122159934	7.691	1.1138305575669805	-0.027618161545510875	-0.009630261122159933	0.017987900423350942	0	<ORIGINAL_WORKSPACE>/OpenROAD-flow-scripts/flow/reports/asap7/ibex/place_batch_20260421_220319/dpl_evolve_baseline/openroad_dpl_hpwl_only_9case_bo_place_batch_20260421_220319_ibex_asap7_trial_3775c56d_9773c0161465/metrics.json	42	512 64	0	0.5574936572434869	0.15830958714627053	0.8295035014599854	149.1179348891026	305	877	1.4922664957202258	1.04
3797781c	ok	63334.1	63334.1	63342.0	-0.012471977518868136	7.646	1.1073135409123822	0.002946053052220907	0.012471977518868136	0.00952592446664723	0	<ORIGINAL_WORKSPACE>/OpenROAD-flow-scripts/flow/reports/asap7/ibex/place_batch_20260421_220319/dpl_evolve_baseline/openroad_dpl_hpwl_only_9case_bo_place_batch_20260421_220319_ibex_asap7_trial_3797781c_0b403d4bc1e2/metrics.json	1	64 8	1	0.6320060623716561	0.5159345757340121	0.18680588256150016	122.16409653266271	653	529	1.0872924020232697	1.10 1.04
3824f35f	ok	63344.9	63344.9	63342.0	0.004578320861358112	7.595	1.0999275887038378	-0.004578320861358112	-0.004578320861358112	0.0	0	<ORIGINAL_WORKSPACE>/OpenROAD-flow-scripts/flow/reports/asap7/ibex/place_batch_20260421_220319/dpl_evolve_baseline/openroad_dpl_hpwl_only_9case_bo_place_batch_20260421_220319_ibex_asap7_trial_3824f35f_00bd691eab64/metrics.json	47	512 64	0	0.34805978588975656	0.238146491354379	0.09378698230089322	88.32955590448597	288	144	1.2532933849859385	2.00 1.50 1.20 1.05
38c17206	ok	63337.7	63337.7	63342.0	-0.006788544725463217	7.89	1.1426502534395364	-0.04832664851755862	0.006788544725463216	0.05511519324302184	0	<ORIGINAL_WORKSPACE>/OpenROAD-flow-scripts/flow/reports/asap7/ibex/place_batch_20260421_220319/dpl_evolve_baseline/openroad_dpl_hpwl_only_9case_bo_place_batch_20260421_220319_ibex_asap7_trial_38c17206_322b8c419331/metrics.json	39	512	0	0.36654309724374434	1.7246925056760882	1.400721549139341	103.64132130992529	267	1823	1.5815774073442912	omit
38cd2d9f	ok	63343.7	63343.7	63342.0	0.002683843263548814	7.482	1.0835626357711803	-0.002683843263548814	-0.002683843263548814	0.0	0	<ORIGINAL_WORKSPACE>/OpenROAD-flow-scripts/flow/reports/asap7/ibex/place_batch_20260421_220319/dpl_evolve_baseline/openroad_dpl_hpwl_only_9case_bo_place_batch_20260421_220319_ibex_asap7_trial_38cd2d9f_0477f1be8bd8/metrics.json	104	256 32	1	0.49958417067888605	1.4571713359491925	0.45597915489714336	37.20503375658461	1030	1722	1.6166850671552362	1.04
3961d975	ok	63319.0	63319.0	63342.0	-0.03631082062454612	7.273	1.05329471397538	0.03631082062454612	0.03631082062454612	0.0	0	<ORIGINAL_WORKSPACE>/OpenROAD-flow-scripts/flow/reports/asap7/ibex/place_batch_20260421_220319/dpl_evolve_baseline/openroad_dpl_hpwl_only_9case_bo_place_batch_20260421_220319_ibex_asap7_trial_3961d975_17b33a9eae1e/metrics.json	93	64 8	0	0.8286006859482948	0.7316126763241177	1.6065658839066834	2.4646293859082036	394	289	1.3927447917561866	1.10 1.04
39e4abc6	ok	63348.5	63348.5	63342.0	0.010261753654763032	8.001	1.158725561187545	-0.08588285602388103	-0.010261753654763032	0.075621102369118	0	<ORIGINAL_WORKSPACE>/OpenROAD-flow-scripts/flow/reports/asap7/ibex/place_batch_20260421_220319/dpl_evolve_baseline/openroad_dpl_hpwl_only_9case_bo_place_batch_20260421_220319_ibex_asap7_trial_39e4abc6_52807067296b/metrics.json	44	256	1	0.5816511883922482	0.06339032885406935	0.09327936656050798	112.23287613899569	115	480	1.3811733940701696	2.00 1.50 1.20 1.05
3a68dec3	ok	63345.4	63345.4	63342.0	0.005367686527109114	8.093	1.1720492396813902	-0.09787711543380642	-0.005367686527109114	0.0925094289066973	0	<ORIGINAL_WORKSPACE>/OpenROAD-flow-scripts/flow/reports/asap7/ibex/place_batch_20260421_220319/dpl_evolve_baseline/openroad_dpl_hpwl_only_9case_bo_place_batch_20260421_220319_ibex_asap7_trial_3a68dec3_e14857c1d7b4/metrics.json	53	128	0	0.5060041543311565	0.2931327204705051	1.625231410229983	138.3141737999882	842	137	1.0756312459208879	1.10 1.04
3a8ffbb7	ok	63323.9	63323.9	63342.0	-0.02857503710018399	7.392	1.070528602461984	0.028575037100183994	0.028575037100183994	0.0	0	<ORIGINAL_WORKSPACE>/OpenROAD-flow-scripts/flow/reports/asap7/ibex/place_batch_20260421_220319/dpl_evolve_baseline/openroad_dpl_hpwl_only_9case_bo_place_batch_20260421_220319_ibex_asap7_trial_3a8ffbb7_e204a11e686e/metrics.json	45	64 8	0	0.40534669201155427	1.0407877302562363	1.014940581592223	18.469475198195383	773	2207	1.409410511154902	1.75 1.35 1.15 1.05
3f16c662	ok	63313.1	63313.1	63342.0	-0.04562533548041024	7.708	1.1162925416364953	0.024447133449341796	0.04562533548041024	0.021178202031068447	0	<ORIGINAL_WORKSPACE>/OpenROAD-flow-scripts/flow/reports/asap7/ibex/place_batch_20260421_220319/dpl_evolve_baseline/openroad_dpl_hpwl_only_9case_bo_place_batch_20260421_220319_ibex_asap7_trial_3f16c662_fed12e811a03/metrics.json	54	64 8	1	0.12950760174608122	1.7899925784429682	0.9730612438200126	74.78039642389261	1065	3461	1.6899659458813732	1.25 1.10 1.04
3f38c269	ok	63336.5	63336.5	63342.0	-0.008683022323261028	7.73	1.119478638667632	-0.01661858750150707	0.008683022323261028	0.025301609824768097	0	<ORIGINAL_WORKSPACE>/OpenROAD-flow-scripts/flow/reports/asap7/ibex/place_batch_20260421_220319/dpl_evolve_baseline/openroad_dpl_hpwl_only_9case_bo_place_batch_20260421_220319_ibex_asap7_trial_3f38c269_6727c2dcdc6f/metrics.json	16	256	0	0.61140789409163	0.7438969645099736	1.6706869436119576	35.6358386032801	810	500	1.209381144023261	1.04
407c7aa4	ok	63325.3	63325.3	63342.0	-0.02636481323607889	7.188	1.0409847936278058	0.02636481323607889	0.02636481323607889	0.0	0	<ORIGINAL_WORKSPACE>/OpenROAD-flow-scripts/flow/reports/asap7/ibex/place_batch_20260421_220319/dpl_evolve_baseline/openroad_dpl_hpwl_only_9case_bo_place_batch_20260421_220319_ibex_asap7_trial_407c7aa4_227970ceace3/metrics.json	66	64 8	0	0.6877864349498503	0.21707226714240757	1.7155193311101091	27.411402549507386	828	1027	1.100636860303761	1.75 1.35 1.15 1.05
41874b24	ok	63352.2	63352.2	63342.0	0.016103059581315856	8.077	1.1697320782041998	-0.10568231023684162	-0.016103059581315856	0.08957925065552576	0	<ORIGINAL_WORKSPACE>/OpenROAD-flow-scripts/flow/reports/asap7/ibex/place_batch_20260421_220319/dpl_evolve_baseline/openroad_dpl_hpwl_only_9case_bo_place_batch_20260421_220319_ibex_asap7_trial_41874b24_63c5e6bdf3a4/metrics.json	60	512	0	0.6222494487289828	0.043934582517538484	1.10100620776235	120.94448589129748	763	1112	1.2233087846875657	1.04
4239380b	ok	63308.2	63308.2	63342.0	-0.05336111900477237	7.553	1.093845039826213	0.05336111900477236	0.05336111900477236	0.0	0	<ORIGINAL_WORKSPACE>/OpenROAD-flow-scripts/flow/reports/asap7/ibex/place_batch_20260421_220319/dpl_evolve_baseline/openroad_dpl_hpwl_only_9case_bo_place_batch_20260421_220319_ibex_asap7_trial_4239380b_21781d9cebf3/metrics.json	78	64 8	1	0.5159096961777361	0.48118269159751426	1.8168553342955778	121.2159315194289	726	749	1.035497457702605	omit
4371a48d	ok	63312.8	63312.8	63342.0	-0.04609895487985395	7.503	1.0866039102099927	0.04609895487985395	0.04609895487985395	0.0	0	<ORIGINAL_WORKSPACE>/OpenROAD-flow-scripts/flow/reports/asap7/ibex/place_batch_20260421_220319/dpl_evolve_baseline/openroad_dpl_hpwl_only_9case_bo_place_batch_20260421_220319_ibex_asap7_trial_4371a48d_9d1e5af9653f/metrics.json	123	64 8	1	0.6098604183715589	0.3015190749459675	0.31030628334337323	61.60886251744173	257	1396	1.9203878152948386	1.50 1.25 1.10 1.04
45e61d05	ok	63309.3	63309.3	63342.0	-0.051624514540110966	7.744	1.1215061549601737	0.023701972442535187	0.051624514540110966	0.02792254209757578	0	<ORIGINAL_WORKSPACE>/OpenROAD-flow-scripts/flow/reports/asap7/ibex/place_batch_20260421_220319/dpl_evolve_baseline/openroad_dpl_hpwl_only_9case_bo_place_batch_20260421_220319_ibex_asap7_trial_45e61d05_11c728b311cb/metrics.json	82	64 8	0	0.06018535243394718	0.6202184700899871	1.1140302111817966	140.16034258401277	489	477	1.7303170146718074	1.25 1.10 1.04
45fb392c	ok	63345.5	63345.5	63342.0	0.005525559660257018	7.848	1.1365677045619116	-0.05284417682188162	-0.005525559660257018	0.0473186171616246	0	<ORIGINAL_WORKSPACE>/OpenROAD-flow-scripts/flow/reports/asap7/ibex/place_batch_20260421_220319/dpl_evolve_baseline/openroad_dpl_hpwl_only_9case_bo_place_batch_20260421_220319_ibex_asap7_trial_45fb392c_8901526fd6cd/metrics.json	51	1024 128	0	0.542728055462645	0.6010786866523684	1.029967953960123	111.20934253082044	204	670	1.1321559626812951	1.25 1.10 1.04
45fbc9a3	ok	63327.4	63327.4	63342.0	-0.023049477439926976	7.541	1.0921071687183201	0.023049477439926976	0.023049477439926976	0.0	0	<ORIGINAL_WORKSPACE>/OpenROAD-flow-scripts/flow/reports/asap7/ibex/place_batch_20260421_220319/dpl_evolve_baseline/openroad_dpl_hpwl_only_9case_bo_place_batch_20260421_220319_ibex_asap7_trial_45fbc9a3_904afbbef7ce/metrics.json	28	64 8	1	0.28234402645910933	0.06658509124979518	0.39790311573219345	140.8510051110696	468	1344	1.3147227996377777	1.50 1.25 1.10 1.04
47ac9829	ok	63334.1	63334.1	63342.0	-0.012471977518868136	7.389	1.0700941346850108	0.012471977518868136	0.012471977518868136	0.0	0	<ORIGINAL_WORKSPACE>/OpenROAD-flow-scripts/flow/reports/asap7/ibex/place_batch_20260421_220319/dpl_evolve_baseline/openroad_dpl_hpwl_only_9case_bo_place_batch_20260421_220319_ibex_asap7_trial_47ac9829_2360dd927986/metrics.json	98	128 16	1	0.6199199423283361	0.527630057687589	1.30695331156682	120.1837637466866	872	1526	1.7022150878168312	2.50 1.75 1.25 1.08
47c4dfd5	ok	63341.5	63341.5	63342.0	-0.0007893656657510025	7.61	1.1020999275887038	-0.0019490332458259993	0.0007893656657510025	0.0027383989115770018	0	<ORIGINAL_WORKSPACE>/OpenROAD-flow-scripts/flow/reports/asap7/ibex/place_batch_20260421_220319/dpl_evolve_baseline/openroad_dpl_hpwl_only_9case_bo_place_batch_20260421_220319_ibex_asap7_trial_47c4dfd5_18222ee1afae/metrics.json	68	512 64	0	0.10747573944276755	0.812850823658773	1.205575856292367	141.853396035769	74	381	1.3815880896271797	1.25 1.10 1.04
47f87a56	ok	63331.0	63331.0	63342.0	-0.017366044646522055	7.901	1.1442433019551048	-0.03978767766849018	0.017366044646522055	0.057153722315012236	0	<ORIGINAL_WORKSPACE>/OpenROAD-flow-scripts/flow/reports/asap7/ibex/place_batch_20260421_220319/dpl_evolve_baseline/openroad_dpl_hpwl_only_9case_bo_place_batch_20260421_220319_ibex_asap7_trial_47f87a56_d590d546e6df/metrics.json	74	omit	1	0.6573365277550783	0.15791532359375696	0.2780697034224533	119.01504090668145	509	286	1.1173785129223046	omit
480df1ce	ok	63336.5	63336.5	63342.0	-0.008683022323261028	7.939	1.1497465604634323	-0.05550199524817978	0.008683022323261028	0.06418501757144081	0	<ORIGINAL_WORKSPACE>/OpenROAD-flow-scripts/flow/reports/asap7/ibex/place_batch_20260421_220319/dpl_evolve_baseline/openroad_dpl_hpwl_only_9case_bo_place_batch_20260421_220319_ibex_asap7_trial_480df1ce_7884424e61cf/metrics.json	34	1024	1	0.17960740616576193	0.17899396184113425	0.6718551937488302	141.4615476116045	556	324	1.4611395107972542	omit
49bf0654	ok	63310.7	63310.7	63342.0	-0.04941429067601735	7.675	1.11151339608979	0.03443224950944708	0.04941429067601735	0.01498204116657027	0	<ORIGINAL_WORKSPACE>/OpenROAD-flow-scripts/flow/reports/asap7/ibex/place_batch_20260421_220319/dpl_evolve_baseline/openroad_dpl_hpwl_only_9case_bo_place_batch_20260421_220319_ibex_asap7_trial_49bf0654_b4383879ec92/metrics.json	117	64 8	1	0.7501269576556269	0.855964044990619	0.5763080389591037	3.841745674075	375	845	1.4781215710331415	2.00 1.50 1.20 1.05
4af5926d	ok	63352.2	63352.2	63342.0	0.016103059581315856	7.819	1.132367849384504	-0.0580261446899545	-0.016103059581315856	0.041923085108638646	0	<ORIGINAL_WORKSPACE>/OpenROAD-flow-scripts/flow/reports/asap7/ibex/place_batch_20260421_220319/dpl_evolve_baseline/openroad_dpl_hpwl_only_9case_bo_place_batch_20260421_220319_ibex_asap7_trial_4af5926d_b65235fd7317/metrics.json	60	omit	0	0.44127585936466673	0.6610283784670448	1.6792980175624406	27.376019561302854	705	1692	1.0217416671150747	1.25 1.10 1.04
4b70a59a	ok	63320.9	63320.9	63342.0	-0.03331123109469	7.65	1.10789283128168	0.023032124385548976	0.03331123109469001	0.010279106709141032	0	<ORIGINAL_WORKSPACE>/OpenROAD-flow-scripts/flow/reports/asap7/ibex/place_batch_20260421_220319/dpl_evolve_baseline/openroad_dpl_hpwl_only_9case_bo_place_batch_20260421_220319_ibex_asap7_trial_4b70a59a_6c71e6f869a2/metrics.json	28	256 32	0	0.9475489413950998	0.4428654686469766	0.5707904383845133	12.2210947315893	543	525	1.6337867606119179	2.50 1.75 1.25 1.08
4b9170c3	ok	63313.9	63313.9	63342.0	-0.04436235041520404	7.595	1.0999275887038378	0.04436235041520404	0.04436235041520404	0.0	0	<ORIGINAL_WORKSPACE>/OpenROAD-flow-scripts/flow/reports/asap7/ibex/place_batch_20260421_220319/dpl_evolve_baseline/openroad_dpl_hpwl_only_9case_bo_place_batch_20260421_220319_ibex_asap7_trial_4b9170c3_e52ad8015d71/metrics.json	32	64 8	0	0.031880047114299204	0.5459419165274547	1.9945165598089196	110.7059788135802	200	382	1.404685980198615	1.25 1.10 1.04
4c776a90	ok	63301.8	63301.8	63342.0	-0.063464999526376	7.077	1.0249094858797971	0.063464999526376	0.063464999526376	0.0	0	<ORIGINAL_WORKSPACE>/OpenROAD-flow-scripts/flow/reports/asap7/ibex/place_batch_20260421_220319/dpl_evolve_baseline/openroad_dpl_hpwl_only_9case_bo_place_batch_20260421_220319_ibex_asap7_trial_4c776a90_b470a55ce181/metrics.json	34	64 8	0	0.2830280528403573	0.3238202851680789	1.4195350167632865	33.13177478574415	470	2015	1.0099552022625844	1.75 1.35 1.15 1.05
514ad2a7	ok	63346.0	63346.0	63342.0	0.00631492532600802	7.634	1.1055756698044894	-0.013580120210978566	-0.00631492532600802	0.0072651948849705465	0	<ORIGINAL_WORKSPACE>/OpenROAD-flow-scripts/flow/reports/asap7/ibex/place_batch_20260421_220319/dpl_evolve_baseline/openroad_dpl_hpwl_only_9case_bo_place_batch_20260421_220319_ibex_asap7_trial_514ad2a7_a1053f86870e/metrics.json	3	256	0	0.0886962088770938	1.873665194563143	1.0176879069598646	140.59936360993498	1045	3559	1.8133506634823497	1.25 1.10 1.04
516e5d98	ok	63342.0	63342.0	63342.0	0.0	7.837	1.1349746560463432	-0.04527321144678737	0.0	0.04527321144678737	0	<ORIGINAL_WORKSPACE>/OpenROAD-flow-scripts/flow/reports/asap7/ibex/place_batch_20260421_220319/dpl_evolve_baseline/openroad_dpl_hpwl_only_9case_bo_place_batch_20260421_220319_ibex_asap7_trial_516e5d98_9939d995f2bb/metrics.json	1	1024	0	0.4	0.4	0.6	35.0	150	1000	1.1	omit
51cfa8d7	ok	63295.0	63295.0	63342.0	-0.07420037258059424	7.569	1.0961622013034034	0.07420037258059424	0.07420037258059424	0.0	0	<ORIGINAL_WORKSPACE>/OpenROAD-flow-scripts/flow/reports/asap7/ibex/place_batch_20260421_220319/dpl_evolve_baseline/openroad_dpl_hpwl_only_9case_bo_place_batch_20260421_220319_ibex_asap7_trial_51cfa8d7_ca4e389358ae/metrics.json	35	64 8	1	0.25034489703620505	0.40585801422747186	1.7416017594968047	53.27919097237861	188	1503	1.3045417262697465	2.00 1.50 1.20 1.05
52a275c5	ok	63300.0	63300.0	63342.0	-0.06630671592308421	7.634	1.1055756698044894	0.059041521038113665	0.06630671592308421	0.0072651948849705465	0	<ORIGINAL_WORKSPACE>/OpenROAD-flow-scripts/flow/reports/asap7/ibex/place_batch_20260421_220319/dpl_evolve_baseline/openroad_dpl_hpwl_only_9case_bo_place_batch_20260421_220319_ibex_asap7_trial_52a275c5_4fa8eea2b65f/metrics.json	70	64 8	1	0.26595280450530967	0.34032832192378837	0.45892615847512913	120.74817203024561	534	491	1.3639510011290201	omit
536257ec	ok	63296.0	63296.0	63342.0	-0.07262164124909223	7.247	1.0495293265749457	0.07262164124909223	0.07262164124909223	0.0	0	<ORIGINAL_WORKSPACE>/OpenROAD-flow-scripts/flow/reports/asap7/ibex/place_batch_20260421_220319/dpl_evolve_baseline/openroad_dpl_hpwl_only_9case_bo_place_batch_20260421_220319_ibex_asap7_trial_536257ec_16b98de31652/metrics.json	56	64 8	0	0.45603212266995724	0.36244839559072334	1.1374249879226899	123.84520091352037	181	104	1.3842542767802692	1.04
5381dc06	ok	63357.0	63357.0	63342.0	0.023680969972530073	8.223	1.1908761766835627	-0.13989152411344277	-0.023680969972530073	0.11621055414091269	0	<ORIGINAL_WORKSPACE>/OpenROAD-flow-scripts/flow/reports/asap7/ibex/place_batch_20260421_220319/dpl_evolve_baseline/openroad_dpl_hpwl_only_9case_bo_place_batch_20260421_220319_ibex_asap7_trial_5381dc06_62054b3cac2d/metrics.json	70	1024	0	0.3558216599285503	0.4431656178580865	1.2113698176585737	88.28489783413379	234	230	1.6506575552200917	1.25 1.10 1.04
53f85b50	ok	63296.0	63296.0	63342.0	-0.07262164124909223	7.623	1.103982621288921	0.06743034322838146	0.07262164124909223	0.005191298020710777	0	<ORIGINAL_WORKSPACE>/OpenROAD-flow-scripts/flow/reports/asap7/ibex/place_batch_20260421_220319/dpl_evolve_baseline/openroad_dpl_hpwl_only_9case_bo_place_batch_20260421_220319_ibex_asap7_trial_53f85b50_439e14faed50/metrics.json	56	64 8	0	0.3728221372075265	0.42406039515873895	1.4841258967495854	145.57795377148094	433	532	1.2859198506537528	1.25 1.10 1.04
557c30c0	ok	63338.4	63338.4	63342.0	-0.00568343279340492	7.92	1.1469949312092687	-0.05498804565288427	0.00568343279340492	0.06067147844628919	0	<ORIGINAL_WORKSPACE>/OpenROAD-flow-scripts/flow/reports/asap7/ibex/place_batch_20260421_220319/dpl_evolve_baseline/openroad_dpl_hpwl_only_9case_bo_place_batch_20260421_220319_ibex_asap7_trial_557c30c0_0f31905c7368/metrics.json	103	1024	0	0.26971677973188135	0.09880856480815602	1.4094823757635224	134.5684271566821	848	252	1.2808695549089555	1.75 1.35 1.15 1.05
5630cb3e	ok	63338.4	63338.4	63342.0	-0.00568343279340492	7.741	1.1210716871832005	-0.021677680530770377	0.00568343279340492	0.027361113324175297	0	<ORIGINAL_WORKSPACE>/OpenROAD-flow-scripts/flow/reports/asap7/ibex/place_batch_20260421_220319/dpl_evolve_baseline/openroad_dpl_hpwl_only_9case_bo_place_batch_20260421_220319_ibex_asap7_trial_5630cb3e_18d904108c5f/metrics.json	116	1024 128	1	0.5959663468554017	0.9761697705049825	1.4846758194101441	135.64516492205297	855	2180	1.990915251341221	1.04
57904ea3	ok	63338.1	63338.1	63342.0	-0.006157052192860116	7.664	1.1099203475742214	-0.006756642910499251	0.006157052192860116	0.012913695103359367	0	<ORIGINAL_WORKSPACE>/OpenROAD-flow-scripts/flow/reports/asap7/ibex/place_batch_20260421_220319/dpl_evolve_baseline/openroad_dpl_hpwl_only_9case_bo_place_batch_20260421_220319_ibex_asap7_trial_57904ea3_fd7dedd2cf30/metrics.json	45	32	0	0.355913057066513	0.9219556804340736	1.176162018592936	99.02237376043902	388	178	1.1122453750057129	2.00 1.50 1.20 1.05
5820db2d	ok	63339.5	63339.5	63342.0	-0.003946828328755012	7.996	1.1580014482259233	-0.07075365542579068	0.003946828328755012	0.07470048375454569	0	<ORIGINAL_WORKSPACE>/OpenROAD-flow-scripts/flow/reports/asap7/ibex/place_batch_20260421_220319/dpl_evolve_baseline/openroad_dpl_hpwl_only_9case_bo_place_batch_20260421_220319_ibex_asap7_trial_5820db2d_aa8a280f82c7/metrics.json	108	512 64	1	0.6501207538129121	1.5649890004387568	1.1899607701297705	143.6381778074422	732	2617	1.7431999524226378	1.04
585420d2	ok	63295.0	63295.0	63342.0	-0.07420037258059424	7.619	1.1034033309196234	0.06976358982568995	0.07420037258059424	0.004436782754904286	0	<ORIGINAL_WORKSPACE>/OpenROAD-flow-scripts/flow/reports/asap7/ibex/place_batch_20260421_220319/dpl_evolve_baseline/openroad_dpl_hpwl_only_9case_bo_place_batch_20260421_220319_ibex_asap7_trial_585420d2_7d6233a2d4f4/metrics.json	35	64 8	0	0.3809520946020346	0.5149597027627175	1.5740625321134765	108.55100062756588	325	109	1.1212155168843834	1.10 1.04
59a57179	ok	63304.7	63304.7	63342.0	-0.05888667866502938	7.411	1.0732802317161476	0.058886678665029384	0.058886678665029384	0.0	0	<ORIGINAL_WORKSPACE>/OpenROAD-flow-scripts/flow/reports/asap7/ibex/place_batch_20260421_220319/dpl_evolve_baseline/openroad_dpl_hpwl_only_9case_bo_place_batch_20260421_220319_ibex_asap7_trial_59a57179_df74eecaf325/metrics.json	55	64 8	0	0.2656963441100133	0.24518210134011784	1.6451942407789972	123.56709615768537	676	1012	1.388376761245033	1.25 1.10 1.04
5a7ca4ff	ok	63334.3	63334.3	63342.0	-0.012156231252560844	8.762	1.2689355539464156	-0.20037947286594765	0.012156231252560844	0.2125357041185085	0	<ORIGINAL_WORKSPACE>/OpenROAD-flow-scripts/flow/reports/asap7/ibex/place_batch_20260421_220319/dpl_evolve_baseline/openroad_dpl_hpwl_only_9case_bo_place_batch_20260421_220319_ibex_asap7_trial_5a7ca4ff_d9491e4a533d/metrics.json	10	omit	0	0.5442822287095785	0.036716743228857054	0.4933230616817159	146.33626120334253	674	342	1.1593868616209104	1.50 1.25 1.10 1.04
5a85d4b3	ok	63315.8	63315.8	63342.0	-0.04136276088534794	7.324	1.0606806661839245	0.04136276088534794	0.04136276088534794	0.0	0	<ORIGINAL_WORKSPACE>/OpenROAD-flow-scripts/flow/reports/asap7/ibex/place_batch_20260421_220319/dpl_evolve_baseline/openroad_dpl_hpwl_only_9case_bo_place_batch_20260421_220319_ibex_asap7_trial_5a85d4b3_214dbd8f8c4a/metrics.json	104	64 8	1	0.8194986891424547	0.1269719551633663	0.9084138837562921	129.79429879245936	696	2861	1.9174802720882027	1.10 1.04
5b1d010b	ok	63332.0	63332.0	63342.0	-0.01578731331502005	7.569	1.0961622013034034	0.01578731331502005	0.01578731331502005	0.0	0	<ORIGINAL_WORKSPACE>/OpenROAD-flow-scripts/flow/reports/asap7/ibex/place_batch_20260421_220319/dpl_evolve_baseline/openroad_dpl_hpwl_only_9case_bo_place_batch_20260421_220319_ibex_asap7_trial_5b1d010b_b662412cb1d6/metrics.json	74	128	0	0.006856705089593893	0.9336652031090964	1.685151842448351	6.07865661102576	715	984	1.2449300630107765	1.10 1.04
5b644f83	ok	63316.4	63316.4	63342.0	-0.04041552208644903	7.579	1.0976104272266474	0.04041552208644903	0.04041552208644903	0.0	0	<ORIGINAL_WORKSPACE>/OpenROAD-flow-scripts/flow/reports/asap7/ibex/place_batch_20260421_220319/dpl_evolve_baseline/openroad_dpl_hpwl_only_9case_bo_place_batch_20260421_220319_ibex_asap7_trial_5b644f83_e62a5aed4fe8/metrics.json	96	64 8	1	0.6534486116089339	0.3748506615868379	1.8436118463573647	68.90853720772321	342	1501	1.4206904429804323	2.00 1.50 1.20 1.05
5c7d217a	ok	63336.6	63336.6	63342.0	-0.008525149190113124	7.673	1.1112237509051412	-0.006080939356236641	0.008525149190113124	0.014606088546349765	0	<ORIGINAL_WORKSPACE>/OpenROAD-flow-scripts/flow/reports/asap7/ibex/place_batch_20260421_220319/dpl_evolve_baseline/openroad_dpl_hpwl_only_9case_bo_place_batch_20260421_220319_ibex_asap7_trial_5c7d217a_a9e676b476af/metrics.json	80	128 16	0	0.2595867484644357	0.8996797640927235	1.3351483599173106	16.83270182240409	578	838	1.1206914809605681	1.75 1.35 1.15 1.05
5cd6818b	ok	63317.0	63317.0	63342.0	-0.03946828328755012	7.417	1.074149167270094	0.03946828328755012	0.03946828328755012	0.0	0	<ORIGINAL_WORKSPACE>/OpenROAD-flow-scripts/flow/reports/asap7/ibex/place_batch_20260421_220319/dpl_evolve_baseline/openroad_dpl_hpwl_only_9case_bo_place_batch_20260421_220319_ibex_asap7_trial_5cd6818b_8937ab4d3051/metrics.json	122	64 8	0	0.8219831960268003	0.7755460879510587	1.6968007505236087	22.550543113574292	496	2048	1.1629326220352594	1.25 1.10 1.04
5d185c9f	ok	63321.2	63321.2	63342.0	-0.0328376116952463	7.594	1.0997827661115134	0.0328376116952463	0.0328376116952463	0.0	0	<ORIGINAL_WORKSPACE>/OpenROAD-flow-scripts/flow/reports/asap7/ibex/place_batch_20260421_220319/dpl_evolve_baseline/openroad_dpl_hpwl_only_9case_bo_place_batch_20260421_220319_ibex_asap7_trial_5d185c9f_bd095f794cf3/metrics.json	81	64 8	0	0.46898747519410444	0.07850403912376877	0.64694300077881	118.12279844618286	143	362	1.0948580924293652	1.04
5d4d2f72	ok	63336.7	63336.7	63342.0	-0.008367276056965222	7.735	1.120202751629254	-0.01787065325558674	0.00836727605696522	0.02623792931255196	0	<ORIGINAL_WORKSPACE>/OpenROAD-flow-scripts/flow/reports/asap7/ibex/place_batch_20260421_220319/dpl_evolve_baseline/openroad_dpl_hpwl_only_9case_bo_place_batch_20260421_220319_ibex_asap7_trial_5d4d2f72_9fcf1ebc2207/metrics.json	102	256	0	0.6033480064596289	0.388372796093214	0.8649888832499995	138.43936219082156	210	844	1.1757421437683144	1.10 1.04
5da4428c	ok	63356.0	63356.0	63342.0	0.02210223864102807	8.07	1.168718320057929	-0.11039862374805084	-0.02210223864102807	0.08829638510702277	0	<ORIGINAL_WORKSPACE>/OpenROAD-flow-scripts/flow/reports/asap7/ibex/place_batch_20260421_220319/dpl_evolve_baseline/openroad_dpl_hpwl_only_9case_bo_place_batch_20260421_220319_ibex_asap7_trial_5da4428c_b94910210c50/metrics.json	76	512 64	0	0.7734032918461643	0.8738320349789873	1.7151861925145608	41.92743646100913	406	943	1.1986359200121297	1.25 1.10 1.04
5e432e93	ok	63337.2	63337.2	63342.0	-0.007577910391214219	7.737	1.120492396813903	-0.019034461978913286	0.007577910391214218	0.026612372370127504	0	<ORIGINAL_WORKSPACE>/OpenROAD-flow-scripts/flow/reports/asap7/ibex/place_batch_20260421_220319/dpl_evolve_baseline/openroad_dpl_hpwl_only_9case_bo_place_batch_20260421_220319_ibex_asap7_trial_5e432e93_67c7c73fcb90/metrics.json	19	128	0	0.7424584607099916	0.31899003047162117	0.39019981050337776	22.75026683749569	557	646	1.652660615504356	2.50 1.75 1.25 1.08
5e61c0e9	ok	63347.8	63347.8	63342.0	0.009156641722716224	7.986	1.156553222302679	-0.08201502433109734	-0.009156641722716224	0.07285838260838111	0	<ORIGINAL_WORKSPACE>/OpenROAD-flow-scripts/flow/reports/asap7/ibex/place_batch_20260421_220319/dpl_evolve_baseline/openroad_dpl_hpwl_only_9case_bo_place_batch_20260421_220319_ibex_asap7_trial_5e61c0e9_ded7d7f0f8e4/metrics.json	84	512 64	1	0.6523090693123936	0.11644143922220468	1.5690718405593946	112.45561061079972	509	1326	1.6363039619978557	2.50 1.75 1.25 1.08
5e82d349	ok	63331.0	63331.0	63342.0	-0.017366044646522055	8.082	1.170456191165822	-0.07312919822637143	0.017366044646522055	0.09049524287289348	0	<ORIGINAL_WORKSPACE>/OpenROAD-flow-scripts/flow/reports/asap7/ibex/place_batch_20260421_220319/dpl_evolve_baseline/openroad_dpl_hpwl_only_9case_bo_place_batch_20260421_220319_ibex_asap7_trial_5e82d349_1a1e3d6f091d/metrics.json	74	512	1	0.09420795640307178	0.057328866581866936	0.35570021635794646	134.48925109186465	416	271	1.3399621749974377	1.50 1.25 1.10 1.04
5e998cd3	ok	63356.4	63356.4	63342.0	0.02273373117363117	7.916	1.146415640839971	-0.08266498033449163	-0.02273373117363117	0.05993124916086046	0	<ORIGINAL_WORKSPACE>/OpenROAD-flow-scripts/flow/reports/asap7/ibex/place_batch_20260421_220319/dpl_evolve_baseline/openroad_dpl_hpwl_only_9case_bo_place_batch_20260421_220319_ibex_asap7_trial_5e998cd3_d874eb3dac9f/metrics.json	99	512	0	0.4407000972951721	1.3589207697940864	1.963848354336985	86.0739322262803	232	1000	1.573753536378158	1.75 1.35 1.15 1.05
5f5dce9e	ok	63321.3	63321.3	63342.0	-0.03267973856208691	7.484	1.083852280955829	0.03267973856208691	0.03267973856208691	0.0	0	<ORIGINAL_WORKSPACE>/OpenROAD-flow-scripts/flow/reports/asap7/ibex/place_batch_20260421_220319/dpl_evolve_baseline/openroad_dpl_hpwl_only_9case_bo_place_batch_20260421_220319_ibex_asap7_trial_5f5dce9e_7c1aefbbf755/metrics.json	53	64 8	0	0.6288781891799109	0.10560426991202643	1.425632588779395	110.4285157168692	168	735	1.4748432933078626	1.04
5fdc6f90	ok	63304.9	63304.9	63342.0	-0.05857093239872208	7.239	1.0483707458363505	0.05857093239872209	0.05857093239872209	0.0	0	<ORIGINAL_WORKSPACE>/OpenROAD-flow-scripts/flow/reports/asap7/ibex/place_batch_20260421_220319/dpl_evolve_baseline/openroad_dpl_hpwl_only_9case_bo_place_batch_20260421_220319_ibex_asap7_trial_5fdc6f90_9e0d1dc3675c/metrics.json	38	64 8	0	0.2682077462342748	1.1643708124637828	1.66410628878871	37.795157829683504	419	864	1.0614676340224143	1.75 1.35 1.15 1.05
60755220	ok	63332.3	63332.3	63342.0	-0.015313693915564855	7.555	1.0941346850108615	0.015313693915564853	0.015313693915564853	0.0	0	<ORIGINAL_WORKSPACE>/OpenROAD-flow-scripts/flow/reports/asap7/ibex/place_batch_20260421_220319/dpl_evolve_baseline/openroad_dpl_hpwl_only_9case_bo_place_batch_20260421_220319_ibex_asap7_trial_60755220_715f4413838a/metrics.json	25	32	1	0.14911379278460163	0.04121456981033973	0.23474854002452655	137.00825037401424	108	458	1.0202854818162561	1.50 1.25 1.10 1.04
624f1dd1	ok	63331.0	63331.0	63342.0	-0.017366044646522055	7.815	1.1317885590152064	-0.023812044436732543	0.017366044646522055	0.0411780890832546	0	<ORIGINAL_WORKSPACE>/OpenROAD-flow-scripts/flow/reports/asap7/ibex/place_batch_20260421_220319/dpl_evolve_baseline/openroad_dpl_hpwl_only_9case_bo_place_batch_20260421_220319_ibex_asap7_trial_624f1dd1_69549b496b9f/metrics.json	74	512	0	0.5962765846004777	1.2897593917529195	1.704827393232772	40.024352824835745	857	613	1.0090804657337515	1.25 1.10 1.04
62f9c5b5	ok	63342.6	63342.6	63342.0	0.0009472387988989056	8.173	1.1836350470673425	-0.10806430345279215	-0.0009472387988989057	0.10711706465389324	0	<ORIGINAL_WORKSPACE>/OpenROAD-flow-scripts/flow/reports/asap7/ibex/place_batch_20260421_220319/dpl_evolve_baseline/openroad_dpl_hpwl_only_9case_bo_place_batch_20260421_220319_ibex_asap7_trial_62f9c5b5_a47ec170b9c8/metrics.json	111	512 64	1	0.7348508863534359	0.3921522548339367	1.1313987693403083	84.19750570027307	921	1807	1.764661342090394	1.04
64843add	ok	63358.1	63358.1	63342.0	0.02541757443717998	7.988	1.1568428674873281	-0.09864446950090579	-0.02541757443717998	0.0732268950637258	0	<ORIGINAL_WORKSPACE>/OpenROAD-flow-scripts/flow/reports/asap7/ibex/place_batch_20260421_220319/dpl_evolve_baseline/openroad_dpl_hpwl_only_9case_bo_place_batch_20260421_220319_ibex_asap7_trial_64843add_0e688daab893/metrics.json	25	128	1	0.01584176647777879	0.08696036537889473	1.0602402075282358	95.9939619072607	278	1705	1.260385261095148	2.00 1.50 1.20 1.05
64ba4a8f	ok	63309.5	63309.5	63342.0	-0.05130876827381517	7.241	1.0486603910209993	0.05130876827381516	0.05130876827381516	0.0	0	<ORIGINAL_WORKSPACE>/OpenROAD-flow-scripts/flow/reports/asap7/ibex/place_batch_20260421_220319/dpl_evolve_baseline/openroad_dpl_hpwl_only_9case_bo_place_batch_20260421_220319_ibex_asap7_trial_64ba4a8f_52731a1b76d4/metrics.json	77	64 8	0	0.513772330792425	1.1061365213314338	1.6888312380759702	22.08828036283864	747	2527	1.0107026993306154	1.25 1.10 1.04
65c4d066	ok	63350.7	63350.7	63342.0	0.01373496258406285	7.734	1.1200579290369297	-0.039785652214478245	-0.013734962584062848	0.0260506896304154	0	<ORIGINAL_WORKSPACE>/OpenROAD-flow-scripts/flow/reports/asap7/ibex/place_batch_20260421_220319/dpl_evolve_baseline/openroad_dpl_hpwl_only_9case_bo_place_batch_20260421_220319_ibex_asap7_trial_65c4d066_e5b8e928d993/metrics.json	70	64	0	0.015083597211219454	0.7532031277465794	1.1530582982486222	31.37429913327673	429	2593	1.2236656075322834	1.10 1.04
65c840b9	ok	63345.5	63345.5	63342.0	0.005525559660257018	7.511	1.087762490948588	-0.005525559660257018	-0.005525559660257018	0.0	0	<ORIGINAL_WORKSPACE>/OpenROAD-flow-scripts/flow/reports/asap7/ibex/place_batch_20260421_220319/dpl_evolve_baseline/openroad_dpl_hpwl_only_9case_bo_place_batch_20260421_220319_ibex_asap7_trial_65c840b9_783697104055/metrics.json	48	128 16	0	0.3412148999499269	0.5587564900406978	1.3118784483455914	124.00816250807596	204	814	1.5934705428664802	1.04
6726dab6	ok	63313.1	63313.1	63342.0	-0.04562533548041024	7.88	1.1412020275162924	-0.007635416039827897	0.04562533548041024	0.05326075152023814	0	<ORIGINAL_WORKSPACE>/OpenROAD-flow-scripts/flow/reports/asap7/ibex/place_batch_20260421_220319/dpl_evolve_baseline/openroad_dpl_hpwl_only_9case_bo_place_batch_20260421_220319_ibex_asap7_trial_6726dab6_b0b48f0cb9dc/metrics.json	54	64 8	0	0.983509336938547	0.010251308192092488	0.117104204412905	127.13988641003488	971	789	1.0183314451485945	1.50 1.25 1.10 1.04
6793a12b	ok	63334.7	63334.7	63342.0	-0.011524738719969231	7.756	1.1232440260680665	-0.018642431729490434	0.011524738719969231	0.030167170449459667	0	<ORIGINAL_WORKSPACE>/OpenROAD-flow-scripts/flow/reports/asap7/ibex/place_batch_20260421_220319/dpl_evolve_baseline/openroad_dpl_hpwl_only_9case_bo_place_batch_20260421_220319_ibex_asap7_trial_6793a12b_17c76982e0b6/metrics.json	31	64	1	0.12194750395213444	0.20837333350545148	1.570748865322578	38.665763807984945	393	2014	1.4568844594833705	2.00 1.50 1.20 1.05
679c6595	ok	63337.7	63337.7	63342.0	-0.006788544725463217	7.657	1.1089065894279506	-0.004808157247157987	0.006788544725463216	0.011596701972621203	0	<ORIGINAL_WORKSPACE>/OpenROAD-flow-scripts/flow/reports/asap7/ibex/place_batch_20260421_220319/dpl_evolve_baseline/openroad_dpl_hpwl_only_9case_bo_place_batch_20260421_220319_ibex_asap7_trial_679c6595_dc2f4bdd2a44/metrics.json	39	1024	1	0.19501651295547068	0.3965350905426257	1.4715983581944236	41.57131339177047	232	2156	1.4278096418588535	omit
67cd322c	ok	63323.9	63323.9	63342.0	-0.02857503710018399	7.316	1.0595220854453293	0.028575037100183994	0.028575037100183994	0.0	0	<ORIGINAL_WORKSPACE>/OpenROAD-flow-scripts/flow/reports/asap7/ibex/place_batch_20260421_220319/dpl_evolve_baseline/openroad_dpl_hpwl_only_9case_bo_place_batch_20260421_220319_ibex_asap7_trial_67cd322c_7cbfa0cdb823/metrics.json	45	64 8	0	0.35122745062469074	0.937858844513487	1.7825029780979942	27.291690967151624	557	284	1.5179841090166035	1.75 1.35 1.15 1.05
67fdc511	ok	63298.5	63298.5	63342.0	-0.06867481292033722	7.546	1.0928312816799421	0.06867481292033721	0.06867481292033721	0.0	0	<ORIGINAL_WORKSPACE>/OpenROAD-flow-scripts/flow/reports/asap7/ibex/place_batch_20260421_220319/dpl_evolve_baseline/openroad_dpl_hpwl_only_9case_bo_place_batch_20260421_220319_ibex_asap7_trial_67fdc511_70181091bd5f/metrics.json	52	64 8	0	0.43451089035813817	0.26742704784804106	0.8677954026456993	144.9882445616896	232	238	1.21434981536996	1.10 1.04
68ee0e5c	ok	63331.3	63331.3	63342.0	-0.01689242524706686	7.693	1.1141202027516293	-0.0014709876566968462	0.01689242524706686	0.018363412903763705	0	<ORIGINAL_WORKSPACE>/OpenROAD-flow-scripts/flow/reports/asap7/ibex/place_batch_20260421_220319/dpl_evolve_baseline/openroad_dpl_hpwl_only_9case_bo_place_batch_20260421_220319_ibex_asap7_trial_68ee0e5c_1a682456b11b/metrics.json	39	64 8	1	0.4852517966734369	0.3138101931469244	1.4683606597692667	67.27557182136553	208	2761	1.5703445912920784	2.00 1.50 1.20 1.05
6bc39350	ok	63331.3	63331.3	63342.0	-0.01689242524706686	7.842	1.1356987690079652	-0.029310693901072587	0.01689242524706686	0.046203119148139446	0	<ORIGINAL_WORKSPACE>/OpenROAD-flow-scripts/flow/reports/asap7/ibex/place_batch_20260421_220319/dpl_evolve_baseline/openroad_dpl_hpwl_only_9case_bo_place_batch_20260421_220319_ibex_asap7_trial_6bc39350_7a6ddd7be05c/metrics.json	39	64 8	0	0.468068275328726	0.9195789239577866	1.5061872123232194	142.43663596480633	316	539	1.7920454242727315	1.75 1.35 1.15 1.05
6c0da888	ok	63359.5	63359.5	63342.0	0.027627798301285086	7.752	1.122664735698769	-0.05704695236153789	-0.027627798301285086	0.029419154060252802	0	<ORIGINAL_WORKSPACE>/OpenROAD-flow-scripts/flow/reports/asap7/ibex/place_batch_20260421_220319/dpl_evolve_baseline/openroad_dpl_hpwl_only_9case_bo_place_batch_20260421_220319_ibex_asap7_trial_6c0da888_b0ddfc089ea1/metrics.json	21	256 32	0	0.7071130444782645	1.07389122240838	1.9451998020425958	5.027165827753173	481	1355	1.2066268048320243	1.25 1.10 1.04
6cc4f15a	ok	63305.9	63305.9	63342.0	-0.05699220106722008	7.618	1.103258508327299	0.05274407807384637	0.05699220106722008	0.004248122993373707	0	<ORIGINAL_WORKSPACE>/OpenROAD-flow-scripts/flow/reports/asap7/ibex/place_batch_20260421_220319/dpl_evolve_baseline/openroad_dpl_hpwl_only_9case_bo_place_batch_20260421_220319_ibex_asap7_trial_6cc4f15a_457949cb2c95/metrics.json	86	64 8	0	0.5311965235646223	0.4524986379241015	1.6122404713698981	119.11983422219382	86	747	1.0923910942195567	1.10 1.04
6d692132	ok	63355.3	63355.3	63342.0	0.02099712670898126	7.627	1.1045619116582186	-0.02694274206388658	-0.02099712670898126	0.005945615354905319	0	<ORIGINAL_WORKSPACE>/OpenROAD-flow-scripts/flow/reports/asap7/ibex/place_batch_20260421_220319/dpl_evolve_baseline/openroad_dpl_hpwl_only_9case_bo_place_batch_20260421_220319_ibex_asap7_trial_6d692132_ee8b0465a9a2/metrics.json	25	64	1	0.31058725179421	1.9648348985858857	0.5699454691956887	80.04800174568172	411	3652	1.3665566438512344	1.75 1.35 1.15 1.05
6f1d47be	ok	63336.5	63336.5	63342.0	-0.008683022323261028	7.67	1.110789283128168	-0.005359045411740027	0.008683022323261028	0.014042067735001055	0	<ORIGINAL_WORKSPACE>/OpenROAD-flow-scripts/flow/reports/asap7/ibex/place_batch_20260421_220319/dpl_evolve_baseline/openroad_dpl_hpwl_only_9case_bo_place_batch_20260421_220319_ibex_asap7_trial_6f1d47be_25e564aae8d5/metrics.json	30	512	0	0.33647919457502157	0.5329306207838193	0.18773856504093678	127.90019241890974	178	239	1.2241183186690738	1.10 1.04
6fce71b1	ok	63325.8	63325.8	63342.0	-0.025575447570327887	7.417	1.074149167270094	0.025575447570327887	0.025575447570327887	0.0	0	<ORIGINAL_WORKSPACE>/OpenROAD-flow-scripts/flow/reports/asap7/ibex/place_batch_20260421_220319/dpl_evolve_baseline/openroad_dpl_hpwl_only_9case_bo_place_batch_20260421_220319_ibex_asap7_trial_6fce71b1_3d800f78919c/metrics.json	83	64 8	0	0.17589317864212206	0.7617971508984076	1.359108306576653	130.5689682040614	171	441	1.4101261618979966	2.50 1.75 1.25 1.08
6ff7119b	ok	63336.2	63336.2	63342.0	-0.009156641722716224	8.047	1.1653874004344678	-0.07492069157675275	0.009156641722716224	0.08407733329946898	0	<ORIGINAL_WORKSPACE>/OpenROAD-flow-scripts/flow/reports/asap7/ibex/place_batch_20260421_220319/dpl_evolve_baseline/openroad_dpl_hpwl_only_9case_bo_place_batch_20260421_220319_ibex_asap7_trial_6ff7119b_89c4f33e8b76/metrics.json	84	512	0	0.28809058335746707	0.6272920538055253	1.380805343537423	125.95760904709847	521	523	1.5505258722494708	2.50 1.75 1.25 1.08
7059a898	ok	63332.6	63332.6	63342.0	-0.014840074516121144	8.564	1.2402606806661838	-0.16266466146063568	0.014840074516121144	0.17750473597675684	0	<ORIGINAL_WORKSPACE>/OpenROAD-flow-scripts/flow/reports/asap7/ibex/place_batch_20260421_220319/dpl_evolve_baseline/openroad_dpl_hpwl_only_9case_bo_place_batch_20260421_220319_ibex_asap7_trial_7059a898_2cf5e014d0af/metrics.json	24	512 64	0	0.30912873258584994	0.6326318536644251	1.4176307338822394	63.78505390282566	102	351	1.1064303353469722	1.10 1.04
70bddb64	ok	63299.9	63299.9	63342.0	-0.0664645890562321	7.753	1.1228095582910933	0.03685841280967578	0.0664645890562321	0.029606176246556325	0	<ORIGINAL_WORKSPACE>/OpenROAD-flow-scripts/flow/reports/asap7/ibex/place_batch_20260421_220319/dpl_evolve_baseline/openroad_dpl_hpwl_only_9case_bo_place_batch_20260421_220319_ibex_asap7_trial_70bddb64_f84935d60f93/metrics.json	108	64 8	1	0.7453898370982728	0.5275174385001598	1.1975509861902016	137.47088624986156	733	1418	1.6806185644546952	2.50 1.75 1.25 1.08
718eb754	ok	63315.9	63315.9	63342.0	-0.041204887752200034	7.608	1.101810282404055	0.03884404383658651	0.041204887752200034	0.0023608439156135213	0	<ORIGINAL_WORKSPACE>/OpenROAD-flow-scripts/flow/reports/asap7/ibex/place_batch_20260421_220319/dpl_evolve_baseline/openroad_dpl_hpwl_only_9case_bo_place_batch_20260421_220319_ibex_asap7_trial_718eb754_f20e53253b68/metrics.json	59	64 8	0	0.3429172892140802	0.58807646630009	1.0745253769088225	98.80195585707926	647	114	1.1184679084240183	1.75 1.35 1.15 1.05
72367e26	ok	63339.1	63339.1	63342.0	-0.004578320861358112	7.775	1.1259956553222303	-0.029139296204015216	0.004578320861358112	0.03371761706537333	0	<ORIGINAL_WORKSPACE>/OpenROAD-flow-scripts/flow/reports/asap7/ibex/place_batch_20260421_220319/dpl_evolve_baseline/openroad_dpl_hpwl_only_9case_bo_place_batch_20260421_220319_ibex_asap7_trial_72367e26_832b02000116/metrics.json	38	512	1	0.46011255557426173	0.27262548711727314	0.4821293469378825	122.86717798102298	256	630	1.5465377600101036	2.50 1.75 1.25 1.08
723ca93e	ok	63311.6	63311.6	63342.0	-0.04799343247766325	7.454	1.079507603186097	0.04799343247766325	0.04799343247766325	0.0	0	<ORIGINAL_WORKSPACE>/OpenROAD-flow-scripts/flow/reports/asap7/ibex/place_batch_20260421_220319/dpl_evolve_baseline/openroad_dpl_hpwl_only_9case_bo_place_batch_20260421_220319_ibex_asap7_trial_723ca93e_ec2a7c05f40b/metrics.json	46	64 8	0	0.11795703187317558	0.4878097590889233	1.288110316960159	146.64310844210144	705	1557	1.3955699546106208	1.04
72c8db96	ok	63307.5	63307.5	63342.0	-0.054466230936819175	7.449	1.078783490224475	0.054466230936819175	0.054466230936819175	0.0	0	<ORIGINAL_WORKSPACE>/OpenROAD-flow-scripts/flow/reports/asap7/ibex/place_batch_20260421_220319/dpl_evolve_baseline/openroad_dpl_hpwl_only_9case_bo_place_batch_20260421_220319_ibex_asap7_trial_72c8db96_07e07a4653f6/metrics.json	15	64 8	0	0.5156749591053321	0.16295226517788525	0.7884197787192921	90.5153773314963	140	300	1.1611635967506735	1.10 1.04
7314bddd	ok	63331.0	63331.0	63342.0	-0.017366044646522055	7.905	1.1448225923244026	-0.0405286091034833	0.017366044646522055	0.057894653750005354	0	<ORIGINAL_WORKSPACE>/OpenROAD-flow-scripts/flow/reports/asap7/ibex/place_batch_20260421_220319/dpl_evolve_baseline/openroad_dpl_hpwl_only_9case_bo_place_batch_20260421_220319_ibex_asap7_trial_7314bddd_9094650a3a5c/metrics.json	74	omit	0	0.17748300024630811	1.2373906557034087	1.4486285603515492	149.27252146837918	295	237	1.5940077884450354	1.25 1.10 1.04
73d0ddfd	ok	63298.5	63298.5	63342.0	-0.06867481292033722	7.846	1.1362780593772628	0.02172798103548497	0.06867481292033721	0.04694683188485224	0	<ORIGINAL_WORKSPACE>/OpenROAD-flow-scripts/flow/reports/asap7/ibex/place_batch_20260421_220319/dpl_evolve_baseline/openroad_dpl_hpwl_only_9case_bo_place_batch_20260421_220319_ibex_asap7_trial_73d0ddfd_d4eb5ddb892e/metrics.json	52	64 8	0	0.5171677944674262	0.14358288325459734	0.8901573083689998	138.9257389295017	124	238	1.228442306305594	1.25 1.10 1.04
749be851	ok	63333.3	63333.3	63342.0	-0.01373496258406285	7.663	1.1097755249818972	0.0010093725225327546	0.013734962584062848	0.012725590061530094	0	<ORIGINAL_WORKSPACE>/OpenROAD-flow-scripts/flow/reports/asap7/ibex/place_batch_20260421_220319/dpl_evolve_baseline/openroad_dpl_hpwl_only_9case_bo_place_batch_20260421_220319_ibex_asap7_trial_749be851_394aaa199caf/metrics.json	116	omit	0	0.6338713366659291	0.7054032620480715	1.457452313150787	142.3844624459384	675	1930	1.8890903979869718	2.50 1.75 1.25 1.08
74d76250	ok	63313.6	63313.6	63342.0	-0.04483596981465924	7.596	1.1000724112961622	0.044741498776027316	0.04483596981465924	9.447103863192548e-05	0	<ORIGINAL_WORKSPACE>/OpenROAD-flow-scripts/flow/reports/asap7/ibex/place_batch_20260421_220319/dpl_evolve_baseline/openroad_dpl_hpwl_only_9case_bo_place_batch_20260421_220319_ibex_asap7_trial_74d76250_b70594c7b160/metrics.json	27	64 8	0	0.6459444339554323	0.20654143758234333	0.07738639645247647	119.5643668519184	248	666	1.235837948500791	1.04
76438459	ok	63345.1	63345.1	63342.0	0.004894067127653918	7.548	1.093120926864591	-0.004894067127653918	-0.004894067127653918	0.0	0	<ORIGINAL_WORKSPACE>/OpenROAD-flow-scripts/flow/reports/asap7/ibex/place_batch_20260421_220319/dpl_evolve_baseline/openroad_dpl_hpwl_only_9case_bo_place_batch_20260421_220319_ibex_asap7_trial_76438459_963a513be071/metrics.json	56	128 16	1	0.11977805490430371	0.20425546442420864	0.6709648667983381	142.40441896603977	266	523	1.1575707747991073	1.04
76855b69	ok	63335.1	63335.1	63342.0	-0.010893246187366132	7.498	1.0858797972483707	0.010893246187366132	0.010893246187366132	0.0	0	<ORIGINAL_WORKSPACE>/OpenROAD-flow-scripts/flow/reports/asap7/ibex/place_batch_20260421_220319/dpl_evolve_baseline/openroad_dpl_hpwl_only_9case_bo_place_batch_20260421_220319_ibex_asap7_trial_76855b69_3781db494370/metrics.json	81	256 32	0	0.029756719571892368	1.3483605320061707	1.8822429251319939	14.152385016657266	400	2215	1.2005471177194629	1.10 1.04
76c487e2	ok	63321.4	63321.4	63342.0	-0.032521865428939006	7.778	1.1264301230992033	-0.0017559517408375289	0.032521865428939006	0.034277817169776535	0	<ORIGINAL_WORKSPACE>/OpenROAD-flow-scripts/flow/reports/asap7/ibex/place_batch_20260421_220319/dpl_evolve_baseline/openroad_dpl_hpwl_only_9case_bo_place_batch_20260421_220319_ibex_asap7_trial_76c487e2_ddcb0bfadaaa/metrics.json	12	64 8	0	0.16774371357133547	0.3667003198254115	1.308339137276701	146.180987398066	385	1651	1.2179620624781224	1.10 1.04
77aa8a6c	ok	63314.8	63314.8	63342.0	-0.04294149221684994	7.104	1.0288196958725562	0.04294149221684994	0.04294149221684994	0.0	0	<ORIGINAL_WORKSPACE>/OpenROAD-flow-scripts/flow/reports/asap7/ibex/place_batch_20260421_220319/dpl_evolve_baseline/openroad_dpl_hpwl_only_9case_bo_place_batch_20260421_220319_ibex_asap7_trial_77aa8a6c_86910a5c84bd/metrics.json	26	64 8	0	0.08452159976353249	1.3367111709265522	1.3492435431786187	141.49839066471299	503	287	1.5655189786348758	1.25 1.10 1.04
794fba10	ok	63334.1	63334.1	63342.0	-0.012471977518868136	7.131	1.032729905865315	0.012471977518868136	0.012471977518868136	0.0	0	<ORIGINAL_WORKSPACE>/OpenROAD-flow-scripts/flow/reports/asap7/ibex/place_batch_20260421_220319/dpl_evolve_baseline/openroad_dpl_hpwl_only_9case_bo_place_batch_20260421_220319_ibex_asap7_trial_794fba10_cb41fa616adf/metrics.json	1	64 8	0	0.8864137869821185	0.856941657661898	1.5322595644309631	55.91137650312032	631	633	1.0643668961441732	1.25 1.10 1.04
79b051de	ok	63348.5	63348.5	63342.0	0.010261753654763032	7.806	1.1304851556842868	-0.049762904275260325	-0.010261753654763032	0.03950115062049729	0	<ORIGINAL_WORKSPACE>/OpenROAD-flow-scripts/flow/reports/asap7/ibex/place_batch_20260421_220319/dpl_evolve_baseline/openroad_dpl_hpwl_only_9case_bo_place_batch_20260421_220319_ibex_asap7_trial_79b051de_b36219c1745a/metrics.json	62	512 64	0	0.47230864065774447	0.770548898520068	1.4354588313876615	124.68081531029743	733	731	1.003532455239097	1.75 1.35 1.15 1.05
7a2c22a4	ok	63335.6	63335.6	63342.0	-0.010103880521615129	7.593	1.099637943519189	0.010103880521615129	0.010103880521615129	0.0	0	<ORIGINAL_WORKSPACE>/OpenROAD-flow-scripts/flow/reports/asap7/ibex/place_batch_20260421_220319/dpl_evolve_baseline/openroad_dpl_hpwl_only_9case_bo_place_batch_20260421_220319_ibex_asap7_trial_7a2c22a4_5d2f9b21e571/metrics.json	69	64	1	0.06793443005845505	0.18755974059904756	1.3330634890746376	102.61217963918143	204	1794	1.1109884764303397	1.10 1.04
7adf2e5e	ok	63335.0	63335.0	63342.0	-0.011051119320514035	7.926	1.147863866763215	-0.05073035265502527	0.011051119320514035	0.06178147197553931	0	<ORIGINAL_WORKSPACE>/OpenROAD-flow-scripts/flow/reports/asap7/ibex/place_batch_20260421_220319/dpl_evolve_baseline/openroad_dpl_hpwl_only_9case_bo_place_batch_20260421_220319_ibex_asap7_trial_7adf2e5e_666253d25848/metrics.json	122	1024 128	1	0.7264621417424337	0.8916755942418688	1.4109702500923127	74.29614525841181	529	647	1.6300623055241796	2.00 1.50 1.20 1.05
7bbbdaa1	ok	63303.7	63303.7	63342.0	-0.06046540999653138	7.592	1.0994931209268646	0.06046540999653138	0.06046540999653138	0.0	0	<ORIGINAL_WORKSPACE>/OpenROAD-flow-scripts/flow/reports/asap7/ibex/place_batch_20260421_220319/dpl_evolve_baseline/openroad_dpl_hpwl_only_9case_bo_place_batch_20260421_220319_ibex_asap7_trial_7bbbdaa1_436acc5d443d/metrics.json	111	64 8	0	0.771117393302215	0.387867101983699	0.8289129494435497	115.9045446384163	510	798	1.7665129518701004	2.50 1.75 1.25 1.08
7c05cd65	ok	63346.5	63346.5	63342.0	0.007104290991759022	8.014	1.1606082548877623	-0.08511765640476036	-0.007104290991759022	0.07801336541300134	0	<ORIGINAL_WORKSPACE>/OpenROAD-flow-scripts/flow/reports/asap7/ibex/place_batch_20260421_220319/dpl_evolve_baseline/openroad_dpl_hpwl_only_9case_bo_place_batch_20260421_220319_ibex_asap7_trial_7c05cd65_f3b426fa55e0/metrics.json	75	1024	1	0.6736365328505013	0.9793099742049314	0.7776921068030237	62.14613845715955	191	910	1.992300535024427	1.75 1.35 1.15 1.05
7c183a0d	ok	63365.7	63365.7	63342.0	0.037415932556592923	8.285	1.1998551774076756	-0.16486410404513022	-0.037415932556592923	0.1274481714885373	0	<ORIGINAL_WORKSPACE>/OpenROAD-flow-scripts/flow/reports/asap7/ibex/place_batch_20260421_220319/dpl_evolve_baseline/openroad_dpl_hpwl_only_9case_bo_place_batch_20260421_220319_ibex_asap7_trial_7c183a0d_38c3fe26dad4/metrics.json	112	1024	1	0.5268607653014526	0.9712209669404717	1.8100857044749956	5.530883795317216	239	104	1.523783065493857	2.00 1.50 1.20 1.05
7c44c122	ok	63348.4	63348.4	63342.0	0.010103880521615129	7.505	1.0868935553946415	-0.010103880521615129	-0.010103880521615129	0.0	0	<ORIGINAL_WORKSPACE>/OpenROAD-flow-scripts/flow/reports/asap7/ibex/place_batch_20260421_220319/dpl_evolve_baseline/openroad_dpl_hpwl_only_9case_bo_place_batch_20260421_220319_ibex_asap7_trial_7c44c122_ad29b9e7fbb5/metrics.json	30	128 16	0	0.8628178520792109	0.19078681056626087	0.4000376600013628	143.7382793502928	769	365	1.113765411212949	omit
7e9338f9	ok	63310.9	63310.9	63342.0	-0.04909854440971006	7.529	1.0903692976104271	0.04909854440971006	0.04909854440971006	0.0	0	<ORIGINAL_WORKSPACE>/OpenROAD-flow-scripts/flow/reports/asap7/ibex/place_batch_20260421_220319/dpl_evolve_baseline/openroad_dpl_hpwl_only_9case_bo_place_batch_20260421_220319_ibex_asap7_trial_7e9338f9_487c9facb898/metrics.json	49	64 8	0	0.39176274090132274	0.7889901597518684	0.9771125576852375	132.9599973028196	260	744	1.15431416586752	1.10 1.04
7e9d29ca	ok	63345.9	63345.9	63342.0	0.006157052192860116	8.035	1.163649529326575	-0.08803074744545646	-0.006157052192860116	0.08187369525259634	0	<ORIGINAL_WORKSPACE>/OpenROAD-flow-scripts/flow/reports/asap7/ibex/place_batch_20260421_220319/dpl_evolve_baseline/openroad_dpl_hpwl_only_9case_bo_place_batch_20260421_220319_ibex_asap7_trial_7e9d29ca_a7355450d4d5/metrics.json	50	1024 128	0	0.4544468936523392	0.7359689579994452	1.1750169208246395	43.03971099769393	431	1668	1.4329697899607114	1.75 1.35 1.15 1.05
7ee6c70d	ok	63309.4	63309.4	63342.0	-0.05146664140696307	7.296	1.0566256335988413	0.05146664140696307	0.05146664140696307	0.0	0	<ORIGINAL_WORKSPACE>/OpenROAD-flow-scripts/flow/reports/asap7/ibex/place_batch_20260421_220319/dpl_evolve_baseline/openroad_dpl_hpwl_only_9case_bo_place_batch_20260421_220319_ibex_asap7_trial_7ee6c70d_55420ed6e87e/metrics.json	68	64 8	0	0.7960362633672813	0.8082832364181052	1.6615609010288768	9.11967878258897	648	2841	1.1100237254323444	omit
800def4b	ok	63320.1	63320.1	63342.0	-0.03457421615989621	7.621	1.1036929761042722	0.029760151020899003	0.034574216159896205	0.004814065138997203	0	<ORIGINAL_WORKSPACE>/OpenROAD-flow-scripts/flow/reports/asap7/ibex/place_batch_20260421_220319/dpl_evolve_baseline/openroad_dpl_hpwl_only_9case_bo_place_batch_20260421_220319_ibex_asap7_trial_800def4b_21c846d6ae1a/metrics.json	107	64 8	1	0.1001893156113044	0.28682224539604473	1.7630104939120266	82.8892838514029	1031	2375	1.9901721614810735	2.00 1.50 1.20 1.05
80719efc	ok	63338.2	63338.2	63342.0	-0.005999179059712214	7.917	1.1465604634322955	-0.05411714495240641	0.005999179059712214	0.060116324012118624	0	<ORIGINAL_WORKSPACE>/OpenROAD-flow-scripts/flow/reports/asap7/ibex/place_batch_20260421_220319/dpl_evolve_baseline/openroad_dpl_hpwl_only_9case_bo_place_batch_20260421_220319_ibex_asap7_trial_80719efc_11e0eacc863b/metrics.json	71	1024	1	0.4361299474968665	1.2622752779183983	1.3386931430926459	107.62054298914961	89	139	1.515876009966875	2.50 1.75 1.25 1.08
817427ec	ok	63357.4	63357.4	63342.0	0.024312462505133175	7.693	1.1141202027516293	-0.04267587540889688	-0.024312462505133175	0.018363412903763705	0	<ORIGINAL_WORKSPACE>/OpenROAD-flow-scripts/flow/reports/asap7/ibex/place_batch_20260421_220319/dpl_evolve_baseline/openroad_dpl_hpwl_only_9case_bo_place_batch_20260421_220319_ibex_asap7_trial_817427ec_400a5ca338f9/metrics.json	115	512	1	0.6739455115259151	0.8991094429117277	1.338165137828779	50.27264051118878	464	704	1.266398456751387	2.00 1.50 1.20 1.05
8174e30c	ok	63342.2	63342.2	63342.0	0.0003157462662958063	7.579	1.0976104272266474	-0.0003157462662958063	-0.0003157462662958063	0.0	0	<ORIGINAL_WORKSPACE>/OpenROAD-flow-scripts/flow/reports/asap7/ibex/place_batch_20260421_220319/dpl_evolve_baseline/openroad_dpl_hpwl_only_9case_bo_place_batch_20260421_220319_ibex_asap7_trial_8174e30c_c9a645753110/metrics.json	8	256 32	0	0.2234930663753064	0.31402327375671263	1.6844949940041598	115.42897018009822	338	220	1.0863057301980468	1.10 1.04
82172c2b	ok	63299.9	63299.9	63342.0	-0.0664645890562321	7.494	1.085300506879073	0.0664645890562321	0.0664645890562321	0.0	0	<ORIGINAL_WORKSPACE>/OpenROAD-flow-scripts/flow/reports/asap7/ibex/place_batch_20260421_220319/dpl_evolve_baseline/openroad_dpl_hpwl_only_9case_bo_place_batch_20260421_220319_ibex_asap7_trial_82172c2b_468e698c546f/metrics.json	108	64 8	1	0.5555100540290774	1.014099306172204	1.4138732878358733	108.44887587997883	810	1871	1.826156642232758	1.04
8479aee3	ok	63327.1	63327.1	63342.0	-0.02352309683938217	7.543	1.092396813902969	0.02352309683938217	0.02352309683938217	0.0	0	<ORIGINAL_WORKSPACE>/OpenROAD-flow-scripts/flow/reports/asap7/ibex/place_batch_20260421_220319/dpl_evolve_baseline/openroad_dpl_hpwl_only_9case_bo_place_batch_20260421_220319_ibex_asap7_trial_8479aee3_9036830ab689/metrics.json	10	64 8	0	0.018576202177409518	0.14004428743844466	0.9983729663272121	90.94941924799956	704	1338	1.988616154412449	2.00 1.50 1.20 1.05
84991316	ok	63345.9	63345.9	63342.0	0.006157052192860116	7.877	1.1407675597393192	-0.05886124177348276	-0.006157052192860116	0.052704189580622646	0	<ORIGINAL_WORKSPACE>/OpenROAD-flow-scripts/flow/reports/asap7/ibex/place_batch_20260421_220319/dpl_evolve_baseline/openroad_dpl_hpwl_only_9case_bo_place_batch_20260421_220319_ibex_asap7_trial_84991316_394161da8313/metrics.json	50	1024 128	0	0.424561513258046	0.865465733926695	1.0639927829155589	115.91402129696317	216	106	1.7903484207257485	1.25 1.10 1.04
84c9d338	ok	63278.6	63278.6	63342.0	-0.10009156641722942	7.578	1.097465604634323	0.10009156641722941	0.10009156641722941	0.0	0	<ORIGINAL_WORKSPACE>/OpenROAD-flow-scripts/flow/reports/asap7/ibex/place_batch_20260421_220319/dpl_evolve_baseline/openroad_dpl_hpwl_only_9case_bo_place_batch_20260421_220319_ibex_asap7_trial_84c9d338_cf50e33b388d/metrics.json	71	64 8	0	0.6543810382699795	0.8258244314601854	1.5955214995114089	33.637816196117825	561	1784	1.0182160734972525	1.25 1.10 1.04
851167f5	ok	63332.0	63332.0	63342.0	-0.01578731331502005	8.173	1.1836350470673425	-0.0913297513388732	0.01578731331502005	0.10711706465389324	0	<ORIGINAL_WORKSPACE>/OpenROAD-flow-scripts/flow/reports/asap7/ibex/place_batch_20260421_220319/dpl_evolve_baseline/openroad_dpl_hpwl_only_9case_bo_place_batch_20260421_220319_ibex_asap7_trial_851167f5_b1725a2ad614/metrics.json	74	128	0	0.37259384062356704	0.3049753901720051	1.4169251483859782	122.66179834134465	237	1680	1.318889132510376	1.50 1.25 1.10 1.04
855d9962	ok	63354.0	63354.0	63342.0	0.01894477597802406	7.859	1.13816075307748	-0.06830736590405836	-0.01894477597802406	0.0493625899260343	0	<ORIGINAL_WORKSPACE>/OpenROAD-flow-scripts/flow/reports/asap7/ibex/place_batch_20260421_220319/dpl_evolve_baseline/openroad_dpl_hpwl_only_9case_bo_place_batch_20260421_220319_ibex_asap7_trial_855d9962_568973f2d639/metrics.json	70	256 32	0	0.34595642563535	0.5834211351165733	1.0623085271450814	143.05912767953347	231	668	1.2420721917347206	1.04
85657f41	ok	63347.0	63347.0	63342.0	0.007893656657510024	7.869	1.139608979000724	-0.0591131627035926	-0.007893656657510024	0.05121950604608257	0	<ORIGINAL_WORKSPACE>/OpenROAD-flow-scripts/flow/reports/asap7/ibex/place_batch_20260421_220319/dpl_evolve_baseline/openroad_dpl_hpwl_only_9case_bo_place_batch_20260421_220319_ibex_asap7_trial_85657f41_3b712b674950/metrics.json	33	128	0	0.9968466321543132	0.03701523111432605	0.42378272315198934	136.589300280176	426	561	1.2418515157179115	1.10 1.04
87d81244	ok	63315.8	63315.8	63342.0	-0.04136276088534794	7.394	1.0708182476466328	0.04136276088534794	0.04136276088534794	0.0	0	<ORIGINAL_WORKSPACE>/OpenROAD-flow-scripts/flow/reports/asap7/ibex/place_batch_20260421_220319/dpl_evolve_baseline/openroad_dpl_hpwl_only_9case_bo_place_batch_20260421_220319_ibex_asap7_trial_87d81244_57a84c0e6ff4/metrics.json	104	64 8	1	0.8810927466991889	0.6352215825399039	1.2140489333282565	149.49001969972286	794	1936	1.5826514159020575	2.50 1.75 1.25 1.08
88600111	ok	63348.3	63348.3	63342.0	0.009946007388467227	8.166	1.1826212889210717	-0.11578776626160539	-0.009946007388467227	0.10584175887313817	0	<ORIGINAL_WORKSPACE>/OpenROAD-flow-scripts/flow/reports/asap7/ibex/place_batch_20260421_220319/dpl_evolve_baseline/openroad_dpl_hpwl_only_9case_bo_place_batch_20260421_220319_ibex_asap7_trial_88600111_6bb492db1029/metrics.json	32	1024 128	0	0.38628190130322787	0.36190087025678946	1.9051240783184764	125.49869497091372	637	803	1.2207109585212443	1.50 1.25 1.10 1.04
88f69cc0	ok	63310.7	63310.7	63342.0	-0.04941429067601735	7.546	1.0928312816799421	0.04941429067601735	0.04941429067601735	0.0	0	<ORIGINAL_WORKSPACE>/OpenROAD-flow-scripts/flow/reports/asap7/ibex/place_batch_20260421_220319/dpl_evolve_baseline/openroad_dpl_hpwl_only_9case_bo_place_batch_20260421_220319_ibex_asap7_trial_88f69cc0_656596cfb330/metrics.json	117	64 8	1	0.3274777801394544	0.4773161666877517	1.0075375894536995	131.20766334518083	229	871	1.5013065224215503	2.00 1.50 1.20 1.05
89496390	ok	63306.7	63306.7	63342.0	-0.05572921600202537	7.174	1.0389572773352642	0.05572921600202537	0.05572921600202537	0.0	0	<ORIGINAL_WORKSPACE>/OpenROAD-flow-scripts/flow/reports/asap7/ibex/place_batch_20260421_220319/dpl_evolve_baseline/openroad_dpl_hpwl_only_9case_bo_place_batch_20260421_220319_ibex_asap7_trial_89496390_5d582ad5ebe8/metrics.json	121	64 8	1	0.6731491205369452	0.42966179789484693	1.0876735486763476	122.04202996819946	740	1107	1.5133964868223553	omit
894da1d0	ok	63342.1	63342.1	63342.0	0.00015787313314790316	6.987	1.011875452570601	-0.00015787313314790316	-0.00015787313314790316	0.0	0	<ORIGINAL_WORKSPACE>/OpenROAD-flow-scripts/flow/reports/asap7/ibex/place_batch_20260421_220319/dpl_evolve_baseline/openroad_dpl_hpwl_only_9case_bo_place_batch_20260421_220319_ibex_asap7_trial_894da1d0_af0853f40291/metrics.json	40	64 8	1	0.3083093305384033	0.9666989783355849	0.6739769976218026	123.43520084585484	508	1095	1.1607818165877797	1.10 1.04
89e82925	ok	63343.4	63343.4	63342.0	0.002210223864105104	7.725	1.11875452570601	-0.026575211332073925	-0.002210223864105104	0.02436498746796882	0	<ORIGINAL_WORKSPACE>/OpenROAD-flow-scripts/flow/reports/asap7/ibex/place_batch_20260421_220319/dpl_evolve_baseline/openroad_dpl_hpwl_only_9case_bo_place_batch_20260421_220319_ibex_asap7_trial_89e82925_46c5c2c8d232/metrics.json	42	32	1	0.4674828451085496	0.3016368836763861	0.6848786909227629	123.12452004353658	340	284	1.3083817277113847	1.75 1.35 1.15 1.05
8a1c8b7b	ok	63344.1	63344.1	63342.0	0.003315335796151913	7.81	1.1310644460535844	-0.04356191168341558	-0.003315335796151913	0.04024657588726367	0	<ORIGINAL_WORKSPACE>/OpenROAD-flow-scripts/flow/reports/asap7/ibex/place_batch_20260421_220319/dpl_evolve_baseline/openroad_dpl_hpwl_only_9case_bo_place_batch_20260421_220319_ibex_asap7_trial_8a1c8b7b_660bb0cf17d0/metrics.json	23	128	0	0.588461878031244	0.7325698897283	1.2370842262780357	142.7451515035722	210	832	1.2541735400613907	1.25 1.10 1.04
8b12f023	ok	63306.5	63306.5	63342.0	-0.05604496226832118	7.639	1.1062997827661114	0.04783758094464153	0.056044962268321175	0.008207381323679647	0	<ORIGINAL_WORKSPACE>/OpenROAD-flow-scripts/flow/reports/asap7/ibex/place_batch_20260421_220319/dpl_evolve_baseline/openroad_dpl_hpwl_only_9case_bo_place_batch_20260421_220319_ibex_asap7_trial_8b12f023_0ad35a868a4a/metrics.json	44	64 8	1	0.149606512442371	0.15823865689315703	0.7166164976875457	141.89933188618443	844	1958	1.1891822801316412	2.50 1.75 1.25 1.08
8b27f5ed	ok	63317.0	63317.0	63342.0	-0.03946828328755012	7.284	1.0548877624909485	0.03946828328755012	0.03946828328755012	0.0	0	<ORIGINAL_WORKSPACE>/OpenROAD-flow-scripts/flow/reports/asap7/ibex/place_batch_20260421_220319/dpl_evolve_baseline/openroad_dpl_hpwl_only_9case_bo_place_batch_20260421_220319_ibex_asap7_trial_8b27f5ed_dc51301c3d53/metrics.json	50	64 8	1	0.03478165731459776	0.26106932634859387	0.4810669722383697	136.30736538800448	290	1184	1.1501385659286747	1.75 1.35 1.15 1.05
8b47b94d	ok	63342.0	63342.0	63342.0	0.0	8.134	1.1779869659666908	-0.1000048165753232	0.0	0.1000048165753232	0	<ORIGINAL_WORKSPACE>/OpenROAD-flow-scripts/flow/reports/asap7/ibex/place_batch_20260421_220319/dpl_evolve_baseline/openroad_dpl_hpwl_only_9case_bo_place_batch_20260421_220319_ibex_asap7_trial_8b47b94d_95195b908946/metrics.json	61	256	0	0.2242833135356342	0.6737999562826973	1.4070307471474124	45.15526861653013	594	575	1.0378145624837387	1.50 1.25 1.10 1.04
8c8bd7e6	ok	63331.3	63331.3	63342.0	-0.01689242524706686	7.992	1.1574221578566255	-0.057071356353557284	0.01689242524706686	0.07396378160062414	0	<ORIGINAL_WORKSPACE>/OpenROAD-flow-scripts/flow/reports/asap7/ibex/place_batch_20260421_220319/dpl_evolve_baseline/openroad_dpl_hpwl_only_9case_bo_place_batch_20260421_220319_ibex_asap7_trial_8c8bd7e6_3bc4715d0b42/metrics.json	39	64 8	0	0.3134895276145945	0.08065893471383244	1.660483923823587	83.46351907894646	1026	1677	1.6133931505288028	1.75 1.35 1.15 1.05
8c93ff06	ok	63309.4	63309.4	63342.0	-0.05146664140696307	7.514	1.088196958725561	0.05146664140696307	0.05146664140696307	0.0	0	<ORIGINAL_WORKSPACE>/OpenROAD-flow-scripts/flow/reports/asap7/ibex/place_batch_20260421_220319/dpl_evolve_baseline/openroad_dpl_hpwl_only_9case_bo_place_batch_20260421_220319_ibex_asap7_trial_8c93ff06_65bf44053a92/metrics.json	68	64 8	1	0.2299410954753518	0.13528103386866464	0.13241409889101827	132.37692209529916	99	102	1.1212030755762097	2.00 1.50 1.20 1.05
8d084e80	ok	63311.0	63311.0	63342.0	-0.04894067127656215	7.136	1.033454018826937	0.04894067127656215	0.04894067127656215	0.0	0	<ORIGINAL_WORKSPACE>/OpenROAD-flow-scripts/flow/reports/asap7/ibex/place_batch_20260421_220319/dpl_evolve_baseline/openroad_dpl_hpwl_only_9case_bo_place_batch_20260421_220319_ibex_asap7_trial_8d084e80_9ba6f319a04f/metrics.json	19	64 8	0	0.6828808019914328	0.921815441179219	1.9967589013643003	3.8148046014865304	900	1100	1.223225821891868	2.00 1.50 1.20 1.05
8e63b0ab	ok	63360.7	63360.7	63342.0	0.0295222758990829	7.425	1.0753077480086892	-0.0295222758990829	-0.0295222758990829	0.0	0	<ORIGINAL_WORKSPACE>/OpenROAD-flow-scripts/flow/reports/asap7/ibex/place_batch_20260421_220319/dpl_evolve_baseline/openroad_dpl_hpwl_only_9case_bo_place_batch_20260421_220319_ibex_asap7_trial_8e63b0ab_f6857e901a92/metrics.json	53	64	1	0.07065150363714487	0.05188097304274984	0.5889675007329533	128.4974960328911	783	703	1.4637965160446245	1.75 1.35 1.15 1.05
8e86e5d8	ok	63335.8	63335.8	63342.0	-0.009788134255307836	7.881	1.141346850108617	-0.043658114367492645	0.009788134255307836	0.05344624862280048	0	<ORIGINAL_WORKSPACE>/OpenROAD-flow-scripts/flow/reports/asap7/ibex/place_batch_20260421_220319/dpl_evolve_baseline/openroad_dpl_hpwl_only_9case_bo_place_batch_20260421_220319_ibex_asap7_trial_8e86e5d8_408c64f89613/metrics.json	54	128	0	0.47838017017731665	0.1985997316642898	0.5543674626962518	116.93290391276561	260	1880	1.1728546500698813	1.04
8f6ae483	ok	63338.8	63338.8	63342.0	-0.0050519402608018215	8.09	1.171614771904417	-0.08690830100621072	0.0050519402608018215	0.09196024126701254	0	<ORIGINAL_WORKSPACE>/OpenROAD-flow-scripts/flow/reports/asap7/ibex/place_batch_20260421_220319/dpl_evolve_baseline/openroad_dpl_hpwl_only_9case_bo_place_batch_20260421_220319_ibex_asap7_trial_8f6ae483_35618699cf62/metrics.json	109	512	1	0.7002258245894639	0.20786308582603147	1.0549633194601353	86.42480564203147	177	1037	1.703100737566731	2.00 1.50 1.20 1.05
8f8ea519	ok	63297.8	63297.8	63342.0	-0.06977992485238402	7.754	1.1229543808834177	0.03998673848041405	0.06977992485238403	0.029793186371969985	0	<ORIGINAL_WORKSPACE>/OpenROAD-flow-scripts/flow/reports/asap7/ibex/place_batch_20260421_220319/dpl_evolve_baseline/openroad_dpl_hpwl_only_9case_bo_place_batch_20260421_220319_ibex_asap7_trial_8f8ea519_405e6eb1f597/metrics.json	63	64 8	0	0.47753816222578843	0.18587646878898148	1.60026598428988	126.71528026722828	722	576	1.3349555021122355	1.75 1.35 1.15 1.05
8ff307ac	ok	63338.9	63338.9	63342.0	-0.004894067127653918	7.735	1.120202751629254	-0.021343862184898043	0.004894067127653918	0.02623792931255196	0	<ORIGINAL_WORKSPACE>/OpenROAD-flow-scripts/flow/reports/asap7/ibex/place_batch_20260421_220319/dpl_evolve_baseline/openroad_dpl_hpwl_only_9case_bo_place_batch_20260421_220319_ibex_asap7_trial_8ff307ac_f9f4b3ffebbc/metrics.json	116	128	1	0.5336352247882837	0.542515224434017	1.4325316420180751	128.1379348623163	855	2526	1.5399281959306927	1.04
903c997a	ok	63350.6	63350.6	63342.0	0.013577089450914947	7.545	1.0926864590876175	-0.013577089450914945	-0.013577089450914945	0.0	0	<ORIGINAL_WORKSPACE>/OpenROAD-flow-scripts/flow/reports/asap7/ibex/place_batch_20260421_220319/dpl_evolve_baseline/openroad_dpl_hpwl_only_9case_bo_place_batch_20260421_220319_ibex_asap7_trial_903c997a_e9b65b9faeb3/metrics.json	104	512	1	0.15355470778733846	0.5838504727717776	1.5242734126169368	137.9743150569726	1105	1448	1.7540009689370306	1.10 1.04
907c9112	ok	63365.8	63365.8	63342.0	0.03757380568975231	8.285	1.1998551774076756	-0.1650219771782896	-0.03757380568975231	0.1274481714885373	0	<ORIGINAL_WORKSPACE>/OpenROAD-flow-scripts/flow/reports/asap7/ibex/place_batch_20260421_220319/dpl_evolve_baseline/openroad_dpl_hpwl_only_9case_bo_place_batch_20260421_220319_ibex_asap7_trial_907c9112_84215cc94b4e/metrics.json	20	512 64	0	0.7962431362901845	0.2791124143725052	0.155394514990485	123.08596436360276	973	1158	1.333390704446195	1.25 1.10 1.04
90ea2837	ok	63320.5	63320.5	63342.0	-0.03394272362729311	7.556	1.0942795076031862	0.03394272362729311	0.03394272362729311	0.0	0	<ORIGINAL_WORKSPACE>/OpenROAD-flow-scripts/flow/reports/asap7/ibex/place_batch_20260421_220319/dpl_evolve_baseline/openroad_dpl_hpwl_only_9case_bo_place_batch_20260421_220319_ibex_asap7_trial_90ea2837_3816d7fa92c2/metrics.json	23	64 8	1	0.020916816681228606	0.7180662610504307	1.9550338319271368	72.35272737223647	208	2078	1.379325411348232	2.00 1.50 1.20 1.05
91109a9d	ok	63343.4	63343.4	63342.0	0.002210223864105104	7.532	1.0908037653874003	-0.002210223864105104	-0.002210223864105104	0.0	0	<ORIGINAL_WORKSPACE>/OpenROAD-flow-scripts/flow/reports/asap7/ibex/place_batch_20260421_220319/dpl_evolve_baseline/openroad_dpl_hpwl_only_9case_bo_place_batch_20260421_220319_ibex_asap7_trial_91109a9d_0356e8b4b178/metrics.json	87	512 64	0	0.9760435504677476	0.3196673006881867	0.445074144178342	64.67726327405565	515	672	1.7293189193611234	1.75 1.35 1.15 1.05
92c31351	ok	63331.2	63331.2	63342.0	-0.017050298380226248	7.714	1.1171614771904417	-0.005253052353844691	0.017050298380226248	0.02230335073407094	0	<ORIGINAL_WORKSPACE>/OpenROAD-flow-scripts/flow/reports/asap7/ibex/place_batch_20260421_220319/dpl_evolve_baseline/openroad_dpl_hpwl_only_9case_bo_place_batch_20260421_220319_ibex_asap7_trial_92c31351_177da2fb034f/metrics.json	32	32	0	0.5959087790295119	0.006139681862176172	0.10842707640336063	66.6938350485313	729	455	1.0978278481124009	1.10 1.04
93240cf7	ok	63359.9	63359.9	63342.0	0.028259290833888187	7.982	1.1559739319333815	-0.1003805100711385	-0.028259290833888187	0.07212121923725032	0	<ORIGINAL_WORKSPACE>/OpenROAD-flow-scripts/flow/reports/asap7/ibex/place_batch_20260421_220319/dpl_evolve_baseline/openroad_dpl_hpwl_only_9case_bo_place_batch_20260421_220319_ibex_asap7_trial_93240cf7_ad3978fd5e1d/metrics.json	36	1024	0	0.14661733229135077	1.1526226391112346	1.1267910081442092	17.83344018321273	835	685	1.0221080109038703	1.10 1.04
93bc843a	ok	63327.3	63327.3	63342.0	-0.02320735057307488	7.596	1.1000724112961622	0.02311287953444295	0.023207350573074877	9.447103863192548e-05	0	<ORIGINAL_WORKSPACE>/OpenROAD-flow-scripts/flow/reports/asap7/ibex/place_batch_20260421_220319/dpl_evolve_baseline/openroad_dpl_hpwl_only_9case_bo_place_batch_20260421_220319_ibex_asap7_trial_93bc843a_e275f2e67c42/metrics.json	64	128 16	0	0.39009379294346247	1.122444194018274	1.8533150502255773	110.37814496889655	167	393	1.0651463900267466	1.10 1.04
93c725df	ok	63340.1	63340.1	63342.0	-0.002999589529856107	8.434	1.2214337436640115	-0.15128437574740872	0.002999589529856107	0.15428396527726482	0	<ORIGINAL_WORKSPACE>/OpenROAD-flow-scripts/flow/reports/asap7/ibex/place_batch_20260421_220319/dpl_evolve_baseline/openroad_dpl_hpwl_only_9case_bo_place_batch_20260421_220319_ibex_asap7_trial_93c725df_ab05d1592f3f/metrics.json	62	1024 128	0	0.33402606423640413	0.09130006959797246	0.5142712534834621	148.8030055385643	108	212	1.1815686505913003	1.50 1.25 1.10 1.04
93d4a2ea	ok	63333.1	63333.1	63342.0	-0.014050708850370141	7.45	1.0789283128167995	0.014050708850370141	0.014050708850370141	0.0	0	<ORIGINAL_WORKSPACE>/OpenROAD-flow-scripts/flow/reports/asap7/ibex/place_batch_20260421_220319/dpl_evolve_baseline/openroad_dpl_hpwl_only_9case_bo_place_batch_20260421_220319_ibex_asap7_trial_93d4a2ea_29a7177080b5/metrics.json	97	64 8	0	0.5483429257719173	1.0619351324044908	1.133640408858478	55.87884557466572	547	664	1.0787346529981272	1.75 1.35 1.15 1.05
942941fc	ok	63325.3	63325.3	63342.0	-0.02636481323607889	7.719	1.1178855901520637	0.003124172797488913	0.02636481323607889	0.023240640438589977	0	<ORIGINAL_WORKSPACE>/OpenROAD-flow-scripts/flow/reports/asap7/ibex/place_batch_20260421_220319/dpl_evolve_baseline/openroad_dpl_hpwl_only_9case_bo_place_batch_20260421_220319_ibex_asap7_trial_942941fc_1908cf59c8f4/metrics.json	66	64 8	1	0.7265575561360325	1.064678564988917	0.3656031594607948	137.01732050486316	402	1304	1.3426702990752644	1.10 1.04
94dacb43	ok	63306.5	63306.5	63342.0	-0.05604496226832118	7.432	1.0763215061549603	0.056044962268321175	0.056044962268321175	0.0	0	<ORIGINAL_WORKSPACE>/OpenROAD-flow-scripts/flow/reports/asap7/ibex/place_batch_20260421_220319/dpl_evolve_baseline/openroad_dpl_hpwl_only_9case_bo_place_batch_20260421_220319_ibex_asap7_trial_94dacb43_435706280b30/metrics.json	44	64 8	1	0.16017522273378798	0.1078909911595877	1.0184321818518085	118.48517796253664	216	1969	1.164518557973204	1.25 1.10 1.04
94e5ac1c	ok	63345.8	63345.8	63342.0	0.005999179059712214	8.032	1.1632150615496017	-0.08732170773457319	-0.005999179059712214	0.08132252867486098	0	<ORIGINAL_WORKSPACE>/OpenROAD-flow-scripts/flow/reports/asap7/ibex/place_batch_20260421_220319/dpl_evolve_baseline/openroad_dpl_hpwl_only_9case_bo_place_batch_20260421_220319_ibex_asap7_trial_94e5ac1c_1b6f2d16d3f7/metrics.json	81	512	1	0.20685487921450835	0.21346236339324665	0.33337343844207806	122.60359358483095	923	771	1.1345105499865424	omit
95787fe1	ok	63323.0	63323.0	63342.0	-0.029995895298538095	7.556	1.0942795076031862	0.029995895298538095	0.029995895298538095	0.0	0	<ORIGINAL_WORKSPACE>/OpenROAD-flow-scripts/flow/reports/asap7/ibex/place_batch_20260421_220319/dpl_evolve_baseline/openroad_dpl_hpwl_only_9case_bo_place_batch_20260421_220319_ibex_asap7_trial_95787fe1_401380d9c4eb/metrics.json	67	64 8	0	0.9380499896920947	0.9722083935552398	1.4309338499944309	46.554550930219854	714	341	1.0487880135592749	omit
96389e96	ok	63313.6	63313.6	63342.0	-0.04483596981465924	9.187	1.3304851556842867	-0.24157996768079223	0.04483596981465924	0.28641593749545147	0	<ORIGINAL_WORKSPACE>/OpenROAD-flow-scripts/flow/reports/asap7/ibex/place_batch_20260421_220319/dpl_evolve_baseline/openroad_dpl_hpwl_only_9case_bo_place_batch_20260421_220319_ibex_asap7_trial_96389e96_637159fe0bba/metrics.json	27	64 8	0	0.06894326633763342	0.4246047923536752	1.0529974480770086	142.09374677997994	79	294	1.5346574578577168	2.00 1.50 1.20 1.05
97d4e023	ok	63312.8	63312.8	63342.0	-0.04609895487985395	7.356	1.0653149891383056	0.04609895487985395	0.04609895487985395	0.0	0	<ORIGINAL_WORKSPACE>/OpenROAD-flow-scripts/flow/reports/asap7/ibex/place_batch_20260421_220319/dpl_evolve_baseline/openroad_dpl_hpwl_only_9case_bo_place_batch_20260421_220319_ibex_asap7_trial_97d4e023_f8117c3c14c7/metrics.json	123	64 8	1	0.9095810303885299	0.06776683410200757	1.3423239002233118	142.10805753436702	693	691	1.9491265979312782	1.25 1.10 1.04
97d84eae	ok	63313.1	63313.1	63342.0	-0.04562533548041024	7.537	1.0915278783490223	0.04562533548041024	0.04562533548041024	0.0	0	<ORIGINAL_WORKSPACE>/OpenROAD-flow-scripts/flow/reports/asap7/ibex/place_batch_20260421_220319/dpl_evolve_baseline/openroad_dpl_hpwl_only_9case_bo_place_batch_20260421_220319_ibex_asap7_trial_97d84eae_7d5566e33c70/metrics.json	54	64 8	1	0.17930543689481704	0.0394206899592221	0.169437808402213	109.63411446517775	618	1194	1.517780170150221	omit
982a0852	ok	63352.0	63352.0	63342.0	0.01578731331502005	7.731	1.1196234612599565	-0.04127621125746337	-0.01578731331502005	0.02548889794244332	0	<ORIGINAL_WORKSPACE>/OpenROAD-flow-scripts/flow/reports/asap7/ibex/place_batch_20260421_220319/dpl_evolve_baseline/openroad_dpl_hpwl_only_9case_bo_place_batch_20260421_220319_ibex_asap7_trial_982a0852_48d927fba621/metrics.json	32	omit	0	0.8504967550190327	1.071647636706024	1.6088852740869246	4.697122523222564	901	678	1.1574001619302305	1.25 1.10 1.04
9953fc1f	ok	63331.3	63331.3	63342.0	-0.01689242524706686	7.687	1.1132512671976829	-0.00034430371211354935	0.01689242524706686	0.01723672895918041	0	<ORIGINAL_WORKSPACE>/OpenROAD-flow-scripts/flow/reports/asap7/ibex/place_batch_20260421_220319/dpl_evolve_baseline/openroad_dpl_hpwl_only_9case_bo_place_batch_20260421_220319_ibex_asap7_trial_9953fc1f_15091294df26/metrics.json	39	64 8	1	0.32901842401645587	1.518804842743993	0.39748315451952837	101.01932177839959	1065	3356	1.834744571287267	1.75 1.35 1.15 1.05
9ae5dad0	ok	63322.3	63322.3	63342.0	-0.031101007230584905	7.517	1.0886314265025343	0.031101007230584905	0.031101007230584905	0.0	0	<ORIGINAL_WORKSPACE>/OpenROAD-flow-scripts/flow/reports/asap7/ibex/place_batch_20260421_220319/dpl_evolve_baseline/openroad_dpl_hpwl_only_9case_bo_place_batch_20260421_220319_ibex_asap7_trial_9ae5dad0_a1033caea7f2/metrics.json	61	64 8	1	0.36400673701400665	0.15680976224465143	1.5770422426210362	129.84330266675428	191	1199	1.2938972514178073	1.10 1.04
9b88fdb1	ok	63342.0	63342.0	63342.0	0.0	7.974	1.1548153511947863	-0.07064633816728953	0.0	0.07064633816728953	0	<ORIGINAL_WORKSPACE>/OpenROAD-flow-scripts/flow/reports/asap7/ibex/place_batch_20260421_220319/dpl_evolve_baseline/openroad_dpl_hpwl_only_9case_bo_place_batch_20260421_220319_ibex_asap7_trial_9b88fdb1_dce7bb395b69/metrics.json	1	omit	0	0.4	0.4	0.6	35.0	150	1000	1.1	omit
9e4b381e	ok	63317.1	63317.1	63342.0	-0.039310410154402224	7.468	1.0815351194786387	0.039310410154402224	0.039310410154402224	0.0	0	<ORIGINAL_WORKSPACE>/OpenROAD-flow-scripts/flow/reports/asap7/ibex/place_batch_20260421_220319/dpl_evolve_baseline/openroad_dpl_hpwl_only_9case_bo_place_batch_20260421_220319_ibex_asap7_trial_9e4b381e_940a9a935c60/metrics.json	31	64 8	1	0.6597475083381839	0.5771012395996074	1.1298551126167375	70.17677536278231	164	818	1.219988281723468	2.00 1.50 1.20 1.05
a050751f	ok	63324.0	63324.0	63342.0	-0.02841716396703609	7.389	1.0700941346850108	0.02841716396703609	0.02841716396703609	0.0	0	<ORIGINAL_WORKSPACE>/OpenROAD-flow-scripts/flow/reports/asap7/ibex/place_batch_20260421_220319/dpl_evolve_baseline/openroad_dpl_hpwl_only_9case_bo_place_batch_20260421_220319_ibex_asap7_trial_a050751f_70426b73de64/metrics.json	113	64 8	1	0.7833702695936758	0.877827606282627	0.846002033688433	108.59119411342374	72	1673	1.8491776130213875	1.04
a05b30e7	ok	63352.6	63352.6	63342.0	0.016734552113918957	7.943	1.1503258508327299	-0.08165872620792333	-0.016734552113918954	0.06492417409400437	0	<ORIGINAL_WORKSPACE>/OpenROAD-flow-scripts/flow/reports/asap7/ibex/place_batch_20260421_220319/dpl_evolve_baseline/openroad_dpl_hpwl_only_9case_bo_place_batch_20260421_220319_ibex_asap7_trial_a05b30e7_9b505c281778/metrics.json	54	omit	0	0.24884350787081966	0.15391907288549012	0.7102115593933388	105.65718208540832	348	859	1.589027561744119	1.10 1.04
a17a065e	ok	63315.1	63315.1	63342.0	-0.04246787281740624	7.634	1.1055756698044894	0.035202677932435686	0.04246787281740623	0.0072651948849705465	0	<ORIGINAL_WORKSPACE>/OpenROAD-flow-scripts/flow/reports/asap7/ibex/place_batch_20260421_220319/dpl_evolve_baseline/openroad_dpl_hpwl_only_9case_bo_place_batch_20260421_220319_ibex_asap7_trial_a17a065e_e0e77d282183/metrics.json	69	64 8	0	0.5424874904620895	0.06187350191338953	1.1517157818590453	147.6680036239412	881	992	1.4163310348498408	1.75 1.35 1.15 1.05
a18b2909	ok	63326.0	63326.0	63342.0	-0.02525970130403208	7.627	1.1045619116582186	0.01931408594912676	0.02525970130403208	0.005945615354905319	0	<ORIGINAL_WORKSPACE>/OpenROAD-flow-scripts/flow/reports/asap7/ibex/place_batch_20260421_220319/dpl_evolve_baseline/openroad_dpl_hpwl_only_9case_bo_place_batch_20260421_220319_ibex_asap7_trial_a18b2909_f144dc660c36/metrics.json	17	64 8	0	0.951488444513453	0.0621583419694653	0.48930967224749067	138.7802110772103	803	404	1.2886435533306562	1.10 1.04
a21d7c0d	ok	63336.9	63336.9	63342.0	-0.008051529790657928	7.362	1.066183924692252	0.008051529790657928	0.008051529790657928	0.0	0	<ORIGINAL_WORKSPACE>/OpenROAD-flow-scripts/flow/reports/asap7/ibex/place_batch_20260421_220319/dpl_evolve_baseline/openroad_dpl_hpwl_only_9case_bo_place_batch_20260421_220319_ibex_asap7_trial_a21d7c0d_c1e572b735e7/metrics.json	22	64 8	1	0.4034665151173594	0.4770603052722183	0.11891613352732527	112.24043256517037	221	580	1.2991070161889997	2.00 1.50 1.20 1.05
a21db59c	ok	63304.9	63304.9	63342.0	-0.05857093239872208	8.613	1.2473569876900796	-0.12764046945826257	0.05857093239872209	0.18621140185698465	0	<ORIGINAL_WORKSPACE>/OpenROAD-flow-scripts/flow/reports/asap7/ibex/place_batch_20260421_220319/dpl_evolve_baseline/openroad_dpl_hpwl_only_9case_bo_place_batch_20260421_220319_ibex_asap7_trial_a21db59c_adbe3fd42cf8/metrics.json	38	64 8	1	0.31643292955875546	0.6958235858029481	0.9880282327396546	127.69498389253111	679	128	1.2548597107152824	omit
a3120f6f	ok	63298.3	63298.3	63342.0	-0.06899055918663302	7.647	1.1074583635047068	0.05927632069297799	0.06899055918663302	0.00971423849365503	0	<ORIGINAL_WORKSPACE>/OpenROAD-flow-scripts/flow/reports/asap7/ibex/place_batch_20260421_220319/dpl_evolve_baseline/openroad_dpl_hpwl_only_9case_bo_place_batch_20260421_220319_ibex_asap7_trial_a3120f6f_0e55b88b83ed/metrics.json	36	64 8	1	0.38958678675881947	0.09120315924269717	1.5268584914310088	67.09350611854936	437	1951	1.4077168751765028	2.00 1.50 1.20 1.05
a604c913	ok	63330.1	63330.1	63342.0	-0.018786902844876156	7.876	1.140622737146995	-0.03373174253775975	0.018786902844876156	0.052518645382635905	0	<ORIGINAL_WORKSPACE>/OpenROAD-flow-scripts/flow/reports/asap7/ibex/place_batch_20260421_220319/dpl_evolve_baseline/openroad_dpl_hpwl_only_9case_bo_place_batch_20260421_220319_ibex_asap7_trial_a604c913_2d30cb17793d/metrics.json	32	256 32	1	0.13320640338249976	1.9881122647624545	0.0837272676806391	110.90703151876389	883	3728	1.8278669186521623	1.25 1.10 1.04
a6ad0d82	ok	63350.4	63350.4	63342.0	0.01326134318461914	7.702	1.1154236060825489	-0.033313958512750846	-0.01326134318461914	0.02005261532813171	0	<ORIGINAL_WORKSPACE>/OpenROAD-flow-scripts/flow/reports/asap7/ibex/place_batch_20260421_220319/dpl_evolve_baseline/openroad_dpl_hpwl_only_9case_bo_place_batch_20260421_220319_ibex_asap7_trial_a6ad0d82_e3b6ebf62686/metrics.json	60	256 32	1	0.6642020755731947	0.3936698221139895	0.939865787842595	115.66440081082898	173	229	1.1467989812847756	1.10 1.04
a77cfe3c	ok	63337.1	63337.1	63342.0	-0.007735783524362121	7.66	1.109341057204924	-0.004425417758124558	0.007735783524362122	0.01216120128248668	0	<ORIGINAL_WORKSPACE>/OpenROAD-flow-scripts/flow/reports/asap7/ibex/place_batch_20260421_220319/dpl_evolve_baseline/openroad_dpl_hpwl_only_9case_bo_place_batch_20260421_220319_ibex_asap7_trial_a77cfe3c_081b59f062cf/metrics.json	75	512 64	1	0.5589140797775185	0.15711517264952335	0.5482916144875948	139.0189059028897	629	744	1.3360725341952409	2.00 1.50 1.20 1.05
a82b11ed	ok	63344.0	63344.0	63342.0	0.00315746266300401	7.484	1.083852280955829	-0.00315746266300401	-0.00315746266300401	0.0	0	<ORIGINAL_WORKSPACE>/OpenROAD-flow-scripts/flow/reports/asap7/ibex/place_batch_20260421_220319/dpl_evolve_baseline/openroad_dpl_hpwl_only_9case_bo_place_batch_20260421_220319_ibex_asap7_trial_a82b11ed_3c5fd0c06f3e/metrics.json	62	128 16	0	0.5752642392267255	0.12021193793834939	1.4983760736417346	123.50865037004452	721	440	1.5104518326508598	2.50 1.75 1.25 1.08
a86dd354	ok	63342.4	63342.4	63342.0	0.0006314925326030994	7.825	1.1332367849384504	-0.043671714469841964	-0.0006314925326030993	0.043040221937238866	0	<ORIGINAL_WORKSPACE>/OpenROAD-flow-scripts/flow/reports/asap7/ibex/place_batch_20260421_220319/dpl_evolve_baseline/openroad_dpl_hpwl_only_9case_bo_place_batch_20260421_220319_ibex_asap7_trial_a86dd354_6495108e625e/metrics.json	15	omit	1	0.6233601157918027	0.031642485693112565	1.8624026058003345	103.63453762753859	1197	772	1.1371357496288779	omit
a8712a99	ok	63320.1	63320.1	63342.0	-0.03457421615989621	7.695	1.114409847936278	0.015835339584777692	0.034574216159896205	0.018738876575118513	0	<ORIGINAL_WORKSPACE>/OpenROAD-flow-scripts/flow/reports/asap7/ibex/place_batch_20260421_220319/dpl_evolve_baseline/openroad_dpl_hpwl_only_9case_bo_place_batch_20260421_220319_ibex_asap7_trial_a8712a99_532bbd70bac9/metrics.json	79	64 8	0	0.17678366275716476	0.09117001080541687	1.25458624494639	42.13123694165502	497	235	1.027030791613413	1.75 1.35 1.15 1.05
a88dce76	ok	63319.6	63319.6	63342.0	-0.03536358182564721	7.705	1.115858073859522	0.014748118364083983	0.03536358182564721	0.020615463461563226	0	<ORIGINAL_WORKSPACE>/OpenROAD-flow-scripts/flow/reports/asap7/ibex/place_batch_20260421_220319/dpl_evolve_baseline/openroad_dpl_hpwl_only_9case_bo_place_batch_20260421_220319_ibex_asap7_trial_a88dce76_b42cd91afe47/metrics.json	91	64 8	1	0.15319734897547274	0.642951992318227	1.4660251566167333	115.31283436026763	67	375	1.5465916207483996	1.25 1.10 1.04
a919efb4	ok	63313.9	63313.9	63342.0	-0.04436235041520404	7.381	1.0689355539464156	0.04436235041520404	0.04436235041520404	0.0	0	<ORIGINAL_WORKSPACE>/OpenROAD-flow-scripts/flow/reports/asap7/ibex/place_batch_20260421_220319/dpl_evolve_baseline/openroad_dpl_hpwl_only_9case_bo_place_batch_20260421_220319_ibex_asap7_trial_a919efb4_cd7284270c27/metrics.json	32	64 8	1	0.35632714130712534	0.8971603799967978	1.5365688172250365	46.97614828526842	106	1715	1.3960715846651972	2.50 1.75 1.25 1.08
a944351d	ok	63316.4	63316.4	63342.0	-0.04041552208644903	7.703	1.1155684286748733	0.020175278536119508	0.04041552208644903	0.020240243550329523	0	<ORIGINAL_WORKSPACE>/OpenROAD-flow-scripts/flow/reports/asap7/ibex/place_batch_20260421_220319/dpl_evolve_baseline/openroad_dpl_hpwl_only_9case_bo_place_batch_20260421_220319_ibex_asap7_trial_a944351d_68c2b82a0969/metrics.json	96	64 8	1	0.4047503338953418	0.8858096670389185	1.275556674182624	97.67404947068901	498	118	1.7544983945099737	1.25 1.10 1.04
aae245bb	ok	63303.9	63303.9	63342.0	-0.06014966373022409	7.463	1.0808110065170167	0.060149663730224096	0.060149663730224096	0.0	0	<ORIGINAL_WORKSPACE>/OpenROAD-flow-scripts/flow/reports/asap7/ibex/place_batch_20260421_220319/dpl_evolve_baseline/openroad_dpl_hpwl_only_9case_bo_place_batch_20260421_220319_ibex_asap7_trial_aae245bb_273c5fb99435/metrics.json	48	64 8	0	0.6030678553417663	0.3573286174305914	0.8968386987603086	140.4962534286826	91	814	1.6438121579964349	1.10 1.04
aaea8b6a	ok	63342.0	63342.0	63342.0	0.0	8.302	1.2023171614771904	-0.13052210217724372	0.0	0.13052210217724372	0	<ORIGINAL_WORKSPACE>/OpenROAD-flow-scripts/flow/reports/asap7/ibex/place_batch_20260421_220319/dpl_evolve_baseline/openroad_dpl_hpwl_only_9case_bo_place_batch_20260421_220319_ibex_asap7_trial_aaea8b6a_2274519dc40f/metrics.json	1	256	0	0.25	0.3	0.9	25.0	100	1500	1.05	1.25 1.10 1.04
aaec7123	ok	63325.3	63325.3	63342.0	-0.02636481323607889	7.619	1.1034033309196234	0.021928030481174605	0.02636481323607889	0.004436782754904286	0	<ORIGINAL_WORKSPACE>/OpenROAD-flow-scripts/flow/reports/asap7/ibex/place_batch_20260421_220319/dpl_evolve_baseline/openroad_dpl_hpwl_only_9case_bo_place_batch_20260421_220319_ibex_asap7_trial_aaec7123_4f48305ffa25/metrics.json	66	64 8	0	0.3499180628818659	0.619548360726089	1.4226560029932538	80.69008235486166	173	639	1.7261333606480653	omit
ab2ec97c	ok	63320.1	63320.1	63342.0	-0.03457421615989621	7.511	1.087762490948588	0.034574216159896205	0.034574216159896205	0.0	0	<ORIGINAL_WORKSPACE>/OpenROAD-flow-scripts/flow/reports/asap7/ibex/place_batch_20260421_220319/dpl_evolve_baseline/openroad_dpl_hpwl_only_9case_bo_place_batch_20260421_220319_ibex_asap7_trial_ab2ec97c_b6803511f7ca/metrics.json	79	64 8	1	0.4850216495870086	1.5783293794246835	1.466529408326678	51.292448858486836	656	113	1.2872280558423235	2.00 1.50 1.20 1.05
acecf7b0	ok	63344.4	63344.4	63342.0	0.0037889551956071096	7.487	1.0842867487328023	-0.003788955195607109	-0.003788955195607109	0.0	0	<ORIGINAL_WORKSPACE>/OpenROAD-flow-scripts/flow/reports/asap7/ibex/place_batch_20260421_220319/dpl_evolve_baseline/openroad_dpl_hpwl_only_9case_bo_place_batch_20260421_220319_ibex_asap7_trial_acecf7b0_1f220793b702/metrics.json	91	256	1	0.3363076652476935	0.9820184476460169	1.9332321324159065	87.0541736404161	911	1431	1.719008320284572	1.04
ad5e5627	ok	63340.4	63340.4	63342.0	-0.0025259701304009108	7.603	1.101086169442433	0.0011092308757681708	0.0025259701304009108	0.00141673925463274	0	<ORIGINAL_WORKSPACE>/OpenROAD-flow-scripts/flow/reports/asap7/ibex/place_batch_20260421_220319/dpl_evolve_baseline/openroad_dpl_hpwl_only_9case_bo_place_batch_20260421_220319_ibex_asap7_trial_ad5e5627_37039023ced3/metrics.json	56	1024	0	0.3605660346423703	0.6375389093562696	1.4075345834547588	117.73936792104853	386	189	1.1737247750496052	1.10 1.04
ae258f1a	ok	63337.4	63337.4	63342.0	-0.007262164124906926	7.465	1.0811006517016655	0.007262164124906926	0.007262164124906926	0.0	0	<ORIGINAL_WORKSPACE>/OpenROAD-flow-scripts/flow/reports/asap7/ibex/place_batch_20260421_220319/dpl_evolve_baseline/openroad_dpl_hpwl_only_9case_bo_place_batch_20260421_220319_ibex_asap7_trial_ae258f1a_03008a7aef80/metrics.json	68	256 32	0	0.2966513512846441	0.9150571263885819	1.4064071595138352	51.513112713888475	679	1913	1.0599401183454444	1.75 1.35 1.15 1.05
ae5ec972	ok	63295.6	63295.6	63342.0	-0.07325313378169533	7.454	1.079507603186097	0.07325313378169533	0.07325313378169533	0.0	0	<ORIGINAL_WORKSPACE>/OpenROAD-flow-scripts/flow/reports/asap7/ibex/place_batch_20260421_220319/dpl_evolve_baseline/openroad_dpl_hpwl_only_9case_bo_place_batch_20260421_220319_ibex_asap7_trial_ae5ec972_34f83b486788/metrics.json	41	64 8	0	0.90514379834471	0.07238949174241893	0.3647538134995313	144.97937196425497	772	832	1.1525973969912928	1.10 1.04
ae8df5e1	ok	63327.2	63327.2	63342.0	-0.023365223706234266	7.815	1.1317885590152064	-0.01781286537702033	0.02336522370623427	0.0411780890832546	0	<ORIGINAL_WORKSPACE>/OpenROAD-flow-scripts/flow/reports/asap7/ibex/place_batch_20260421_220319/dpl_evolve_baseline/openroad_dpl_hpwl_only_9case_bo_place_batch_20260421_220319_ibex_asap7_trial_ae8df5e1_cd3d55823d99/metrics.json	76	64 8	0	0.6024685564908784	1.1816172291996652	1.9302044594162828	52.503912402985655	533	1125	1.0574804082535725	2.50 1.75 1.25 1.08
af257a3c	ok	63326.0	63326.0	63342.0	-0.02525970130403208	7.747	1.121940622737147	-0.003224160829646952	0.02525970130403208	0.028483862133679032	0	<ORIGINAL_WORKSPACE>/OpenROAD-flow-scripts/flow/reports/asap7/ibex/place_batch_20260421_220319/dpl_evolve_baseline/openroad_dpl_hpwl_only_9case_bo_place_batch_20260421_220319_ibex_asap7_trial_af257a3c_9ef82033e79a/metrics.json	17	64 8	0	0.544588456241466	0.875169976453223	1.5337147924172596	94.17908535577487	526	528	1.363390243078399	1.10 1.04
af6379fb	ok	63352.0	63352.0	63342.0	0.01578731331502005	7.344	1.0635771180304128	-0.01578731331502005	-0.01578731331502005	0.0	0	<ORIGINAL_WORKSPACE>/OpenROAD-flow-scripts/flow/reports/asap7/ibex/place_batch_20260421_220319/dpl_evolve_baseline/openroad_dpl_hpwl_only_9case_bo_place_batch_20260421_220319_ibex_asap7_trial_af6379fb_3b8505625074/metrics.json	32	1024	1	0.42624514210675457	1.0765046578821291	0.31592464951460414	124.81553847089322	226	842	1.1517845308490338	1.10 1.04
b048b86d	ok	63313.1	63313.1	63342.0	-0.04562533548041024	7.795	1.1288921071687184	0.008175089692425357	0.04562533548041024	0.037450245787984886	0	<ORIGINAL_WORKSPACE>/OpenROAD-flow-scripts/flow/reports/asap7/ibex/place_batch_20260421_220319/dpl_evolve_baseline/openroad_dpl_hpwl_only_9case_bo_place_batch_20260421_220319_ibex_asap7_trial_b048b86d_b9dbc0adf67d/metrics.json	54	64 8	0	0.6492202245817695	0.018034027504500144	0.5266358253757182	123.83563851417745	364	568	1.055473198534439	1.10 1.04
b12b4a20	ok	63299.9	63299.9	63342.0	-0.0664645890562321	7.535	1.0912382331643735	0.0664645890562321	0.0664645890562321	0.0	0	<ORIGINAL_WORKSPACE>/OpenROAD-flow-scripts/flow/reports/asap7/ibex/place_batch_20260421_220319/dpl_evolve_baseline/openroad_dpl_hpwl_only_9case_bo_place_batch_20260421_220319_ibex_asap7_trial_b12b4a20_617591dbb5ee/metrics.json	108	64 8	1	0.6419593138243246	0.7814721911859168	1.2983506023255544	55.20003946691727	348	201	1.4756351960103555	2.00 1.50 1.20 1.05
b2b4a27f	ok	63346.7	63346.7	63342.0	0.007420037258054828	8.445	1.22302679217958	-0.1636757367212835	-0.007420037258054828	0.15625569946322868	0	<ORIGINAL_WORKSPACE>/OpenROAD-flow-scripts/flow/reports/asap7/ibex/place_batch_20260421_220319/dpl_evolve_baseline/openroad_dpl_hpwl_only_9case_bo_place_batch_20260421_220319_ibex_asap7_trial_b2b4a27f_f736b58a1b60/metrics.json	36	512 64	0	0.5780881395899538	0.7341876815660746	0.4237859693068473	140.95306330937754	462	521	1.0619445385204203	1.10 1.04
b2bca3ac	ok	63311.0	63311.0	63342.0	-0.04894067127656215	7.523	1.0895003620564807	0.04894067127656215	0.04894067127656215	0.0	0	<ORIGINAL_WORKSPACE>/OpenROAD-flow-scripts/flow/reports/asap7/ibex/place_batch_20260421_220319/dpl_evolve_baseline/openroad_dpl_hpwl_only_9case_bo_place_batch_20260421_220319_ibex_asap7_trial_b2bca3ac_a786c074ba6d/metrics.json	19	64 8	1	0.26993900199564647	1.3433261979082038	0.47857226392486724	69.33417657720302	993	3326	1.3400676223418095	1.25 1.10 1.04
b4124e72	ok	63321.2	63321.2	63342.0	-0.0328376116952463	7.731	1.1196234612599565	0.0073487137528029794	0.0328376116952463	0.02548889794244332	0	<ORIGINAL_WORKSPACE>/OpenROAD-flow-scripts/flow/reports/asap7/ibex/place_batch_20260421_220319/dpl_evolve_baseline/openroad_dpl_hpwl_only_9case_bo_place_batch_20260421_220319_ibex_asap7_trial_b4124e72_86c109c7a839/metrics.json	81	64 8	0	0.6726093737109077	0.5756887779662303	1.145856193565809	115.82395525820361	256	572	1.5666122826065927	2.00 1.50 1.20 1.05
b7086230	ok	63342.0	63342.0	63342.0	0.0	7.652	1.1081824764663288	-0.010655623988989218	0.0	0.010655623988989218	0	<ORIGINAL_WORKSPACE>/OpenROAD-flow-scripts/flow/reports/asap7/ibex/place_batch_20260421_220319/dpl_evolve_baseline/openroad_dpl_hpwl_only_9case_bo_place_batch_20260421_220319_ibex_asap7_trial_b7086230_08ef8cec32a6/metrics.json	1	512	0	0.5	0.6	0.8	45.0	200	1000	1.15	1.50 1.25 1.10 1.04
b7dbcb13	ok	63315.1	63315.1	63342.0	-0.04246787281740624	7.868	1.1394641564083998	-0.00856599473212627	0.04246787281740623	0.0510338675495325	0	<ORIGINAL_WORKSPACE>/OpenROAD-flow-scripts/flow/reports/asap7/ibex/place_batch_20260421_220319/dpl_evolve_baseline/openroad_dpl_hpwl_only_9case_bo_place_batch_20260421_220319_ibex_asap7_trial_b7dbcb13_2e1777fc4fd1/metrics.json	69	64 8	0	0.6250127855590901	0.32869956994603455	1.0633303797747298	44.227717378636754	64	909	1.077154980723108	1.50 1.25 1.10 1.04
b851bdd7	ok	63296.0	63296.0	63342.0	-0.07262164124909223	7.745	1.121650977552498	0.044511980394013495	0.07262164124909223	0.028109660855078742	0	<ORIGINAL_WORKSPACE>/OpenROAD-flow-scripts/flow/reports/asap7/ibex/place_batch_20260421_220319/dpl_evolve_baseline/openroad_dpl_hpwl_only_9case_bo_place_batch_20260421_220319_ibex_asap7_trial_b851bdd7_2d60b4b47e42/metrics.json	56	64 8	1	0.2289795547473933	0.40032925314650075	1.5211182745469878	66.87591036731199	172	577	1.4728724452997448	2.00 1.50 1.20 1.05
b8f5b317	ok	63316.1	63316.1	63342.0	-0.04088914148590423	7.165	1.0376538740043446	0.040889141485904223	0.040889141485904223	0.0	0	<ORIGINAL_WORKSPACE>/OpenROAD-flow-scripts/flow/reports/asap7/ibex/place_batch_20260421_220319/dpl_evolve_baseline/openroad_dpl_hpwl_only_9case_bo_place_batch_20260421_220319_ibex_asap7_trial_b8f5b317_f39bfcbe494c/metrics.json	88	64 8	1	0.6139344598329082	1.0818405769536117	1.1198386703996221	35.94788449217326	180	224	1.6274604283384668	1.75 1.35 1.15 1.05
ba462f78	ok	63322.5	63322.5	63342.0	-0.0307852609642891	7.705	1.115858073859522	0.010169797502725873	0.0307852609642891	0.020615463461563226	0	<ORIGINAL_WORKSPACE>/OpenROAD-flow-scripts/flow/reports/asap7/ibex/place_batch_20260421_220319/dpl_evolve_baseline/openroad_dpl_hpwl_only_9case_bo_place_batch_20260421_220319_ibex_asap7_trial_ba462f78_26eee2de1ba4/metrics.json	87	64 8	0	0.4489099159063246	0.34016559494970794	1.7267266325452006	137.30075412105828	248	227	1.0359854353446043	1.25 1.10 1.04
bb58be34	ok	63346.6	63346.6	63342.0	0.007262164124906926	8.047	1.1653874004344678	-0.0913394974243759	-0.007262164124906926	0.08407733329946898	0	<ORIGINAL_WORKSPACE>/OpenROAD-flow-scripts/flow/reports/asap7/ibex/place_batch_20260421_220319/dpl_evolve_baseline/openroad_dpl_hpwl_only_9case_bo_place_batch_20260421_220319_ibex_asap7_trial_bb58be34_6b7e2a8db0bb/metrics.json	127	256	1	0.5732510588517316	0.3033751493419319	1.236709684134646	134.22194437399259	921	118	1.841129300729569	2.50 1.75 1.25 1.08
bb857650	ok	63320.8	63320.8	63342.0	-0.033469104227837915	7.483	1.0837074583635047	0.03346910422783791	0.03346910422783791	0.0	0	<ORIGINAL_WORKSPACE>/OpenROAD-flow-scripts/flow/reports/asap7/ibex/place_batch_20260421_220319/dpl_evolve_baseline/openroad_dpl_hpwl_only_9case_bo_place_batch_20260421_220319_ibex_asap7_trial_bb857650_9e72177ef169/metrics.json	64	64 8	0	0.26279791646640327	0.4336925895259855	1.059556690821152	139.9694341993377	233	140	1.1964279662822908	1.25 1.10 1.04
bbded5db	ok	63311.6	63311.6	63342.0	-0.04799343247766325	7.343	1.0634322954380884	0.04799343247766325	0.04799343247766325	0.0	0	<ORIGINAL_WORKSPACE>/OpenROAD-flow-scripts/flow/reports/asap7/ibex/place_batch_20260421_220319/dpl_evolve_baseline/openroad_dpl_hpwl_only_9case_bo_place_batch_20260421_220319_ibex_asap7_trial_bbded5db_19fb6b99c785/metrics.json	46	64 8	0	0.21854979696969845	0.8106589633923414	1.0937395924425146	41.174782481822945	242	669	1.0889035777428497	omit
bbfe680b	ok	63359.3	63359.3	63342.0	0.02731205203498928	7.783	1.1271542360608255	-0.06252329602053155	-0.027312052034989282	0.035211243985542276	0	<ORIGINAL_WORKSPACE>/OpenROAD-flow-scripts/flow/reports/asap7/ibex/place_batch_20260421_220319/dpl_evolve_baseline/openroad_dpl_hpwl_only_9case_bo_place_batch_20260421_220319_ibex_asap7_trial_bbfe680b_60351dec9719/metrics.json	120	omit	1	0.5024160289437438	0.7322254174513018	1.016952780379364	58.59118218446913	429	839	1.9867041074998255	1.04
bd0e9df8	ok	63322.5	63322.5	63342.0	-0.0307852609642891	7.885	1.1419261404779144	-0.023402858408611078	0.0307852609642891	0.054188119372900176	0	<ORIGINAL_WORKSPACE>/OpenROAD-flow-scripts/flow/reports/asap7/ibex/place_batch_20260421_220319/dpl_evolve_baseline/openroad_dpl_hpwl_only_9case_bo_place_batch_20260421_220319_ibex_asap7_trial_bd0e9df8_20e7230d4ac3/metrics.json	87	64 8	0	0.14779443756121494	1.4239274467985437	1.5240757474900308	4.582209654296296	765	792	1.0053800555518742	1.50 1.25 1.10 1.04
bdb528f0	ok	63342.0	63342.0	63342.0	0.0	7.981	1.155829109341057	-0.07193689953589481	0.0	0.07193689953589481	0	<ORIGINAL_WORKSPACE>/OpenROAD-flow-scripts/flow/reports/asap7/ibex/place_batch_20260421_220319/dpl_evolve_baseline/openroad_dpl_hpwl_only_9case_bo_place_batch_20260421_220319_ibex_asap7_trial_bdb528f0_6d35be55b58b/metrics.json	1	omit	0	0.4	0.4	0.6	35.0	150	1000	1.1	1.50 1.25 1.10 1.04
bea336cb	ok	63310.4	63310.4	63342.0	-0.04988791007546106	7.552	1.0937002172338883	0.04988791007546106	0.04988791007546106	0.0	0	<ORIGINAL_WORKSPACE>/OpenROAD-flow-scripts/flow/reports/asap7/ibex/place_batch_20260421_220319/dpl_evolve_baseline/openroad_dpl_hpwl_only_9case_bo_place_batch_20260421_220319_ibex_asap7_trial_bea336cb_9102d548c101/metrics.json	3	64 8	0	0.09592837799659631	0.6240250747414154	1.2681668173044367	88.31925993773203	638	575	1.0978040808435312	1.75 1.35 1.15 1.05
beaf0dd8	ok	63342.9	63342.9	63342.0	0.001420858198354102	8.067	1.1682838522809558	-0.08916727346782043	-0.001420858198354102	0.08774641526946632	0	<ORIGINAL_WORKSPACE>/OpenROAD-flow-scripts/flow/reports/asap7/ibex/place_batch_20260421_220319/dpl_evolve_baseline/openroad_dpl_hpwl_only_9case_bo_place_batch_20260421_220319_ibex_asap7_trial_beaf0dd8_57deff435591/metrics.json	61	omit	0	0.007375372175161599	0.6060141077002287	1.803659625502184	5.603049309530348	479	1645	1.2250397886036004	1.75 1.35 1.15 1.05
bf7298af	ok	63314.8	63314.8	63342.0	-0.04294149221684994	7.703	1.1155684286748733	0.022701248666520416	0.04294149221684994	0.020240243550329523	0	<ORIGINAL_WORKSPACE>/OpenROAD-flow-scripts/flow/reports/asap7/ibex/place_batch_20260421_220319/dpl_evolve_baseline/openroad_dpl_hpwl_only_9case_bo_place_batch_20260421_220319_ibex_asap7_trial_bf7298af_d4a3cce24b18/metrics.json	26	64 8	1	0.18267759500883765	0.9792457472532067	1.8449915982056497	126.06091514243981	835	167	1.0425568946803685	1.75 1.35 1.15 1.05
bf9310c5	ok	63327.4	63327.4	63342.0	-0.023049477439926976	7.689	1.1135409123823317	0.005437138325086199	0.023049477439926976	0.017612339114840777	0	<ORIGINAL_WORKSPACE>/OpenROAD-flow-scripts/flow/reports/asap7/ibex/place_batch_20260421_220319/dpl_evolve_baseline/openroad_dpl_hpwl_only_9case_bo_place_batch_20260421_220319_ibex_asap7_trial_bf9310c5_39d6bf7d1cfa/metrics.json	28	64 8	0	0.7622029729037356	0.735969285999826	1.018439735405684	37.647590050007224	482	568	1.2184905318951356	1.75 1.35 1.15 1.05
bfacc411	ok	63344.5	63344.5	63342.0	0.003946828328755012	7.846	1.1362780593772628	-0.05089366021360725	-0.003946828328755012	0.04694683188485224	0	<ORIGINAL_WORKSPACE>/OpenROAD-flow-scripts/flow/reports/asap7/ibex/place_batch_20260421_220319/dpl_evolve_baseline/openroad_dpl_hpwl_only_9case_bo_place_batch_20260421_220319_ibex_asap7_trial_bfacc411_6a12c30029fa/metrics.json	65	64	0	0.7764147504445688	0.8967507728711972	1.539115656185908	14.694744170017287	699	2157	1.0232186186665237	1.25 1.10 1.04
bfafceee	ok	63330.9	63330.9	63342.0	-0.017523917779669957	7.875	1.1404779145546704	-0.034809171625516014	0.017523917779669957	0.05233308940518597	0	<ORIGINAL_WORKSPACE>/OpenROAD-flow-scripts/flow/reports/asap7/ibex/place_batch_20260421_220319/dpl_evolve_baseline/openroad_dpl_hpwl_only_9case_bo_place_batch_20260421_220319_ibex_asap7_trial_bfafceee_f18547e9dd0d/metrics.json	88	64	1	0.4228386206869018	1.3621694008142158	1.6372650575222067	105.21416024948462	719	2108	1.8788160365601336	omit
c03ac413	ok	63339.3	63339.3	63342.0	-0.004262574595050819	7.923	1.1474293989862419	-0.056963953152476265	0.004262574595050818	0.061226527747527085	0	<ORIGINAL_WORKSPACE>/OpenROAD-flow-scripts/flow/reports/asap7/ibex/place_batch_20260421_220319/dpl_evolve_baseline/openroad_dpl_hpwl_only_9case_bo_place_batch_20260421_220319_ibex_asap7_trial_c03ac413_8254b8af3e42/metrics.json	100	1024 128	1	0.5716409571254759	0.16565107215730213	1.7829979993884906	85.04264287177722	956	910	1.9754862011585568	2.00 1.50 1.20 1.05
c209bf50	ok	63345.9	63345.9	63342.0	0.006157052192860116	7.692	1.1139753801593049	-0.024332714958739423	-0.006157052192860116	0.018175662765879307	0	<ORIGINAL_WORKSPACE>/OpenROAD-flow-scripts/flow/reports/asap7/ibex/place_batch_20260421_220319/dpl_evolve_baseline/openroad_dpl_hpwl_only_9case_bo_place_batch_20260421_220319_ibex_asap7_trial_c209bf50_bec715b38a5a/metrics.json	48	512	0	0.17532626146825583	1.1041267522206386	1.563914296877748	20.983555130776217	791	2307	1.025059246828765	1.50 1.25 1.10 1.04
c2d38708	ok	63342.9	63342.9	63342.0	0.001420858198354102	7.889	1.1425054308472122	-0.0563506601725371	-0.001420858198354102	0.054929801974183	0	<ORIGINAL_WORKSPACE>/OpenROAD-flow-scripts/flow/reports/asap7/ibex/place_batch_20260421_220319/dpl_evolve_baseline/openroad_dpl_hpwl_only_9case_bo_place_batch_20260421_220319_ibex_asap7_trial_c2d38708_5ae278a337d2/metrics.json	61	512	0	0.5096169540138581	0.4310227639730922	1.7147872019746906	146.73770175699832	408	1039	1.3394306391076825	1.25 1.10 1.04
c33fce1d	ok	63301.5	63301.5	63342.0	-0.0639386189258312	7.657	1.1089065894279506	0.05234191695321	0.0639386189258312	0.011596701972621203	0	<ORIGINAL_WORKSPACE>/OpenROAD-flow-scripts/flow/reports/asap7/ibex/place_batch_20260421_220319/dpl_evolve_baseline/openroad_dpl_hpwl_only_9case_bo_place_batch_20260421_220319_ibex_asap7_trial_c33fce1d_9ec37e968ba5/metrics.json	42	64 8	1	0.08558080711451344	0.24733558837245415	0.6136689943411922	100.02156982025343	306	1946	1.1764559174599083	1.10 1.04
c44f19e4	ok	63306.5	63306.5	63342.0	-0.05604496226832118	7.436	1.0769007965242576	0.056044962268321175	0.056044962268321175	0.0	0	<ORIGINAL_WORKSPACE>/OpenROAD-flow-scripts/flow/reports/asap7/ibex/place_batch_20260421_220319/dpl_evolve_baseline/openroad_dpl_hpwl_only_9case_bo_place_batch_20260421_220319_ibex_asap7_trial_c44f19e4_3b7e83173f2a/metrics.json	44	64 8	0	0.33355335288927124	0.2600115036384606	0.6713465566635216	95.96296478156967	250	262	1.537231361694502	1.04
c4655d97	ok	63309.5	63309.5	63342.0	-0.05130876827381517	7.667	1.1103548153511946	0.03783083166489343	0.05130876827381516	0.013477936608921739	0	<ORIGINAL_WORKSPACE>/OpenROAD-flow-scripts/flow/reports/asap7/ibex/place_batch_20260421_220319/dpl_evolve_baseline/openroad_dpl_hpwl_only_9case_bo_place_batch_20260421_220319_ibex_asap7_trial_c4655d97_17f8509e4722/metrics.json	77	64 8	1	0.3606988233398543	0.9747857675222191	1.2674814423878191	31.016034534301287	315	1398	1.047657913208192	1.75 1.35 1.15 1.05
c5266597	ok	63346.2	63346.2	63342.0	0.006630671592303826	8.165	1.182476466328747	-0.11229019931140631	-0.006630671592303826	0.10565952771910249	0	<ORIGINAL_WORKSPACE>/OpenROAD-flow-scripts/flow/reports/asap7/ibex/place_batch_20260421_220319/dpl_evolve_baseline/openroad_dpl_hpwl_only_9case_bo_place_batch_20260421_220319_ibex_asap7_trial_c5266597_a1e98dc252bb/metrics.json	43	256	0	0.6345317916839173	1.4370175686912756	1.8157745553928317	67.44959177993485	279	896	1.6171127991629488	1.04
c5822fff	ok	63351.8	63351.8	63342.0	0.015471567048724242	7.713	1.1170166545981173	-0.03758742339392894	-0.015471567048724244	0.022115856345204698	0	<ORIGINAL_WORKSPACE>/OpenROAD-flow-scripts/flow/reports/asap7/ibex/place_batch_20260421_220319/dpl_evolve_baseline/openroad_dpl_hpwl_only_9case_bo_place_batch_20260421_220319_ibex_asap7_trial_c5822fff_7789f27fd162/metrics.json	13	256 32	0	0.44789352617590517	1.8171910061861911	0.622547589328675	43.16630078795231	199	175	1.678835532939891	1.04
c5d63c29	ok	63348.1	63348.1	63342.0	0.009630261122159934	7.725	1.11875452570601	-0.03399524859012876	-0.009630261122159933	0.02436498746796882	0	<ORIGINAL_WORKSPACE>/OpenROAD-flow-scripts/flow/reports/asap7/ibex/place_batch_20260421_220319/dpl_evolve_baseline/openroad_dpl_hpwl_only_9case_bo_place_batch_20260421_220319_ibex_asap7_trial_c5d63c29_4ca665defb37/metrics.json	42	512 64	1	0.9318611166365406	1.8737367626181873	1.6964433997031407	138.03097714584908	312	441	1.2273097362846888	2.50 1.75 1.25 1.08
c68fecb7	ok	63338.4	63338.4	63342.0	-0.00568343279340492	8.267	1.1972483707458361	-0.11850654915466444	0.00568343279340492	0.12418998194806935	0	<ORIGINAL_WORKSPACE>/OpenROAD-flow-scripts/flow/reports/asap7/ibex/place_batch_20260421_220319/dpl_evolve_baseline/openroad_dpl_hpwl_only_9case_bo_place_batch_20260421_220319_ibex_asap7_trial_c68fecb7_f28af3aa7413/metrics.json	103	1024	1	0.6557700376655016	0.5216550899138734	1.021875666095394	137.04516275008922	690	942	1.5082334090120304	2.50 1.75 1.25 1.08
c876f638	ok	63335.0	63335.0	63342.0	-0.011051119320514035	7.54	1.0919623461259955	0.011051119320514035	0.011051119320514035	0.0	0	<ORIGINAL_WORKSPACE>/OpenROAD-flow-scripts/flow/reports/asap7/ibex/place_batch_20260421_220319/dpl_evolve_baseline/openroad_dpl_hpwl_only_9case_bo_place_batch_20260421_220319_ibex_asap7_trial_c876f638_e08aef7619b2/metrics.json	37	128 16	1	0.0006439389387954478	0.033248248106479306	1.0460909071528564	138.4330886842692	254	2671	1.3111784699744735	1.10 1.04
c994480f	ok	63303.7	63303.7	63342.0	-0.06046540999653138	8.207	1.1885590152063723	-0.052838242971671945	0.06046540999653138	0.11330365296820333	0	<ORIGINAL_WORKSPACE>/OpenROAD-flow-scripts/flow/reports/asap7/ibex/place_batch_20260421_220319/dpl_evolve_baseline/openroad_dpl_hpwl_only_9case_bo_place_batch_20260421_220319_ibex_asap7_trial_c994480f_0945d77050af/metrics.json	111	64 8	1	0.7930763600349366	0.9201454732727516	1.4787531912384317	47.014772755441214	58	279	1.4696578550742825	2.00 1.50 1.20 1.05
ca188538	ok	63342.0	63342.0	63342.0	0.0	7.769	1.125126719768284	-0.032596892531116715	0.0	0.032596892531116715	0	<ORIGINAL_WORKSPACE>/OpenROAD-flow-scripts/flow/reports/asap7/ibex/place_batch_20260421_220319/dpl_evolve_baseline/openroad_dpl_hpwl_only_9case_bo_place_batch_20260421_220319_ibex_asap7_trial_ca188538_2e78f0cc008f/metrics.json	1	512	1	0.18675189254464336	0.2573457228884696	1.2045252318257782	83.41950884913388	244	1325	1.2070126849090637	1.10 1.04
cc209be2	ok	63316.1	63316.1	63342.0	-0.04088914148590423	7.683	1.1126719768283853	0.024403779455765974	0.040889141485904223	0.01648536203013825	0	<ORIGINAL_WORKSPACE>/OpenROAD-flow-scripts/flow/reports/asap7/ibex/place_batch_20260421_220319/dpl_evolve_baseline/openroad_dpl_hpwl_only_9case_bo_place_batch_20260421_220319_ibex_asap7_trial_cc209be2_0bc7cbbc6e99/metrics.json	88	64 8	1	0.38496470211824807	0.25739045447370024	1.7734829840153328	82.86409805158966	51	508	1.1187056382602032	2.00 1.50 1.20 1.05
cc2b54d6	ok	63304.7	63304.7	63342.0	-0.05888667866502938	6.868	0.9946415640839971	0.058886678665029384	0.058886678665029384	0.0	0	<ORIGINAL_WORKSPACE>/OpenROAD-flow-scripts/flow/reports/asap7/ibex/place_batch_20260421_220319/dpl_evolve_baseline/openroad_dpl_hpwl_only_9case_bo_place_batch_20260421_220319_ibex_asap7_trial_cc2b54d6_1c847a868f24/metrics.json	55	64 8	0	0.5206620179078021	0.3710728296517447	1.942498491973486	6.41502770847978	639	348	1.0492830563926714	1.25 1.10 1.04
cc893ab4	ok	63336.5	63336.5	63342.0	-0.008683022323261028	8.036	1.1637943519188994	-0.0733743722559632	0.008683022323261028	0.08205739457922423	0	<ORIGINAL_WORKSPACE>/OpenROAD-flow-scripts/flow/reports/asap7/ibex/place_batch_20260421_220319/dpl_evolve_baseline/openroad_dpl_hpwl_only_9case_bo_place_batch_20260421_220319_ibex_asap7_trial_cc893ab4_ec1958ed795c/metrics.json	34	1024	0	0.595212683732584	0.05111389489389911	0.5376852734501234	129.951120905744	494	878	1.1148542269996466	1.75 1.35 1.15 1.05
cca7fc7a	ok	63328.7	63328.7	63342.0	-0.02099712670898126	7.714	1.1171614771904417	-0.0013062240250896785	0.02099712670898126	0.02230335073407094	0	<ORIGINAL_WORKSPACE>/OpenROAD-flow-scripts/flow/reports/asap7/ibex/place_batch_20260421_220319/dpl_evolve_baseline/openroad_dpl_hpwl_only_9case_bo_place_batch_20260421_220319_ibex_asap7_trial_cca7fc7a_0f5595678cda/metrics.json	118	64 8	1	0.7405196392472518	1.409987772993805	0.5916462688678847	83.50849400041594	426	102	1.7819619183338298	2.00 1.50 1.20 1.05
cd1c84d1	ok	63314.6	63314.6	63342.0	-0.04325723848315723	8.099	1.1729181752353366	-0.05035026041962174	0.04325723848315723	0.09360749890277897	0	<ORIGINAL_WORKSPACE>/OpenROAD-flow-scripts/flow/reports/asap7/ibex/place_batch_20260421_220319/dpl_evolve_baseline/openroad_dpl_hpwl_only_9case_bo_place_batch_20260421_220319_ibex_asap7_trial_cd1c84d1_936a71b46818/metrics.json	106	64 8	0	0.2869191496637582	0.8164849182915627	1.3455092957701476	14.395724479090099	390	1493	1.1174532151614416	1.75 1.35 1.15 1.05
cd34ce21	ok	63342.8	63342.8	63342.0	0.0012629850652061988	7.711	1.1167270094134685	-0.02300381616581241	-0.0012629850652061986	0.02174083110060621	0	<ORIGINAL_WORKSPACE>/OpenROAD-flow-scripts/flow/reports/asap7/ibex/place_batch_20260421_220319/dpl_evolve_baseline/openroad_dpl_hpwl_only_9case_bo_place_batch_20260421_220319_ibex_asap7_trial_cd34ce21_bbf2ef4ae75b/metrics.json	1	128	1	0.27348312978428857	1.963720828394435	0.804239682798573	55.3284574878612	1146	3873	1.8239669393176436	1.25 1.10 1.04
cd689a0e	ok	63331.0	63331.0	63342.0	-0.017366044646522055	8.049	1.1656770456191166	-0.06707840187757182	0.017366044646522055	0.08444444652409387	0	<ORIGINAL_WORKSPACE>/OpenROAD-flow-scripts/flow/reports/asap7/ibex/place_batch_20260421_220319/dpl_evolve_baseline/openroad_dpl_hpwl_only_9case_bo_place_batch_20260421_220319_ibex_asap7_trial_cd689a0e_b7633fa16c7e/metrics.json	74	1024	1	0.8154205175766249	0.13251418779187762	1.5280552102867757	30.182851908848296	128	289	1.271505023441568	1.10 1.04
cd7055bf	ok	63297.8	63297.8	63342.0	-0.06977992485238402	7.611	1.1022447501810282	0.06685276704770422	0.06977992485238403	0.002927157804679807	0	<ORIGINAL_WORKSPACE>/OpenROAD-flow-scripts/flow/reports/asap7/ibex/place_batch_20260421_220319/dpl_evolve_baseline/openroad_dpl_hpwl_only_9case_bo_place_batch_20260421_220319_ibex_asap7_trial_cd7055bf_6e2acb1d6d1a/metrics.json	63	64 8	1	0.21017001420354434	0.13994592365200087	0.5904811328860037	141.9857159038068	587	496	1.3245017058100013	omit
cd74f270	ok	63303.9	63303.9	63342.0	-0.06014966373022409	7.243	1.048950036205648	0.060149663730224096	0.060149663730224096	0.0	0	<ORIGINAL_WORKSPACE>/OpenROAD-flow-scripts/flow/reports/asap7/ibex/place_batch_20260421_220319/dpl_evolve_baseline/openroad_dpl_hpwl_only_9case_bo_place_batch_20260421_220319_ibex_asap7_trial_cd74f270_8fe51a21c917/metrics.json	48	64 8	0	0.27829699734857943	0.5863745261611786	1.913078616202394	15.519666856756793	293	1447	1.2112512307778922	1.25 1.10 1.04
ce0eb7eb	ok	63345.1	63345.1	63342.0	0.004894067127653918	7.466	1.0812454742939899	-0.004894067127653918	-0.004894067127653918	0.0	0	<ORIGINAL_WORKSPACE>/OpenROAD-flow-scripts/flow/reports/asap7/ibex/place_batch_20260421_220319/dpl_evolve_baseline/openroad_dpl_hpwl_only_9case_bo_place_batch_20260421_220319_ibex_asap7_trial_ce0eb7eb_6bd3eb2062ee/metrics.json	74	128 16	0	0.032426325314457105	0.1871541916349615	0.17747484433234145	67.7599723037213	482	3904	1.1679832931996148	omit
ce3c4c5e	ok	63308.2	63308.2	63342.0	-0.05336111900477237	7.763	1.1242577842143373	0.021885383859406478	0.05336111900477236	0.031475735145365884	0	<ORIGINAL_WORKSPACE>/OpenROAD-flow-scripts/flow/reports/asap7/ibex/place_batch_20260421_220319/dpl_evolve_baseline/openroad_dpl_hpwl_only_9case_bo_place_batch_20260421_220319_ibex_asap7_trial_ce3c4c5e_221405a08be1/metrics.json	78	64 8	1	0.1768931716053089	0.6279541872538411	1.5062003200440706	78.491531021941	178	1318	1.6015346342511276	2.00 1.50 1.20 1.05
ce40525d	ok	63315.9	63315.9	63342.0	-0.041204887752200034	8.045	1.165097755249819	-0.04250528669867945	0.041204887752200034	0.08371017445087948	0	<ORIGINAL_WORKSPACE>/OpenROAD-flow-scripts/flow/reports/asap7/ibex/place_batch_20260421_220319/dpl_evolve_baseline/openroad_dpl_hpwl_only_9case_bo_place_batch_20260421_220319_ibex_asap7_trial_ce40525d_baf5475452e1/metrics.json	59	64 8	1	0.5871528356740262	0.8906190369881061	0.90560081647333	49.53566093355124	379	1935	1.9262903936970739	1.04
ce44f223	ok	63336.2	63336.2	63342.0	-0.009156641722716224	8.03	1.1629254163649527	-0.07179838538075888	0.009156641722716224	0.0809550271034751	0	<ORIGINAL_WORKSPACE>/OpenROAD-flow-scripts/flow/reports/asap7/ibex/place_batch_20260421_220319/dpl_evolve_baseline/openroad_dpl_hpwl_only_9case_bo_place_batch_20260421_220319_ibex_asap7_trial_ce44f223_4f82f7bded41/metrics.json	84	512	0	0.5098549619796626	0.5760892131652624	0.9164925295161284	139.4297075147608	352	179	1.6732050082541137	1.04
cf16fee1	ok	63342.1	63342.1	63342.0	0.00015787313314790316	7.619	1.1034033309196234	-0.0045946558880521895	-0.00015787313314790316	0.004436782754904286	0	<ORIGINAL_WORKSPACE>/OpenROAD-flow-scripts/flow/reports/asap7/ibex/place_batch_20260421_220319/dpl_evolve_baseline/openroad_dpl_hpwl_only_9case_bo_place_batch_20260421_220319_ibex_asap7_trial_cf16fee1_d2feebcac88d/metrics.json	40	64 8	1	0.22129840482817248	0.5981021278585479	0.5843654274745465	119.56637995710724	70	538	1.1952015599265406	1.50 1.25 1.10 1.04
cf575b24	ok	63342.0	63342.0	63342.0	0.0	7.971	1.154380883417813	-0.07009306703669883	0.0	0.07009306703669883	0	<ORIGINAL_WORKSPACE>/OpenROAD-flow-scripts/flow/reports/asap7/ibex/place_batch_20260421_220319/dpl_evolve_baseline/openroad_dpl_hpwl_only_9case_bo_place_batch_20260421_220319_ibex_asap7_trial_cf575b24_4abf36186b0d/metrics.json	1	1024	1	0.65	0.8	0.9	55.0	400	800	1.2	1.75 1.35 1.15 1.05
d04a1410	ok	63317.9	63317.9	63342.0	-0.03804742508919602	7.75	1.12237509051412	0.009002351593555457	0.03804742508919602	0.029045073495640564	0	<ORIGINAL_WORKSPACE>/OpenROAD-flow-scripts/flow/reports/asap7/ibex/place_batch_20260421_220319/dpl_evolve_baseline/openroad_dpl_hpwl_only_9case_bo_place_batch_20260421_220319_ibex_asap7_trial_d04a1410_5c60592e01c3/metrics.json	77	64	1	0.37122908286402057	0.4104561302076819	0.7894114251251545	136.58767709939718	210	1500	1.195334217729314	1.25 1.10 1.04
d0d2b671	ok	63362.6	63362.6	63342.0	0.032521865428939006	7.918	1.1467052860246199	-0.09282325260423911	-0.032521865428939006	0.060301387175300106	0	<ORIGINAL_WORKSPACE>/OpenROAD-flow-scripts/flow/reports/asap7/ibex/place_batch_20260421_220319/dpl_evolve_baseline/openroad_dpl_hpwl_only_9case_bo_place_batch_20260421_220319_ibex_asap7_trial_d0d2b671_b58da590e315/metrics.json	44	1024 128	1	0.02407016852830679	0.5031388371855482	0.5131628072271395	147.04595069571025	360	1222	1.0849679164743429	1.10 1.04
d1a2ef3a	ok	63344.0	63344.0	63342.0	0.00315746266300401	7.741	1.1210716871832005	-0.030518575987179306	-0.00315746266300401	0.027361113324175297	0	<ORIGINAL_WORKSPACE>/OpenROAD-flow-scripts/flow/reports/asap7/ibex/place_batch_20260421_220319/dpl_evolve_baseline/openroad_dpl_hpwl_only_9case_bo_place_batch_20260421_220319_ibex_asap7_trial_d1a2ef3a_a501a9306f46/metrics.json	62	128 16	1	0.31961034843654246	1.6929259860150756	0.18489013644628327	66.9157192243772	830	3367	1.5773413905669704	1.25 1.10 1.04
d1b5d3ce	ok	63308.2	63308.2	63342.0	-0.05336111900477237	7.631	1.1051412020275162	0.04666138409159636	0.05336111900477236	0.006699734913175997	0	<ORIGINAL_WORKSPACE>/OpenROAD-flow-scripts/flow/reports/asap7/ibex/place_batch_20260421_220319/dpl_evolve_baseline/openroad_dpl_hpwl_only_9case_bo_place_batch_20260421_220319_ibex_asap7_trial_d1b5d3ce_092c6da22467/metrics.json	78	64 8	0	0.3421945798042346	1.3224949873351621	1.9755903648482518	91.60187168128002	386	488	1.50789614528128	1.04
d29bb5f1	ok	63309.4	63309.4	63342.0	-0.05146664140696307	7.482	1.0835626357711803	0.05146664140696307	0.05146664140696307	0.0	0	<ORIGINAL_WORKSPACE>/OpenROAD-flow-scripts/flow/reports/asap7/ibex/place_batch_20260421_220319/dpl_evolve_baseline/openroad_dpl_hpwl_only_9case_bo_place_batch_20260421_220319_ibex_asap7_trial_d29bb5f1_a4465a07d31c/metrics.json	68	64 8	1	0.2605645298076301	0.09908425567074072	0.7056358810058414	143.92181148698072	707	746	1.1055537894081562	omit
d30f44bc	ok	63341.7	63341.7	63342.0	-0.0004736193994551962	7.863	1.1387400434467778	-0.049631878660839866	0.00047361939945519624	0.050105498060295066	0	<ORIGINAL_WORKSPACE>/OpenROAD-flow-scripts/flow/reports/asap7/ibex/place_batch_20260421_220319/dpl_evolve_baseline/openroad_dpl_hpwl_only_9case_bo_place_batch_20260421_220319_ibex_asap7_trial_d30f44bc_aeab8d822687/metrics.json	93	512	1	0.7223661139484215	0.545428778570523	1.440529323092451	22.249025483251657	827	2102	1.1377984365845888	1.25 1.10 1.04
d330771f	ok	63335.8	63335.8	63342.0	-0.009788134255307836	7.578	1.097465604634323	0.009788134255307836	0.009788134255307836	0.0	0	<ORIGINAL_WORKSPACE>/OpenROAD-flow-scripts/flow/reports/asap7/ibex/place_batch_20260421_220319/dpl_evolve_baseline/openroad_dpl_hpwl_only_9case_bo_place_batch_20260421_220319_ibex_asap7_trial_d330771f_626363f25c7e/metrics.json	54	128	1	0.5825808242268724	0.3031593840333286	0.12571046050884313	121.25189665698143	417	181	1.022365324345197	1.50 1.25 1.10 1.04
d3c16d93	ok	63325.4	63325.4	63342.0	-0.026206940102930985	7.275	1.053584359160029	0.026206940102930985	0.026206940102930985	0.0	0	<ORIGINAL_WORKSPACE>/OpenROAD-flow-scripts/flow/reports/asap7/ibex/place_batch_20260421_220319/dpl_evolve_baseline/openroad_dpl_hpwl_only_9case_bo_place_batch_20260421_220319_ibex_asap7_trial_d3c16d93_91de11368432/metrics.json	109	256 32	1	0.5470498038884232	0.18969930831519205	1.0474423130119648	105.92398706851169	990	2806	1.6637457313836834	2.50 1.75 1.25 1.08
d3f45a26	ok	63338.1	63338.1	63342.0	-0.006157052192860116	7.639	1.1062997827661114	-0.0020503291308195306	0.006157052192860116	0.008207381323679647	0	<ORIGINAL_WORKSPACE>/OpenROAD-flow-scripts/flow/reports/asap7/ibex/place_batch_20260421_220319/dpl_evolve_baseline/openroad_dpl_hpwl_only_9case_bo_place_batch_20260421_220319_ibex_asap7_trial_d3f45a26_0e1cde298e22/metrics.json	66	omit	0	0.25325471020674806	0.4415405243688354	1.6672764774001638	77.40998647622207	131	280	1.1549308540028895	1.25 1.10 1.04
d40df3a0	ok	63315.5	63315.5	63342.0	-0.04183638028480313	7.33	1.0615496017378712	0.04183638028480313	0.04183638028480313	0.0	0	<ORIGINAL_WORKSPACE>/OpenROAD-flow-scripts/flow/reports/asap7/ibex/place_batch_20260421_220319/dpl_evolve_baseline/openroad_dpl_hpwl_only_9case_bo_place_batch_20260421_220319_ibex_asap7_trial_d40df3a0_feefab8467ac/metrics.json	94	64 8	0	0.06789810769908541	1.24278382195679	1.309888792030789	10.413786371291609	322	717	1.1163017401792732	1.04
d515fba9	ok	63335.0	63335.0	63342.0	-0.011051119320514035	8.203	1.1879797248370745	-0.10152536571501827	0.011051119320514035	0.1125764850355323	0	<ORIGINAL_WORKSPACE>/OpenROAD-flow-scripts/flow/reports/asap7/ibex/place_batch_20260421_220319/dpl_evolve_baseline/openroad_dpl_hpwl_only_9case_bo_place_batch_20260421_220319_ibex_asap7_trial_d515fba9_da527b46503f/metrics.json	97	512 64	1	0.09639284404479576	0.5404725815268991	1.566857256563245	42.161487671451326	174	392	1.2159518521655999	omit
d680f984	ok	63316.1	63316.1	63342.0	-0.04088914148590423	7.63	1.1049963794351918	0.03437791792930981	0.040889141485904223	0.006511223556594413	0	<ORIGINAL_WORKSPACE>/OpenROAD-flow-scripts/flow/reports/asap7/ibex/place_batch_20260421_220319/dpl_evolve_baseline/openroad_dpl_hpwl_only_9case_bo_place_batch_20260421_220319_ibex_asap7_trial_d680f984_47f34beded4b/metrics.json	47	64 8	0	0.46434381033289884	0.5750143068672343	1.4367116287423856	100.07652286898993	965	1193	1.0999855796238214	2.00 1.50 1.20 1.05
d773c9e7	ok	63329.1	63329.1	63342.0	-0.020365634176378163	7.449	1.078783490224475	0.020365634176378163	0.020365634176378163	0.0	0	<ORIGINAL_WORKSPACE>/OpenROAD-flow-scripts/flow/reports/asap7/ibex/place_batch_20260421_220319/dpl_evolve_baseline/openroad_dpl_hpwl_only_9case_bo_place_batch_20260421_220319_ibex_asap7_trial_d773c9e7_0400b416f1a1/metrics.json	38	64	0	0.2743889359073396	0.15902458691024524	1.54707953089176	149.2027886943075	667	989	1.4873152177849598	1.25 1.10 1.04
d7cba3fb	ok	63357.1	63357.1	63342.0	0.02383884310567798	7.931	1.148587979724837	-0.08654498879383293	-0.02383884310567798	0.06270614568815495	0	<ORIGINAL_WORKSPACE>/OpenROAD-flow-scripts/flow/reports/asap7/ibex/place_batch_20260421_220319/dpl_evolve_baseline/openroad_dpl_hpwl_only_9case_bo_place_batch_20260421_220319_ibex_asap7_trial_d7cba3fb_7967728c732d/metrics.json	63	omit	1	0.4277373293360762	1.615396818224419	0.7393929822025813	32.05398564443717	933	1304	1.7332450677264275	omit
d7ce4927	ok	63311.6	63311.6	63342.0	-0.04799343247766325	7.43	1.0760318609703112	0.04799343247766325	0.04799343247766325	0.0	0	<ORIGINAL_WORKSPACE>/OpenROAD-flow-scripts/flow/reports/asap7/ibex/place_batch_20260421_220319/dpl_evolve_baseline/openroad_dpl_hpwl_only_9case_bo_place_batch_20260421_220319_ibex_asap7_trial_d7ce4927_e742f062c443/metrics.json	30	64 8	0	0.6538443115896229	1.3326223647995694	1.6116509617790047	15.888729068462382	248	1714	1.1626229259339207	1.75 1.35 1.15 1.05
d8eccfad	ok	63324.7	63324.7	63342.0	-0.02731205203498928	7.672	1.1110789283128166	0.012893958172558541	0.027312052034989282	0.014418093862430741	0	<ORIGINAL_WORKSPACE>/OpenROAD-flow-scripts/flow/reports/asap7/ibex/place_batch_20260421_220319/dpl_evolve_baseline/openroad_dpl_hpwl_only_9case_bo_place_batch_20260421_220319_ibex_asap7_trial_d8eccfad_53aa20342168/metrics.json	45	64	0	0.48377533716560095	0.45748995493127265	1.5435797468104762	52.7467879900098	263	711	1.024242330853905	1.75 1.35 1.15 1.05
d902b03c	ok	63311.6	63311.6	63342.0	-0.04799343247766325	7.5	1.0861694424330195	0.04799343247766325	0.04799343247766325	0.0	0	<ORIGINAL_WORKSPACE>/OpenROAD-flow-scripts/flow/reports/asap7/ibex/place_batch_20260421_220319/dpl_evolve_baseline/openroad_dpl_hpwl_only_9case_bo_place_batch_20260421_220319_ibex_asap7_trial_d902b03c_22ddec4f8122/metrics.json	46	64 8	1	0.4400249069516098	0.06265498041669122	0.25459924628151287	134.8271034016094	62	692	1.664665620387307	2.00 1.50 1.20 1.05
d9bb8f5a	ok	63339.2	63339.2	63342.0	-0.004420447728210208	7.888	1.1423606082548876	-0.0503239512267756	0.004420447728210208	0.054744398954985805	0	<ORIGINAL_WORKSPACE>/OpenROAD-flow-scripts/flow/reports/asap7/ibex/place_batch_20260421_220319/dpl_evolve_baseline/openroad_dpl_hpwl_only_9case_bo_place_batch_20260421_220319_ibex_asap7_trial_d9bb8f5a_5b7a9f9cd75c/metrics.json	41	512 64	0	0.828845807980693	1.1494230094162046	1.2747485866993333	42.83644225435409	725	3025	1.8583138364290424	1.75 1.35 1.15 1.05
da4f95bc	ok	63345.2	63345.2	63342.0	0.0050519402608018215	7.714	1.1171614771904417	-0.02735529099487276	-0.0050519402608018215	0.02230335073407094	0	<ORIGINAL_WORKSPACE>/OpenROAD-flow-scripts/flow/reports/asap7/ibex/place_batch_20260421_220319/dpl_evolve_baseline/openroad_dpl_hpwl_only_9case_bo_place_batch_20260421_220319_ibex_asap7_trial_da4f95bc_a0c5db633f60/metrics.json	19	1024	1	0.40239251985773583	1.809372320687246	0.12226904351036993	116.0811514080628	194	2512	1.010364261335232	1.75 1.35 1.15 1.05
da6755b7	ok	63322.3	63322.3	63342.0	-0.031101007230584905	7.503	1.0866039102099927	0.031101007230584905	0.031101007230584905	0.0	0	<ORIGINAL_WORKSPACE>/OpenROAD-flow-scripts/flow/reports/asap7/ibex/place_batch_20260421_220319/dpl_evolve_baseline/openroad_dpl_hpwl_only_9case_bo_place_batch_20260421_220319_ibex_asap7_trial_da6755b7_abcbff2fa78a/metrics.json	61	64 8	0	0.11794577431865182	1.0126501989778542	0.7144353108468772	110.63571428533636	76	738	1.410321651569502	1.25 1.10 1.04
da8258f3	ok	63309.3	63309.3	63342.0	-0.051624514540110966	7.414	1.0737146994931208	0.051624514540110966	0.051624514540110966	0.0	0	<ORIGINAL_WORKSPACE>/OpenROAD-flow-scripts/flow/reports/asap7/ibex/place_batch_20260421_220319/dpl_evolve_baseline/openroad_dpl_hpwl_only_9case_bo_place_batch_20260421_220319_ibex_asap7_trial_da8258f3_7a1d9342f5d3/metrics.json	82	64 8	0	0.23732740339214836	1.454256806361705	0.7773481641914648	90.34675080449811	280	280	1.6329180309728073	1.50 1.25 1.10 1.04
da911c2a	ok	63295.6	63295.6	63342.0	-0.07325313378169533	7.393	1.0706734250543084	0.07325313378169533	0.07325313378169533	0.0	0	<ORIGINAL_WORKSPACE>/OpenROAD-flow-scripts/flow/reports/asap7/ibex/place_batch_20260421_220319/dpl_evolve_baseline/openroad_dpl_hpwl_only_9case_bo_place_batch_20260421_220319_ibex_asap7_trial_da911c2a_ff4aa4fcb473/metrics.json	41	64 8	0	0.6541340368649204	0.09843238938451626	0.5171316106065242	122.54220165780316	496	403	1.0949722413322134	1.10 1.04
db2e678f	ok	63301.5	63301.5	63342.0	-0.0639386189258312	7.455	1.0796524257784215	0.0639386189258312	0.0639386189258312	0.0	0	<ORIGINAL_WORKSPACE>/OpenROAD-flow-scripts/flow/reports/asap7/ibex/place_batch_20260421_220319/dpl_evolve_baseline/openroad_dpl_hpwl_only_9case_bo_place_batch_20260421_220319_ibex_asap7_trial_db2e678f_197e986389ee/metrics.json	42	64 8	0	0.34407313741607015	0.5466292365525823	1.3999416626040078	102.95286326050385	612	380	1.0593535225729305	1.75 1.35 1.15 1.05
db693c5b	ok	63344.3	63344.3	63342.0	0.003631082062459206	7.824	1.133091962346126	-0.04648514427859634	-0.003631082062459206	0.042854062216137134	0	<ORIGINAL_WORKSPACE>/OpenROAD-flow-scripts/flow/reports/asap7/ibex/place_batch_20260421_220319/dpl_evolve_baseline/openroad_dpl_hpwl_only_9case_bo_place_batch_20260421_220319_ibex_asap7_trial_db693c5b_6db476068fab/metrics.json	73	1024	1	0.2576688066213667	0.39150492463287406	0.832844222641076	130.94772257465684	651	1560	1.03526924526419	1.10 1.04
db8c1287	ok	63322.8	63322.8	63342.0	-0.030311641564833902	7.631	1.1051412020275162	0.023611906651657903	0.030311641564833902	0.006699734913175997	0	<ORIGINAL_WORKSPACE>/OpenROAD-flow-scripts/flow/reports/asap7/ibex/place_batch_20260421_220319/dpl_evolve_baseline/openroad_dpl_hpwl_only_9case_bo_place_batch_20260421_220319_ibex_asap7_trial_db8c1287_d4495f6ff467/metrics.json	14	64 8	0	0.16535419711693278	1.8550171607920678	0.7281434265037379	112.62181547042333	885	3545	1.6236722070556089	1.25 1.10 1.04
dbf091cd	ok	63303.6	63303.6	63342.0	-0.06062328312967929	7.478	1.0829833454018827	0.06062328312967929	0.06062328312967929	0.0	0	<ORIGINAL_WORKSPACE>/OpenROAD-flow-scripts/flow/reports/asap7/ibex/place_batch_20260421_220319/dpl_evolve_baseline/openroad_dpl_hpwl_only_9case_bo_place_batch_20260421_220319_ibex_asap7_trial_dbf091cd_d1835df06761/metrics.json	20	64 8	1	0.24475287709609253	1.877311998425998	0.5641483120942974	75.7120365009743	946	3808	1.7715583174771623	1.25 1.10 1.04
dd9a90dc	ok	63313.5	63313.5	63342.0	-0.044993842947807144	7.271	1.0530050687907313	0.044993842947807144	0.044993842947807144	0.0	0	<ORIGINAL_WORKSPACE>/OpenROAD-flow-scripts/flow/reports/asap7/ibex/place_batch_20260421_220319/dpl_evolve_baseline/openroad_dpl_hpwl_only_9case_bo_place_batch_20260421_220319_ibex_asap7_trial_dd9a90dc_14ecbf2d087f/metrics.json	92	64 8	1	0.3869442668352968	0.4846290138483306	1.7756653959723223	94.51122831212501	1149	3239	1.9435034746243613	2.50 1.75 1.25 1.08
ddaec2da	ok	63311.6	63311.6	63342.0	-0.04799343247766325	7.698	1.1148443157132513	0.0286914518708756	0.04799343247766325	0.01930198060678765	0	<ORIGINAL_WORKSPACE>/OpenROAD-flow-scripts/flow/reports/asap7/ibex/place_batch_20260421_220319/dpl_evolve_baseline/openroad_dpl_hpwl_only_9case_bo_place_batch_20260421_220319_ibex_asap7_trial_ddaec2da_4ea0916e34cd/metrics.json	46	64 8	1	0.904547449923808	0.2731774856430246	0.21774330226341138	141.51079560048748	1185	353	1.3097664814519132	1.04
ddcf16ea	ok	63316.4	63316.4	63342.0	-0.04041552208644903	7.765	1.124547429398986	0.008566019686926246	0.04041552208644903	0.031849502399522785	0	<ORIGINAL_WORKSPACE>/OpenROAD-flow-scripts/flow/reports/asap7/ibex/place_batch_20260421_220319/dpl_evolve_baseline/openroad_dpl_hpwl_only_9case_bo_place_batch_20260421_220319_ibex_asap7_trial_ddcf16ea_9014a221b0e7/metrics.json	9	64 8	1	0.6017147917409832	0.8703570474191015	1.6812709933227579	146.1183251739827	65	467	1.1441045485603674	1.10 1.04
de2c3e81	ok	63320.1	63320.1	63342.0	-0.03457421615989621	7.34	1.0629978276611152	0.034574216159896205	0.034574216159896205	0.0	0	<ORIGINAL_WORKSPACE>/OpenROAD-flow-scripts/flow/reports/asap7/ibex/place_batch_20260421_220319/dpl_evolve_baseline/openroad_dpl_hpwl_only_9case_bo_place_batch_20260421_220319_ibex_asap7_trial_de2c3e81_e44548cad215/metrics.json	79	64 8	0	0.7546041398147161	0.05875432288641508	0.8738287068070106	149.9036955866613	112	512	1.1876192514237187	1.25 1.10 1.04
debfa8ee	ok	63298.5	63298.5	63342.0	-0.06867481292033722	7.541	1.0921071687183201	0.06867481292033721	0.06867481292033721	0.0	0	<ORIGINAL_WORKSPACE>/OpenROAD-flow-scripts/flow/reports/asap7/ibex/place_batch_20260421_220319/dpl_evolve_baseline/openroad_dpl_hpwl_only_9case_bo_place_batch_20260421_220319_ibex_asap7_trial_debfa8ee_6d96c6054787/metrics.json	52	64 8	0	0.6140388760264929	0.8446919291299461	1.4285673032698096	39.58286414860408	478	930	1.1604596866451147	1.75 1.35 1.15 1.05
dec5d619	ok	63298.7	63298.7	63342.0	-0.06835906665404141	7.359	1.0657494569152788	0.06835906665404141	0.06835906665404141	0.0	0	<ORIGINAL_WORKSPACE>/OpenROAD-flow-scripts/flow/reports/asap7/ibex/place_batch_20260421_220319/dpl_evolve_baseline/openroad_dpl_hpwl_only_9case_bo_place_batch_20260421_220319_ibex_asap7_trial_dec5d619_04644f6f8ec7/metrics.json	51	64 8	0	0.2881994924084852	0.73499664967963	1.4556386601816245	15.146950664552271	556	1367	1.0861842744764574	1.75 1.35 1.15 1.05
e0756a7e	ok	63306.9	63306.9	63342.0	-0.05541346973571808	7.769	1.125126719768284	0.02281657720460136	0.05541346973571808	0.032596892531116715	0	<ORIGINAL_WORKSPACE>/OpenROAD-flow-scripts/flow/reports/asap7/ibex/place_batch_20260421_220319/dpl_evolve_baseline/openroad_dpl_hpwl_only_9case_bo_place_batch_20260421_220319_ibex_asap7_trial_e0756a7e_79cf2ed4b5a3/metrics.json	57	64 8	0	0.37953497252460955	0.41679867176281643	1.3036221452551158	131.82315688295702	257	412	1.1608166548226495	omit
e0f5aeaa	ok	63336.5	63336.5	63342.0	-0.008683022323261028	7.668	1.1104996379435192	-0.004982970255541655	0.008683022323261028	0.013665992578802683	0	<ORIGINAL_WORKSPACE>/OpenROAD-flow-scripts/flow/reports/asap7/ibex/place_batch_20260421_220319/dpl_evolve_baseline/openroad_dpl_hpwl_only_9case_bo_place_batch_20260421_220319_ibex_asap7_trial_e0f5aeaa_f2f214ab347f/metrics.json	30	1024	0	0.353864392601848	0.4794246545472617	1.0974074468400574	86.76536695396622	111	2200	1.396526329698033	1.04
e1260314	ok	63278.6	63278.6	63342.0	-0.10009156641722942	7.659	1.1091962346125994	0.08811851928695531	0.10009156641722941	0.011973047130274103	0	<ORIGINAL_WORKSPACE>/OpenROAD-flow-scripts/flow/reports/asap7/ibex/place_batch_20260421_220319/dpl_evolve_baseline/openroad_dpl_hpwl_only_9case_bo_place_batch_20260421_220319_ibex_asap7_trial_e1260314_5777c06bf260/metrics.json	71	64 8	0	0.210545839562991	0.8269674852418485	1.2453454343010923	120.9850778273789	243	129	1.5653515818578223	1.25 1.10 1.04
e267a932	ok	63298.3	63298.3	63342.0	-0.06899055918663302	7.616	1.1029688631426502	0.06511979286747549	0.06899055918663302	0.003870766319157535	0	<ORIGINAL_WORKSPACE>/OpenROAD-flow-scripts/flow/reports/asap7/ibex/place_batch_20260421_220319/dpl_evolve_baseline/openroad_dpl_hpwl_only_9case_bo_place_batch_20260421_220319_ibex_asap7_trial_e267a932_509e22590455/metrics.json	36	64 8	1	0.052890790386518144	0.14745265675458663	0.9270502906188308	117.92411116729288	292	1764	1.193040659887642	1.10 1.04
e2b1ecd0	ok	63298.7	63298.7	63342.0	-0.06835906665404141	7.534	1.0910934105720491	0.06835906665404141	0.06835906665404141	0.0	0	<ORIGINAL_WORKSPACE>/OpenROAD-flow-scripts/flow/reports/asap7/ibex/place_batch_20260421_220319/dpl_evolve_baseline/openroad_dpl_hpwl_only_9case_bo_place_batch_20260421_220319_ibex_asap7_trial_e2b1ecd0_ca0090766e8a/metrics.json	51	64 8	1	0.4022977719776388	0.5325239122915588	0.6732036226482939	130.2819652659296	393	720	1.1576812643192835	1.10 1.04
e5f0b035	ok	63346.2	63346.2	63342.0	0.006630671592303826	7.716	1.1174511223750905	-0.029308974649059776	-0.006630671592303826	0.02267830305675595	0	<ORIGINAL_WORKSPACE>/OpenROAD-flow-scripts/flow/reports/asap7/ibex/place_batch_20260421_220319/dpl_evolve_baseline/openroad_dpl_hpwl_only_9case_bo_place_batch_20260421_220319_ibex_asap7_trial_e5f0b035_10c60b314a4b/metrics.json	12	128 16	0	0.46959723655912083	0.6309602369633779	1.8062443761591642	114.22859514306005	458	744	1.3008088738527985	1.25 1.10 1.04
e6b4d0c9	ok	63342.1	63342.1	63342.0	0.00015787313314790316	7.857	1.1378711078928312	-0.049148938094848806	-0.00015787313314790316	0.0489910649617009	0	<ORIGINAL_WORKSPACE>/OpenROAD-flow-scripts/flow/reports/asap7/ibex/place_batch_20260421_220319/dpl_evolve_baseline/openroad_dpl_hpwl_only_9case_bo_place_batch_20260421_220319_ibex_asap7_trial_e6b4d0c9_24fcbcc897e2/metrics.json	51	omit	0	0.9401074823333672	1.16402835989416	1.763722369603096	126.71016680883328	1092	1893	1.5463468160203733	1.04
e799010f	ok	63306.9	63306.9	63342.0	-0.05541346973571808	7.529	1.0903692976104271	0.05541346973571808	0.05541346973571808	0.0	0	<ORIGINAL_WORKSPACE>/OpenROAD-flow-scripts/flow/reports/asap7/ibex/place_batch_20260421_220319/dpl_evolve_baseline/openroad_dpl_hpwl_only_9case_bo_place_batch_20260421_220319_ibex_asap7_trial_e799010f_401f0e0085df/metrics.json	57	64 8	1	0.544665918853932	0.7233985098778536	1.3863505583662925	144.63814903926385	854	1126	1.981061889357951	2.50 1.75 1.25 1.08
e7a08638	ok	63330.6	63330.6	63342.0	-0.017997537179125153	7.661	1.1094858797972482	0.0056481940256280765	0.017997537179125153	0.012349343153497077	0	<ORIGINAL_WORKSPACE>/OpenROAD-flow-scripts/flow/reports/asap7/ibex/place_batch_20260421_220319/dpl_evolve_baseline/openroad_dpl_hpwl_only_9case_bo_place_batch_20260421_220319_ibex_asap7_trial_e7a08638_e1eaec6f79bf/metrics.json	38	32	0	0.13216114194293815	0.41290811777886605	0.19856817761302625	76.18825499179312	351	1492	1.1080653286972368	1.75 1.35 1.15 1.05
e815b74e	ok	63321.3	63321.3	63342.0	-0.03267973856208691	7.612	1.1023895727733526	0.02956383426429699	0.03267973856208691	0.003115904297789922	0	<ORIGINAL_WORKSPACE>/OpenROAD-flow-scripts/flow/reports/asap7/ibex/place_batch_20260421_220319/dpl_evolve_baseline/openroad_dpl_hpwl_only_9case_bo_place_batch_20260421_220319_ibex_asap7_trial_e815b74e_b0a2d0d41f68/metrics.json	53	64 8	1	0.3697084216934242	0.2870944753003805	1.665272878867518	54.231651444246395	247	360	1.4268290404923456	1.04
e8bedcf9	ok	63319.0	63319.0	63342.0	-0.03631082062454612	7.48	1.0832729905865315	0.03631082062454612	0.03631082062454612	0.0	0	<ORIGINAL_WORKSPACE>/OpenROAD-flow-scripts/flow/reports/asap7/ibex/place_batch_20260421_220319/dpl_evolve_baseline/openroad_dpl_hpwl_only_9case_bo_place_batch_20260421_220319_ibex_asap7_trial_e8bedcf9_44754f84a24c/metrics.json	93	64 8	0	0.13604316962255145	1.560427600967135	1.4961568527619211	84.08212323353355	493	517	1.4548182429699734	1.04
e913a9ab	ok	63312.0	63312.0	63342.0	-0.04736193994506015	7.589	1.0990586531498914	0.04736193994506015	0.04736193994506015	0.0	0	<ORIGINAL_WORKSPACE>/OpenROAD-flow-scripts/flow/reports/asap7/ibex/place_batch_20260421_220319/dpl_evolve_baseline/openroad_dpl_hpwl_only_9case_bo_place_batch_20260421_220319_ibex_asap7_trial_e913a9ab_7f7a4fb47807/metrics.json	65	64 8	0	0.4129952345834703	0.9047420006711311	1.4174956295776266	117.33132730579875	142	634	1.534871775628991	1.25 1.10 1.04
e99a0a36	ok	63352.6	63352.6	63342.0	0.016734552113918957	7.694	1.1142650253439537	-0.035285702953302724	-0.016734552113918954	0.01855115083938377	0	<ORIGINAL_WORKSPACE>/OpenROAD-flow-scripts/flow/reports/asap7/ibex/place_batch_20260421_220319/dpl_evolve_baseline/openroad_dpl_hpwl_only_9case_bo_place_batch_20260421_220319_ibex_asap7_trial_e99a0a36_842d738a1db5/metrics.json	54	omit	0	0.6704675101784022	0.8346096047342539	1.1394451654692157	21.058040789285066	278	3223	1.9682615757193975	2.00 1.50 1.20 1.05
eaa709d3	ok	63312.0	63312.0	63342.0	-0.04736193994506015	7.61	1.1020999275887038	0.04462354103348314	0.04736193994506015	0.0027383989115770018	0	<ORIGINAL_WORKSPACE>/OpenROAD-flow-scripts/flow/reports/asap7/ibex/place_batch_20260421_220319/dpl_evolve_baseline/openroad_dpl_hpwl_only_9case_bo_place_batch_20260421_220319_ibex_asap7_trial_eaa709d3_f8bf4d8a51b4/metrics.json	65	64 8	1	0.3696021446984111	0.10370149954266045	0.5507373847373132	148.35901801965136	374	434	1.0296587895975622	1.10 1.04
eb24e90e	ok	63303.6	63303.6	63342.0	-0.06062328312967929	7.419	1.0744388124547428	0.06062328312967929	0.06062328312967929	0.0	0	<ORIGINAL_WORKSPACE>/OpenROAD-flow-scripts/flow/reports/asap7/ibex/place_batch_20260421_220319/dpl_evolve_baseline/openroad_dpl_hpwl_only_9case_bo_place_batch_20260421_220319_ibex_asap7_trial_eb24e90e_1e0fedf8bd62/metrics.json	20	64 8	1	0.34544523960578577	0.18695682705415276	1.4468678516530935	63.15394558900576	735	1866	1.4632154712387406	2.00 1.50 1.20 1.05
eba1e14f	ok	63315.9	63315.9	63342.0	-0.041204887752200034	7.843	1.1358435916002896	-0.005184177358677995	0.041204887752200034	0.04638906511087803	0	<ORIGINAL_WORKSPACE>/OpenROAD-flow-scripts/flow/reports/asap7/ibex/place_batch_20260421_220319/dpl_evolve_baseline/openroad_dpl_hpwl_only_9case_bo_place_batch_20260421_220319_ibex_asap7_trial_eba1e14f_daff4290abba/metrics.json	59	64 8	1	0.24736836719276853	1.2053444618969775	0.9067126466638289	47.46433813105362	220	1589	1.3009730562938957	2.00 1.50 1.20 1.05
ebaf454e	ok	63350.3	63350.3	63342.0	0.013103470051471236	7.77	1.1252715423606081	-0.04588718005055429	-0.013103470051471236	0.032783709999083054	0	<ORIGINAL_WORKSPACE>/OpenROAD-flow-scripts/flow/reports/asap7/ibex/place_batch_20260421_220319/dpl_evolve_baseline/openroad_dpl_hpwl_only_9case_bo_place_batch_20260421_220319_ibex_asap7_trial_ebaf454e_f3ff083197e2/metrics.json	25	omit	0	0.7467519345843123	0.16771384468001416	0.5625355902371845	129.25972276230345	232	818	1.1704598485705449	1.25 1.10 1.04
ec9e9ce7	ok	63300.0	63300.0	63342.0	-0.06630671592308421	7.582	1.0980448950036206	0.06630671592308421	0.06630671592308421	0.0	0	<ORIGINAL_WORKSPACE>/OpenROAD-flow-scripts/flow/reports/asap7/ibex/place_batch_20260421_220319/dpl_evolve_baseline/openroad_dpl_hpwl_only_9case_bo_place_batch_20260421_220319_ibex_asap7_trial_ec9e9ce7_a3cbca4eb488/metrics.json	70	64 8	0	0.29126703388013614	0.5373277118458734	1.6601670548342424	94.20646695306628	112	105	1.0673163088794515	1.10 1.04
eca3bc6f	ok	63334.4	63334.4	63342.0	-0.01199835811941294	8.132	1.1776973207820418	-0.0876412686657499	0.01199835811941294	0.09963962678516283	0	<ORIGINAL_WORKSPACE>/OpenROAD-flow-scripts/flow/reports/asap7/ibex/place_batch_20260421_220319/dpl_evolve_baseline/openroad_dpl_hpwl_only_9case_bo_place_batch_20260421_220319_ibex_asap7_trial_eca3bc6f_11f95d950129/metrics.json	82	omit	0	0.4090516642284971	1.085100802300855	1.520724912482818	36.100375152453054	125	1761	1.0637552689391183	1.75 1.35 1.15 1.05
ed1f9fe1	ok	63342.2	63342.2	63342.0	0.0003157462662958063	7.619	1.1034033309196234	-0.004752529021200092	-0.0003157462662958063	0.004436782754904286	0	<ORIGINAL_WORKSPACE>/OpenROAD-flow-scripts/flow/reports/asap7/ibex/place_batch_20260421_220319/dpl_evolve_baseline/openroad_dpl_hpwl_only_9case_bo_place_batch_20260421_220319_ibex_asap7_trial_ed1f9fe1_05cddc62f628/metrics.json	82	128	0	0.7169773624625567	0.1785066072940378	1.492634720701771	117.6115242676207	736	1239	1.4809891611228638	1.75 1.35 1.15 1.05
ed299b9c	ok	63304.7	63304.7	63342.0	-0.05888667866502938	7.241	1.0486603910209993	0.058886678665029384	0.058886678665029384	0.0	0	<ORIGINAL_WORKSPACE>/OpenROAD-flow-scripts/flow/reports/asap7/ibex/place_batch_20260421_220319/dpl_evolve_baseline/openroad_dpl_hpwl_only_9case_bo_place_batch_20260421_220319_ibex_asap7_trial_ed299b9c_226f3925434c/metrics.json	55	64 8	1	0.664450270153527	0.4911353501267396	0.21134740503471713	141.74607932290576	74	806	1.2688661686398852	omit
ed97d1e4	ok	63320.1	63320.1	63342.0	-0.03457421615989621	7.662	1.1096307023895726	0.022036743414185767	0.034574216159896205	0.012537472745710439	0	<ORIGINAL_WORKSPACE>/OpenROAD-flow-scripts/flow/reports/asap7/ibex/place_batch_20260421_220319/dpl_evolve_baseline/openroad_dpl_hpwl_only_9case_bo_place_batch_20260421_220319_ibex_asap7_trial_ed97d1e4_4f05e2b5969a/metrics.json	107	64 8	0	0.1788730742790813	0.43750041676093787	1.4900946860252477	109.09106942456165	344	882	1.464292575587088	1.10 1.04
edaf75df	ok	63320.7	63320.7	63342.0	-0.0336269773609973	7.369	1.0671976828385228	0.033626977360997304	0.033626977360997304	0.0	0	<ORIGINAL_WORKSPACE>/OpenROAD-flow-scripts/flow/reports/asap7/ibex/place_batch_20260421_220319/dpl_evolve_baseline/openroad_dpl_hpwl_only_9case_bo_place_batch_20260421_220319_ibex_asap7_trial_edaf75df_3d2777d3f1bd/metrics.json	24	64 8	1	0.10202072245816257	0.08529837606307172	1.4717921066249533	47.622156654867744	306	1134	1.1254450717615567	2.00 1.50 1.20 1.05
f09e2ded	ok	63336.9	63336.9	63342.0	-0.008051529790657928	7.438	1.0771904417089064	0.008051529790657928	0.008051529790657928	0.0	0	<ORIGINAL_WORKSPACE>/OpenROAD-flow-scripts/flow/reports/asap7/ibex/place_batch_20260421_220319/dpl_evolve_baseline/openroad_dpl_hpwl_only_9case_bo_place_batch_20260421_220319_ibex_asap7_trial_f09e2ded_5436d6b48c27/metrics.json	22	64 8	1	0.38865879438925954	1.909055290988639	0.832765834412262	76.7906424539695	540	3615	1.8810522232517009	1.25 1.10 1.04
f0ef5da1	ok	63315.9	63315.9	63342.0	-0.041204887752200034	7.362	1.066183924692252	0.041204887752200034	0.041204887752200034	0.0	0	<ORIGINAL_WORKSPACE>/OpenROAD-flow-scripts/flow/reports/asap7/ibex/place_batch_20260421_220319/dpl_evolve_baseline/openroad_dpl_hpwl_only_9case_bo_place_batch_20260421_220319_ibex_asap7_trial_f0ef5da1_d3d27c26453c/metrics.json	59	64 8	0	0.8545622922829046	0.6407127522528718	0.5400612912457426	99.88200380303621	888	583	1.0244570006430553	1.10 1.04
f1aa47aa	ok	63304.9	63304.9	63342.0	-0.05857093239872208	7.36	1.0658942795076032	0.05857093239872209	0.05857093239872209	0.0	0	<ORIGINAL_WORKSPACE>/OpenROAD-flow-scripts/flow/reports/asap7/ibex/place_batch_20260421_220319/dpl_evolve_baseline/openroad_dpl_hpwl_only_9case_bo_place_batch_20260421_220319_ibex_asap7_trial_f1aa47aa_09775f127e79/metrics.json	38	64 8	0	0.3330991296331068	0.417656436792038	1.7598784968269474	92.15431366605915	86	345	1.051645282302789	1.10 1.04
f285e72f	ok	63315.9	63315.9	63342.0	-0.041204887752200034	7.581	1.0979000724112962	0.041204887752200034	0.041204887752200034	0.0	0	<ORIGINAL_WORKSPACE>/OpenROAD-flow-scripts/flow/reports/asap7/ibex/place_batch_20260421_220319/dpl_evolve_baseline/openroad_dpl_hpwl_only_9case_bo_place_batch_20260421_220319_ibex_asap7_trial_f285e72f_fbf8066a296f/metrics.json	59	64 8	0	0.20617585011769052	1.3327827855261674	1.2947427123571735	29.467075207609234	656	1266	1.2842311892428926	1.10 1.04
f3d048f2	ok	63352.6	63352.6	63342.0	0.016734552113918957	8.096	1.1724837074583634	-0.10979306688034936	-0.016734552113918954	0.0930585147664304	0	<ORIGINAL_WORKSPACE>/OpenROAD-flow-scripts/flow/reports/asap7/ibex/place_batch_20260421_220319/dpl_evolve_baseline/openroad_dpl_hpwl_only_9case_bo_place_batch_20260421_220319_ibex_asap7_trial_f3d048f2_fa501a3458e9/metrics.json	54	1024	1	0.3584705162499472	0.040062069711388704	1.3229279490261632	72.89984097965407	93	703	1.126239767656835	2.00 1.50 1.20 1.05
f3e43d1b	ok	63342.4	63342.4	63342.0	0.0006314925326030994	7.385	1.0695148443157132	-0.0006314925326030993	-0.0006314925326030993	0.0	0	<ORIGINAL_WORKSPACE>/OpenROAD-flow-scripts/flow/reports/asap7/ibex/place_batch_20260421_220319/dpl_evolve_baseline/openroad_dpl_hpwl_only_9case_bo_place_batch_20260421_220319_ibex_asap7_trial_f3e43d1b_5cefde45c61c/metrics.json	82	128 16	1	0.4366939997917534	0.657454769775938	0.8859856879449433	123.25846527641713	158	2236	1.0447091949290117	1.10 1.04
f3ed3c4a	ok	63333.8	63333.8	63342.0	-0.012945596918311847	7.548	1.093120926864591	0.012945596918311847	0.012945596918311847	0.0	0	<ORIGINAL_WORKSPACE>/OpenROAD-flow-scripts/flow/reports/asap7/ibex/place_batch_20260421_220319/dpl_evolve_baseline/openroad_dpl_hpwl_only_9case_bo_place_batch_20260421_220319_ibex_asap7_trial_f3ed3c4a_fee865765e49/metrics.json	71	128	0	0.29192830634298894	0.6962453564410999	0.681238099602124	128.11547494034085	77	376	1.1293765579932127	1.10 1.04
f53943cb	ok	63351.8	63351.8	63342.0	0.015471567048724242	7.657	1.1089065894279506	-0.027068269021345445	-0.015471567048724244	0.011596701972621203	0	<ORIGINAL_WORKSPACE>/OpenROAD-flow-scripts/flow/reports/asap7/ibex/place_batch_20260421_220319/dpl_evolve_baseline/openroad_dpl_hpwl_only_9case_bo_place_batch_20260421_220319_ibex_asap7_trial_f53943cb_d2131ad95f7b/metrics.json	13	256 32	1	0.27930452745273826	0.5164228258368533	0.9399452899824778	129.98049143392845	281	1799	1.1465681981743312	1.10 1.04
f59b24b7	ok	63297.8	63297.8	63342.0	-0.06977992485238402	7.641	1.1065894279507602	0.06119575529333316	0.06977992485238403	0.008584169559050872	0	<ORIGINAL_WORKSPACE>/OpenROAD-flow-scripts/flow/reports/asap7/ibex/place_batch_20260421_220319/dpl_evolve_baseline/openroad_dpl_hpwl_only_9case_bo_place_batch_20260421_220319_ibex_asap7_trial_f59b24b7_9382bf9d2f32/metrics.json	63	64 8	0	0.3125013784920495	1.0090383394019893	1.364005565632892	115.52249344681383	200	189	1.5190823222119896	1.25 1.10 1.04
f5ef1be8	ok	63311.0	63311.0	63342.0	-0.04894067127656215	7.686	1.1131064446053585	0.031891765718850454	0.04894067127656215	0.0170489055577117	0	<ORIGINAL_WORKSPACE>/OpenROAD-flow-scripts/flow/reports/asap7/ibex/place_batch_20260421_220319/dpl_evolve_baseline/openroad_dpl_hpwl_only_9case_bo_place_batch_20260421_220319_ibex_asap7_trial_f5ef1be8_4725300f2b52/metrics.json	19	64 8	1	0.10482642394570582	1.998382514964742	0.5815927425690032	48.9354010278697	757	3545	1.6046060140236218	1.50 1.25 1.10 1.04
f62a295d	ok	63301.8	63301.8	63342.0	-0.063464999526376	7.788	1.1278783490224475	0.027320628505679685	0.063464999526376	0.03614437102069632	0	<ORIGINAL_WORKSPACE>/OpenROAD-flow-scripts/flow/reports/asap7/ibex/place_batch_20260421_220319/dpl_evolve_baseline/openroad_dpl_hpwl_only_9case_bo_place_batch_20260421_220319_ibex_asap7_trial_f62a295d_913f19f3fa7b/metrics.json	34	64 8	0	0.6391388588372413	0.8932619505863469	1.3199779170931767	29.547283753176284	614	1845	1.0882878155687368	1.50 1.25 1.10 1.04
f6358672	ok	63322.3	63322.3	63342.0	-0.031101007230584905	7.269	1.0527154236060825	0.031101007230584905	0.031101007230584905	0.0	0	<ORIGINAL_WORKSPACE>/OpenROAD-flow-scripts/flow/reports/asap7/ibex/place_batch_20260421_220319/dpl_evolve_baseline/openroad_dpl_hpwl_only_9case_bo_place_batch_20260421_220319_ibex_asap7_trial_f6358672_e2d469690336/metrics.json	61	64 8	0	0.3620089666567417	0.7565830955183808	0.9515302180194692	24.82450304080586	714	709	1.1401701998030775	2.00 1.50 1.20 1.05
f69f1fdf	ok	63305.9	63305.9	63342.0	-0.05699220106722008	7.595	1.0999275887038378	0.05699220106722008	0.05699220106722008	0.0	0	<ORIGINAL_WORKSPACE>/OpenROAD-flow-scripts/flow/reports/asap7/ibex/place_batch_20260421_220319/dpl_evolve_baseline/openroad_dpl_hpwl_only_9case_bo_place_batch_20260421_220319_ibex_asap7_trial_f69f1fdf_d00a62b38847/metrics.json	105	64 8	1	0.6049231583815127	0.7030454595105237	1.0950896770375964	101.55320134964548	333	396	1.6520770596273957	2.00 1.50 1.20 1.05
f6b560a3	ok	63309.6	63309.6	63342.0	-0.05115089514066726	7.6	1.1006517016654598	0.05030076769786725	0.05115089514066726	0.0008501274428000021	0	<ORIGINAL_WORKSPACE>/OpenROAD-flow-scripts/flow/reports/asap7/ibex/place_batch_20260421_220319/dpl_evolve_baseline/openroad_dpl_hpwl_only_9case_bo_place_batch_20260421_220319_ibex_asap7_trial_f6b560a3_ccdb4e41e734/metrics.json	58	64 8	0	0.5081818377269682	0.2655832366028774	1.7618099294913194	145.20024037717397	532	435	1.3690965740815297	1.75 1.35 1.15 1.05
f6d5c2c5	ok	63345.5	63345.5	63342.0	0.005525559660257018	7.769	1.125126719768284	-0.03812245219137373	-0.005525559660257018	0.032596892531116715	0	<ORIGINAL_WORKSPACE>/OpenROAD-flow-scripts/flow/reports/asap7/ibex/place_batch_20260421_220319/dpl_evolve_baseline/openroad_dpl_hpwl_only_9case_bo_place_batch_20260421_220319_ibex_asap7_trial_f6d5c2c5_0ff276a38d21/metrics.json	58	1024 128	1	0.22804770311613773	0.6444196141711496	1.4844963902590504	100.74105322105756	826	1172	1.248455328677511	1.75 1.35 1.15 1.05
f6dda4bc	ok	63324.2	63324.2	63342.0	-0.028101417700740282	7.632	1.1052860246198406	0.02121318378225929	0.028101417700740282	0.006888233918480995	0	<ORIGINAL_WORKSPACE>/OpenROAD-flow-scripts/flow/reports/asap7/ibex/place_batch_20260421_220319/dpl_evolve_baseline/openroad_dpl_hpwl_only_9case_bo_place_batch_20260421_220319_ibex_asap7_trial_f6dda4bc_500be4fb58aa/metrics.json	62	64 8	1	0.47348116878289376	0.03450772356063048	1.4969040757332368	99.02092883212563	730	1097	1.4019887344072062	1.75 1.35 1.15 1.05
f710a883	ok	63329.7	63329.7	63342.0	-0.019418395377479254	7.658	1.1090514120202752	0.007633514683024454	0.019418395377479258	0.011784880694454804	0	<ORIGINAL_WORKSPACE>/OpenROAD-flow-scripts/flow/reports/asap7/ibex/place_batch_20260421_220319/dpl_evolve_baseline/openroad_dpl_hpwl_only_9case_bo_place_batch_20260421_220319_ibex_asap7_trial_f710a883_95ed8e70551c/metrics.json	69	32	0	0.06226860328638986	0.7648491606033078	1.2294027813161543	111.40683120487367	124	397	1.742103367426433	1.25 1.10 1.04
f8927f86	ok	63295.3	63295.3	63342.0	-0.07372675318113904	7.621	1.1036929761042722	0.06891268804214183	0.07372675318113904	0.004814065138997203	0	<ORIGINAL_WORKSPACE>/OpenROAD-flow-scripts/flow/reports/asap7/ibex/place_batch_20260421_220319/dpl_evolve_baseline/openroad_dpl_hpwl_only_9case_bo_place_batch_20260421_220319_ibex_asap7_trial_f8927f86_32cf7a19ad42/metrics.json	7	64 8	0	0.2706516632709657	0.3551340736603453	1.6181539604066861	123.81530885042457	436	388	1.3265743088458783	1.10 1.04
f8d32763	ok	63320.7	63320.7	63342.0	-0.0336269773609973	7.478	1.0829833454018827	0.033626977360997304	0.033626977360997304	0.0	0	<ORIGINAL_WORKSPACE>/OpenROAD-flow-scripts/flow/reports/asap7/ibex/place_batch_20260421_220319/dpl_evolve_baseline/openroad_dpl_hpwl_only_9case_bo_place_batch_20260421_220319_ibex_asap7_trial_f8d32763_89072faeccb6/metrics.json	24	64 8	0	0.3139727254782111	0.37272281117051	1.703889923373741	127.10987989232522	186	719	1.1363413880039877	2.50 1.75 1.25 1.08
f8f3b61a	ok	63319.5	63319.5	63342.0	-0.035521454958795114	7.615	1.1028240405503258	0.031839385557202136	0.035521454958795114	0.0036820694015929777	0	<ORIGINAL_WORKSPACE>/OpenROAD-flow-scripts/flow/reports/asap7/ibex/place_batch_20260421_220319/dpl_evolve_baseline/openroad_dpl_hpwl_only_9case_bo_place_batch_20260421_220319_ibex_asap7_trial_f8f3b61a_9eab0ec39a10/metrics.json	33	64 8	0	0.71718855632535	0.1755354951558363	1.0810457288691029	135.76853275582565	323	410	1.079991960522246	2.00 1.50 1.20 1.05
f8f56500	ok	63343.3	63343.3	63342.0	0.002052350730957201	7.914	1.1461259956553222	-0.0616134151162103	-0.002052350730957201	0.059561064385253104	0	<ORIGINAL_WORKSPACE>/OpenROAD-flow-scripts/flow/reports/asap7/ibex/place_batch_20260421_220319/dpl_evolve_baseline/openroad_dpl_hpwl_only_9case_bo_place_batch_20260421_220319_ibex_asap7_trial_f8f56500_95e7dc18d601/metrics.json	38	512 64	1	0.2269963803560777	0.28292395560489936	1.2114592341370656	148.53532616054238	431	481	1.1118693879003165	1.10 1.04
f938d8ae	ok	63320.7	63320.7	63342.0	-0.0336269773609973	7.327	1.061115133960898	0.033626977360997304	0.033626977360997304	0.0	0	<ORIGINAL_WORKSPACE>/OpenROAD-flow-scripts/flow/reports/asap7/ibex/place_batch_20260421_220319/dpl_evolve_baseline/openroad_dpl_hpwl_only_9case_bo_place_batch_20260421_220319_ibex_asap7_trial_f938d8ae_0e9f6ba1b9fc/metrics.json	24	64 8	1	0.04249808052704395	0.674082692612446	0.9562361878550407	139.01274998406262	344	2565	1.2257182975257328	omit
f98e1d5c	ok	63322.3	63322.3	63342.0	-0.031101007230584905	7.609	1.1019551049963794	0.028551379614548653	0.031101007230584905	0.002549627616036253	0	<ORIGINAL_WORKSPACE>/OpenROAD-flow-scripts/flow/reports/asap7/ibex/place_batch_20260421_220319/dpl_evolve_baseline/openroad_dpl_hpwl_only_9case_bo_place_batch_20260421_220319_ibex_asap7_trial_f98e1d5c_bed901666e6c/metrics.json	61	64 8	1	0.5270741938998253	0.35679117699250223	0.7896695100844262	146.1010852316505	369	134	1.450266875391929	1.25 1.10 1.04
fa2041ff	ok	63311.0	63311.0	63342.0	-0.04894067127656215	7.541	1.0921071687183201	0.04894067127656215	0.04894067127656215	0.0	0	<ORIGINAL_WORKSPACE>/OpenROAD-flow-scripts/flow/reports/asap7/ibex/place_batch_20260421_220319/dpl_evolve_baseline/openroad_dpl_hpwl_only_9case_bo_place_batch_20260421_220319_ibex_asap7_trial_fa2041ff_cea9c77f20f4/metrics.json	19	64 8	0	0.2455099086300665	0.09342754252256324	1.7568138693338453	128.1376468724357	560	126	1.3415962599562161	1.10 1.04
fac8e58e	ok	63352.1	63352.1	63342.0	0.015945186448167954	7.777	1.1262853005068791	-0.050036282255684766	-0.015945186448167954	0.03409109580751681	0	<ORIGINAL_WORKSPACE>/OpenROAD-flow-scripts/flow/reports/asap7/ibex/place_batch_20260421_220319/dpl_evolve_baseline/openroad_dpl_hpwl_only_9case_bo_place_batch_20260421_220319_ibex_asap7_trial_fac8e58e_d4c7e971cc26/metrics.json	8	1024 128	0	0.28706312070403084	0.47391254279568684	1.8349213402152207	143.2872571469572	497	1174	1.7026797098567825	1.10 1.04
fb815cdb	ok	63319.5	63319.5	63342.0	-0.035521454958795114	7.633	1.105430847212165	0.028444734383858073	0.035521454958795114	0.00707672057493704	0	<ORIGINAL_WORKSPACE>/OpenROAD-flow-scripts/flow/reports/asap7/ibex/place_batch_20260421_220319/dpl_evolve_baseline/openroad_dpl_hpwl_only_9case_bo_place_batch_20260421_220319_ibex_asap7_trial_fb815cdb_23602841bc6a/metrics.json	33	64 8	0	0.3744373252661196	0.05769296770442167	1.1335825468700589	73.40512280890783	547	1653	1.1299221401854964	1.04
fbdf6b6d	ok	63330.0	63330.0	63342.0	-0.01894477597802406	7.714	1.1171614771904417	-0.0033585747560468775	0.01894477597802406	0.02230335073407094	0	<ORIGINAL_WORKSPACE>/OpenROAD-flow-scripts/flow/reports/asap7/ibex/place_batch_20260421_220319/dpl_evolve_baseline/openroad_dpl_hpwl_only_9case_bo_place_batch_20260421_220319_ibex_asap7_trial_fbdf6b6d_215e597a414a/metrics.json	33	1024 128	0	0.5879969808075224	0.16278004236038074	0.38847046411646885	101.30616252288435	359	1527	1.0056615466918237	1.10 1.04
fcabe6c7	ok	63278.6	63278.6	63342.0	-0.10009156641722942	7.419	1.0744388124547428	0.10009156641722941	0.10009156641722941	0.0	0	<ORIGINAL_WORKSPACE>/OpenROAD-flow-scripts/flow/reports/asap7/ibex/place_batch_20260421_220319/dpl_evolve_baseline/openroad_dpl_hpwl_only_9case_bo_place_batch_20260421_220319_ibex_asap7_trial_fcabe6c7_87642e7c9319/metrics.json	71	64 8	0	0.3338518838240685	0.8403243716083082	1.4432433393316864	46.18532539920464	449	942	1.0255399147430442	1.75 1.35 1.15 1.05
fcb9f08c	ok	63338.8	63338.8	63342.0	-0.0050519402608018215	8.148	1.1800144822592324	-0.09750794874143108	0.0050519402608018215	0.1025598890022329	0	<ORIGINAL_WORKSPACE>/OpenROAD-flow-scripts/flow/reports/asap7/ibex/place_batch_20260421_220319/dpl_evolve_baseline/openroad_dpl_hpwl_only_9case_bo_place_batch_20260421_220319_ibex_asap7_trial_fcb9f08c_c20c9b08dd82/metrics.json	109	512	1	0.9009494259458497	0.8082468284221735	0.8713187711099438	109.38594651785986	570	1111	1.8575034865772568	2.50 1.75 1.25 1.08
fe53542b	ok	63347.1	63347.1	63342.0	0.008051529790657928	7.367	1.066908037653874	-0.008051529790657928	-0.008051529790657928	0.0	0	<ORIGINAL_WORKSPACE>/OpenROAD-flow-scripts/flow/reports/asap7/ibex/place_batch_20260421_220319/dpl_evolve_baseline/openroad_dpl_hpwl_only_9case_bo_place_batch_20260421_220319_ibex_asap7_trial_fe53542b_8972d6e48f64/metrics.json	37	64	0	0.7873139904660162	0.24121776526194008	0.43575532786741145	116.40607859341254	569	249	1.063032351795884	2.50 1.75 1.25 1.08
fe690b67	ok	63332.6	63332.6	63342.0	-0.014840074516121144	7.779	1.1265749456915277	-0.019624452013128003	0.014840074516121144	0.03446452652924915	0	<ORIGINAL_WORKSPACE>/OpenROAD-flow-scripts/flow/reports/asap7/ibex/place_batch_20260421_220319/dpl_evolve_baseline/openroad_dpl_hpwl_only_9case_bo_place_batch_20260421_220319_ibex_asap7_trial_fe690b67_2bc7262e7e00/metrics.json	19	1024 128	0	0.20498472824999503	0.24351044118395707	1.742372287720376	75.13861157692098	139	390	1.337800473084689	2.00 1.50 1.20 1.05
ffa314de	ok	63328.1	63328.1	63342.0	-0.021944365507880165	7.716	1.1174511223750905	-0.0007339375488757856	0.021944365507880165	0.02267830305675595	0	<ORIGINAL_WORKSPACE>/OpenROAD-flow-scripts/flow/reports/asap7/ibex/place_batch_20260421_220319/dpl_evolve_baseline/openroad_dpl_hpwl_only_9case_bo_place_batch_20260421_220319_ibex_asap7_trial_ffa314de_bc075c42f5d7/metrics.json	43	64 8	0	0.33058501634694337	0.09897276972900455	0.21464299119067778	99.25389408964585	51	976	1.0794224643045347	1.50 1.25 1.10 1.04
