trial	status	score	hpwl_final	hpwl_ref	hpwl_delta_percent	runtime	runtime_ratio	gain_hr	hpwl_gain_percent	runtime_penalty_pp	legalize_exit_status	metrics_path	improve_random_seed	improve_max_displacement	improve_enable_extra_dpl	global_swap_tradeoff	global_swap_area_weight	global_swap_pin_weight	global_swap_congestion_user_weight	global_swap_sampling_moves	global_swap_normalization_interval	global_swap_profiling_excess	global_swap_budget_multipliers
0006b5ba	ok	134656.2	134656.2	134573.0	0.0618251803853757	22.248	0.9675146771037182	-0.061825180385375704	-0.061825180385375704	0.0	0	<ORIGINAL_WORKSPACE>/OpenROAD-flow-scripts/flow/reports/asap7/jpeg/place_batch_20260421_220319/dpl_evolve_baseline/openroad_dpl_hpwl_only_9case_bo_place_batch_20260421_220319_jpeg_asap7_trial_0006b5ba_d9e34a257f7a/metrics.json	73	128 16	0	0.9942142289145114	1.3816130507765736	1.3740026882108747	135.29760576062932	1053	2007	1.1242459971842074	1.75 1.35 1.15 1.05
00cb4da2	ok	133792.4	133792.4	134573.0	-0.580056920779061	30.203	1.313459447706023	0.3139034405420907	0.580056920779061	0.26615348023697033	0	<ORIGINAL_WORKSPACE>/OpenROAD-flow-scripts/flow/reports/asap7/jpeg/place_batch_20260421_220319/dpl_evolve_baseline/openroad_dpl_hpwl_only_9case_bo_place_batch_20260421_220319_jpeg_asap7_trial_00cb4da2_915d2206d054/metrics.json	98	64 8	0	0.5261856155982224	1.9252756512453701	1.5890735141981203	135.4241128273067	1028	3470	1.2063020048815614	2.00 1.50 1.20 1.05
00d3a413	ok	133940.8	133940.8	134573.0	-0.4697821999955501	31.913	1.3878234398782343	0.11606389717394777	0.4697821999955501	0.3537183028216023	0	<ORIGINAL_WORKSPACE>/OpenROAD-flow-scripts/flow/reports/asap7/jpeg/place_batch_20260421_220319/dpl_evolve_baseline/openroad_dpl_hpwl_only_9case_bo_place_batch_20260421_220319_jpeg_asap7_trial_00d3a413_1a7722a0bcb9/metrics.json	101	64 8	1	0.9843754997898778	1.6906672277490287	0.5802121908597124	114.54490398418596	1066	3606	1.3694638440833224	2.00 1.50 1.20 1.05
00d7b1cf	ok	134543.7	134543.7	134573.0	-0.021772569534742006	22.114	0.9616873233311589	0.021772569534742006	0.021772569534742006	0.0	0	<ORIGINAL_WORKSPACE>/OpenROAD-flow-scripts/flow/reports/asap7/jpeg/place_batch_20260421_220319/dpl_evolve_baseline/openroad_dpl_hpwl_only_9case_bo_place_batch_20260421_220319_jpeg_asap7_trial_00d7b1cf_59e834185d79/metrics.json	22	512	0	0.12484288575553369	1.6282272116359582	1.441531006708303	104.24031508655371	783	3814	1.8604186605944584	2.50 1.75 1.25 1.08
00fbbafe	ok	133953.8	133953.8	134573.0	-0.4601220155603365	31.746	1.3805609915198955	0.11485029639755528	0.4601220155603365	0.3452717191627812	0	<ORIGINAL_WORKSPACE>/OpenROAD-flow-scripts/flow/reports/asap7/jpeg/place_batch_20260421_220319/dpl_evolve_baseline/openroad_dpl_hpwl_only_9case_bo_place_batch_20260421_220319_jpeg_asap7_trial_00fbbafe_eac0398c2c28/metrics.json	24	64 8	1	0.0455259027123264	0.09855232000114947	0.2592285817324874	124.47520777824238	591	488	1.8079332095036542	2.00 1.50 1.20 1.05
010caa4e	ok	134559.1	134559.1	134573.0	-0.010328966434570219	21.933	0.9538160469667318	0.010328966434570219	0.010328966434570219	0.0	0	<ORIGINAL_WORKSPACE>/OpenROAD-flow-scripts/flow/reports/asap7/jpeg/place_batch_20260421_220319/dpl_evolve_baseline/openroad_dpl_hpwl_only_9case_bo_place_batch_20260421_220319_jpeg_asap7_trial_010caa4e_d6fa831ac841/metrics.json	63	omit	0	0.039222401414849534	1.4729183719826877	1.256483208197593	46.437735076085374	1005	3884	1.6863456320250432	1.25 1.10 1.04
02afceae	ok	133813.6	133813.6	134573.0	-0.5643033892385502	30.879	1.3428571428571427	0.2632446495738929	0.5643033892385502	0.3010587396646573	0	<ORIGINAL_WORKSPACE>/OpenROAD-flow-scripts/flow/reports/asap7/jpeg/place_batch_20260421_220319/dpl_evolve_baseline/openroad_dpl_hpwl_only_9case_bo_place_batch_20260421_220319_jpeg_asap7_trial_02afceae_c7321ad1fd91/metrics.json	3	64 8	0	0.13968984805315027	1.723081229982842	1.3770986598376993	69.50670053780249	474	3474	1.8712259946290488	1.25 1.10 1.04
05b950c2	ok	133849.1	133849.1	134573.0	-0.537923654819313	31.489	1.3693846488367036	0.20569409217256845	0.537923654819313	0.3322295626467446	0	<ORIGINAL_WORKSPACE>/OpenROAD-flow-scripts/flow/reports/asap7/jpeg/place_batch_20260421_220319/dpl_evolve_baseline/openroad_dpl_hpwl_only_9case_bo_place_batch_20260421_220319_jpeg_asap7_trial_05b950c2_d224f0968402/metrics.json	54	64 8	0	0.4691836837784431	1.9561759977613122	0.4472456114512448	106.56382601158553	553	3781	1.1955288559701214	1.25 1.10 1.04
060ec54f	ok	133836.0	133836.0	134573.0	-0.5476581483655711	30.836	1.3409871711241572	0.24880826399008804	0.5476581483655711	0.2988498843754831	0	<ORIGINAL_WORKSPACE>/OpenROAD-flow-scripts/flow/reports/asap7/jpeg/place_batch_20260421_220319/dpl_evolve_baseline/openroad_dpl_hpwl_only_9case_bo_place_batch_20260421_220319_jpeg_asap7_trial_060ec54f_2c4a85fa0144/metrics.json	33	64 8	0	0.22265691445662314	0.38235178572227657	0.9166675042385657	111.24852989799149	847	923	1.91199503362155	1.25 1.10 1.04
065d66e6	ok	134499.9	134499.9	134573.0	-0.05431996017032081	22.433	0.9755599043270275	0.05431996017032081	0.05431996017032081	0.0	0	<ORIGINAL_WORKSPACE>/OpenROAD-flow-scripts/flow/reports/asap7/jpeg/place_batch_20260421_220319/dpl_evolve_baseline/openroad_dpl_hpwl_only_9case_bo_place_batch_20260421_220319_jpeg_asap7_trial_065d66e6_0274b55de27a/metrics.json	56	512 64	0	0.6693229158176599	1.6414977054214808	1.3400568288472552	78.32066832458023	1117	3415	1.4491999535461646	1.04
084d1b84	ok	133792.4	133792.4	134573.0	-0.580056920779061	30.552	1.3286366601435093	0.29583459710124993	0.580056920779061	0.2842223236778111	0	<ORIGINAL_WORKSPACE>/OpenROAD-flow-scripts/flow/reports/asap7/jpeg/place_batch_20260421_220319/dpl_evolve_baseline/openroad_dpl_hpwl_only_9case_bo_place_batch_20260421_220319_jpeg_asap7_trial_084d1b84_3b0f66463fd2/metrics.json	98	64 8	0	0.926036408644181	1.4017014789646536	1.189969032805326	132.28240105053396	1024	3809	1.769603319896068	2.00 1.50 1.20 1.05
09611b0c	ok	134588.4	134588.4	134573.0	0.011443603100171788	22.986	0.9996086105675147	-0.011443603100171788	-0.011443603100171788	0.0	0	<ORIGINAL_WORKSPACE>/OpenROAD-flow-scripts/flow/reports/asap7/jpeg/place_batch_20260421_220319/dpl_evolve_baseline/openroad_dpl_hpwl_only_9case_bo_place_batch_20260421_220319_jpeg_asap7_trial_09611b0c_d17645545073/metrics.json	17	1024 128	0	0.12754989513994214	1.0659897559956262	1.3508466641993653	22.97090493298678	1197	3538	1.7034209167701535	2.50 1.75 1.25 1.08
0a063bfb	ok	134628.3	134628.3	134573.0	0.041092938405169206	21.344	0.9282017829963035	-0.041092938405169206	-0.041092938405169206	0.0	0	<ORIGINAL_WORKSPACE>/OpenROAD-flow-scripts/flow/reports/asap7/jpeg/place_batch_20260421_220319/dpl_evolve_baseline/openroad_dpl_hpwl_only_9case_bo_place_batch_20260421_220319_jpeg_asap7_trial_0a063bfb_27f51d4a3e8f/metrics.json	48	256	0	0.33461816118786425	1.8980615227653073	0.2949018617820684	6.1986808696465445	1128	3411	1.9929743548554066	1.25 1.10 1.04
0ae78d9d	ok	134515.5	134515.5	134573.0	-0.042727738848060165	20.831	0.9058925853446401	0.04272773884806016	0.04272773884806016	0.0	0	<ORIGINAL_WORKSPACE>/OpenROAD-flow-scripts/flow/reports/asap7/jpeg/place_batch_20260421_220319/dpl_evolve_baseline/openroad_dpl_hpwl_only_9case_bo_place_batch_20260421_220319_jpeg_asap7_trial_0ae78d9d_2142595baec5/metrics.json	56	omit	0	0.5447942253763286	1.6419652580235597	0.6354217824740034	107.45180273463097	1047	3805	1.212495657972822	1.25 1.10 1.04
0b284bdf	ok	133766.2	133766.2	134573.0	-0.5995259078715555	31.005	1.3483365949119372	0.2920035494788233	0.5995259078715555	0.3075223583927322	0	<ORIGINAL_WORKSPACE>/OpenROAD-flow-scripts/flow/reports/asap7/jpeg/place_batch_20260421_220319/dpl_evolve_baseline/openroad_dpl_hpwl_only_9case_bo_place_batch_20260421_220319_jpeg_asap7_trial_0b284bdf_dddc957fede5/metrics.json	11	64 8	0	0.1944608291994279	1.7881028440832336	1.4136288781911621	105.99826451991999	746	3572	1.8535875420072547	1.25 1.10 1.04
0c4b3f2b	ok	134646.9	134646.9	134573.0	0.05491443305863299	21.319	0.9271145901282887	-0.05491443305863299	-0.05491443305863299	0.0	0	<ORIGINAL_WORKSPACE>/OpenROAD-flow-scripts/flow/reports/asap7/jpeg/place_batch_20260421_220319/dpl_evolve_baseline/openroad_dpl_hpwl_only_9case_bo_place_batch_20260421_220319_jpeg_asap7_trial_0c4b3f2b_83c6458fedd5/metrics.json	106	128 16	0	0.4247588851404856	1.5377983855557549	0.6577937100350277	30.963329991703578	953	3901	1.8042533073897824	omit
0e294672	ok	134481.8	134481.8	134573.0	-0.06776990926858407	22.736	0.9887366818873669	0.06776990926858407	0.06776990926858407	0.0	0	<ORIGINAL_WORKSPACE>/OpenROAD-flow-scripts/flow/reports/asap7/jpeg/place_batch_20260421_220319/dpl_evolve_baseline/openroad_dpl_hpwl_only_9case_bo_place_batch_20260421_220319_jpeg_asap7_trial_0e294672_64ac56c9a51a/metrics.json	55	1024 128	0	0.13271464543729386	1.9049698711490963	0.4286152489100601	107.98083933158564	968	3773	1.348037217914272	1.75 1.35 1.15 1.05
0eb6eb6b	ok	133804.0	133804.0	134573.0	-0.5714370638984047	29.429	1.279799956512285	0.34573228368751496	0.5714370638984045	0.22570478021088958	0	<ORIGINAL_WORKSPACE>/OpenROAD-flow-scripts/flow/reports/asap7/jpeg/place_batch_20260421_220319/dpl_evolve_baseline/openroad_dpl_hpwl_only_9case_bo_place_batch_20260421_220319_jpeg_asap7_trial_0eb6eb6b_ebca9db0986c/metrics.json	41	64 8	0	0.13985695634355239	0.37795612425486225	0.7616989967355967	31.214274361858124	399	1741	1.7895388765308207	1.04
0f0864be	ok	134558.5	134558.5	134573.0	-0.01077482110081517	22.972	0.9989997825614264	0.01077482110081517	0.01077482110081517	0.0	0	<ORIGINAL_WORKSPACE>/OpenROAD-flow-scripts/flow/reports/asap7/jpeg/place_batch_20260421_220319/dpl_evolve_baseline/openroad_dpl_hpwl_only_9case_bo_place_batch_20260421_220319_jpeg_asap7_trial_0f0864be_b7368682134f/metrics.json	80	1024 128	0	0.6665338693892849	1.3402681648284975	0.4752917526315556	74.65445593353822	1134	3803	1.800820475224675	1.10 1.04
0f1197ec	ok	133807.0	133807.0	134573.0	-0.5692077905672014	30.532	1.3277669058490975	0.28601813416888494	0.5692077905672015	0.28318965639831656	0	<ORIGINAL_WORKSPACE>/OpenROAD-flow-scripts/flow/reports/asap7/jpeg/place_batch_20260421_220319/dpl_evolve_baseline/openroad_dpl_hpwl_only_9case_bo_place_batch_20260421_220319_jpeg_asap7_trial_0f1197ec_aa00b7405b26/metrics.json	77	64 8	0	0.3021772826548762	1.7353606171113907	0.15963851281222002	143.48872973596917	728	2887	1.6584520792275548	1.75 1.35 1.15 1.05
0f8882ab	ok	133861.4	133861.4	134573.0	-0.5287836341613888	30.917	1.3445096760165254	0.22577416260523897	0.5287836341613888	0.3030094715561499	0	<ORIGINAL_WORKSPACE>/OpenROAD-flow-scripts/flow/reports/asap7/jpeg/place_batch_20260421_220319/dpl_evolve_baseline/openroad_dpl_hpwl_only_9case_bo_place_batch_20260421_220319_jpeg_asap7_trial_0f8882ab_d5322d96242d/metrics.json	28	32	0	0.05128870128836753	0.23502469307181062	0.8102417033366864	129.02302327247597	921	817	1.9231024773093743	1.75 1.35 1.15 1.05
10226078	ok	133771.8	133771.8	134573.0	-0.5953645976533269	32.848	1.4284844531419874	0.19475844647877988	0.5953645976533269	0.40060615117454706	0	<ORIGINAL_WORKSPACE>/OpenROAD-flow-scripts/flow/reports/asap7/jpeg/place_batch_20260421_220319/dpl_evolve_baseline/openroad_dpl_hpwl_only_9case_bo_place_batch_20260421_220319_jpeg_asap7_trial_10226078_962d5149317a/metrics.json	67	64 8	0	0.24869240688252647	1.9516425962972528	0.86344231471173	63.77801020791064	346	3589	1.932603019383219	2.00 1.50 1.20 1.05
125d5b6a	ok	134543.1	134543.1	134573.0	-0.022218424200986957	21.409	0.9310284844531419	0.022218424200986957	0.022218424200986957	0.0	0	<ORIGINAL_WORKSPACE>/OpenROAD-flow-scripts/flow/reports/asap7/jpeg/place_batch_20260421_220319/dpl_evolve_baseline/openroad_dpl_hpwl_only_9case_bo_place_batch_20260421_220319_jpeg_asap7_trial_125d5b6a_bcee6f212cf5/metrics.json	22	512 64	0	0.5729306514928263	1.3473802335623801	0.8733580740052375	142.62373424687442	1134	2004	1.1933724383713789	2.00 1.50 1.20 1.05
12edf5a3	ok	134489.0	134489.0	134573.0	-0.06241965327368788	22.617	0.9835616438356164	0.06241965327368788	0.06241965327368788	0.0	0	<ORIGINAL_WORKSPACE>/OpenROAD-flow-scripts/flow/reports/asap7/jpeg/place_batch_20260421_220319/dpl_evolve_baseline/openroad_dpl_hpwl_only_9case_bo_place_batch_20260421_220319_jpeg_asap7_trial_12edf5a3_8d65d2fd1999/metrics.json	29	1024 128	0	0.04630437740940854	1.2322803378867928	0.6926298553465907	41.963337252170824	814	1670	1.767915437918921	1.25 1.10 1.04
13a52f04	ok	134533.4	134533.4	134573.0	-0.029426407971885758	22.757	0.9896499238964993	0.029426407971885758	0.029426407971885758	0.0	0	<ORIGINAL_WORKSPACE>/OpenROAD-flow-scripts/flow/reports/asap7/jpeg/place_batch_20260421_220319/dpl_evolve_baseline/openroad_dpl_hpwl_only_9case_bo_place_batch_20260421_220319_jpeg_asap7_trial_13a52f04_a5987b5e2e11/metrics.json	46	512	0	0.6352115081417997	1.4776437362388855	0.06749682265182555	130.47395294005122	987	3779	1.1624967226849712	1.25 1.10 1.04
148c34fc	ok	133837.3	133837.3	134573.0	-0.5466921299220584	31.153	1.3547727766905848	0.2315943351313276	0.5466921299220584	0.3150977947907308	0	<ORIGINAL_WORKSPACE>/OpenROAD-flow-scripts/flow/reports/asap7/jpeg/place_batch_20260421_220319/dpl_evolve_baseline/openroad_dpl_hpwl_only_9case_bo_place_batch_20260421_220319_jpeg_asap7_trial_148c34fc_76a4bea1fbdd/metrics.json	26	64 8	0	0.005646266299731889	1.2759059151096204	0.6366322963893708	122.02313074358537	837	2644	1.714812785739285	1.25 1.10 1.04
1526ec2f	ok	134540.2	134540.2	134573.0	-0.024373388421145666	22.086	0.9604696673189823	0.024373388421145666	0.024373388421145666	0.0	0	<ORIGINAL_WORKSPACE>/OpenROAD-flow-scripts/flow/reports/asap7/jpeg/place_batch_20260421_220319/dpl_evolve_baseline/openroad_dpl_hpwl_only_9case_bo_place_batch_20260421_220319_jpeg_asap7_trial_1526ec2f_bd2fa30ef747/metrics.json	45	512	0	0.9931528176398784	1.457125571329	1.533930466325063	123.52299339086142	666	1189	1.0731609875583261	1.75 1.35 1.15 1.05
165350d6	ok	134604.4	134604.4	134573.0	0.02333306086658853	22.526	0.9796042617960425	-0.02333306086658853	-0.02333306086658853	0.0	0	<ORIGINAL_WORKSPACE>/OpenROAD-flow-scripts/flow/reports/asap7/jpeg/place_batch_20260421_220319/dpl_evolve_baseline/openroad_dpl_hpwl_only_9case_bo_place_batch_20260421_220319_jpeg_asap7_trial_165350d6_e8c994762b1d/metrics.json	76	128 16	0	0.755385108866377	0.626922917731901	1.732463236463472	146.0716184648011	1163	2418	1.8202619047594981	1.04
167f5d20	ok	134558.4	134558.4	134573.0	-0.010849130211859601	22.838	0.9931724287888671	0.010849130211859601	0.010849130211859601	0.0	0	<ORIGINAL_WORKSPACE>/OpenROAD-flow-scripts/flow/reports/asap7/jpeg/place_batch_20260421_220319/dpl_evolve_baseline/openroad_dpl_hpwl_only_9case_bo_place_batch_20260421_220319_jpeg_asap7_trial_167f5d20_340c3bf027f5/metrics.json	52	128	0	0.8548979426974024	1.0554292926174933	1.6142141138089663	85.87327757874095	893	2124	1.770883910501888	1.10 1.04
16896e9d	ok	133780.9	133780.9	134573.0	-0.588602468548673	32.718	1.4228310502283106	0.19447517401357917	0.588602468548673	0.3941272945350939	0	<ORIGINAL_WORKSPACE>/OpenROAD-flow-scripts/flow/reports/asap7/jpeg/place_batch_20260421_220319/dpl_evolve_baseline/openroad_dpl_hpwl_only_9case_bo_place_batch_20260421_220319_jpeg_asap7_trial_16896e9d_7fb099b0ee5b/metrics.json	53	64 8	0	0.9973111098058873	1.9000215459745868	1.2284731499411825	142.42827181583442	747	2173	1.1591034846151298	2.00 1.50 1.20 1.05
16bafd0e	ok	133804.4	133804.4	134573.0	-0.5711398274542484	31.219	1.3576429658621438	0.25266959981812726	0.5711398274542485	0.31847022763612126	0	<ORIGINAL_WORKSPACE>/OpenROAD-flow-scripts/flow/reports/asap7/jpeg/place_batch_20260421_220319/dpl_evolve_baseline/openroad_dpl_hpwl_only_9case_bo_place_batch_20260421_220319_jpeg_asap7_trial_16bafd0e_c94a71e59a68/metrics.json	56	64 8	0	0.11956770625855423	1.4345032869295993	0.3558089510720638	39.71748161394932	845	3820	1.8285052342393247	1.10 1.04
17ad7762	ok	133751.3	133751.3	134573.0	-0.6105979654165484	30.303	1.3178082191780822	0.3392565436117124	0.6105979654165484	0.271341421804836	0	<ORIGINAL_WORKSPACE>/OpenROAD-flow-scripts/flow/reports/asap7/jpeg/place_batch_20260421_220319/dpl_evolve_baseline/openroad_dpl_hpwl_only_9case_bo_place_batch_20260421_220319_jpeg_asap7_trial_17ad7762_502e1b353922/metrics.json	52	64 8	0	0.4872105277516271	0.9656683628714169	1.0956283354656904	145.17486514681013	72	608	1.8763572382168237	1.50 1.25 1.10 1.04
183708b5	ok	133918.4	133918.4	134573.0	-0.48642744086852924	30.267	1.3162426614481408	0.2169526905013856	0.48642744086852924	0.26947475036714363	0	<ORIGINAL_WORKSPACE>/OpenROAD-flow-scripts/flow/reports/asap7/jpeg/place_batch_20260421_220319/dpl_evolve_baseline/openroad_dpl_hpwl_only_9case_bo_place_batch_20260421_220319_jpeg_asap7_trial_183708b5_6495108e625e/metrics.json	15	omit	1	0.6233601157918027	0.031642485693112565	1.8624026058003345	103.63453762753859	1197	772	1.1371357496288779	omit
18c35146	ok	134495.2	134495.2	134573.0	-0.05781248838919275	21.751	0.9459012828875842	0.05781248838919275	0.05781248838919275	0.0	0	<ORIGINAL_WORKSPACE>/OpenROAD-flow-scripts/flow/reports/asap7/jpeg/place_batch_20260421_220319/dpl_evolve_baseline/openroad_dpl_hpwl_only_9case_bo_place_batch_20260421_220319_jpeg_asap7_trial_18c35146_3076020d14b2/metrics.json	79	omit	0	0.8846671572978252	1.9083047146476864	0.8160198473128306	131.6977528461415	896	2209	1.2433048684486023	1.75 1.35 1.15 1.05
18c46dab	ok	133810.8	133810.8	134573.0	-0.5663840443476861	30.755	1.3374646662317895	0.27169921395146845	0.5663840443476861	0.2946848303962176	0	<ORIGINAL_WORKSPACE>/OpenROAD-flow-scripts/flow/reports/asap7/jpeg/place_batch_20260421_220319/dpl_evolve_baseline/openroad_dpl_hpwl_only_9case_bo_place_batch_20260421_220319_jpeg_asap7_trial_18c46dab_2f2473e27c6e/metrics.json	78	64 8	0	0.07193244176053197	0.18078086229724946	0.2853654267282823	118.1842928907416	831	737	1.9409428268884672	1.04
1b99cdbb	ok	133841.8	133841.8	134573.0	-0.5433482199252537	30.886	1.343161556860187	0.24193004476174718	0.5433482199252537	0.30141817516350655	0	<ORIGINAL_WORKSPACE>/OpenROAD-flow-scripts/flow/reports/asap7/jpeg/place_batch_20260421_220319/dpl_evolve_baseline/openroad_dpl_hpwl_only_9case_bo_place_batch_20260421_220319_jpeg_asap7_trial_1b99cdbb_072f38411875/metrics.json	85	64 8	0	0.5026106205263148	1.242876410587152	0.5856718344186782	139.0756283853747	985	3379	1.049860606307905	1.04
1c9091e3	ok	133932.4	133932.4	134573.0	-0.4760241653229145	31.73	1.3798651880843662	0.13156286468466183	0.4760241653229146	0.34446130063825275	0	<ORIGINAL_WORKSPACE>/OpenROAD-flow-scripts/flow/reports/asap7/jpeg/place_batch_20260421_220319/dpl_evolve_baseline/openroad_dpl_hpwl_only_9case_bo_place_batch_20260421_220319_jpeg_asap7_trial_1c9091e3_44cc812a4967/metrics.json	89	512	1	0.6962400168394929	0.8676898054778179	1.3648928260296742	118.91471662307484	935	2939	1.5439991400436206	1.04
1d40c38d	ok	134451.7	134451.7	134573.0	-0.09013695169163825	23.94	1.0410958904109588	0.09013695169163827	0.09013695169163827	0.0	0	<ORIGINAL_WORKSPACE>/OpenROAD-flow-scripts/flow/reports/asap7/jpeg/place_batch_20260421_220319/dpl_evolve_baseline/openroad_dpl_hpwl_only_9case_bo_place_batch_20260421_220319_jpeg_asap7_trial_1d40c38d_3dd8d484f934/metrics.json	55	1024	0	0.08283278849044401	1.0357879855988372	0.4228127232648353	74.19600205945322	851	3194	1.8337436949243229	1.25 1.10 1.04
2032449c	ok	134534.9	134534.9	134573.0	-0.02831177130628419	22.558	0.9809958686671015	0.02831177130628419	0.02831177130628419	0.0	0	<ORIGINAL_WORKSPACE>/OpenROAD-flow-scripts/flow/reports/asap7/jpeg/place_batch_20260421_220319/dpl_evolve_baseline/openroad_dpl_hpwl_only_9case_bo_place_batch_20260421_220319_jpeg_asap7_trial_2032449c_6de2730c712a/metrics.json	118	1024	0	0.16432120120659247	0.7687155929816796	0.1316817227692308	44.44961179479574	257	1664	1.7458937705230189	omit
2065870c	ok	134535.8	134535.8	134573.0	-0.027642989306927573	21.246	0.9239399869536855	0.027642989306927573	0.027642989306927573	0.0	0	<ORIGINAL_WORKSPACE>/OpenROAD-flow-scripts/flow/reports/asap7/jpeg/place_batch_20260421_220319/dpl_evolve_baseline/openroad_dpl_hpwl_only_9case_bo_place_batch_20260421_220319_jpeg_asap7_trial_2065870c_a3fdced6e54a/metrics.json	109	256 32	0	0.5343169150208997	1.5790365661716137	0.7859637083160107	122.10155279776205	958	3892	1.2140024670055694	1.10 1.04
2238dec2	ok	134006.5	134006.5	134573.0	-0.4209611140421927	31.095	1.3522504892367906	0.1088299226418809	0.4209611140421927	0.3121311914003118	0	<ORIGINAL_WORKSPACE>/OpenROAD-flow-scripts/flow/reports/asap7/jpeg/place_batch_20260421_220319/dpl_evolve_baseline/openroad_dpl_hpwl_only_9case_bo_place_batch_20260421_220319_jpeg_asap7_trial_2238dec2_0c6208b3b0a0/metrics.json	51	512 64	1	0.5565026368437717	1.6556406692037586	1.0014064613655937	33.459862942937896	331	2744	1.7220920269701891	1.04
2304b388	ok	133823.2	133823.2	134573.0	-0.5571697145786958	31.041	1.3499021526418786	0.24780302133025478	0.5571697145786958	0.309366693248441	0	<ORIGINAL_WORKSPACE>/OpenROAD-flow-scripts/flow/reports/asap7/jpeg/place_batch_20260421_220319/dpl_evolve_baseline/openroad_dpl_hpwl_only_9case_bo_place_batch_20260421_220319_jpeg_asap7_trial_2304b388_f5cc978fb4e1/metrics.json	43	64 8	0	0.023973881039827803	1.7925509562769129	0.2370349206758622	125.71692597100981	552	3879	1.5997211812081167	1.10 1.04
230b2036	ok	134545.7	134545.7	134573.0	-0.020286387313939912	24.576	1.068754076973255	0.020286387313939912	0.020286387313939912	0.0	0	<ORIGINAL_WORKSPACE>/OpenROAD-flow-scripts/flow/reports/asap7/jpeg/place_batch_20260421_220319/dpl_evolve_baseline/openroad_dpl_hpwl_only_9case_bo_place_batch_20260421_220319_jpeg_asap7_trial_230b2036_a5c3a087cee9/metrics.json	66	64	0	0.9206668101985864	1.4065030001117764	1.5250448366497464	127.36599971947209	1011	3160	1.5263792549075428	1.04
234e78a0	ok	134640.8	134640.8	134573.0	0.05038157728518229	21.895	0.9521635138073493	-0.050381577285182284	-0.050381577285182284	0.0	0	<ORIGINAL_WORKSPACE>/OpenROAD-flow-scripts/flow/reports/asap7/jpeg/place_batch_20260421_220319/dpl_evolve_baseline/openroad_dpl_hpwl_only_9case_bo_place_batch_20260421_220319_jpeg_asap7_trial_234e78a0_c02dbebcdcf3/metrics.json	65	128 16	0	0.5245589458351377	1.7046880683987047	1.0777436428909257	138.12809328555622	1130	3836	1.450108150182776	1.04
26cc98f8	ok	134614.6	134614.6	134573.0	0.03091259019268785	21.048	0.9153294194390084	-0.030912590192687852	-0.030912590192687852	0.0	0	<ORIGINAL_WORKSPACE>/OpenROAD-flow-scripts/flow/reports/asap7/jpeg/place_batch_20260421_220319/dpl_evolve_baseline/openroad_dpl_hpwl_only_9case_bo_place_batch_20260421_220319_jpeg_asap7_trial_26cc98f8_e88bea839a11/metrics.json	96	32	0	0.4871913523763918	1.9810339204770107	1.2957484354882167	145.79132971721944	630	3447	1.184231183434551	2.00 1.50 1.20 1.05
289b0b96	ok	134560.4	134560.4	134573.0	-0.009362947991057509	22.123	0.9620787127636443	0.009362947991057509	0.009362947991057509	0.0	0	<ORIGINAL_WORKSPACE>/OpenROAD-flow-scripts/flow/reports/asap7/jpeg/place_batch_20260421_220319/dpl_evolve_baseline/openroad_dpl_hpwl_only_9case_bo_place_batch_20260421_220319_jpeg_asap7_trial_289b0b96_b4152dac6fcb/metrics.json	33	512	0	0.013450515299682286	1.7553604861988052	0.16881712388537445	144.7503811785492	1088	2905	1.2877226880474664	1.10 1.04
28b31ba0	ok	134540.2	134540.2	134573.0	-0.024373388421145666	23.896	1.039182430963253	0.024373388421145666	0.024373388421145666	0.0	0	<ORIGINAL_WORKSPACE>/OpenROAD-flow-scripts/flow/reports/asap7/jpeg/place_batch_20260421_220319/dpl_evolve_baseline/openroad_dpl_hpwl_only_9case_bo_place_batch_20260421_220319_jpeg_asap7_trial_28b31ba0_3a7eb35a57a1/metrics.json	45	1024	0	0.4213350837291591	1.347633004586097	1.551873939729755	110.52544904595224	1005	3286	1.8163275700722303	1.04
28d5b320	ok	134530.0	134530.0	134573.0	-0.03195291774724499	21.286	0.9256794955425093	0.03195291774724499	0.03195291774724499	0.0	0	<ORIGINAL_WORKSPACE>/OpenROAD-flow-scripts/flow/reports/asap7/jpeg/place_batch_20260421_220319/dpl_evolve_baseline/openroad_dpl_hpwl_only_9case_bo_place_batch_20260421_220319_jpeg_asap7_trial_28d5b320_99ac9ee32671/metrics.json	7	1024 128	0	0.18708126378578627	0.09463347642768091	0.8675996812915525	83.57457861479696	817	2229	1.8377650094836997	1.10 1.04
29467cc0	ok	133780.9	133780.9	134573.0	-0.588602468548673	30.862	1.3421178517068926	0.28841681331731384	0.588602468548673	0.3001856552313592	0	<ORIGINAL_WORKSPACE>/OpenROAD-flow-scripts/flow/reports/asap7/jpeg/place_batch_20260421_220319/dpl_evolve_baseline/openroad_dpl_hpwl_only_9case_bo_place_batch_20260421_220319_jpeg_asap7_trial_29467cc0_07574ba1c9da/metrics.json	53	64 8	0	0.555497795686436	0.7287980761046835	0.4682780591168295	143.18336685852077	354	844	1.6625110360025868	2.50 1.75 1.25 1.08
29a07953	ok	133739.7	133739.7	134573.0	-0.6192178222971833	33.121	1.4403565992607088	0.20504767129712104	0.6192178222971833	0.4141701510000622	0	<ORIGINAL_WORKSPACE>/OpenROAD-flow-scripts/flow/reports/asap7/jpeg/place_batch_20260421_220319/dpl_evolve_baseline/openroad_dpl_hpwl_only_9case_bo_place_batch_20260421_220319_jpeg_asap7_trial_29a07953_13ab8fd8be6c/metrics.json	2	64 8	0	0.3004619480878036	1.4855529850802336	1.5394227118875452	8.26265633163089	1174	3878	1.8878895468640076	1.25 1.10 1.04
29cd33c1	ok	133912.8	133912.8	134573.0	-0.49058875108677935	31.191	1.3564253098499672	0.1735488167371943	0.4905887510867794	0.3170399343495851	0	<ORIGINAL_WORKSPACE>/OpenROAD-flow-scripts/flow/reports/asap7/jpeg/place_batch_20260421_220319/dpl_evolve_baseline/openroad_dpl_hpwl_only_9case_bo_place_batch_20260421_220319_jpeg_asap7_trial_29cd33c1_039a151d14e5/metrics.json	20	512 64	1	0.7874615193696419	1.8178910876087253	0.12855181084733142	81.05808047971381	882	3751	1.1106343801039744	1.25 1.10 1.04
2a36231f	ok	133777.6	133777.6	134573.0	-0.5910546692129879	31.872	1.38604044357469	0.23940802766845437	0.5910546692129879	0.3516466415445335	0	<ORIGINAL_WORKSPACE>/OpenROAD-flow-scripts/flow/reports/asap7/jpeg/place_batch_20260421_220319/dpl_evolve_baseline/openroad_dpl_hpwl_only_9case_bo_place_batch_20260421_220319_jpeg_asap7_trial_2a36231f_48eaa5a6a154/metrics.json	4	64 8	0	0.6990390888503271	1.831083357729802	0.49623813765788516	149.14747616802853	923	3872	1.0663653995338327	1.25 1.10 1.04
2a4e0ac0	ok	133762.6	133762.6	134573.0	-0.6022010358690035	31.9	1.3872580995868666	0.2491394570998861	0.6022010358690035	0.3530615787691174	0	<ORIGINAL_WORKSPACE>/OpenROAD-flow-scripts/flow/reports/asap7/jpeg/place_batch_20260421_220319/dpl_evolve_baseline/openroad_dpl_hpwl_only_9case_bo_place_batch_20260421_220319_jpeg_asap7_trial_2a4e0ac0_9028a43bc5e4/metrics.json	58	64 8	0	0.06670647194279054	1.5668916856744621	0.7328603972702558	60.74642987329119	838	3175	1.9351449746959681	1.25 1.10 1.04
2a9b6672	ok	133791.7	133791.7	134573.0	-0.5805770845563287	30.718	1.3358556207871275	0.287796634498117	0.5805770845563288	0.29278045005821185	0	<ORIGINAL_WORKSPACE>/OpenROAD-flow-scripts/flow/reports/asap7/jpeg/place_batch_20260421_220319/dpl_evolve_baseline/openroad_dpl_hpwl_only_9case_bo_place_batch_20260421_220319_jpeg_asap7_trial_2a9b6672_8960878239e1/metrics.json	128	64 8	0	0.5873785278101445	1.8632814928430264	1.4812867767122966	60.48344876426526	974	3976	1.8668939641959001	2.00 1.50 1.20 1.05
2ba21919	ok	133902.7	133902.7	134573.0	-0.49809397130181265	29.973	1.303457273320287	0.24390544746021897	0.49809397130181265	0.2541885238415937	0	<ORIGINAL_WORKSPACE>/OpenROAD-flow-scripts/flow/reports/asap7/jpeg/place_batch_20260421_220319/dpl_evolve_baseline/openroad_dpl_hpwl_only_9case_bo_place_batch_20260421_220319_jpeg_asap7_trial_2ba21919_fb40a0212d07/metrics.json	62	64 8	1	0.20800081891438452	0.9418915929300745	0.4990506617328299	42.27276736613875	997	3254	1.8274548601169465	2.50 1.75 1.25 1.08
2bdcd1e9	ok	134644.0	134644.0	134573.0	0.05275946883847428	23.222	1.0098717112415743	-0.05275946883847429	-0.05275946883847429	0.0	0	<ORIGINAL_WORKSPACE>/OpenROAD-flow-scripts/flow/reports/asap7/jpeg/place_batch_20260421_220319/dpl_evolve_baseline/openroad_dpl_hpwl_only_9case_bo_place_batch_20260421_220319_jpeg_asap7_trial_2bdcd1e9_09eafd1dfa22/metrics.json	1	32	0	0.0390532600503985	1.9578003532346129	1.272985384688502	125.09438096421202	1088	3739	1.456124358592563	1.25 1.10 1.04
2cac866e	ok	134547.2	134547.2	134573.0	-0.019171750648338343	22.714	0.9877799521635137	0.019171750648338343	0.019171750648338343	0.0	0	<ORIGINAL_WORKSPACE>/OpenROAD-flow-scripts/flow/reports/asap7/jpeg/place_batch_20260421_220319/dpl_evolve_baseline/openroad_dpl_hpwl_only_9case_bo_place_batch_20260421_220319_jpeg_asap7_trial_2cac866e_4d69d18c18eb/metrics.json	50	omit	0	0.8780889407712666	0.8888677145488142	1.886025155426482	141.1748046134736	1076	2425	1.763891451036994	1.04
2f53499f	ok	133872.8	133872.8	134573.0	-0.5203123955028213	33.124	1.4404870624048707	0.10599350070979136	0.5203123955028213	0.4143188947930299	0	<ORIGINAL_WORKSPACE>/OpenROAD-flow-scripts/flow/reports/asap7/jpeg/place_batch_20260421_220319/dpl_evolve_baseline/openroad_dpl_hpwl_only_9case_bo_place_batch_20260421_220319_jpeg_asap7_trial_2f53499f_97e3766c2f15/metrics.json	18	64 8	0	0.23889506408120892	0.23473704846489402	0.34431765585105123	63.423174060710934	598	133	1.9609089985703922	omit
2fc4a07c	ok	133812.5	133812.5	134573.0	-0.5651207894599957	30.951	1.3459882583170255	0.26036694213923156	0.5651207894599957	0.3047538473207641	0	<ORIGINAL_WORKSPACE>/OpenROAD-flow-scripts/flow/reports/asap7/jpeg/place_batch_20260421_220319/dpl_evolve_baseline/openroad_dpl_hpwl_only_9case_bo_place_batch_20260421_220319_jpeg_asap7_trial_2fc4a07c_47c6857de7ce/metrics.json	47	64 8	0	0.02838229924889403	0.1634644218112783	0.9501192434503684	75.18478125764456	509	982	1.3616127686548667	1.25 1.10 1.04
307a3513	ok	134553.6	134553.6	134573.0	-0.014415967541775971	21.013	0.9138073494237878	0.014415967541775973	0.014415967541775973	0.0	0	<ORIGINAL_WORKSPACE>/OpenROAD-flow-scripts/flow/reports/asap7/jpeg/place_batch_20260421_220319/dpl_evolve_baseline/openroad_dpl_hpwl_only_9case_bo_place_batch_20260421_220319_jpeg_asap7_trial_307a3513_83d3f9180e26/metrics.json	65	512 64	0	0.059586349508965575	1.7057295877241494	1.0670642818970932	28.81368370247735	551	3270	1.9567395065856035	2.50 1.75 1.25 1.08
30a133df	ok	134530.6	134530.6	134573.0	-0.031507063081000035	23.122	1.0055229397695151	0.031507063081000035	0.031507063081000035	0.0	0	<ORIGINAL_WORKSPACE>/OpenROAD-flow-scripts/flow/reports/asap7/jpeg/place_batch_20260421_220319/dpl_evolve_baseline/openroad_dpl_hpwl_only_9case_bo_place_batch_20260421_220319_jpeg_asap7_trial_30a133df_38ec22b751be/metrics.json	16	256 32	0	0.29219748982591537	1.94648920159696	0.11824677537187188	148.23417404193756	914	3511	1.21628517004618	omit
31f90abb	ok	134517.9	134517.9	134573.0	-0.04094432018310197	22.152	0.9633398564905414	0.04094432018310198	0.04094432018310198	0.0	0	<ORIGINAL_WORKSPACE>/OpenROAD-flow-scripts/flow/reports/asap7/jpeg/place_batch_20260421_220319/dpl_evolve_baseline/openroad_dpl_hpwl_only_9case_bo_place_batch_20260421_220319_jpeg_asap7_trial_31f90abb_6b0f244665f7/metrics.json	87	512	0	0.9423596977117956	1.4846653812469877	1.4343961525960625	123.87733328053415	700	1523	1.0618001970138815	2.50 1.75 1.25 1.08
324899b1	ok	133814.6	133814.6	134573.0	-0.5635602981281492	33.633	1.4626223091976518	0.12410132180584293	0.5635602981281491	0.4394589763223062	0	<ORIGINAL_WORKSPACE>/OpenROAD-flow-scripts/flow/reports/asap7/jpeg/place_batch_20260421_220319/dpl_evolve_baseline/openroad_dpl_hpwl_only_9case_bo_place_batch_20260421_220319_jpeg_asap7_trial_324899b1_892f46a3eea6/metrics.json	65	64 8	0	7.02470491547591e-05	0.6503959704095749	1.422897775763429	79.31469041391063	855	3259	1.9916677914264431	1.25 1.10 1.04
326c350f	ok	134538.3	134538.3	134573.0	-0.025785261530924954	22.408	0.9744727114590128	0.025785261530924957	0.025785261530924957	0.0	0	<ORIGINAL_WORKSPACE>/OpenROAD-flow-scripts/flow/reports/asap7/jpeg/place_batch_20260421_220319/dpl_evolve_baseline/openroad_dpl_hpwl_only_9case_bo_place_batch_20260421_220319_jpeg_asap7_trial_326c350f_16d99661e4c6/metrics.json	54	64	0	0.9790890561348707	1.4315688749146993	1.9963954570608835	108.16039413242243	1043	1971	1.1717700559739175	2.50 1.75 1.25 1.08
3293d624	ok	133822.6	133822.6	134573.0	-0.5576155692449408	30.466	1.3248967166775385	0.27783611677602954	0.5576155692449408	0.2797794524689113	0	<ORIGINAL_WORKSPACE>/OpenROAD-flow-scripts/flow/reports/asap7/jpeg/place_batch_20260421_220319/dpl_evolve_baseline/openroad_dpl_hpwl_only_9case_bo_place_batch_20260421_220319_jpeg_asap7_trial_3293d624_3d1f9058fac3/metrics.json	92	64 8	0	0.5734198638640778	1.9773279379978617	1.267016206379929	147.77036547543855	735	2599	1.5797236579853038	2.00 1.50 1.20 1.05
33a71230	ok	133807.0	133807.0	134573.0	-0.5692077905672014	31.715	1.3792128723635573	0.22550644288809651	0.5692077905672015	0.343701347679105	0	<ORIGINAL_WORKSPACE>/OpenROAD-flow-scripts/flow/reports/asap7/jpeg/place_batch_20260421_220319/dpl_evolve_baseline/openroad_dpl_hpwl_only_9case_bo_place_batch_20260421_220319_jpeg_asap7_trial_33a71230_92ecbfc78248/metrics.json	77	64 8	0	0.6943698370894892	1.7474127410080482	1.1988211851231987	115.26842676618926	709	3883	1.0053783436925368	2.50 1.75 1.25 1.08
3472954f	ok	134595.2	134595.2	134573.0	0.01649662265091188	22.416	0.9748206131767775	-0.01649662265091188	-0.01649662265091188	0.0	0	<ORIGINAL_WORKSPACE>/OpenROAD-flow-scripts/flow/reports/asap7/jpeg/place_batch_20260421_220319/dpl_evolve_baseline/openroad_dpl_hpwl_only_9case_bo_place_batch_20260421_220319_jpeg_asap7_trial_3472954f_79fa3a65dfdc/metrics.json	9	256 32	0	0.7458109886795864	1.2931043820046453	0.07188780806578082	147.83143181365398	924	2930	1.045094654704617	1.25 1.10 1.04
349550fe	ok	134566.2	134566.2	134573.0	-0.005053019550718464	21.471	0.9337247227658186	0.005053019550718464	0.005053019550718464	0.0	0	<ORIGINAL_WORKSPACE>/OpenROAD-flow-scripts/flow/reports/asap7/jpeg/place_batch_20260421_220319/dpl_evolve_baseline/openroad_dpl_hpwl_only_9case_bo_place_batch_20260421_220319_jpeg_asap7_trial_349550fe_6280d3126d6f/metrics.json	97	256 32	0	0.8435181900944301	1.572671634001456	1.8867893758998981	149.7292900635801	937	3169	1.5063768095705137	2.00 1.50 1.20 1.05
3550bfdb	ok	133929.1	133929.1	134573.0	-0.4784763659872294	34.727	1.5101978691019784	-0.014380531399894814	0.47847636598722937	0.4928568973871242	0	<ORIGINAL_WORKSPACE>/OpenROAD-flow-scripts/flow/reports/asap7/jpeg/place_batch_20260421_220319/dpl_evolve_baseline/openroad_dpl_hpwl_only_9case_bo_place_batch_20260421_220319_jpeg_asap7_trial_3550bfdb_84fa058cda60/metrics.json	74	512	1	0.10227631214374257	1.1152492653912658	0.543926348578289	68.26973727021887	783	3813	1.9927716166322542	1.25 1.10 1.04
35bd43c9	ok	133957.9	133957.9	134573.0	-0.4570753420076879	32.564	1.4161339421613393	0.07063967856877795	0.4570753420076879	0.38643566343890995	0	<ORIGINAL_WORKSPACE>/OpenROAD-flow-scripts/flow/reports/asap7/jpeg/place_batch_20260421_220319/dpl_evolve_baseline/openroad_dpl_hpwl_only_9case_bo_place_batch_20260421_220319_jpeg_asap7_trial_35bd43c9_626376c21ea3/metrics.json	67	64 8	1	0.028873958681456417	1.6886443650123937	1.2379748312675445	84.04024322927255	666	3045	1.6877345477167596	1.25 1.10 1.04
3695c372	ok	134638.2	134638.2	134573.0	0.04844954039815687	22.815	0.9921722113502935	-0.04844954039815687	-0.04844954039815687	0.0	0	<ORIGINAL_WORKSPACE>/OpenROAD-flow-scripts/flow/reports/asap7/jpeg/place_batch_20260421_220319/dpl_evolve_baseline/openroad_dpl_hpwl_only_9case_bo_place_batch_20260421_220319_jpeg_asap7_trial_3695c372_49ad5c341809/metrics.json	17	64	0	0.24560157355881457	0.7568246208710379	0.9689237026666334	113.59747597863131	640	902	1.889286212099036	2.00 1.50 1.20 1.05
376d7284	ok	134547.2	134547.2	134573.0	-0.019171750648338343	22.051	0.9589475973037616	0.019171750648338343	0.019171750648338343	0.0	0	<ORIGINAL_WORKSPACE>/OpenROAD-flow-scripts/flow/reports/asap7/jpeg/place_batch_20260421_220319/dpl_evolve_baseline/openroad_dpl_hpwl_only_9case_bo_place_batch_20260421_220319_jpeg_asap7_trial_376d7284_2d4e69325980/metrics.json	50	1024	0	0.8746814352596004	1.281318780493883	1.7214083949644101	145.9637739640106	1078	2229	1.7056961896432932	1.75 1.35 1.15 1.05
37a7c645	ok	134530.9	134530.9	134573.0	-0.031284135747888374	22.742	0.9889976081756904	0.031284135747888374	0.031284135747888374	0.0	0	<ORIGINAL_WORKSPACE>/OpenROAD-flow-scripts/flow/reports/asap7/jpeg/place_batch_20260421_220319/dpl_evolve_baseline/openroad_dpl_hpwl_only_9case_bo_place_batch_20260421_220319_jpeg_asap7_trial_37a7c645_1a1203ee6845/metrics.json	26	256 32	0	0.21316784652329443	0.8980941591471805	1.0716880333408976	118.37714043558931	588	327	1.984139053854191	1.10 1.04
37d49b47	ok	133754.8	133754.8	134573.0	-0.6079971465301448	29.908	1.3006305718634485	0.35719833661482225	0.6079971465301447	0.25079880991532244	0	<ORIGINAL_WORKSPACE>/OpenROAD-flow-scripts/flow/reports/asap7/jpeg/place_batch_20260421_220319/dpl_evolve_baseline/openroad_dpl_hpwl_only_9case_bo_place_batch_20260421_220319_jpeg_asap7_trial_37d49b47_c7f2d6ebd9c6/metrics.json	46	64 8	0	0.16475350408983916	0.12041633776777261	1.0432856489528775	85.42539544165922	507	502	1.3468495558569358	1.04
385a2a6d	ok	133925.9	133925.9	134573.0	-0.48085425754052136	34.494	1.5000652315720808	-0.0007012527476535912	0.48085425754052136	0.48155551028817495	0	<ORIGINAL_WORKSPACE>/OpenROAD-flow-scripts/flow/reports/asap7/jpeg/place_batch_20260421_220319/dpl_evolve_baseline/openroad_dpl_hpwl_only_9case_bo_place_batch_20260421_220319_jpeg_asap7_trial_385a2a6d_f2a36739e436/metrics.json	16	64 8	1	0.17009080718827094	1.1839273137017234	0.6179372496672393	77.30979082629389	771	636	1.76367118132586	1.75 1.35 1.15 1.05
38677b3c	ok	133931.6	133931.6	134573.0	-0.47661863821122674	30.328	1.318895412046097	0.20398156908509885	0.47661863821122674	0.2726370691261279	0	<ORIGINAL_WORKSPACE>/OpenROAD-flow-scripts/flow/reports/asap7/jpeg/place_batch_20260421_220319/dpl_evolve_baseline/openroad_dpl_hpwl_only_9case_bo_place_batch_20260421_220319_jpeg_asap7_trial_38677b3c_c15d30bffae3/metrics.json	75	64 8	1	0.0042689460869078655	0.5982754908308493	0.17371910075101255	18.403554986489947	342	1445	1.5063194431359448	2.50 1.75 1.25 1.08
388e4873	ok	133736.5	133736.5	134573.0	-0.6215957138504752	31.884	1.3865622961513373	0.26934259456466175	0.6215957138504752	0.35225311928581343	0	<ORIGINAL_WORKSPACE>/OpenROAD-flow-scripts/flow/reports/asap7/jpeg/place_batch_20260421_220319/dpl_evolve_baseline/openroad_dpl_hpwl_only_9case_bo_place_batch_20260421_220319_jpeg_asap7_trial_388e4873_5837a01aa62a/metrics.json	74	64 8	0	0.6722718094492546	1.7785953723529233	1.0156040452724195	137.30798469918096	859	3814	1.1883352511641043	2.00 1.50 1.20 1.05
38c0d413	ok	133822.7	133822.7	134573.0	-0.5575412601338964	33.492	1.4564905414220481	0.12502726945046472	0.5575412601338964	0.43251399068343166	0	<ORIGINAL_WORKSPACE>/OpenROAD-flow-scripts/flow/reports/asap7/jpeg/place_batch_20260421_220319/dpl_evolve_baseline/openroad_dpl_hpwl_only_9case_bo_place_batch_20260421_220319_jpeg_asap7_trial_38c0d413_294ecf7dada0/metrics.json	10	64 8	0	0.1720664338110322	0.3196784026329479	0.12860039168742865	137.9204268897465	965	176	1.6011173408867136	1.04
39a88d99	ok	133754.8	133754.8	134573.0	-0.6079971465301448	33.25	1.4459665144596652	0.18743708343035936	0.6079971465301447	0.42056006309978533	0	<ORIGINAL_WORKSPACE>/OpenROAD-flow-scripts/flow/reports/asap7/jpeg/place_batch_20260421_220319/dpl_evolve_baseline/openroad_dpl_hpwl_only_9case_bo_place_batch_20260421_220319_jpeg_asap7_trial_39a88d99_804ea6f65d5c/metrics.json	46	64 8	0	0.03971507200016852	1.7557954938685598	0.42308593900808183	126.67082650493381	815	3994	1.5631178228567597	1.75 1.35 1.15 1.05
3a6cfaa6	ok	134565.2	134565.2	134573.0	-0.00579611066111951	23.593	1.0260056534029136	0.00579611066111951	0.00579611066111951	0.0	0	<ORIGINAL_WORKSPACE>/OpenROAD-flow-scripts/flow/reports/asap7/jpeg/place_batch_20260421_220319/dpl_evolve_baseline/openroad_dpl_hpwl_only_9case_bo_place_batch_20260421_220319_jpeg_asap7_trial_3a6cfaa6_b56dbcb20dc5/metrics.json	11	512 64	0	0.009141410170788476	0.3043645754885317	0.7124585605273317	79.14576983676616	1162	339	1.8791450653124588	1.04
3b31bfb8	ok	134498.3	134498.3	134573.0	-0.05550890594696681	23.309	1.0136551424222657	0.05550890594696681	0.05550890594696681	0.0	0	<ORIGINAL_WORKSPACE>/OpenROAD-flow-scripts/flow/reports/asap7/jpeg/place_batch_20260421_220319/dpl_evolve_baseline/openroad_dpl_hpwl_only_9case_bo_place_batch_20260421_220319_jpeg_asap7_trial_3b31bfb8_a31226b71881/metrics.json	84	omit	0	0.9339875942154635	1.7786549483680956	1.4106702782578042	141.68844882622508	607	3717	1.3428690938417136	1.50 1.25 1.10 1.04
3d0f6585	ok	134560.5	134560.5	134573.0	-0.009288638880013078	23.423	1.018612741900413	0.009288638880013078	0.009288638880013078	0.0	0	<ORIGINAL_WORKSPACE>/OpenROAD-flow-scripts/flow/reports/asap7/jpeg/place_batch_20260421_220319/dpl_evolve_baseline/openroad_dpl_hpwl_only_9case_bo_place_batch_20260421_220319_jpeg_asap7_trial_3d0f6585_2dc517b8c004/metrics.json	19	512 64	0	0.651304332340991	1.407033976305306	1.2399695846609278	119.94228926040421	89	3104	1.731728600739527	1.04
3d40accc	ok	133799.5	133799.5	134573.0	-0.5747809738952092	30.353	1.3199826049141117	0.3008487913523221	0.5747809738952093	0.2739321825428872	0	<ORIGINAL_WORKSPACE>/OpenROAD-flow-scripts/flow/reports/asap7/jpeg/place_batch_20260421_220319/dpl_evolve_baseline/openroad_dpl_hpwl_only_9case_bo_place_batch_20260421_220319_jpeg_asap7_trial_3d40accc_82392057b83e/metrics.json	83	64 8	0	0.6712226437031561	1.767398253448077	1.4440797128571936	136.4925682094609	1100	2722	1.655953292570485	1.50 1.25 1.10 1.04
3d79ca0f	ok	133917.3	133917.3	134573.0	-0.48724484108997473	32.469	1.4120026092628832	0.10556308787536894	0.4872448410899747	0.38168175321460573	0	<ORIGINAL_WORKSPACE>/OpenROAD-flow-scripts/flow/reports/asap7/jpeg/place_batch_20260421_220319/dpl_evolve_baseline/openroad_dpl_hpwl_only_9case_bo_place_batch_20260421_220319_jpeg_asap7_trial_3d79ca0f_4c0306711ffa/metrics.json	89	64 8	1	0.2746310563367551	1.8068736432625425	0.9478211873998409	92.60204342338548	1196	3916	1.9665809558161094	2.00 1.50 1.20 1.05
3d7ac3c7	ok	134488.0	134488.0	134573.0	-0.06316274438408893	22.397	0.9739943465970862	0.06316274438408893	0.06316274438408893	0.0	0	<ORIGINAL_WORKSPACE>/OpenROAD-flow-scripts/flow/reports/asap7/jpeg/place_batch_20260421_220319/dpl_evolve_baseline/openroad_dpl_hpwl_only_9case_bo_place_batch_20260421_220319_jpeg_asap7_trial_3d7ac3c7_c78fe90c9522/metrics.json	21	128	0	0.027030929844176967	0.4551306505754415	0.7985068742976433	124.45286567277678	450	281	1.6669893675319494	omit
3da81952	ok	133762.6	133762.6	134573.0	-0.6022010358690035	34.21	1.487714720591433	0.13447234864736007	0.6022010358690035	0.46772868722164346	0	<ORIGINAL_WORKSPACE>/OpenROAD-flow-scripts/flow/reports/asap7/jpeg/place_batch_20260421_220319/dpl_evolve_baseline/openroad_dpl_hpwl_only_9case_bo_place_batch_20260421_220319_jpeg_asap7_trial_3da81952_5856fa50a786/metrics.json	58	64 8	0	0.5579689521263044	1.929594990841489	0.7151807892871087	36.65104289580271	360	2039	1.8262493952341445	1.04
3dbe1fd4	ok	133812.5	133812.5	134573.0	-0.5651207894599957	28.071	1.2207436399217222	0.4116913725337287	0.5651207894599957	0.153429416926267	0	<ORIGINAL_WORKSPACE>/OpenROAD-flow-scripts/flow/reports/asap7/jpeg/place_batch_20260421_220319/dpl_evolve_baseline/openroad_dpl_hpwl_only_9case_bo_place_batch_20260421_220319_jpeg_asap7_trial_3dbe1fd4_2f556b26649c/metrics.json	47	64 8	0	0.22487427118006797	0.06758837826781391	0.42685146853002	102.18323397181126	347	1296	1.1310866986247357	1.04
3dde8fbd	ok	133820.7	133820.7	134573.0	-0.5590274423546985	30.568	1.329332463579039	0.273979228191694	0.5590274423546985	0.28504821416300447	0	<ORIGINAL_WORKSPACE>/OpenROAD-flow-scripts/flow/reports/asap7/jpeg/place_batch_20260421_220319/dpl_evolve_baseline/openroad_dpl_hpwl_only_9case_bo_place_batch_20260421_220319_jpeg_asap7_trial_3dde8fbd_d243c754ca82/metrics.json	24	64 8	0	0.5948114266461597	1.5881039840330913	1.2248567134917259	143.99458210680595	885	3556	1.4325167979754525	1.04
3e53a8b1	ok	133795.3	133795.3	134573.0	-0.5779019565589023	32.518	1.4141335072841923	0.1937673193149514	0.5779019565589023	0.3841346372439509	0	<ORIGINAL_WORKSPACE>/OpenROAD-flow-scripts/flow/reports/asap7/jpeg/place_batch_20260421_220319/dpl_evolve_baseline/openroad_dpl_hpwl_only_9case_bo_place_batch_20260421_220319_jpeg_asap7_trial_3e53a8b1_49ec04e0f0f2/metrics.json	66	64 8	0	0.1651344325602413	0.6761111184772097	0.526969859780143	48.6941959456817	241	1107	1.8215991824400022	2.50 1.75 1.25 1.08
3ebb71e7	ok	133975.8	133975.8	134573.0	-0.4437740111315135	33.039	1.4367906066536205	0.033672135457312735	0.4437740111315135	0.41010187567420076	0	<ORIGINAL_WORKSPACE>/OpenROAD-flow-scripts/flow/reports/asap7/jpeg/place_batch_20260421_220319/dpl_evolve_baseline/openroad_dpl_hpwl_only_9case_bo_place_batch_20260421_220319_jpeg_asap7_trial_3ebb71e7_64c8141d4c71/metrics.json	27	256	1	0.5188727525484677	1.847156332926181	1.8722677814196707	2.0964745247801186	1092	3030	1.8442013413965015	1.25 1.10 1.04
3ef12552	ok	133798.5	133798.5	134573.0	-0.5755240650056104	29.541	1.2846705805609915	0.3439336026581452	0.5755240650056104	0.23159046234746516	0	<ORIGINAL_WORKSPACE>/OpenROAD-flow-scripts/flow/reports/asap7/jpeg/place_batch_20260421_220319/dpl_evolve_baseline/openroad_dpl_hpwl_only_9case_bo_place_batch_20260421_220319_jpeg_asap7_trial_3ef12552_1a73ede71fcd/metrics.json	17	64 8	0	0.1909446723489562	0.4013605703239805	1.163033987328175	95.57323867623938	362	319	1.7859573428713253	1.04
3fb389c8	ok	133982.0	133982.0	134573.0	-0.43916684624701835	31.7	1.3785605566427483	0.09622563126287864	0.43916684624701835	0.3429412149841397	0	<ORIGINAL_WORKSPACE>/OpenROAD-flow-scripts/flow/reports/asap7/jpeg/place_batch_20260421_220319/dpl_evolve_baseline/openroad_dpl_hpwl_only_9case_bo_place_batch_20260421_220319_jpeg_asap7_trial_3fb389c8_ee8b0465a9a2/metrics.json	25	64	1	0.31058725179421	1.9648348985858857	0.5699454691956887	80.04800174568172	411	3652	1.3665566438512344	1.75 1.35 1.15 1.05
3fdde761	ok	133872.8	133872.8	134573.0	-0.5203123955028213	28.353	1.2330071754729288	0.3517329769970029	0.5203123955028213	0.16857941850581837	0	<ORIGINAL_WORKSPACE>/OpenROAD-flow-scripts/flow/reports/asap7/jpeg/place_batch_20260421_220319/dpl_evolve_baseline/openroad_dpl_hpwl_only_9case_bo_place_batch_20260421_220319_jpeg_asap7_trial_3fdde761_50e84957d039/metrics.json	18	64 8	0	0.17847224678407697	1.3840255803125867	1.6973693575203295	35.2425505299274	1027	3604	1.4305692739204658	1.75 1.35 1.15 1.05
4009d622	ok	133916.4	133916.4	134573.0	-0.48791362308933134	32.122	1.396912372254838	0.12365552180262801	0.4879136230893313	0.3642581012867033	0	<ORIGINAL_WORKSPACE>/OpenROAD-flow-scripts/flow/reports/asap7/jpeg/place_batch_20260421_220319/dpl_evolve_baseline/openroad_dpl_hpwl_only_9case_bo_place_batch_20260421_220319_jpeg_asap7_trial_4009d622_0477f1be8bd8/metrics.json	104	256 32	1	0.49958417067888605	1.4571713359491925	0.45597915489714336	37.20503375658461	1030	1722	1.6166850671552362	1.04
4081f9b5	ok	134492.9	134492.9	134573.0	-0.05952159794312814	21.352	0.9285496847140683	0.059521597943128134	0.059521597943128134	0.0	0	<ORIGINAL_WORKSPACE>/OpenROAD-flow-scripts/flow/reports/asap7/jpeg/place_batch_20260421_220319/dpl_evolve_baseline/openroad_dpl_hpwl_only_9case_bo_place_batch_20260421_220319_jpeg_asap7_trial_4081f9b5_bd7b084995ca/metrics.json	64	1024 128	0	0.7058244340537418	1.1348906468550082	1.8359509810468952	108.78438251356461	1113	1513	1.5984871494716415	2.50 1.75 1.25 1.08
4116dbd2	ok	134574.9	134574.9	134573.0	0.0014118731097576625	22.683	0.9864318330071754	-0.0014118731097576625	-0.0014118731097576625	0.0	0	<ORIGINAL_WORKSPACE>/OpenROAD-flow-scripts/flow/reports/asap7/jpeg/place_batch_20260421_220319/dpl_evolve_baseline/openroad_dpl_hpwl_only_9case_bo_place_batch_20260421_220319_jpeg_asap7_trial_4116dbd2_d15d091dba40/metrics.json	63	512 64	0	0.03637008531092864	0.40374022177252744	1.091129413646224	66.48227522468108	287	584	1.1954021641529375	1.04
41a4ced2	ok	134527.4	134527.4	134573.0	-0.03388495463429204	23.318	1.0140465318547511	0.03388495463429204	0.03388495463429204	0.0	0	<ORIGINAL_WORKSPACE>/OpenROAD-flow-scripts/flow/reports/asap7/jpeg/place_batch_20260421_220319/dpl_evolve_baseline/openroad_dpl_hpwl_only_9case_bo_place_batch_20260421_220319_jpeg_asap7_trial_41a4ced2_9b0f842c7965/metrics.json	57	512 64	0	0.1692748261595432	0.2057188312500336	0.8490008231166506	81.17919666736223	218	1961	1.894259459858294	2.50 1.75 1.25 1.08
41af3a48	ok	133878.4	133878.4	134573.0	-0.5161510852845711	30.62	1.3315938247445096	0.2284202187236986	0.5161510852845711	0.2877308665608725	0	<ORIGINAL_WORKSPACE>/OpenROAD-flow-scripts/flow/reports/asap7/jpeg/place_batch_20260421_220319/dpl_evolve_baseline/openroad_dpl_hpwl_only_9case_bo_place_batch_20260421_220319_jpeg_asap7_trial_41af3a48_4abf36186b0d/metrics.json	1	1024	1	0.65	0.8	0.9	55.0	400	800	1.2	1.75 1.35 1.15 1.05
4272479b	ok	133937.9	133937.9	134573.0	-0.4719371642157088	30.374	1.3208958469232441	0.19691749852166007	0.4719371642157088	0.27501966569404873	0	<ORIGINAL_WORKSPACE>/OpenROAD-flow-scripts/flow/reports/asap7/jpeg/place_batch_20260421_220319/dpl_evolve_baseline/openroad_dpl_hpwl_only_9case_bo_place_batch_20260421_220319_jpeg_asap7_trial_4272479b_dad529dd74ff/metrics.json	38	64 8	1	0.28205757569062306	0.9411259692007259	0.5961873454949683	131.71398507692012	770	3734	1.2107410809861743	1.25 1.10 1.04
42854310	ok	133800.4	133800.4	134573.0	-0.5741121918958526	31.453	1.3678190911067623	0.24371378969348767	0.5741121918958527	0.33039840220236505	0	<ORIGINAL_WORKSPACE>/OpenROAD-flow-scripts/flow/reports/asap7/jpeg/place_batch_20260421_220319/dpl_evolve_baseline/openroad_dpl_hpwl_only_9case_bo_place_batch_20260421_220319_jpeg_asap7_trial_42854310_8e4012bc0963/metrics.json	94	64 8	0	0.05628167789526406	1.4966361282474019	0.8703363945527798	22.41901412485726	961	3367	1.9901007508628816	omit
42d01165	ok	133807.5	133807.5	134573.0	-0.5688362450120009	31.253	1.359121548162644	0.2486300946954541	0.5688362450120009	0.3202061503165468	0	<ORIGINAL_WORKSPACE>/OpenROAD-flow-scripts/flow/reports/asap7/jpeg/place_batch_20260421_220319/dpl_evolve_baseline/openroad_dpl_hpwl_only_9case_bo_place_batch_20260421_220319_jpeg_asap7_trial_42d01165_b0a73cf5657a/metrics.json	63	64 8	0	0.6124370402853976	1.9109507912080552	1.8370204278671676	108.2814964882292	1145	2549	1.649984570121538	1.04
43d2367f	ok	133903.5	133903.5	134573.0	-0.4974994984135005	31.548	1.3719504240052185	0.16227112928985532	0.4974994984135005	0.3352283691236452	0	<ORIGINAL_WORKSPACE>/OpenROAD-flow-scripts/flow/reports/asap7/jpeg/place_batch_20260421_220319/dpl_evolve_baseline/openroad_dpl_hpwl_only_9case_bo_place_batch_20260421_220319_jpeg_asap7_trial_43d2367f_08c562deac9b/metrics.json	15	64 8	1	0.34619884221316183	1.2144746496676662	1.7564518064201124	12.684528055190336	1121	3720	1.8198343272208093	2.50 1.75 1.25 1.08
43eb27db	ok	134498.2	134498.2	134573.0	-0.05558321505798961	22.854	0.9938682322243966	0.05558321505798961	0.05558321505798961	0.0	0	<ORIGINAL_WORKSPACE>/OpenROAD-flow-scripts/flow/reports/asap7/jpeg/place_batch_20260421_220319/dpl_evolve_baseline/openroad_dpl_hpwl_only_9case_bo_place_batch_20260421_220319_jpeg_asap7_trial_43eb27db_dc47b49028be/metrics.json	34	256	0	0.42432309534077567	1.7402834913696599	1.849761664301833	115.6714066171965	1105	2804	1.433461679307522	1.04
449cf240	ok	134573.0	134573.0	134573.0	0.0	24.69	1.0737116764514025	0.0	0.0	0.0	0	<ORIGINAL_WORKSPACE>/OpenROAD-flow-scripts/flow/reports/asap7/jpeg/place_batch_20260421_220319/dpl_evolve_baseline/openroad_dpl_hpwl_only_9case_bo_place_batch_20260421_220319_jpeg_asap7_trial_449cf240_6d35be55b58b/metrics.json	1	omit	0	0.4	0.4	0.6	35.0	150	1000	1.1	1.50 1.25 1.10 1.04
44b6e8ee	ok	134065.4	134065.4	134573.0	-0.3771930476395754	31.691	1.378169167210263	0.03470799859867724	0.3771930476395754	0.34248504904089816	0	<ORIGINAL_WORKSPACE>/OpenROAD-flow-scripts/flow/reports/asap7/jpeg/place_batch_20260421_220319/dpl_evolve_baseline/openroad_dpl_hpwl_only_9case_bo_place_batch_20260421_220319_jpeg_asap7_trial_44b6e8ee_bbe3f5d6962a/metrics.json	81	128 16	1	0.9319720691968373	0.02790314595119403	0.50700606793677	92.51675355024864	1142	3806	1.5566531881951564	1.10 1.04
463f1141	ok	133872.2	133872.2	134573.0	-0.5207582501690445	29.638	1.288888888888889	0.2840793764068702	0.5207582501690445	0.2366788737621743	0	<ORIGINAL_WORKSPACE>/OpenROAD-flow-scripts/flow/reports/asap7/jpeg/place_batch_20260421_220319/dpl_evolve_baseline/openroad_dpl_hpwl_only_9case_bo_place_batch_20260421_220319_jpeg_asap7_trial_463f1141_1d07dc8fd608/metrics.json	51	64 8	0	0.5474071553242267	1.5623427209757965	0.8831295629937396	117.90212499921748	125	1044	1.6477527833072272	1.04
465fc1ed	ok	133833.5	133833.5	134573.0	-0.5495158761415737	30.388	1.3215046749293324	0.2737714305194413	0.5495158761415737	0.2757444456221324	0	<ORIGINAL_WORKSPACE>/OpenROAD-flow-scripts/flow/reports/asap7/jpeg/place_batch_20260421_220319/dpl_evolve_baseline/openroad_dpl_hpwl_only_9case_bo_place_batch_20260421_220319_jpeg_asap7_trial_465fc1ed_b22194e3da61/metrics.json	73	64 8	0	0.22181580444656435	1.9022610808228788	0.7494105142271178	111.98156760231551	931	1932	1.077373120112158	2.00 1.50 1.20 1.05
476056c4	ok	133918.7	133918.7	134573.0	-0.48620451353539595	33.187	1.4432267884322678	0.06876355361048353	0.4862045135353959	0.41744095992491237	0	<ORIGINAL_WORKSPACE>/OpenROAD-flow-scripts/flow/reports/asap7/jpeg/place_batch_20260421_220319/dpl_evolve_baseline/openroad_dpl_hpwl_only_9case_bo_place_batch_20260421_220319_jpeg_asap7_trial_476056c4_42625c85ea79/metrics.json	63	512	1	0.8900659042621857	1.4532791837618175	1.4494261652934135	122.15182307931808	746	1722	1.171881023506254	1.75 1.35 1.15 1.05
48725133	ok	134494.5	134494.5	134573.0	-0.05833265216648214	21.916	0.9530767558164818	0.05833265216648213	0.05833265216648213	0.0	0	<ORIGINAL_WORKSPACE>/OpenROAD-flow-scripts/flow/reports/asap7/jpeg/place_batch_20260421_220319/dpl_evolve_baseline/openroad_dpl_hpwl_only_9case_bo_place_batch_20260421_220319_jpeg_asap7_trial_48725133_69d5eaa30a07/metrics.json	17	256	0	0.03128258627700545	0.4297616664483525	1.2687605696480537	83.25175254778227	249	553	1.9837016175669173	1.04
48bb0552	ok	134662.4	134662.4	134573.0	0.06643234526984922	21.462	0.9333333333333332	-0.06643234526984922	-0.06643234526984922	0.0	0	<ORIGINAL_WORKSPACE>/OpenROAD-flow-scripts/flow/reports/asap7/jpeg/place_batch_20260421_220319/dpl_evolve_baseline/openroad_dpl_hpwl_only_9case_bo_place_batch_20260421_220319_jpeg_asap7_trial_48bb0552_2fe55c9209d8/metrics.json	42	128 16	0	0.629011340448071	1.8366406157948194	0.6738695672000885	147.02393752269452	868	3007	1.024946888101449	2.00 1.50 1.20 1.05
49484c36	ok	133817.6	133817.6	134573.0	-0.561331024796946	36.146	1.5719069362904978	0.00045079535479974897	0.5613310247969461	0.5608802294421463	0	<ORIGINAL_WORKSPACE>/OpenROAD-flow-scripts/flow/reports/asap7/jpeg/place_batch_20260421_220319/dpl_evolve_baseline/openroad_dpl_hpwl_only_9case_bo_place_batch_20260421_220319_jpeg_asap7_trial_49484c36_d5475470cdfb/metrics.json	1	64 8	0	0.1400857189161861	1.8924833079851058	0.6090041326594802	62.97788071951964	811	3655	1.8457670387889487	omit
494c3bbc	ok	133780.9	133780.9	134573.0	-0.588602468548673	31.728	1.379778212654925	0.24424248459148679	0.588602468548673	0.34435998395718626	0	<ORIGINAL_WORKSPACE>/OpenROAD-flow-scripts/flow/reports/asap7/jpeg/place_batch_20260421_220319/dpl_evolve_baseline/openroad_dpl_hpwl_only_9case_bo_place_batch_20260421_220319_jpeg_asap7_trial_494c3bbc_5fb177877a9f/metrics.json	53	64 8	0	0.6227300302003773	1.6317461919106453	0.8513902361426084	46.24307301285636	846	3509	1.7855128759623953	1.10 1.04
49bed6ec	ok	133720.4	133720.4	134573.0	-0.6335594807279364	32.008	1.3919547727766906	0.2750460952912167	0.6335594807279363	0.3585133854367196	0	<ORIGINAL_WORKSPACE>/OpenROAD-flow-scripts/flow/reports/asap7/jpeg/place_batch_20260421_220319/dpl_evolve_baseline/openroad_dpl_hpwl_only_9case_bo_place_batch_20260421_220319_jpeg_asap7_trial_49bed6ec_e75bf82216d9/metrics.json	91	64 8	0	0.31792099286819314	1.810317469965328	0.7628355041762428	50.313032437095174	906	3187	1.8576639167735822	omit
4b640371	ok	133861.4	133861.4	134573.0	-0.5287836341613888	31.452	1.3677756033920418	0.19843611248191706	0.5287836341613888	0.3303475216794718	0	<ORIGINAL_WORKSPACE>/OpenROAD-flow-scripts/flow/reports/asap7/jpeg/place_batch_20260421_220319/dpl_evolve_baseline/openroad_dpl_hpwl_only_9case_bo_place_batch_20260421_220319_jpeg_asap7_trial_4b640371_d2e30cb6ac76/metrics.json	28	32	0	0.001870587964304983	1.6829195737481963	0.4110401098689731	131.96140604963082	439	3604	1.2787443878738505	1.75 1.35 1.15 1.05
4c5ae815	ok	134521.7	134521.7	134573.0	-0.038120573963565024	23.509	1.022352685366384	0.038120573963565024	0.038120573963565024	0.0	0	<ORIGINAL_WORKSPACE>/OpenROAD-flow-scripts/flow/reports/asap7/jpeg/place_batch_20260421_220319/dpl_evolve_baseline/openroad_dpl_hpwl_only_9case_bo_place_batch_20260421_220319_jpeg_asap7_trial_4c5ae815_3f62cfcad976/metrics.json	90	256	0	0.44229481293434014	0.1448886991094787	0.29956519382022767	1.3854132639477506	87	1189	1.8979806210201593	1.50 1.25 1.10 1.04
4d8a1729	ok	133833.7	133833.7	134573.0	-0.5493672579194849	30.615	1.3313763861709067	0.2618942396706998	0.5493672579194848	0.287473018248785	0	<ORIGINAL_WORKSPACE>/OpenROAD-flow-scripts/flow/reports/asap7/jpeg/place_batch_20260421_220319/dpl_evolve_baseline/openroad_dpl_hpwl_only_9case_bo_place_batch_20260421_220319_jpeg_asap7_trial_4d8a1729_cea2a1936753/metrics.json	80	64 8	0	0.45915463988189653	0.7152646796919526	0.5348199688814057	51.65369295659781	60	1143	1.7562045995311732	2.50 1.75 1.25 1.08
4d9ff555	ok	134498.7	134498.7	134573.0	-0.055211669502789086	22.501	0.9785170689280278	0.055211669502789086	0.055211669502789086	0.0	0	<ORIGINAL_WORKSPACE>/OpenROAD-flow-scripts/flow/reports/asap7/jpeg/place_batch_20260421_220319/dpl_evolve_baseline/openroad_dpl_hpwl_only_9case_bo_place_batch_20260421_220319_jpeg_asap7_trial_4d9ff555_3c857e750513/metrics.json	13	256	0	0.08079331027912022	0.03737009556274004	0.5208744950126329	44.79411170391178	563	695	1.6176516994553247	1.04
4da3ff45	ok	134565.0	134565.0	134573.0	-0.00594472888320837	21.409	0.9310284844531419	0.00594472888320837	0.00594472888320837	0.0	0	<ORIGINAL_WORKSPACE>/OpenROAD-flow-scripts/flow/reports/asap7/jpeg/place_batch_20260421_220319/dpl_evolve_baseline/openroad_dpl_hpwl_only_9case_bo_place_batch_20260421_220319_jpeg_asap7_trial_4da3ff45_31c66d9b7fa0/metrics.json	19	128	0	0.3236576177099363	1.6967612853002731	1.1239042811419284	88.8195054985027	735	3555	1.98507815538032	2.50 1.75 1.25 1.08
4e1d11aa	ok	134554.2	134554.2	134573.0	-0.01397011287553102	24.422	1.062056968906284	0.013970112875531019	0.013970112875531019	0.0	0	<ORIGINAL_WORKSPACE>/OpenROAD-flow-scripts/flow/reports/asap7/jpeg/place_batch_20260421_220319/dpl_evolve_baseline/openroad_dpl_hpwl_only_9case_bo_place_batch_20260421_220319_jpeg_asap7_trial_4e1d11aa_6e1f908270cc/metrics.json	64	512	0	0.19153398823875897	0.460346645493709	0.7640563788229067	96.88912411627474	765	134	1.8938765286492707	1.04
4e232786	ok	133780.1	133780.1	134573.0	-0.5891969414369853	31.408	1.3658621439443357	0.26108896409036075	0.5891969414369853	0.32810797734662456	0	<ORIGINAL_WORKSPACE>/OpenROAD-flow-scripts/flow/reports/asap7/jpeg/place_batch_20260421_220319/dpl_evolve_baseline/openroad_dpl_hpwl_only_9case_bo_place_batch_20260421_220319_jpeg_asap7_trial_4e232786_d9e10cc94b1f/metrics.json	45	64 8	0	0.4682607920864673	1.8372743358220922	0.3588146390231363	45.9369263700401	124	3210	1.8305643225679191	1.04
4e2e11e6	ok	134573.0	134573.0	134573.0	0.0	24.506	1.0657099369428136	0.0	0.0	0.0	0	<ORIGINAL_WORKSPACE>/OpenROAD-flow-scripts/flow/reports/asap7/jpeg/place_batch_20260421_220319/dpl_evolve_baseline/openroad_dpl_hpwl_only_9case_bo_place_batch_20260421_220319_jpeg_asap7_trial_4e2e11e6_9939d995f2bb/metrics.json	1	1024	0	0.4	0.4	0.6	35.0	150	1000	1.1	omit
4e5a3933	ok	133769.7	133769.7	134573.0	-0.5969250889851518	30.968	1.3467275494672755	0.2912994130724746	0.5969250889851518	0.30562567591267725	0	<ORIGINAL_WORKSPACE>/OpenROAD-flow-scripts/flow/reports/asap7/jpeg/place_batch_20260421_220319/dpl_evolve_baseline/openroad_dpl_hpwl_only_9case_bo_place_batch_20260421_220319_jpeg_asap7_trial_4e5a3933_79edd917f8b4/metrics.json	39	64 8	0	0.41857487021434453	1.675116218596951	0.44777652423562425	120.63692706515064	1018	3847	1.1565447908488093	1.25 1.10 1.04
4fc0c03c	ok	134511.2	134511.2	134573.0	-0.04592303062277601	24.108	1.0484018264840183	0.04592303062277601	0.04592303062277601	0.0	0	<ORIGINAL_WORKSPACE>/OpenROAD-flow-scripts/flow/reports/asap7/jpeg/place_batch_20260421_220319/dpl_evolve_baseline/openroad_dpl_hpwl_only_9case_bo_place_batch_20260421_220319_jpeg_asap7_trial_4fc0c03c_824872c99a59/metrics.json	47	512	0	0.8928068018432956	1.3508905652085108	1.4502370546034862	117.4239003882694	827	3418	1.0510985710231826	1.75 1.35 1.15 1.05
4fe81c00	ok	134614.7	134614.7	134573.0	0.03098689930373228	22.823	0.9925201130680582	-0.03098689930373228	-0.03098689930373228	0.0	0	<ORIGINAL_WORKSPACE>/OpenROAD-flow-scripts/flow/reports/asap7/jpeg/place_batch_20260421_220319/dpl_evolve_baseline/openroad_dpl_hpwl_only_9case_bo_place_batch_20260421_220319_jpeg_asap7_trial_4fe81c00_631e048c31a7/metrics.json	37	128	0	0.05448897029432578	1.8124620409078784	0.30434873754923986	148.0087326301178	970	2945	1.272687678749691	1.75 1.35 1.15 1.05
5042dc12	ok	134643.2	134643.2	134573.0	0.052164995950162094	21.644	0.9412480974124808	-0.0521649959501621	-0.0521649959501621	0.0	0	<ORIGINAL_WORKSPACE>/OpenROAD-flow-scripts/flow/reports/asap7/jpeg/place_batch_20260421_220319/dpl_evolve_baseline/openroad_dpl_hpwl_only_9case_bo_place_batch_20260421_220319_jpeg_asap7_trial_5042dc12_10cef7a68260/metrics.json	38	32	0	0.7715417336083106	0.70882635636888	1.5277009355467963	114.07634075225337	1172	2886	1.6926371254092714	1.50 1.25 1.10 1.04
50d1dd02	ok	133775.3	133775.3	134573.0	-0.5927637787669232	34.1	1.4829310719721678	0.13040596391837056	0.5927637787669232	0.46235781484855265	0	<ORIGINAL_WORKSPACE>/OpenROAD-flow-scripts/flow/reports/asap7/jpeg/place_batch_20260421_220319/dpl_evolve_baseline/openroad_dpl_hpwl_only_9case_bo_place_batch_20260421_220319_jpeg_asap7_trial_50d1dd02_569b0e28f23e/metrics.json	16	64 8	0	0.5329783671051487	1.1087192754144648	1.849129725669902	27.595381787500784	1118	2579	1.5738399044513471	1.25 1.10 1.04
5152d158	ok	133881.2	133881.2	134573.0	-0.5140704301754352	31.144	1.3543813872580994	0.19943278926987384	0.5140704301754352	0.31463764090556134	0	<ORIGINAL_WORKSPACE>/OpenROAD-flow-scripts/flow/reports/asap7/jpeg/place_batch_20260421_220319/dpl_evolve_baseline/openroad_dpl_hpwl_only_9case_bo_place_batch_20260421_220319_jpeg_asap7_trial_5152d158_6cc9bc9e4f9e/metrics.json	46	64 8	1	0.5941365686279922	1.4730060949842956	0.4753144500535431	102.5778677074241	989	3629	1.364992303611722	1.04
51930c6e	ok	133908.7	133908.7	134573.0	-0.49363542463940635	30.693	1.3347684279191128	0.2021423673997197	0.4936354246394064	0.2914930572396867	0	<ORIGINAL_WORKSPACE>/OpenROAD-flow-scripts/flow/reports/asap7/jpeg/place_batch_20260421_220319/dpl_evolve_baseline/openroad_dpl_hpwl_only_9case_bo_place_batch_20260421_220319_jpeg_asap7_trial_51930c6e_c7bffdde544e/metrics.json	25	64 8	1	0.6303573641558825	1.2935686188182105	0.4119563808224216	123.008768400262	1119	2192	1.0651034268410082	1.25 1.10 1.04
52126a0c	ok	133822.1	133822.1	134573.0	-0.5579871148001413	31.243	1.358686671015438	0.23829143191630858	0.5579871148001413	0.3196956828838327	0	<ORIGINAL_WORKSPACE>/OpenROAD-flow-scripts/flow/reports/asap7/jpeg/place_batch_20260421_220319/dpl_evolve_baseline/openroad_dpl_hpwl_only_9case_bo_place_batch_20260421_220319_jpeg_asap7_trial_52126a0c_88675b578ad4/metrics.json	114	64 8	0	0.5007799783379933	1.9951498997348447	0.6734684452999955	94.54792761174079	861	3573	1.3592191397210425	1.50 1.25 1.10 1.04
527ad523	ok	133780.1	133780.1	134573.0	-0.5891969414369853	29.759	1.2941509023700803	0.3461823255912294	0.5891969414369853	0.24301461584575593	0	<ORIGINAL_WORKSPACE>/OpenROAD-flow-scripts/flow/reports/asap7/jpeg/place_batch_20260421_220319/dpl_evolve_baseline/openroad_dpl_hpwl_only_9case_bo_place_batch_20260421_220319_jpeg_asap7_trial_527ad523_04930f9dd904/metrics.json	45	64 8	0	0.9597041401307702	1.9072902497974928	1.0907492479134144	120.99723377291082	1042	1368	1.509305543453583	1.75 1.35 1.15 1.05
52ac7e2d	ok	134562.3	134562.3	134573.0	-0.007951074881299845	22.444	0.9760382691889541	0.007951074881299846	0.007951074881299846	0.0	0	<ORIGINAL_WORKSPACE>/OpenROAD-flow-scripts/flow/reports/asap7/jpeg/place_batch_20260421_220319/dpl_evolve_baseline/openroad_dpl_hpwl_only_9case_bo_place_batch_20260421_220319_jpeg_asap7_trial_52ac7e2d_03210f38e220/metrics.json	29	omit	0	0.9740594936236632	1.3876661684009732	1.2361896558226597	147.71390953302418	1184	2096	1.7379664908794035	2.00 1.50 1.20 1.05
52d42370	ok	134567.3	134567.3	134573.0	-0.0042356193292946145	21.335	0.9278103935638182	0.0042356193292946145	0.0042356193292946145	0.0	0	<ORIGINAL_WORKSPACE>/OpenROAD-flow-scripts/flow/reports/asap7/jpeg/place_batch_20260421_220319/dpl_evolve_baseline/openroad_dpl_hpwl_only_9case_bo_place_batch_20260421_220319_jpeg_asap7_trial_52d42370_601f4bb5df69/metrics.json	85	128	0	0.7170639585990347	1.5836477534602564	1.0420132427128757	74.33138692473023	417	1675	1.7484913325182454	1.04
53594527	ok	134533.1	134533.1	134573.0	-0.029649335304997422	21.153	0.9198956294846705	0.029649335304997422	0.029649335304997422	0.0	0	<ORIGINAL_WORKSPACE>/OpenROAD-flow-scripts/flow/reports/asap7/jpeg/place_batch_20260421_220319/dpl_evolve_baseline/openroad_dpl_hpwl_only_9case_bo_place_batch_20260421_220319_jpeg_asap7_trial_53594527_ae16209c22db/metrics.json	44	omit	0	0.8763710580840557	1.1744582912566572	1.343118625752005	74.59940529462096	1109	2311	1.5044253874729692	1.04
5417ad5b	ok	133893.9	133893.9	134573.0	-0.5046331730733549	32.426	1.410132637529898	0.12510547596069022	0.5046331730733549	0.37952769711266465	0	<ORIGINAL_WORKSPACE>/OpenROAD-flow-scripts/flow/reports/asap7/jpeg/place_batch_20260421_220319/dpl_evolve_baseline/openroad_dpl_hpwl_only_9case_bo_place_batch_20260421_220319_jpeg_asap7_trial_5417ad5b_9ab1db18f899/metrics.json	77	omit	1	0.9577230409722035	0.8585656215954907	1.734597378888432	105.90781563578133	1039	2933	1.6275390536618728	2.00 1.50 1.20 1.05
54f4adf8	ok	133799.5	133799.5	134573.0	-0.5747809738952092	31.75	1.380734942378778	0.2293066820135683	0.5747809738952093	0.345474291881641	0	<ORIGINAL_WORKSPACE>/OpenROAD-flow-scripts/flow/reports/asap7/jpeg/place_batch_20260421_220319/dpl_evolve_baseline/openroad_dpl_hpwl_only_9case_bo_place_batch_20260421_220319_jpeg_asap7_trial_54f4adf8_31936d5c6544/metrics.json	72	64 8	0	0.39860254506562853	0.9908770432874953	1.0180560215370396	133.16728123630364	546	647	1.8210195203987662	omit
5618f0fd	ok	133879.8	133879.8	134573.0	-0.5151107577300139	33.269	1.4467927810393562	0.09361059279886236	0.5151107577300139	0.42150016493115156	0	<ORIGINAL_WORKSPACE>/OpenROAD-flow-scripts/flow/reports/asap7/jpeg/place_batch_20260421_220319/dpl_evolve_baseline/openroad_dpl_hpwl_only_9case_bo_place_batch_20260421_220319_jpeg_asap7_trial_5618f0fd_6c71e6f869a2/metrics.json	28	256 32	0	0.9475489413950998	0.4428654686469766	0.5707904383845133	12.2210947315893	543	525	1.6337867606119179	2.50 1.75 1.25 1.08
566482af	ok	134546.8	134546.8	134573.0	-0.019468987092516064	23.276	1.0122200478364862	0.019468987092516064	0.019468987092516064	0.0	0	<ORIGINAL_WORKSPACE>/OpenROAD-flow-scripts/flow/reports/asap7/jpeg/place_batch_20260421_220319/dpl_evolve_baseline/openroad_dpl_hpwl_only_9case_bo_place_batch_20260421_220319_jpeg_asap7_trial_566482af_bb8708388a17/metrics.json	112	128	0	0.20108411451127595	1.5637046403255477	0.6378761579184058	38.45362986320518	708	3745	1.9037471497017482	1.25 1.10 1.04
5a50befc	ok	133799.5	133799.5	134573.0	-0.5747809738952092	30.65	1.3328984561861272	0.2855034593612653	0.5747809738952093	0.289277514533944	0	<ORIGINAL_WORKSPACE>/OpenROAD-flow-scripts/flow/reports/asap7/jpeg/place_batch_20260421_220319/dpl_evolve_baseline/openroad_dpl_hpwl_only_9case_bo_place_batch_20260421_220319_jpeg_asap7_trial_5a50befc_c679f92efebe/metrics.json	72	64 8	0	0.014130094099252938	1.9492252814518585	1.0449610883022225	103.21861550938347	894	3521	1.4805955569753453	1.75 1.35 1.15 1.05
5a65979d	ok	133799.5	133799.5	134573.0	-0.5747809738952092	30.169	1.311980865405523	0.3103933497250233	0.5747809738952093	0.264387624170186	0	<ORIGINAL_WORKSPACE>/OpenROAD-flow-scripts/flow/reports/asap7/jpeg/place_batch_20260421_220319/dpl_evolve_baseline/openroad_dpl_hpwl_only_9case_bo_place_batch_20260421_220319_jpeg_asap7_trial_5a65979d_65f002dd0b41/metrics.json	83	64 8	0	0.8399520104047136	1.817979011199201	0.9749491414977693	130.99751310357178	900	3681	1.0025753597134957	2.00 1.50 1.20 1.05
5acc6dd4	ok	133944.9	133944.9	134573.0	-0.4667355264429015	34.301	1.4916721026310067	-0.005429813993505672	0.4667355264429015	0.4721653404364072	0	<ORIGINAL_WORKSPACE>/OpenROAD-flow-scripts/flow/reports/asap7/jpeg/place_batch_20260421_220319/dpl_evolve_baseline/openroad_dpl_hpwl_only_9case_bo_place_batch_20260421_220319_jpeg_asap7_trial_5acc6dd4_0568085dce5e/metrics.json	25	64 8	1	0.9018808313760979	1.6553589163320848	1.4614400393407314	110.73512360786717	1070	1355	1.757058061211279	1.04
5bf822df	ok	133742.9	133742.9	134573.0	-0.6168399307439129	31.223	1.3578169167210261	0.2981654278636294	0.6168399307439129	0.3186745028802835	0	<ORIGINAL_WORKSPACE>/OpenROAD-flow-scripts/flow/reports/asap7/jpeg/place_batch_20260421_220319/dpl_evolve_baseline/openroad_dpl_hpwl_only_9case_bo_place_batch_20260421_220319_jpeg_asap7_trial_5bf822df_787db2b3df99/metrics.json	55	64 8	0	0.02474680996701814	1.7688837069313434	0.6619009394226973	53.03777363411695	1084	3469	1.8399609504468448	1.25 1.10 1.04
5c978f26	ok	134493.3	134493.3	134573.0	-0.05922436149897204	25.083	1.0908023483365947	0.05922436149897204	0.05922436149897204	0.0	0	<ORIGINAL_WORKSPACE>/OpenROAD-flow-scripts/flow/reports/asap7/jpeg/place_batch_20260421_220319/dpl_evolve_baseline/openroad_dpl_hpwl_only_9case_bo_place_batch_20260421_220319_jpeg_asap7_trial_5c978f26_fe3f1770bb55/metrics.json	27	omit	0	0.9463461024947011	1.6115680192755117	1.9216908464769262	86.76040663489935	1063	647	1.5934982567634688	1.04
5d788899	ok	133805.1	133805.1	134573.0	-0.5706196636769592	32.777	1.4253968253968254	0.1735503727778847	0.5706196636769592	0.39706929089907445	0	<ORIGINAL_WORKSPACE>/OpenROAD-flow-scripts/flow/reports/asap7/jpeg/place_batch_20260421_220319/dpl_evolve_baseline/openroad_dpl_hpwl_only_9case_bo_place_batch_20260421_220319_jpeg_asap7_trial_5d788899_72ab28c3a4e9/metrics.json	13	64 8	0	0.20199956898244414	0.7325096245949742	1.739666519284018	113.7796815878984	660	2267	1.598514894492736	1.04
5dbe2dae	ok	133736.5	133736.5	134573.0	-0.6215957138504752	29.263	1.2725809958686671	0.40463499541266185	0.6215957138504752	0.21696071843781334	0	<ORIGINAL_WORKSPACE>/OpenROAD-flow-scripts/flow/reports/asap7/jpeg/place_batch_20260421_220319/dpl_evolve_baseline/openroad_dpl_hpwl_only_9case_bo_place_batch_20260421_220319_jpeg_asap7_trial_5dbe2dae_eeae4cf050e3/metrics.json	74	64 8	0	0.44470755410739116	1.6197046028808868	0.4364274575264236	52.40980776314455	976	3487	1.8669370457732615	1.10 1.04
5e8de8ec	ok	133838.5	133838.5	134573.0	-0.5458004205895685	30.009	1.3050228310502283	0.2897360981873813	0.5458004205895685	0.2560643224021872	0	<ORIGINAL_WORKSPACE>/OpenROAD-flow-scripts/flow/reports/asap7/jpeg/place_batch_20260421_220319/dpl_evolve_baseline/openroad_dpl_hpwl_only_9case_bo_place_batch_20260421_220319_jpeg_asap7_trial_5e8de8ec_bbb05565d049/metrics.json	7	64 8	0	0.528457820432018	1.6032451577704525	0.10490515092349885	124.0971589910393	950	2910	1.4822749271479445	1.25 1.10 1.04
5ed6beaa	ok	134547.2	134547.2	134573.0	-0.019171750648338343	22.158	0.963600782778865	0.019171750648338343	0.019171750648338343	0.0	0	<ORIGINAL_WORKSPACE>/OpenROAD-flow-scripts/flow/reports/asap7/jpeg/place_batch_20260421_220319/dpl_evolve_baseline/openroad_dpl_hpwl_only_9case_bo_place_batch_20260421_220319_jpeg_asap7_trial_5ed6beaa_0a692cc0e2b7/metrics.json	50	1024	0	0.43846047937861227	0.25603807729314343	0.3014284809222658	70.18493191216247	707	313	1.5692350289352615	1.04
5f022aac	ok	134521.8	134521.8	134573.0	-0.03804626485254222	23.652	1.0285714285714285	0.03804626485254222	0.03804626485254222	0.0	0	<ORIGINAL_WORKSPACE>/OpenROAD-flow-scripts/flow/reports/asap7/jpeg/place_batch_20260421_220319/dpl_evolve_baseline/openroad_dpl_hpwl_only_9case_bo_place_batch_20260421_220319_jpeg_asap7_trial_5f022aac_6ce3a165b81e/metrics.json	99	omit	0	0.7441473495312235	1.4244571593941022	1.661388554054551	149.99013811133622	1127	1330	1.5499341082933493	1.04
5f379fd3	ok	133833.5	133833.5	134573.0	-0.5495158761415737	32.145	1.3979125896934117	0.1840999896954234	0.5495158761415737	0.3654158864461503	0	<ORIGINAL_WORKSPACE>/OpenROAD-flow-scripts/flow/reports/asap7/jpeg/place_batch_20260421_220319/dpl_evolve_baseline/openroad_dpl_hpwl_only_9case_bo_place_batch_20260421_220319_jpeg_asap7_trial_5f379fd3_fb4bd9095e8a/metrics.json	73	64 8	0	0.1689508537369082	0.016035117154708005	0.2704238090940622	59.80818957934208	712	1316	1.851408865116773	1.75 1.35 1.15 1.05
60d0bf48	ok	134509.9	134509.9	134573.0	-0.04688904906631034	23.671	1.0293976951511197	0.04688904906631035	0.04688904906631035	0.0	0	<ORIGINAL_WORKSPACE>/OpenROAD-flow-scripts/flow/reports/asap7/jpeg/place_batch_20260421_220319/dpl_evolve_baseline/openroad_dpl_hpwl_only_9case_bo_place_batch_20260421_220319_jpeg_asap7_trial_60d0bf48_3200c9082e85/metrics.json	59	256	0	0.020680513871397244	1.7120390890717152	1.0047240602362724	73.32507405670984	700	2851	1.9310310118342668	1.25 1.10 1.04
6128c360	ok	134547.5	134547.5	134573.0	-0.01894882331522668	22.441	0.9759078060447922	0.01894882331522668	0.01894882331522668	0.0	0	<ORIGINAL_WORKSPACE>/OpenROAD-flow-scripts/flow/reports/asap7/jpeg/place_batch_20260421_220319/dpl_evolve_baseline/openroad_dpl_hpwl_only_9case_bo_place_batch_20260421_220319_jpeg_asap7_trial_6128c360_7c63b4d5aaa5/metrics.json	52	omit	0	0.9098730511571561	1.7178732786853592	1.8200367313180092	105.584521881627	781	2216	1.482401742820826	1.75 1.35 1.15 1.05
62aa72d0	ok	133809.2	133809.2	134573.0	-0.5675729901243105	31.542	1.371689497716895	0.2326494562159987	0.5675729901243105	0.3349235339083118	0	<ORIGINAL_WORKSPACE>/OpenROAD-flow-scripts/flow/reports/asap7/jpeg/place_batch_20260421_220319/dpl_evolve_baseline/openroad_dpl_hpwl_only_9case_bo_place_batch_20260421_220319_jpeg_asap7_trial_62aa72d0_51cc9e37ab76/metrics.json	29	64 8	0	0.5005738384763675	1.8405665414931502	0.7962655764436886	54.087221535958975	217	2142	1.7188560875694874	omit
62db5dda	ok	133860.4	133860.4	134573.0	-0.5295267252717899	30.536	1.32794085670798	0.2461305083658093	0.5295267252717899	0.2833962169059806	0	<ORIGINAL_WORKSPACE>/OpenROAD-flow-scripts/flow/reports/asap7/jpeg/place_batch_20260421_220319/dpl_evolve_baseline/openroad_dpl_hpwl_only_9case_bo_place_batch_20260421_220319_jpeg_asap7_trial_62db5dda_a1f5e6cce2bb/metrics.json	64	64 8	0	0.10838215262595713	1.908286025921169	0.36101820048915395	63.77031328688333	762	2744	1.6717320066020924	omit
63df6b75	ok	133831.0	133831.0	134573.0	-0.5513736039175763	31.991	1.3912154816264404	0.19371776261456713	0.5513736039175763	0.35765584130300915	0	<ORIGINAL_WORKSPACE>/OpenROAD-flow-scripts/flow/reports/asap7/jpeg/place_batch_20260421_220319/dpl_evolve_baseline/openroad_dpl_hpwl_only_9case_bo_place_batch_20260421_220319_jpeg_asap7_trial_63df6b75_0940f40910ee/metrics.json	12	64 8	0	0.27893373889545364	1.6537285035697387	1.910687562317314	8.283976511663784	1038	2726	1.8993795914318412	1.10 1.04
644df7c5	ok	133937.4	133937.4	134573.0	-0.47230870977090933	32.69	1.4216133942161338	0.07957854503445527	0.47230870977090933	0.39273016473645406	0	<ORIGINAL_WORKSPACE>/OpenROAD-flow-scripts/flow/reports/asap7/jpeg/place_batch_20260421_220319/dpl_evolve_baseline/openroad_dpl_hpwl_only_9case_bo_place_batch_20260421_220319_jpeg_asap7_trial_644df7c5_01015f09b10d/metrics.json	3	512 64	1	0.23297427384102043	1.6142103912375583	0.8063282559251349	129.5312781839143	909	2269	1.136455225660685	1.25 1.10 1.04
658b9773	ok	133797.1	133797.1	134573.0	-0.5765643925601676	30.79	1.33898673624701	0.2800791753517287	0.5765643925601674	0.29648521720843873	0	<ORIGINAL_WORKSPACE>/OpenROAD-flow-scripts/flow/reports/asap7/jpeg/place_batch_20260421_220319/dpl_evolve_baseline/openroad_dpl_hpwl_only_9case_bo_place_batch_20260421_220319_jpeg_asap7_trial_658b9773_e7401354e01f/metrics.json	100	64 8	0	0.40963014496457084	0.6101988560453402	0.12471535466409378	40.648607732011854	1045	3051	1.567763896366111	1.10 1.04
65b2253c	ok	134537.6	134537.6	134573.0	-0.026305425308192715	21.685	0.9430310937160251	0.02630542530819271	0.02630542530819271	0.0	0	<ORIGINAL_WORKSPACE>/OpenROAD-flow-scripts/flow/reports/asap7/jpeg/place_batch_20260421_220319/dpl_evolve_baseline/openroad_dpl_hpwl_only_9case_bo_place_batch_20260421_220319_jpeg_asap7_trial_65b2253c_e0a099788752/metrics.json	54	512	0	0.08526004041282836	1.346610277585838	0.6284434378165685	115.75164709835396	1160	3650	1.557960016821763	1.04
66288dde	ok	134522.8	134522.8	134573.0	-0.03730317374214118	21.134	0.9190693629049793	0.03730317374214118	0.03730317374214118	0.0	0	<ORIGINAL_WORKSPACE>/OpenROAD-flow-scripts/flow/reports/asap7/jpeg/place_batch_20260421_220319/dpl_evolve_baseline/openroad_dpl_hpwl_only_9case_bo_place_batch_20260421_220319_jpeg_asap7_trial_66288dde_08dc157ef191/metrics.json	11	64	0	0.03433789972182861	0.37222355868374646	0.5732311867995648	134.2439853757478	674	337	1.9936373947901955	1.04
671b205c	ok	133804.1	133804.1	134573.0	-0.5713627547873601	31.817	1.3836486192650577	0.22249726485166066	0.5713627547873602	0.34886548993569955	0	<ORIGINAL_WORKSPACE>/OpenROAD-flow-scripts/flow/reports/asap7/jpeg/place_batch_20260421_220319/dpl_evolve_baseline/openroad_dpl_hpwl_only_9case_bo_place_batch_20260421_220319_jpeg_asap7_trial_671b205c_cf858f704f0f/metrics.json	49	64 8	0	0.6588497693078479	1.8477949459957568	0.061448770977725164	56.7851559622484	1096	2279	1.9257733176618796	2.50 1.75 1.25 1.08
6754abfa	ok	133818.8	133818.8	134573.0	-0.5604393154644777	30.638	1.3323766036094804	0.2717803692488574	0.5604393154644778	0.2886589462156204	0	<ORIGINAL_WORKSPACE>/OpenROAD-flow-scripts/flow/reports/asap7/jpeg/place_batch_20260421_220319/dpl_evolve_baseline/openroad_dpl_hpwl_only_9case_bo_place_batch_20260421_220319_jpeg_asap7_trial_6754abfa_515361466a07/metrics.json	38	64 8	0	0.35656904267222533	0.22505300582784227	1.4672389391874463	79.41346256381809	703	530	1.2802319899395387	1.04
68937bb1	ok	134587.8	134587.8	134573.0	0.010997748433926834	22.406	0.9743857360295716	-0.010997748433926834	-0.010997748433926834	0.0	0	<ORIGINAL_WORKSPACE>/OpenROAD-flow-scripts/flow/reports/asap7/jpeg/place_batch_20260421_220319/dpl_evolve_baseline/openroad_dpl_hpwl_only_9case_bo_place_batch_20260421_220319_jpeg_asap7_trial_68937bb1_f89d2192ae66/metrics.json	102	256 32	0	0.9896969657460557	1.4082395583909486	0.4671262317498209	140.83776246813414	838	3255	1.608195240142168	1.25 1.10 1.04
68ee5315	ok	133942.1	133942.1	134573.0	-0.4688161815520158	31.108	1.3528158295281583	0.15601982140047072	0.46881618155201576	0.31279636015154505	0	<ORIGINAL_WORKSPACE>/OpenROAD-flow-scripts/flow/reports/asap7/jpeg/place_batch_20260421_220319/dpl_evolve_baseline/openroad_dpl_hpwl_only_9case_bo_place_batch_20260421_220319_jpeg_asap7_trial_68ee5315_4d596f027fc4/metrics.json	23	64 8	1	0.546429337493566	1.959249576257078	0.40927739448476397	122.84248623492115	1037	3986	1.6521591077230697	1.25 1.10 1.04
69224214	ok	134667.8	134667.8	134573.0	0.07044503726601054	21.126	0.9187214611872146	-0.07044503726601054	-0.07044503726601054	0.0	0	<ORIGINAL_WORKSPACE>/OpenROAD-flow-scripts/flow/reports/asap7/jpeg/place_batch_20260421_220319/dpl_evolve_baseline/openroad_dpl_hpwl_only_9case_bo_place_batch_20260421_220319_jpeg_asap7_trial_69224214_df082626f9a1/metrics.json	78	128 16	0	0.3963983954875983	1.9397406892191897	0.9090747586936808	71.80440810846403	266	2023	1.7914017476555326	1.04
6a219e98	ok	134498.2	134498.2	134573.0	-0.05558321505798961	24.856	1.0809306370950207	0.05558321505798961	0.05558321505798961	0.0	0	<ORIGINAL_WORKSPACE>/OpenROAD-flow-scripts/flow/reports/asap7/jpeg/place_batch_20260421_220319/dpl_evolve_baseline/openroad_dpl_hpwl_only_9case_bo_place_batch_20260421_220319_jpeg_asap7_trial_6a219e98_4e42ff03a136/metrics.json	34	512	0	0.8411642893240765	1.2186552013755474	1.7785667276675194	87.54341348248363	1148	3253	1.5772392644573818	2.00 1.50 1.20 1.05
6a47497f	ok	133806.4	133806.4	134573.0	-0.5696536452334464	31.172	1.355599043270276	0.2535846326913339	0.5696536452334464	0.3160690125421125	0	<ORIGINAL_WORKSPACE>/OpenROAD-flow-scripts/flow/reports/asap7/jpeg/place_batch_20260421_220319/dpl_evolve_baseline/openroad_dpl_hpwl_only_9case_bo_place_batch_20260421_220319_jpeg_asap7_trial_6a47497f_00b33d31c46d/metrics.json	28	64 8	0	0.4048365530989432	1.6344490762688535	1.3340001803024562	122.46659132526496	698	3089	1.9833219121225383	1.25 1.10 1.04
6ae2d762	ok	133809.2	133809.2	134573.0	-0.5675729901243105	29.321	1.2751032833224614	0.34755430545415256	0.5675729901243105	0.22001868467015798	0	<ORIGINAL_WORKSPACE>/OpenROAD-flow-scripts/flow/reports/asap7/jpeg/place_batch_20260421_220319/dpl_evolve_baseline/openroad_dpl_hpwl_only_9case_bo_place_batch_20260421_220319_jpeg_asap7_trial_6ae2d762_3037eefcb03e/metrics.json	29	64 8	0	0.15500177206105237	1.765845665547695	1.5088840317151435	88.89988428271428	631	3845	1.982819682583177	omit
6b9cbf05	ok	134572.5	134572.5	134573.0	-0.0003715455552005231	22.429	0.9753859534681452	0.0003715455552005231	0.0003715455552005231	0.0	0	<ORIGINAL_WORKSPACE>/OpenROAD-flow-scripts/flow/reports/asap7/jpeg/place_batch_20260421_220319/dpl_evolve_baseline/openroad_dpl_hpwl_only_9case_bo_place_batch_20260421_220319_jpeg_asap7_trial_6b9cbf05_ebabc2666879/metrics.json	53	128	0	0.07039577407558431	1.7514796858804949	0.7220432995631108	66.04900733842149	982	2552	1.8104583171497517	1.04
6c1770bf	ok	133822.7	133822.7	134573.0	-0.5575412601338964	29.923	1.3012828875842573	0.3059598818659795	0.5575412601338964	0.2515813782679169	0	<ORIGINAL_WORKSPACE>/OpenROAD-flow-scripts/flow/reports/asap7/jpeg/place_batch_20260421_220319/dpl_evolve_baseline/openroad_dpl_hpwl_only_9case_bo_place_batch_20260421_220319_jpeg_asap7_trial_6c1770bf_146482f938db/metrics.json	10	64 8	0	0.2558718531570242	1.9568604452138676	1.3175757398887988	126.68769597108455	810	3505	1.9723698461165504	2.50 1.75 1.25 1.08
6d571c68	ok	134507.4	134507.4	134573.0	-0.04874677684231296	22.343	0.9716460100021743	0.04874677684231296	0.04874677684231296	0.0	0	<ORIGINAL_WORKSPACE>/OpenROAD-flow-scripts/flow/reports/asap7/jpeg/place_batch_20260421_220319/dpl_evolve_baseline/openroad_dpl_hpwl_only_9case_bo_place_batch_20260421_220319_jpeg_asap7_trial_6d571c68_f8ee5f592261/metrics.json	44	128	0	0.4587131271146224	1.0722832513913474	0.9788141184804403	110.99228011534605	1181	3658	1.449236316554779	1.04
6de7279b	ok	134480.9	134480.9	134573.0	-0.0684386912679407	23.441	1.0193955207653838	0.0684386912679407	0.0684386912679407	0.0	0	<ORIGINAL_WORKSPACE>/OpenROAD-flow-scripts/flow/reports/asap7/jpeg/place_batch_20260421_220319/dpl_evolve_baseline/openroad_dpl_hpwl_only_9case_bo_place_batch_20260421_220319_jpeg_asap7_trial_6de7279b_748354ad1085/metrics.json	30	512	0	0.9514340735684423	0.6869171311479375	1.7333121945694452	139.92408740833474	793	3509	1.7706819607960103	1.04
6e97e12f	ok	133801.4	133801.4	134573.0	-0.5733691007854517	31.673	1.3773863883452924	0.23179657799386472	0.5733691007854517	0.34157252279158695	0	<ORIGINAL_WORKSPACE>/OpenROAD-flow-scripts/flow/reports/asap7/jpeg/place_batch_20260421_220319/dpl_evolve_baseline/openroad_dpl_hpwl_only_9case_bo_place_batch_20260421_220319_jpeg_asap7_trial_6e97e12f_5d75dec1c119/metrics.json	42	64 8	0	0.0871635708312693	1.750026706407619	0.08898301788823663	92.09785261213494	971	3267	1.328457370150364	1.75 1.35 1.15 1.05
6ebc8813	ok	134450.7	134450.7	134573.0	-0.0908800428020393	23.319	1.0140900195694715	0.0908800428020393	0.0908800428020393	0.0	0	<ORIGINAL_WORKSPACE>/OpenROAD-flow-scripts/flow/reports/asap7/jpeg/place_batch_20260421_220319/dpl_evolve_baseline/openroad_dpl_hpwl_only_9case_bo_place_batch_20260421_220319_jpeg_asap7_trial_6ebc8813_82336d08b305/metrics.json	30	64	0	0.14459515993238767	0.33624185903648374	1.0081878455350344	115.60598173908326	563	132	1.2426424967336929	1.04
72275061	ok	133826.1	133826.1	134573.0	-0.5550147503585371	30.226	1.3144596651445966	0.2876672839708784	0.5550147503585371	0.2673474663876587	0	<ORIGINAL_WORKSPACE>/OpenROAD-flow-scripts/flow/reports/asap7/jpeg/place_batch_20260421_220319/dpl_evolve_baseline/openroad_dpl_hpwl_only_9case_bo_place_batch_20260421_220319_jpeg_asap7_trial_72275061_8a15782c01b8/metrics.json	69	256	0	0.21684219200222182	1.8259329084586151	0.9867496326591025	9.411340807196424	564	3531	1.6170396801933433	omit
7295179f	ok	134581.6	134581.6	134573.0	0.006390583549453324	22.803	0.9916503587736465	-0.006390583549453323	-0.006390583549453323	0.0	0	<ORIGINAL_WORKSPACE>/OpenROAD-flow-scripts/flow/reports/asap7/jpeg/place_batch_20260421_220319/dpl_evolve_baseline/openroad_dpl_hpwl_only_9case_bo_place_batch_20260421_220319_jpeg_asap7_trial_7295179f_e064eb39fdd2/metrics.json	105	256 32	0	0.27796992873958454	0.8891280159246355	0.1021095507778031	16.873180868165313	191	480	1.634029310279565	2.50 1.75 1.25 1.08
73028a62	ok	133820.5	133820.5	134573.0	-0.5591760605767873	30.772	1.3382039573820395	0.2636166287068394	0.5591760605767874	0.295559431869948	0	<ORIGINAL_WORKSPACE>/OpenROAD-flow-scripts/flow/reports/asap7/jpeg/place_batch_20260421_220319/dpl_evolve_baseline/openroad_dpl_hpwl_only_9case_bo_place_batch_20260421_220319_jpeg_asap7_trial_73028a62_daf5cb5cdae4/metrics.json	50	64 8	0	0.0794561605025728	1.41777006153205	0.9821987597667544	79.88098305260996	934	1576	1.9745485858599445	1.10 1.04
73a962d2	ok	133828.7	133828.7	134573.0	-0.5530827134714901	29.92	1.3011524244400956	0.30165783317969597	0.5530827134714901	0.2514248802917941	0	<ORIGINAL_WORKSPACE>/OpenROAD-flow-scripts/flow/reports/asap7/jpeg/place_batch_20260421_220319/dpl_evolve_baseline/openroad_dpl_hpwl_only_9case_bo_place_batch_20260421_220319_jpeg_asap7_trial_73a962d2_e2fdc092507d/metrics.json	103	64 8	0	0.4821141659798376	1.4792681777838799	0.11013923423227566	27.388543009744097	694	3181	1.8922894623765703	1.10 1.04
744c1264	ok	133797.1	133797.1	134573.0	-0.5765643925601676	35.649	1.550293542074364	0.03935458723541885	0.5765643925601674	0.5372098053247486	0	<ORIGINAL_WORKSPACE>/OpenROAD-flow-scripts/flow/reports/asap7/jpeg/place_batch_20260421_220319/dpl_evolve_baseline/openroad_dpl_hpwl_only_9case_bo_place_batch_20260421_220319_jpeg_asap7_trial_744c1264_3ea6b4e67004/metrics.json	100	64 8	0	0.589070119675862	1.8985173446815247	0.42658758861810875	63.332200401618685	1181	2705	1.9922150705821726	1.10 1.04
7483cc05	ok	133826.9	133826.9	134573.0	-0.5544202774702249	31.251	1.359034572733203	0.2343162141061334	0.5544202774702249	0.32010406336409153	0	<ORIGINAL_WORKSPACE>/OpenROAD-flow-scripts/flow/reports/asap7/jpeg/place_batch_20260421_220319/dpl_evolve_baseline/openroad_dpl_hpwl_only_9case_bo_place_batch_20260421_220319_jpeg_asap7_trial_7483cc05_456c4c1dcd4b/metrics.json	8	64 8	0	0.18688175873721327	1.7986386538435244	0.4114604280983587	137.75592100157257	857	3765	1.7262365016650836	1.25 1.10 1.04
757418b1	ok	133922.5	133922.5	134573.0	-0.48338076731588064	31.444	1.3674277016742769	0.1534403189419844	0.4833807673158806	0.3299404483738962	0	<ORIGINAL_WORKSPACE>/OpenROAD-flow-scripts/flow/reports/asap7/jpeg/place_batch_20260421_220319/dpl_evolve_baseline/openroad_dpl_hpwl_only_9case_bo_place_batch_20260421_220319_jpeg_asap7_trial_757418b1_8c00a2653f6d/metrics.json	41	omit	1	0.9379034211302113	1.3853611306909615	1.4208304575626776	143.87626217088837	1172	1601	1.3951030540174625	1.04
78f7c1f8	ok	133890.4	133890.4	134573.0	-0.5072339919597585	32.982	1.4343118069145466	0.09996303889024932	0.5072339919597585	0.40727095306950917	0	<ORIGINAL_WORKSPACE>/OpenROAD-flow-scripts/flow/reports/asap7/jpeg/place_batch_20260421_220319/dpl_evolve_baseline/openroad_dpl_hpwl_only_9case_bo_place_batch_20260421_220319_jpeg_asap7_trial_78f7c1f8_7b5806c77d73/metrics.json	72	64 8	1	0.024356497784539355	1.4939429166539484	1.2808777395222526	135.47760568533027	177	163	1.387452415037048	2.50 1.75 1.25 1.08
7979572b	ok	134548.7	134548.7	134573.0	-0.018057113982736774	22.305	0.9699934768427918	0.018057113982736774	0.018057113982736774	0.0	0	<ORIGINAL_WORKSPACE>/OpenROAD-flow-scripts/flow/reports/asap7/jpeg/place_batch_20260421_220319/dpl_evolve_baseline/openroad_dpl_hpwl_only_9case_bo_place_batch_20260421_220319_jpeg_asap7_trial_7979572b_7f6286241c66/metrics.json	76	128	0	0.04410956072849932	1.5469662282419414	0.5489431724201204	94.5894855281196	554	3900	1.6809082980576262	2.00 1.50 1.20 1.05
798e0539	ok	133826.1	133826.1	134573.0	-0.5550147503585371	31.659	1.376777560339204	0.21415214948701317	0.5550147503585371	0.3408626008715239	0	<ORIGINAL_WORKSPACE>/OpenROAD-flow-scripts/flow/reports/asap7/jpeg/place_batch_20260421_220319/dpl_evolve_baseline/openroad_dpl_hpwl_only_9case_bo_place_batch_20260421_220319_jpeg_asap7_trial_798e0539_ce19ad05f140/metrics.json	69	512	0	0.7081654175648098	1.7389715417349572	1.1920124688239189	143.38569561049852	896	2474	1.377067079236952	1.75 1.35 1.15 1.05
7a5c74e5	ok	133802.7	133802.7	134573.0	-0.5724030823419173	31.003	1.3482496194824962	0.2649832183835313	0.5724030823419173	0.307419863958386	0	<ORIGINAL_WORKSPACE>/OpenROAD-flow-scripts/flow/reports/asap7/jpeg/place_batch_20260421_220319/dpl_evolve_baseline/openroad_dpl_hpwl_only_9case_bo_place_batch_20260421_220319_jpeg_asap7_trial_7a5c74e5_be6ed71b6e4d/metrics.json	27	64 8	0	0.7534242828212163	1.1344287794123389	0.8833636296211095	129.918029792575	1138	3615	1.1755420952740443	2.50 1.75 1.25 1.08
7aaa85e2	ok	133816.1	133816.1	134573.0	-0.5624456614625476	30.695	1.334855403348554	0.27084959350760995	0.5624456614625476	0.29159606795493764	0	<ORIGINAL_WORKSPACE>/OpenROAD-flow-scripts/flow/reports/asap7/jpeg/place_batch_20260421_220319/dpl_evolve_baseline/openroad_dpl_hpwl_only_9case_bo_place_batch_20260421_220319_jpeg_asap7_trial_7aaa85e2_53ff7cfe5bef/metrics.json	96	64 8	0	0.017004108230427195	1.0003389247782237	0.5563552365583011	48.12491270428505	117	1194	1.7646799953849186	1.75 1.35 1.15 1.05
7ae3a3af	ok	134522.3	134522.3	134573.0	-0.037674719297341695	22.879	0.9949554250924114	0.037674719297341695	0.037674719297341695	0.0	0	<ORIGINAL_WORKSPACE>/OpenROAD-flow-scripts/flow/reports/asap7/jpeg/place_batch_20260421_220319/dpl_evolve_baseline/openroad_dpl_hpwl_only_9case_bo_place_batch_20260421_220319_jpeg_asap7_trial_7ae3a3af_7789f27fd162/metrics.json	13	256 32	0	0.44789352617590517	1.8171910061861911	0.622547589328675	43.16630078795231	199	175	1.678835532939891	1.04
7b05f5ba	ok	133979.8	133979.8	134573.0	-0.4408016466899093	31.935	1.3887801696020874	0.08597226934979985	0.4408016466899093	0.35482937734010944	0	<ORIGINAL_WORKSPACE>/OpenROAD-flow-scripts/flow/reports/asap7/jpeg/place_batch_20260421_220319/dpl_evolve_baseline/openroad_dpl_hpwl_only_9case_bo_place_batch_20260421_220319_jpeg_asap7_trial_7b05f5ba_0bd9c4f0fcdb/metrics.json	115	64 8	1	0.5572236890604423	1.9236665010915994	1.1368941718713899	146.63914382853613	647	2935	1.0363820430355544	2.00 1.50 1.20 1.05
7b8945af	ok	133828.7	133828.7	134573.0	-0.5530827134714901	29.85	1.2981082844096543	0.30531168251736895	0.5530827134714901	0.24777103095412112	0	<ORIGINAL_WORKSPACE>/OpenROAD-flow-scripts/flow/reports/asap7/jpeg/place_batch_20260421_220319/dpl_evolve_baseline/openroad_dpl_hpwl_only_9case_bo_place_batch_20260421_220319_jpeg_asap7_trial_7b8945af_dabb864c2909/metrics.json	103	64 8	0	0.5213749370284796	1.379597642974792	0.12191502080028578	130.83924848691998	1083	3549	1.8120849133728245	1.10 1.04
7b92cf36	ok	133849.4	133849.4	134573.0	-0.5377007274862013	30.446	1.3240269623831267	0.2589553992639736	0.5377007274862015	0.27874532822222786	0	<ORIGINAL_WORKSPACE>/OpenROAD-flow-scripts/flow/reports/asap7/jpeg/place_batch_20260421_220319/dpl_evolve_baseline/openroad_dpl_hpwl_only_9case_bo_place_batch_20260421_220319_jpeg_asap7_trial_7b92cf36_eaed89abdc9e/metrics.json	59	64 8	0	0.15123752655902348	0.2838570027641575	0.7651045483730151	74.51472430796349	396	127	1.5121088555744764	1.04
7c0ff37a	ok	134525.6	134525.6	134573.0	-0.03522251863300527	22.861	0.9941726462274407	0.03522251863300527	0.03522251863300527	0.0	0	<ORIGINAL_WORKSPACE>/OpenROAD-flow-scripts/flow/reports/asap7/jpeg/place_batch_20260421_220319/dpl_evolve_baseline/openroad_dpl_hpwl_only_9case_bo_place_batch_20260421_220319_jpeg_asap7_trial_7c0ff37a_8beeff6396da/metrics.json	70	512	0	0.8375886308658391	0.885029483301064	1.8388822918793235	101.70752601158418	979	3003	1.9975941599277072	1.25 1.10 1.04
7c441c28	ok	133744.7	133744.7	134573.0	-0.615502366745178	32.177	1.3993041965644704	0.24847633758529186	0.615502366745178	0.36702602915988614	0	<ORIGINAL_WORKSPACE>/OpenROAD-flow-scripts/flow/reports/asap7/jpeg/place_batch_20260421_220319/dpl_evolve_baseline/openroad_dpl_hpwl_only_9case_bo_place_batch_20260421_220319_jpeg_asap7_trial_7c441c28_606e43b06acd/metrics.json	81	64 8	0	0.4106084472327389	1.8835960756781607	0.6399009354221137	58.1263142376199	489	3247	1.7828210947511867	2.50 1.75 1.25 1.08
7d1c4a4a	ok	134500.4	134500.4	134573.0	-0.05394841461512028	23.196	1.008741030658839	0.05394841461512029	0.05394841461512029	0.0	0	<ORIGINAL_WORKSPACE>/OpenROAD-flow-scripts/flow/reports/asap7/jpeg/place_batch_20260421_220319/dpl_evolve_baseline/openroad_dpl_hpwl_only_9case_bo_place_batch_20260421_220319_jpeg_asap7_trial_7d1c4a4a_6f5b613ac610/metrics.json	10	512 64	0	0.3186468807684071	1.7742335047273683	0.3609383619450247	109.28682113181422	872	3723	1.5637892407937177	2.50 1.75 1.25 1.08
7d490403	ok	134545.7	134545.7	134573.0	-0.020286387313939912	23.33	1.014568384431398	0.020286387313939912	0.020286387313939912	0.0	0	<ORIGINAL_WORKSPACE>/OpenROAD-flow-scripts/flow/reports/asap7/jpeg/place_batch_20260421_220319/dpl_evolve_baseline/openroad_dpl_hpwl_only_9case_bo_place_batch_20260421_220319_jpeg_asap7_trial_7d490403_0128b846a1a7/metrics.json	62	256	0	0.4342280130132079	1.1003024990815145	0.18002766175324464	88.95704786417815	449	2808	1.5602808218019546	1.10 1.04
7fb3b2ea	ok	134536.0	134536.0	134573.0	-0.027494371084838713	23.832	1.036399217221135	0.027494371084838713	0.027494371084838713	0.0	0	<ORIGINAL_WORKSPACE>/OpenROAD-flow-scripts/flow/reports/asap7/jpeg/place_batch_20260421_220319/dpl_evolve_baseline/openroad_dpl_hpwl_only_9case_bo_place_batch_20260421_220319_jpeg_asap7_trial_7fb3b2ea_b23b74fac3f9/metrics.json	8	1024 128	0	0.0097506839691513	0.24771007337735287	0.17847651639840323	75.19802863392026	682	388	1.9847858175717388	1.75 1.35 1.15 1.05
7fc3350e	ok	133958.0	133958.0	134573.0	-0.4570010328966434	30.694	1.3348119156338334	0.1654564698798246	0.45700103289664346	0.29154456301681886	0	<ORIGINAL_WORKSPACE>/OpenROAD-flow-scripts/flow/reports/asap7/jpeg/place_batch_20260421_220319/dpl_evolve_baseline/openroad_dpl_hpwl_only_9case_bo_place_batch_20260421_220319_jpeg_asap7_trial_7fc3350e_1b170637ae21/metrics.json	47	64	1	0.3290134752053032	0.6779676990216525	0.9905203643485936	120.31046308301367	314	1216	1.9341295002096306	1.50 1.25 1.10 1.04
802c6698	ok	133762.6	133762.6	134573.0	-0.6022010358690035	29.969	1.3032833224614047	0.34822100361007247	0.6022010358690035	0.25398003225893107	0	<ORIGINAL_WORKSPACE>/OpenROAD-flow-scripts/flow/reports/asap7/jpeg/place_batch_20260421_220319/dpl_evolve_baseline/openroad_dpl_hpwl_only_9case_bo_place_batch_20260421_220319_jpeg_asap7_trial_802c6698_87c54f64c101/metrics.json	58	64 8	0	0.4937878203315782	1.9097192174665976	1.603127459894646	120.27543436885259	1166	3254	1.4768872175039873	1.04
80340308	ok	133805.6	133805.6	134573.0	-0.5702481181217586	32.1	1.395955642530985	0.20709785143075837	0.5702481181217586	0.3631502666910002	0	<ORIGINAL_WORKSPACE>/OpenROAD-flow-scripts/flow/reports/asap7/jpeg/place_batch_20260421_220319/dpl_evolve_baseline/openroad_dpl_hpwl_only_9case_bo_place_batch_20260421_220319_jpeg_asap7_trial_80340308_705eaf6511b5/metrics.json	68	256	0	0.11053966497263168	1.3504716941528612	0.8981370017509054	137.6799015752043	884	3807	1.7409673493452322	1.75 1.35 1.15 1.05
80f52a4c	ok	133771.0	133771.0	134573.0	-0.5959590705416391	31.338	1.3628180039138944	0.2714172401370724	0.5959590705416391	0.3245418304045667	0	<ORIGINAL_WORKSPACE>/OpenROAD-flow-scripts/flow/reports/asap7/jpeg/place_batch_20260421_220319/dpl_evolve_baseline/openroad_dpl_hpwl_only_9case_bo_place_batch_20260421_220319_jpeg_asap7_trial_80f52a4c_9f0457c85727/metrics.json	36	64 8	0	0.1502025095910354	0.25819260230908664	0.7605845915024204	48.21435644876746	430	518	1.5489108832567269	1.04
81a68a5a	ok	134573.0	134573.0	134573.0	0.0	23.896	1.039182430963253	0.0	0.0	0.0	0	<ORIGINAL_WORKSPACE>/OpenROAD-flow-scripts/flow/reports/asap7/jpeg/place_batch_20260421_220319/dpl_evolve_baseline/openroad_dpl_hpwl_only_9case_bo_place_batch_20260421_220319_jpeg_asap7_trial_81a68a5a_dce7bb395b69/metrics.json	1	omit	0	0.4	0.4	0.6	35.0	150	1000	1.1	omit
82f001f8	ok	133780.1	133780.1	134573.0	-0.5891969414369853	30.009	1.3050228310502283	0.3331326190347981	0.5891969414369853	0.2560643224021872	0	<ORIGINAL_WORKSPACE>/OpenROAD-flow-scripts/flow/reports/asap7/jpeg/place_batch_20260421_220319/dpl_evolve_baseline/openroad_dpl_hpwl_only_9case_bo_place_batch_20260421_220319_jpeg_asap7_trial_82f001f8_5dc74a444812/metrics.json	45	64 8	0	0.09041637943910477	1.7842568970458694	1.0070716380694655	35.25411227612976	1000	3129	1.8042010941880529	1.25 1.10 1.04
838a2020	ok	134547.5	134547.5	134573.0	-0.01894882331522668	22.434	0.9756033920417482	0.01894882331522668	0.01894882331522668	0.0	0	<ORIGINAL_WORKSPACE>/OpenROAD-flow-scripts/flow/reports/asap7/jpeg/place_batch_20260421_220319/dpl_evolve_baseline/openroad_dpl_hpwl_only_9case_bo_place_batch_20260421_220319_jpeg_asap7_trial_838a2020_e7e69e68af43/metrics.json	88	1024	0	0.3487404384498315	1.6491335381361532	0.6908209341445835	80.26793471875219	709	3264	1.7952544126008954	omit
8488ac9e	ok	133810.8	133810.8	134573.0	-0.5663840443476861	31.583	1.373472494020439	0.2293780472504866	0.5663840443476861	0.3370059970971995	0	<ORIGINAL_WORKSPACE>/OpenROAD-flow-scripts/flow/reports/asap7/jpeg/place_batch_20260421_220319/dpl_evolve_baseline/openroad_dpl_hpwl_only_9case_bo_place_batch_20260421_220319_jpeg_asap7_trial_8488ac9e_d124e0d0b56e/metrics.json	78	64 8	0	0.19056023256629975	0.20420083971017378	1.0135087000599259	31.862288643358006	284	424	1.5057623917248362	1.50 1.25 1.10 1.04
8642c575	ok	133832.8	133832.8	134573.0	-0.5500360399188631	30.876	1.342726679712981	0.24913135651089158	0.5500360399188631	0.3009046834079715	0	<ORIGINAL_WORKSPACE>/OpenROAD-flow-scripts/flow/reports/asap7/jpeg/place_batch_20260421_220319/dpl_evolve_baseline/openroad_dpl_hpwl_only_9case_bo_place_batch_20260421_220319_jpeg_asap7_trial_8642c575_7e03be59a4e7/metrics.json	25	64 8	0	0.26478741951925117	0.8928990568695703	0.44535120265599715	117.9749885873601	987	591	1.9909199372747055	2.00 1.50 1.20 1.05
867e8155	ok	134561.6	134561.6	134573.0	-0.008471238658567602	24.083	1.0473146336160033	0.008471238658567602	0.008471238658567602	0.0	0	<ORIGINAL_WORKSPACE>/OpenROAD-flow-scripts/flow/reports/asap7/jpeg/place_batch_20260421_220319/dpl_evolve_baseline/openroad_dpl_hpwl_only_9case_bo_place_batch_20260421_220319_jpeg_asap7_trial_867e8155_c31a323ecb83/metrics.json	80	1024	0	0.258971819701278	0.8052073806704352	1.3914420517579107	105.53018783472129	102	330	1.2749986459779816	1.50 1.25 1.10 1.04
881bf45a	ok	134537.1	134537.1	134573.0	-0.02667697086339324	21.876	0.9513372472276582	0.026676970863393237	0.026676970863393237	0.0	0	<ORIGINAL_WORKSPACE>/OpenROAD-flow-scripts/flow/reports/asap7/jpeg/place_batch_20260421_220319/dpl_evolve_baseline/openroad_dpl_hpwl_only_9case_bo_place_batch_20260421_220319_jpeg_asap7_trial_881bf45a_ac4ff123eaca/metrics.json	38	1024 128	0	0.48535489657040826	1.638904869505086	0.8980086739357959	147.91534932460783	1027	3471	1.074031108827354	1.04
897e45b4	ok	134537.1	134537.1	134573.0	-0.02667697086339324	22.84	0.9932594042183083	0.026676970863393237	0.026676970863393237	0.0	0	<ORIGINAL_WORKSPACE>/OpenROAD-flow-scripts/flow/reports/asap7/jpeg/place_batch_20260421_220319/dpl_evolve_baseline/openroad_dpl_hpwl_only_9case_bo_place_batch_20260421_220319_jpeg_asap7_trial_897e45b4_dc77255f76b8/metrics.json	38	1024 128	0	0.16742534601526463	1.163829313696422	0.7107972344486138	149.78642410642027	417	958	1.7494466406811557	2.00 1.50 1.20 1.05
8990b413	ok	133838.5	133838.5	134573.0	-0.5458004205895685	32.174	1.3991737334203087	0.17892530828736725	0.5458004205895685	0.3668751123022012	0	<ORIGINAL_WORKSPACE>/OpenROAD-flow-scripts/flow/reports/asap7/jpeg/place_batch_20260421_220319/dpl_evolve_baseline/openroad_dpl_hpwl_only_9case_bo_place_batch_20260421_220319_jpeg_asap7_trial_8990b413_b1e7ccbf5d11/metrics.json	21	64 8	0	0.09271036061659546	0.25596365884106165	1.0576898712144096	99.06252339989585	814	160	1.606340463692793	1.10 1.04
89e4320d	ok	133807.5	133807.5	134573.0	-0.5688362450120009	30.737	1.3366818873668187	0.27507772674267034	0.5688362450120009	0.2937585182693306	0	<ORIGINAL_WORKSPACE>/OpenROAD-flow-scripts/flow/reports/asap7/jpeg/place_batch_20260421_220319/dpl_evolve_baseline/openroad_dpl_hpwl_only_9case_bo_place_batch_20260421_220319_jpeg_asap7_trial_89e4320d_52f4592cdf0f/metrics.json	63	64 8	0	0.959357107200925	1.4596743292798562	0.8619812580558931	144.73242416217943	947	3027	1.1142303276984475	1.25 1.10 1.04
8b421236	ok	133772.7	133772.7	134573.0	-0.5946958156539487	29.84	1.2976734072624483	0.3474471127647069	0.5946958156539487	0.24724870288924178	0	<ORIGINAL_WORKSPACE>/OpenROAD-flow-scripts/flow/reports/asap7/jpeg/place_batch_20260421_220319/dpl_evolve_baseline/openroad_dpl_hpwl_only_9case_bo_place_batch_20260421_220319_jpeg_asap7_trial_8b421236_d4495f6ff467/metrics.json	14	64 8	0	0.16535419711693278	1.8550171607920678	0.7281434265037379	112.62181547042333	885	3545	1.6236722070556089	1.25 1.10 1.04
8c54b48b	ok	133805.1	133805.1	134573.0	-0.5706196636769592	35.973	1.5643835616438355	0.017960265165496758	0.5706196636769592	0.5526593985114624	0	<ORIGINAL_WORKSPACE>/OpenROAD-flow-scripts/flow/reports/asap7/jpeg/place_batch_20260421_220319/dpl_evolve_baseline/openroad_dpl_hpwl_only_9case_bo_place_batch_20260421_220319_jpeg_asap7_trial_8c54b48b_25ed23605ae5/metrics.json	13	64 8	0	0.032644527465644516	0.7105479386599552	1.6894542125548253	123.88908357434327	501	3100	1.3906575558958458	1.04
8cefa14c	ok	133836.0	133836.0	134573.0	-0.5476581483655711	32.331	1.4060013046314417	0.17289448150709252	0.5476581483655711	0.3747636668584786	0	<ORIGINAL_WORKSPACE>/OpenROAD-flow-scripts/flow/reports/asap7/jpeg/place_batch_20260421_220319/dpl_evolve_baseline/openroad_dpl_hpwl_only_9case_bo_place_batch_20260421_220319_jpeg_asap7_trial_8cefa14c_4eafd7abc7a3/metrics.json	33	64 8	0	0.022984774540866462	0.07886473733504497	1.0202671037938802	109.34116294499643	707	798	1.975950635193007	1.04
8da5ac82	ok	134592.3	134592.3	134573.0	0.014341658430731543	22.199	0.9653837790824092	-0.014341658430731543	-0.014341658430731543	0.0	0	<ORIGINAL_WORKSPACE>/OpenROAD-flow-scripts/flow/reports/asap7/jpeg/place_batch_20260421_220319/dpl_evolve_baseline/openroad_dpl_hpwl_only_9case_bo_place_batch_20260421_220319_jpeg_asap7_trial_8da5ac82_07d0484f95a8/metrics.json	60	256 32	0	0.48724349584001175	1.7611065302946185	0.5980359637678211	26.340553750474747	563	1761	1.877591285759013	1.04
8e071c96	ok	134515.5	134515.5	134573.0	-0.042727738848060165	23.002	1.0003044140030442	0.04272773884806016	0.04272773884806016	0.0	0	<ORIGINAL_WORKSPACE>/OpenROAD-flow-scripts/flow/reports/asap7/jpeg/place_batch_20260421_220319/dpl_evolve_baseline/openroad_dpl_hpwl_only_9case_bo_place_batch_20260421_220319_jpeg_asap7_trial_8e071c96_3e9fb05652b2/metrics.json	56	omit	0	0.6225122835625323	1.526565869135559	1.920148889069163	119.63269435947322	1161	930	1.1075818159625834	1.04
8e5fd13f	ok	134543.0	134543.0	134573.0	-0.02229273331203139	22.341	0.9715590345727332	0.02229273331203139	0.02229273331203139	0.0	0	<ORIGINAL_WORKSPACE>/OpenROAD-flow-scripts/flow/reports/asap7/jpeg/place_batch_20260421_220319/dpl_evolve_baseline/openroad_dpl_hpwl_only_9case_bo_place_batch_20260421_220319_jpeg_asap7_trial_8e5fd13f_203821394603/metrics.json	37	256	0	0.10676995075795193	0.1693443755258625	1.0251859018806497	83.0626025598557	650	375	1.1888952219756665	1.50 1.25 1.10 1.04
8e810e64	ok	134533.4	134533.4	134573.0	-0.029426407971885758	25.129	1.0928027832137421	0.029426407971885758	0.029426407971885758	0.0	0	<ORIGINAL_WORKSPACE>/OpenROAD-flow-scripts/flow/reports/asap7/jpeg/place_batch_20260421_220319/dpl_evolve_baseline/openroad_dpl_hpwl_only_9case_bo_place_batch_20260421_220319_jpeg_asap7_trial_8e810e64_3d4604e16754/metrics.json	70	64	0	0.377071019047729	1.909100583554149	0.8433765353702716	37.604545731414674	1138	2819	1.715980119762403	1.10 1.04
8ed13b75	ok	133763.2	133763.2	134573.0	-0.6017551812027586	32.444	1.4109154163948685	0.22132561249356425	0.6017551812027586	0.38042956870919437	0	<ORIGINAL_WORKSPACE>/OpenROAD-flow-scripts/flow/reports/asap7/jpeg/place_batch_20260421_220319/dpl_evolve_baseline/openroad_dpl_hpwl_only_9case_bo_place_batch_20260421_220319_jpeg_asap7_trial_8ed13b75_015d83d3e84b/metrics.json	30	64 8	0	0.6310351042023477	1.6330549580099363	0.39795776148955675	112.10918950792723	1037	3398	1.1088358616872145	1.25 1.10 1.04
8f800844	ok	134517.9	134517.9	134573.0	-0.04094432018310197	21.862	0.9507284192215698	0.04094432018310198	0.04094432018310198	0.0	0	<ORIGINAL_WORKSPACE>/OpenROAD-flow-scripts/flow/reports/asap7/jpeg/place_batch_20260421_220319/dpl_evolve_baseline/openroad_dpl_hpwl_only_9case_bo_place_batch_20260421_220319_jpeg_asap7_trial_8f800844_88017a74cc4b/metrics.json	87	512	0	0.712352291149766	1.1878168989076974	1.41670437058293	138.682808344024	947	3572	1.6605919806737395	1.04
8fa13710	ok	134533.1	134533.1	134573.0	-0.029649335304997422	22.151	0.9632963687758208	0.029649335304997422	0.029649335304997422	0.0	0	<ORIGINAL_WORKSPACE>/OpenROAD-flow-scripts/flow/reports/asap7/jpeg/place_batch_20260421_220319/dpl_evolve_baseline/openroad_dpl_hpwl_only_9case_bo_place_batch_20260421_220319_jpeg_asap7_trial_8fa13710_2f1e8385f230/metrics.json	44	omit	0	0.5480267995082102	1.1887102681448785	1.3692269612668246	98.92671721351249	757	3891	1.041924991603821	2.00 1.50 1.20 1.05
916d3ac6	ok	133799.5	133799.5	134573.0	-0.5747809738952092	31.995	1.3913894324853229	0.21692333700737088	0.5747809738952093	0.35785763688783845	0	<ORIGINAL_WORKSPACE>/OpenROAD-flow-scripts/flow/reports/asap7/jpeg/place_batch_20260421_220319/dpl_evolve_baseline/openroad_dpl_hpwl_only_9case_bo_place_batch_20260421_220319_jpeg_asap7_trial_916d3ac6_68a3947e6057/metrics.json	72	64 8	0	0.041876438258831354	1.7363717590839391	0.7152585512098886	10.915641494293581	1101	3130	1.7089832112743435	1.25 1.10 1.04
917dd963	ok	134573.0	134573.0	134573.0	0.0	23.793	1.034703196347032	0.0	0.0	0.0	0	<ORIGINAL_WORKSPACE>/OpenROAD-flow-scripts/flow/reports/asap7/jpeg/place_batch_20260421_220319/dpl_evolve_baseline/openroad_dpl_hpwl_only_9case_bo_place_batch_20260421_220319_jpeg_asap7_trial_917dd963_08ef8cec32a6/metrics.json	1	512	0	0.5	0.6	0.8	45.0	200	1000	1.15	1.50 1.25 1.10 1.04
918cbb73	ok	133763.2	133763.2	134573.0	-0.6017551812027586	31.794	1.382648401826484	0.2540534310491911	0.6017551812027586	0.3477017501535675	0	<ORIGINAL_WORKSPACE>/OpenROAD-flow-scripts/flow/reports/asap7/jpeg/place_batch_20260421_220319/dpl_evolve_baseline/openroad_dpl_hpwl_only_9case_bo_place_batch_20260421_220319_jpeg_asap7_trial_918cbb73_d783f803717f/metrics.json	51	512	0	0.7439060555000239	1.079122211548792	1.6150841020273181	136.96125144632282	995	3251	1.710301251953007	1.04
91baae9f	ok	134510.2	134510.2	134573.0	-0.04666612173317706	22.681	0.9863448575777343	0.04666612173317706	0.04666612173317706	0.0	0	<ORIGINAL_WORKSPACE>/OpenROAD-flow-scripts/flow/reports/asap7/jpeg/place_batch_20260421_220319/dpl_evolve_baseline/openroad_dpl_hpwl_only_9case_bo_place_batch_20260421_220319_jpeg_asap7_trial_91baae9f_21dbf46b56d1/metrics.json	73	omit	0	0.9764823754681741	0.9618561546218964	1.692802696325073	126.96038477953022	762	1943	1.2852845660467958	1.04
9209332b	ok	134510.1	134510.1	134573.0	-0.046740430844221484	24.295	1.0565340291367689	0.046740430844221484	0.046740430844221484	0.0	0	<ORIGINAL_WORKSPACE>/OpenROAD-flow-scripts/flow/reports/asap7/jpeg/place_batch_20260421_220319/dpl_evolve_baseline/openroad_dpl_hpwl_only_9case_bo_place_batch_20260421_220319_jpeg_asap7_trial_9209332b_5b7a9f9cd75c/metrics.json	41	512 64	0	0.828845807980693	1.1494230094162046	1.2747485866993333	42.83644225435409	725	3025	1.8583138364290424	1.75 1.35 1.15 1.05
939b0640	ok	134580.9	134580.9	134573.0	0.00587041977216394	23.139	1.006262230919765	-0.00587041977216394	-0.00587041977216394	0.0	0	<ORIGINAL_WORKSPACE>/OpenROAD-flow-scripts/flow/reports/asap7/jpeg/place_batch_20260421_220319/dpl_evolve_baseline/openroad_dpl_hpwl_only_9case_bo_place_batch_20260421_220319_jpeg_asap7_trial_939b0640_214e0f5700f8/metrics.json	15	128	0	0.2838353087649786	1.9061683330658854	1.1227724245181943	104.61142695593318	814	3360	1.5376728057983309	1.10 1.04
953741c2	ok	133822.7	133822.7	134573.0	-0.5575412601338964	32.86	1.4290063057186344	0.15633770750875436	0.5575412601338964	0.401203552625142	0	<ORIGINAL_WORKSPACE>/OpenROAD-flow-scripts/flow/reports/asap7/jpeg/place_batch_20260421_220319/dpl_evolve_baseline/openroad_dpl_hpwl_only_9case_bo_place_batch_20260421_220319_jpeg_asap7_trial_953741c2_9036830ab689/metrics.json	10	64 8	0	0.018576202177409518	0.14004428743844466	0.9983729663272121	90.94941924799956	704	1338	1.988616154412449	2.00 1.50 1.20 1.05
95767a65	ok	134480.9	134480.9	134573.0	-0.0684386912679407	22.38	0.9732550554468362	0.0684386912679407	0.0684386912679407	0.0	0	<ORIGINAL_WORKSPACE>/OpenROAD-flow-scripts/flow/reports/asap7/jpeg/place_batch_20260421_220319/dpl_evolve_baseline/openroad_dpl_hpwl_only_9case_bo_place_batch_20260421_220319_jpeg_asap7_trial_95767a65_f912f0bd16f7/metrics.json	30	512	0	0.6044825980888837	1.3621334346861025	1.5511526979863222	147.87416211776366	1083	3084	1.6543356935618896	1.04
962c694c	ok	133826.9	133826.9	134573.0	-0.5544202774702249	31.497	1.3697325505544684	0.2217839324531483	0.5544202774702249	0.3326363450170766	0	<ORIGINAL_WORKSPACE>/OpenROAD-flow-scripts/flow/reports/asap7/jpeg/place_batch_20260421_220319/dpl_evolve_baseline/openroad_dpl_hpwl_only_9case_bo_place_batch_20260421_220319_jpeg_asap7_trial_962c694c_da49e8109215/metrics.json	8	64 8	0	0.42423718284498657	0.29287346808791037	1.0383977192569736	99.88713316272538	583	519	1.844636626072055	1.04
964f9fab	ok	133788.0	133788.0	134573.0	-0.5833265216648214	33.026	1.4362252663622528	0.1738700799083096	0.5833265216648214	0.40945644175651175	0	<ORIGINAL_WORKSPACE>/OpenROAD-flow-scripts/flow/reports/asap7/jpeg/place_batch_20260421_220319/dpl_evolve_baseline/openroad_dpl_hpwl_only_9case_bo_place_batch_20260421_220319_jpeg_asap7_trial_964f9fab_be5a35e68162/metrics.json	89	64 8	0	0.26943779633684795	1.8243137828280915	0.4220085387557698	74.46964103569476	312	3018	1.80518872924801	2.50 1.75 1.25 1.08
9661a5ce	ok	134023.8	134023.8	134573.0	-0.4081056378322632	29.521	1.2838008262665797	0.17756537079957344	0.4081056378322633	0.23054026703268984	0	<ORIGINAL_WORKSPACE>/OpenROAD-flow-scripts/flow/reports/asap7/jpeg/place_batch_20260421_220319/dpl_evolve_baseline/openroad_dpl_hpwl_only_9case_bo_place_batch_20260421_220319_jpeg_asap7_trial_9661a5ce_c33ed9ff8f2c/metrics.json	31	256 32	1	0.28782445691630315	0.648867916968408	1.446861576295904	143.4287539352646	229	158	1.6265474524773307	1.25 1.10 1.04
97c9ed6f	ok	133860.1	133860.1	134573.0	-0.5297496526049016	29.916	1.3009784735812133	0.27853344848639183	0.5297496526049016	0.25121620411850976	0	<ORIGINAL_WORKSPACE>/OpenROAD-flow-scripts/flow/reports/asap7/jpeg/place_batch_20260421_220319/dpl_evolve_baseline/openroad_dpl_hpwl_only_9case_bo_place_batch_20260421_220319_jpeg_asap7_trial_97c9ed6f_dfb6464f7b90/metrics.json	60	64 8	0	0.7809777480456226	1.932484792196772	0.078216760320029	17.01008315327885	69	1387	1.6952483200990087	1.04
9999c14e	ok	134536.8	134536.8	134573.0	-0.026899898196526523	22.778	0.9905631659056315	0.026899898196526526	0.026899898196526526	0.0	0	<ORIGINAL_WORKSPACE>/OpenROAD-flow-scripts/flow/reports/asap7/jpeg/place_batch_20260421_220319/dpl_evolve_baseline/openroad_dpl_hpwl_only_9case_bo_place_batch_20260421_220319_jpeg_asap7_trial_9999c14e_49809c6ab9fc/metrics.json	59	1024 128	0	0.7714769237560025	1.1852262135536857	0.9102662922670594	117.74953097321858	660	3808	1.6987407657113782	1.04
99cf1abc	ok	134613.8	134613.8	134573.0	0.030318117304354034	23.302	1.0133507284192216	-0.030318117304354037	-0.030318117304354037	0.0	0	<ORIGINAL_WORKSPACE>/OpenROAD-flow-scripts/flow/reports/asap7/jpeg/place_batch_20260421_220319/dpl_evolve_baseline/openroad_dpl_hpwl_only_9case_bo_place_batch_20260421_220319_jpeg_asap7_trial_99cf1abc_ab9d845a80d4/metrics.json	5	omit	0	0.022139502257557227	0.20385026497226222	0.47458000227623864	40.35524638353594	474	1004	1.970348398359406	2.00 1.50 1.20 1.05
99d56699	ok	134557.4	134557.4	134573.0	-0.011592221322260647	22.566	0.9813437703848662	0.011592221322260647	0.011592221322260647	0.0	0	<ORIGINAL_WORKSPACE>/OpenROAD-flow-scripts/flow/reports/asap7/jpeg/place_batch_20260421_220319/dpl_evolve_baseline/openroad_dpl_hpwl_only_9case_bo_place_batch_20260421_220319_jpeg_asap7_trial_99d56699_57c634337989/metrics.json	74	omit	0	0.8505413052093665	1.1712961694051682	1.9786695204049771	103.42716259396263	1188	1569	1.509848191171599	omit
99e8634d	ok	134533.4	134533.4	134573.0	-0.029426407971885758	23.337	1.0148727984344421	0.029426407971885758	0.029426407971885758	0.0	0	<ORIGINAL_WORKSPACE>/OpenROAD-flow-scripts/flow/reports/asap7/jpeg/place_batch_20260421_220319/dpl_evolve_baseline/openroad_dpl_hpwl_only_9case_bo_place_batch_20260421_220319_jpeg_asap7_trial_99e8634d_655352b83ddd/metrics.json	46	omit	0	0.9006576162323081	1.0834115610142188	1.799430699610297	130.07519531942785	998	2455	1.3153327291718595	1.10 1.04
9b03556d	ok	133742.9	133742.9	134573.0	-0.6168399307439129	32.783	1.425657751685149	0.21947160215596828	0.6168399307439129	0.3973683285879446	0	<ORIGINAL_WORKSPACE>/OpenROAD-flow-scripts/flow/reports/asap7/jpeg/place_batch_20260421_220319/dpl_evolve_baseline/openroad_dpl_hpwl_only_9case_bo_place_batch_20260421_220319_jpeg_asap7_trial_9b03556d_bdad89c505e9/metrics.json	55	64 8	0	0.41160881610886096	1.4977862776818958	0.7413618022460258	126.36553555050206	1175	3481	1.5563067642364303	1.04
9b979567	ok	133832.1	133832.1	134573.0	-0.5505562036961309	30.597	1.3305936073059361	0.2640116137563476	0.5505562036961309	0.2865445899397833	0	<ORIGINAL_WORKSPACE>/OpenROAD-flow-scripts/flow/reports/asap7/jpeg/place_batch_20260421_220319/dpl_evolve_baseline/openroad_dpl_hpwl_only_9case_bo_place_batch_20260421_220319_jpeg_asap7_trial_9b979567_fd19c2e026cc/metrics.json	19	64 8	0	0.14562822935755768	1.437923709437208	0.6323837170017095	119.286379613588	922	3861	1.6443859682990811	1.75 1.35 1.15 1.05
9bcb1087	ok	134583.3	134583.3	134573.0	0.0076538384371221254	21.195	0.9217221135029354	-0.007653838437122126	-0.007653838437122126	0.0	0	<ORIGINAL_WORKSPACE>/OpenROAD-flow-scripts/flow/reports/asap7/jpeg/place_batch_20260421_220319/dpl_evolve_baseline/openroad_dpl_hpwl_only_9case_bo_place_batch_20260421_220319_jpeg_asap7_trial_9bcb1087_039dbc1898cf/metrics.json	68	128	0	0.41204480490799134	1.126909716520629	0.4223079768428978	66.84164347988136	776	3440	1.887277633680676	1.10 1.04
9e0d4e9f	ok	134555.4	134555.4	134573.0	-0.01307840354306274	21.255	0.9243313763861708	0.01307840354306274	0.01307840354306274	0.0	0	<ORIGINAL_WORKSPACE>/OpenROAD-flow-scripts/flow/reports/asap7/jpeg/place_batch_20260421_220319/dpl_evolve_baseline/openroad_dpl_hpwl_only_9case_bo_place_batch_20260421_220319_jpeg_asap7_trial_9e0d4e9f_6c48e88e5de5/metrics.json	51	1024 128	0	0.507270462645927	1.9965275374876417	1.6941554973483757	146.10801598532186	1030	3485	1.5712819908276745	1.75 1.35 1.15 1.05
9eac2fa0	ok	133807.5	133807.5	134573.0	-0.5688362450120009	30.593	1.3304196564470536	0.2824980095580184	0.5688362450120009	0.2863382354539825	0	<ORIGINAL_WORKSPACE>/OpenROAD-flow-scripts/flow/reports/asap7/jpeg/place_batch_20260421_220319/dpl_evolve_baseline/openroad_dpl_hpwl_only_9case_bo_place_batch_20260421_220319_jpeg_asap7_trial_9eac2fa0_d34087cb2d25/metrics.json	63	64 8	0	0.6961017012842409	1.6076018753970036	0.9616165754753936	94.69251379963328	1142	3739	1.2896129244321755	1.04
9eef6b28	ok	133775.3	133775.3	134573.0	-0.5927637787669232	30.48	1.3255055446836268	0.31226064127622133	0.5927637787669232	0.2805031374907019	0	<ORIGINAL_WORKSPACE>/OpenROAD-flow-scripts/flow/reports/asap7/jpeg/place_batch_20260421_220319/dpl_evolve_baseline/openroad_dpl_hpwl_only_9case_bo_place_batch_20260421_220319_jpeg_asap7_trial_9eef6b28_83766d1e459e/metrics.json	16	64 8	0	0.37285339560768305	1.8220142462546358	0.12182247314355554	137.34473985370315	981	3583	1.4570342622736177	1.25 1.10 1.04
9ef26ff0	ok	133801.4	133801.4	134573.0	-0.5733691007854517	32.169	1.3989562948467056	0.20674553221573055	0.5733691007854517	0.3666235685697211	0	<ORIGINAL_WORKSPACE>/OpenROAD-flow-scripts/flow/reports/asap7/jpeg/place_batch_20260421_220319/dpl_evolve_baseline/openroad_dpl_hpwl_only_9case_bo_place_batch_20260421_220319_jpeg_asap7_trial_9ef26ff0_a8c2750201b0/metrics.json	42	64 8	0	0.4378710949994611	1.7244229768914316	0.42320544042576264	119.6041993849363	1082	3375	1.4956304329161605	1.04
9f39bfef	ok	133758.6	133758.6	134573.0	-0.6051734003106077	32.911	1.4312241791693847	0.20143210762527625	0.6051734003106077	0.4037412926853315	0	<ORIGINAL_WORKSPACE>/OpenROAD-flow-scripts/flow/reports/asap7/jpeg/place_batch_20260421_220319/dpl_evolve_baseline/openroad_dpl_hpwl_only_9case_bo_place_batch_20260421_220319_jpeg_asap7_trial_9f39bfef_6a81670684d6/metrics.json	86	64 8	0	0.954419201443658	1.9864271337519013	1.1668199559145174	144.36693267808485	845	3229	1.2629114762762321	2.00 1.50 1.20 1.05
9f8a2365	ok	133816.1	133816.1	134573.0	-0.5624456614625476	33.327	1.4493150684931506	0.13807737128986802	0.5624456614625476	0.4243682901726796	0	<ORIGINAL_WORKSPACE>/OpenROAD-flow-scripts/flow/reports/asap7/jpeg/place_batch_20260421_220319/dpl_evolve_baseline/openroad_dpl_hpwl_only_9case_bo_place_batch_20260421_220319_jpeg_asap7_trial_9f8a2365_c7cc887cb5ec/metrics.json	75	64 8	0	0.7876290032352801	1.9930301628231561	1.0279120289577284	134.3633937394906	887	2841	1.3228071895693938	1.10 1.04
9f96c75d	ok	134541.8	134541.8	134573.0	-0.023184442644521294	21.118	0.9183735594694498	0.023184442644521294	0.023184442644521294	0.0	0	<ORIGINAL_WORKSPACE>/OpenROAD-flow-scripts/flow/reports/asap7/jpeg/place_batch_20260421_220319/dpl_evolve_baseline/openroad_dpl_hpwl_only_9case_bo_place_batch_20260421_220319_jpeg_asap7_trial_9f96c75d_b536522f8e2f/metrics.json	65	512	0	0.7455406978710167	1.0592151824564908	1.2055441176207595	133.85876715021186	928	3062	1.6452761002023413	omit
9fb3026b	ok	133773.9	133773.9	134573.0	-0.5938041063214804	30.306	1.3179386823222439	0.32230717862607666	0.5938041063214804	0.27149692769540373	0	<ORIGINAL_WORKSPACE>/OpenROAD-flow-scripts/flow/reports/asap7/jpeg/place_batch_20260421_220319/dpl_evolve_baseline/openroad_dpl_hpwl_only_9case_bo_place_batch_20260421_220319_jpeg_asap7_trial_9fb3026b_3241a96635a4/metrics.json	57	64 8	0	0.311373580620968	0.3560505840393189	0.6405121314769988	115.81744993567274	1081	3183	1.668011658034458	1.04
a060f742	ok	134535.5	134535.5	134573.0	-0.027865916640039234	22.26	0.9680365296803654	0.027865916640039234	0.027865916640039234	0.0	0	<ORIGINAL_WORKSPACE>/OpenROAD-flow-scripts/flow/reports/asap7/jpeg/place_batch_20260421_220319/dpl_evolve_baseline/openroad_dpl_hpwl_only_9case_bo_place_batch_20260421_220319_jpeg_asap7_trial_a060f742_439d406a5e0e/metrics.json	111	omit	0	0.9132608598755327	1.644552757319653	1.1002561705582312	149.14154370255434	1000	2848	1.081803851721575	2.00 1.50 1.20 1.05
a0b042c0	ok	133809.2	133809.2	134573.0	-0.5675729901243105	31.142	1.3542944118286584	0.25303761466650504	0.5675729901243105	0.31453537545780547	0	<ORIGINAL_WORKSPACE>/OpenROAD-flow-scripts/flow/reports/asap7/jpeg/place_batch_20260421_220319/dpl_evolve_baseline/openroad_dpl_hpwl_only_9case_bo_place_batch_20260421_220319_jpeg_asap7_trial_a0b042c0_71cb7773d9bb/metrics.json	29	64 8	0	0.3117440398475747	0.28778230907634217	1.0499211339572223	18.396252004829147	814	1331	1.4998010992801083	2.00 1.50 1.20 1.05
a163a5fd	ok	133833.3	133833.3	134573.0	-0.5496644943636626	30.311	1.3181561208958468	0.27790840728696353	0.5496644943636626	0.27175608707669907	0	<ORIGINAL_WORKSPACE>/OpenROAD-flow-scripts/flow/reports/asap7/jpeg/place_batch_20260421_220319/dpl_evolve_baseline/openroad_dpl_hpwl_only_9case_bo_place_batch_20260421_220319_jpeg_asap7_trial_a163a5fd_ef5da5f27508/metrics.json	23	64 8	0	0.43515792167149336	1.904854296718914	1.212984311679774	125.53705207504504	1130	2462	1.139327851970504	2.00 1.50 1.20 1.05
a22e1b3c	ok	134500.8	134500.8	134573.0	-0.053651178170964195	22.78	0.9906501413350729	0.053651178170964195	0.053651178170964195	0.0	0	<ORIGINAL_WORKSPACE>/OpenROAD-flow-scripts/flow/reports/asap7/jpeg/place_batch_20260421_220319/dpl_evolve_baseline/openroad_dpl_hpwl_only_9case_bo_place_batch_20260421_220319_jpeg_asap7_trial_a22e1b3c_c6f3f5222c93/metrics.json	66	256	0	0.9597169931276767	1.3022493560255037	1.8253151103097465	106.21592257696123	1066	2212	1.7673381101684944	1.04
a22f596a	ok	134573.0	134573.0	134573.0	0.0	22.116	0.9617742987606	0.0	0.0	0.0	0	<ORIGINAL_WORKSPACE>/OpenROAD-flow-scripts/flow/reports/asap7/jpeg/place_batch_20260421_220319/dpl_evolve_baseline/openroad_dpl_hpwl_only_9case_bo_place_batch_20260421_220319_jpeg_asap7_trial_a22f596a_2274519dc40f/metrics.json	1	256	0	0.25	0.3	0.9	25.0	100	1500	1.05	1.25 1.10 1.04
a288ec76	ok	134611.1	134611.1	134573.0	0.02831177130628419	24.924	1.0838878016960207	-0.02831177130628419	-0.02831177130628419	0.0	0	<ORIGINAL_WORKSPACE>/OpenROAD-flow-scripts/flow/reports/asap7/jpeg/place_batch_20260421_220319/dpl_evolve_baseline/openroad_dpl_hpwl_only_9case_bo_place_batch_20260421_220319_jpeg_asap7_trial_a288ec76_f0679938b1cd/metrics.json	7	256	0	0.3051925076534272	1.9066317376197317	0.6825112517281766	103.39554573295817	1139	2749	1.8441504847809163	1.25 1.10 1.04
a31d1d99	ok	133828.7	133828.7	134573.0	-0.5530827134714901	32.498	1.4132637529897802	0.16994903001362133	0.5530827134714901	0.38313368345786875	0	<ORIGINAL_WORKSPACE>/OpenROAD-flow-scripts/flow/reports/asap7/jpeg/place_batch_20260421_220319/dpl_evolve_baseline/openroad_dpl_hpwl_only_9case_bo_place_batch_20260421_220319_jpeg_asap7_trial_a31d1d99_9f2facfa03ff/metrics.json	103	64 8	0	0.5293795723603156	1.0025938497461055	0.06973765890293701	74.83522521841014	831	3376	1.8296370939333007	2.00 1.50 1.20 1.05
a3899f62	ok	133890.3	133890.3	134573.0	-0.5073083010708029	30.663	1.3334637964774951	0.21736080748983017	0.5073083010708029	0.28994749358097277	0	<ORIGINAL_WORKSPACE>/OpenROAD-flow-scripts/flow/reports/asap7/jpeg/place_batch_20260421_220319/dpl_evolve_baseline/openroad_dpl_hpwl_only_9case_bo_place_batch_20260421_220319_jpeg_asap7_trial_a3899f62_4c6446da6aac/metrics.json	23	512 64	1	0.019979362459903206	0.12824268861468557	1.3798887470122316	119.99594045664703	562	3419	1.3623238609986958	1.04
a4ec548c	ok	133769.7	133769.7	134573.0	-0.5969250889851518	30.352	1.319939117199391	0.32304470073624547	0.5969250889851518	0.27388038824890637	0	<ORIGINAL_WORKSPACE>/OpenROAD-flow-scripts/flow/reports/asap7/jpeg/place_batch_20260421_220319/dpl_evolve_baseline/openroad_dpl_hpwl_only_9case_bo_place_batch_20260421_220319_jpeg_asap7_trial_a4ec548c_9b2bdb454d4c/metrics.json	39	64 8	0	0.382547234560084	0.6727262664461242	1.0224879016332933	146.73461499529623	378	975	1.8995649254905365	2.00 1.50 1.20 1.05
a8427bb6	ok	134662.4	134662.4	134573.0	0.06643234526984922	21.478	0.9340291367688628	-0.06643234526984922	-0.06643234526984922	0.0	0	<ORIGINAL_WORKSPACE>/OpenROAD-flow-scripts/flow/reports/asap7/jpeg/place_batch_20260421_220319/dpl_evolve_baseline/openroad_dpl_hpwl_only_9case_bo_place_batch_20260421_220319_jpeg_asap7_trial_a8427bb6_57ba2e683c25/metrics.json	42	128 16	0	0.02013375033656628	0.7604314155861086	0.29335807203699954	42.81740918067905	202	205	1.9146913048295557	2.50 1.75 1.25 1.08
a8c8fd64	ok	133783.2	133783.2	134573.0	-0.5868933589947377	32.204	1.4004783648619266	0.21850939457942103	0.5868933589947377	0.3683839644153167	0	<ORIGINAL_WORKSPACE>/OpenROAD-flow-scripts/flow/reports/asap7/jpeg/place_batch_20260421_220319/dpl_evolve_baseline/openroad_dpl_hpwl_only_9case_bo_place_batch_20260421_220319_jpeg_asap7_trial_a8c8fd64_b5f0cbae0da7/metrics.json	90	64 8	0	0.4780443363520129	1.528127306537969	0.820684865370354	61.45664905098239	997	2324	1.9024561761647159	omit
aabb237c	ok	134604.2	134604.2	134573.0	0.023184442644521294	22.209	0.965818656229615	-0.023184442644521294	-0.023184442644521294	0.0	0	<ORIGINAL_WORKSPACE>/OpenROAD-flow-scripts/flow/reports/asap7/jpeg/place_batch_20260421_220319/dpl_evolve_baseline/openroad_dpl_hpwl_only_9case_bo_place_batch_20260421_220319_jpeg_asap7_trial_aabb237c_694aeb8448b1/metrics.json	32	omit	0	0.21298773656736802	1.7843411651097256	0.2665946504229557	128.73757224636347	867	3929	1.6362146317036013	1.25 1.10 1.04
ab12564a	ok	133801.4	133801.4	134573.0	-0.5733691007854517	34.311	1.4921069797782125	0.10071657512178617	0.5733691007854517	0.4726525256636655	0	<ORIGINAL_WORKSPACE>/OpenROAD-flow-scripts/flow/reports/asap7/jpeg/place_batch_20260421_220319/dpl_evolve_baseline/openroad_dpl_hpwl_only_9case_bo_place_batch_20260421_220319_jpeg_asap7_trial_ab12564a_dbccec6f0422/metrics.json	42	64 8	0	0.08584699482570254	0.5393335038660705	0.725283060220983	30.176612197307648	373	1170	1.6572657445141854	1.04
ab1259bc	ok	133962.7	133962.7	134573.0	-0.4535085046777499	31.166	1.3553381169819525	0.13774616049357685	0.4535085046777499	0.31576234418417304	0	<ORIGINAL_WORKSPACE>/OpenROAD-flow-scripts/flow/reports/asap7/jpeg/place_batch_20260421_220319/dpl_evolve_baseline/openroad_dpl_hpwl_only_9case_bo_place_batch_20260421_220319_jpeg_asap7_trial_ab1259bc_a0c5db633f60/metrics.json	19	1024	1	0.40239251985773583	1.809372320687246	0.12226904351036993	116.0811514080628	194	2512	1.010364261335232	1.75 1.35 1.15 1.05
ab2625ff	ok	134626.9	134626.9	134573.0	0.04005261085061207	22.403	0.9742552728854098	-0.04005261085061207	-0.04005261085061207	0.0	0	<ORIGINAL_WORKSPACE>/OpenROAD-flow-scripts/flow/reports/asap7/jpeg/place_batch_20260421_220319/dpl_evolve_baseline/openroad_dpl_hpwl_only_9case_bo_place_batch_20260421_220319_jpeg_asap7_trial_ab2625ff_e4630f8e9ac3/metrics.json	113	256 32	0	0.09580190679545231	1.8250394008595499	0.9259038763585447	61.46939477649958	1143	2934	1.5376965034387489	omit
ac0608bd	ok	133827.0	133827.0	134573.0	-0.5543459683591805	30.724	1.3361165470754512	0.2612566219854622	0.5543459683591805	0.2930893463737183	0	<ORIGINAL_WORKSPACE>/OpenROAD-flow-scripts/flow/reports/asap7/jpeg/place_batch_20260421_220319/dpl_evolve_baseline/openroad_dpl_hpwl_only_9case_bo_place_batch_20260421_220319_jpeg_asap7_trial_ac0608bd_3013609a364b/metrics.json	84	64 8	0	0.35657897586736415	1.6816498185018822	0.8979587252117862	119.89053591385427	1154	3615	1.824870608806096	1.04
ac759834	ok	133937.3	133937.3	134573.0	-0.4723830188819537	28.533	1.2408349641226353	0.29417275302500023	0.4723830188819538	0.17821026585695354	0	<ORIGINAL_WORKSPACE>/OpenROAD-flow-scripts/flow/reports/asap7/jpeg/place_batch_20260421_220319/dpl_evolve_baseline/openroad_dpl_hpwl_only_9case_bo_place_batch_20260421_220319_jpeg_asap7_trial_ac759834_c5d301b0352d/metrics.json	52	64	1	0.32113082898958123	1.7266837062311493	0.8933122500220508	137.83711354150108	1138	3114	1.0220073817705146	2.00 1.50 1.20 1.05
acd1eb07	ok	133807.5	133807.5	134573.0	-0.5688362450120009	34.014	1.4791911285061972	0.11068351240953883	0.5688362450120009	0.4581527326024621	0	<ORIGINAL_WORKSPACE>/OpenROAD-flow-scripts/flow/reports/asap7/jpeg/place_batch_20260421_220319/dpl_evolve_baseline/openroad_dpl_hpwl_only_9case_bo_place_batch_20260421_220319_jpeg_asap7_trial_acd1eb07_9382bf9d2f32/metrics.json	63	64 8	0	0.3125013784920495	1.0090383394019893	1.364005565632892	115.52249344681383	200	189	1.5190823222119896	1.25 1.10 1.04
addaaca7	ok	133800.4	133800.4	134573.0	-0.5741121918958526	32.085	1.395303326810176	0.21171748464901657	0.5741121918958527	0.36239470724683615	0	<ORIGINAL_WORKSPACE>/OpenROAD-flow-scripts/flow/reports/asap7/jpeg/place_batch_20260421_220319/dpl_evolve_baseline/openroad_dpl_hpwl_only_9case_bo_place_batch_20260421_220319_jpeg_asap7_trial_addaaca7_0a0e8fce12b7/metrics.json	94	64 8	0	0.22821642735185432	1.6774587457365722	0.4598824163878586	47.90357722895014	338	1603	1.9732064931275315	1.04
adfcef9a	ok	134533.4	134533.4	134573.0	-0.029426407971885758	23.358	1.0157860404435746	0.029426407971885758	0.029426407971885758	0.0	0	<ORIGINAL_WORKSPACE>/OpenROAD-flow-scripts/flow/reports/asap7/jpeg/place_batch_20260421_220319/dpl_evolve_baseline/openroad_dpl_hpwl_only_9case_bo_place_batch_20260421_220319_jpeg_asap7_trial_adfcef9a_c4b31d79171b/metrics.json	46	omit	0	0.23588038730378313	1.0902607887008504	1.98211474021194	127.01659267636728	144	427	1.534939577949975	1.75 1.35 1.15 1.05
ae95fd28	ok	133818.8	133818.8	134573.0	-0.5604393154644777	32.422	1.4099586866710152	0.1811120682534741	0.5604393154644778	0.3793272472110037	0	<ORIGINAL_WORKSPACE>/OpenROAD-flow-scripts/flow/reports/asap7/jpeg/place_batch_20260421_220319/dpl_evolve_baseline/openroad_dpl_hpwl_only_9case_bo_place_batch_20260421_220319_jpeg_asap7_trial_ae95fd28_f88ad9590302/metrics.json	38	64 8	0	0.7710730863109924	1.1102591164770834	0.32737090167317945	89.59338010774414	1148	3591	1.089069854506828	1.25 1.10 1.04
aeb03c8c	ok	134531.9	134531.9	134573.0	-0.030541044637487327	22.427	0.975298978038704	0.030541044637487327	0.030541044637487327	0.0	0	<ORIGINAL_WORKSPACE>/OpenROAD-flow-scripts/flow/reports/asap7/jpeg/place_batch_20260421_220319/dpl_evolve_baseline/openroad_dpl_hpwl_only_9case_bo_place_batch_20260421_220319_jpeg_asap7_trial_aeb03c8c_bce3cbdfc6dc/metrics.json	4	1024 128	0	0.2282856340805188	1.9066412964966513	1.1338443814818573	106.27691109493271	793	3833	1.863096053218525	1.25 1.10 1.04
af250067	ok	134535.1	134535.1	134573.0	-0.02816315308419533	22.3	0.9697760382691889	0.028163153084195328	0.028163153084195328	0.0	0	<ORIGINAL_WORKSPACE>/OpenROAD-flow-scripts/flow/reports/asap7/jpeg/place_batch_20260421_220319/dpl_evolve_baseline/openroad_dpl_hpwl_only_9case_bo_place_batch_20260421_220319_jpeg_asap7_trial_af250067_6213d360cd1e/metrics.json	82	512 64	0	0.8541093063876972	1.6525886243564918	1.4416904477643733	107.25451324755755	718	3810	1.2412619236763651	2.00 1.50 1.20 1.05
af3fd038	ok	134507.4	134507.4	134573.0	-0.04874677684231296	24.915	1.0834964122635355	0.04874677684231296	0.04874677684231296	0.0	0	<ORIGINAL_WORKSPACE>/OpenROAD-flow-scripts/flow/reports/asap7/jpeg/place_batch_20260421_220319/dpl_evolve_baseline/openroad_dpl_hpwl_only_9case_bo_place_batch_20260421_220319_jpeg_asap7_trial_af3fd038_57842b4076c2/metrics.json	21	512 64	0	0.11465765763882704	0.3620919742823407	0.8837527094958996	43.156402656759255	536	363	1.4448800031940692	1.75 1.35 1.15 1.05
af46ab7d	ok	133838.5	133838.5	134573.0	-0.5458004205895685	29.336	1.27575559904327	0.32499137494472274	0.5458004205895685	0.2208090456448457	0	<ORIGINAL_WORKSPACE>/OpenROAD-flow-scripts/flow/reports/asap7/jpeg/place_batch_20260421_220319/dpl_evolve_baseline/openroad_dpl_hpwl_only_9case_bo_place_batch_20260421_220319_jpeg_asap7_trial_af46ab7d_a3c87b906aeb/metrics.json	7	64 8	0	0.010740326893809216	1.9734984836878031	1.5143300850897037	105.66510596195798	924	2302	1.9009469576673572	2.00 1.50 1.20 1.05
b020928d	ok	133772.9	133772.9	134573.0	-0.5945471974318814	31.687	1.3779952163513807	0.25226490960163056	0.5945471974318814	0.3422822878302509	0	<ORIGINAL_WORKSPACE>/OpenROAD-flow-scripts/flow/reports/asap7/jpeg/place_batch_20260421_220319/dpl_evolve_baseline/openroad_dpl_hpwl_only_9case_bo_place_batch_20260421_220319_jpeg_asap7_trial_b020928d_4e6fc622b7b8/metrics.json	31	64 8	0	0.06486327272313672	0.20246435568601284	0.7127261341511206	109.1226928173247	756	298	1.916385002112882	1.04
b127f9e1	ok	134521.4	134521.4	134573.0	-0.038343501296698314	21.796	0.9478582300500108	0.038343501296698314	0.038343501296698314	0.0	0	<ORIGINAL_WORKSPACE>/OpenROAD-flow-scripts/flow/reports/asap7/jpeg/place_batch_20260421_220319/dpl_evolve_baseline/openroad_dpl_hpwl_only_9case_bo_place_batch_20260421_220319_jpeg_asap7_trial_b127f9e1_221fc1ecd77e/metrics.json	42	128	0	0.574909617984753	0.6810959499387512	1.245953418529403	146.75152675912983	111	1330	1.644122100237337	2.00 1.50 1.20 1.05
b13ca390	ok	133940.7	133940.7	134573.0	-0.4698565091065729	31.733	1.3799956512285279	0.12524323943357152	0.4698565091065729	0.3446132696730014	0	<ORIGINAL_WORKSPACE>/OpenROAD-flow-scripts/flow/reports/asap7/jpeg/place_batch_20260421_220319/dpl_evolve_baseline/openroad_dpl_hpwl_only_9case_bo_place_batch_20260421_220319_jpeg_asap7_trial_b13ca390_08897e2bccad/metrics.json	7	omit	1	0.48149611837807704	1.9446374854085984	1.4459488185041018	92.33601240797647	734	3217	1.7420904656896012	1.25 1.10 1.04
b1faa4a2	ok	133924.0	133924.0	134573.0	-0.482266130650279	31.47	1.3685583822570122	0.15100288327790695	0.482266130650279	0.33126324737237206	0	<ORIGINAL_WORKSPACE>/OpenROAD-flow-scripts/flow/reports/asap7/jpeg/place_batch_20260421_220319/dpl_evolve_baseline/openroad_dpl_hpwl_only_9case_bo_place_batch_20260421_220319_jpeg_asap7_trial_b1faa4a2_6e85d25a2cad/metrics.json	48	1024 128	1	0.6017093956343288	1.69213504126205	1.6974709909129944	82.87812269557733	1199	3315	1.210657753193356	1.04
b3079e49	ok	134639.3	134639.3	134573.0	0.049266940619580715	22.239	0.9671232876712329	-0.049266940619580715	-0.049266940619580715	0.0	0	<ORIGINAL_WORKSPACE>/OpenROAD-flow-scripts/flow/reports/asap7/jpeg/place_batch_20260421_220319/dpl_evolve_baseline/openroad_dpl_hpwl_only_9case_bo_place_batch_20260421_220319_jpeg_asap7_trial_b3079e49_6bd3eb2062ee/metrics.json	74	128 16	0	0.032426325314457105	0.1871541916349615	0.17747484433234145	67.7599723037213	482	3904	1.1679832931996148	omit
b50b9d93	ok	134554.9	134554.9	134573.0	-0.013449949098263261	21.384	0.9299412915851272	0.013449949098263263	0.013449949098263263	0.0	0	<ORIGINAL_WORKSPACE>/OpenROAD-flow-scripts/flow/reports/asap7/jpeg/place_batch_20260421_220319/dpl_evolve_baseline/openroad_dpl_hpwl_only_9case_bo_place_batch_20260421_220319_jpeg_asap7_trial_b50b9d93_08e483819a34/metrics.json	38	512 64	0	0.8555057024462539	1.3090681403520774	1.0042296440691005	114.17733386671597	633	1775	1.2584752706517595	1.75 1.35 1.15 1.05
b543030c	ok	133810.8	133810.8	134573.0	-0.5663840443476861	31.359	1.3637312459230269	0.24077195203249607	0.5663840443476861	0.32561209231519	0	<ORIGINAL_WORKSPACE>/OpenROAD-flow-scripts/flow/reports/asap7/jpeg/place_batch_20260421_220319/dpl_evolve_baseline/openroad_dpl_hpwl_only_9case_bo_place_batch_20260421_220319_jpeg_asap7_trial_b543030c_a029a2f34b0d/metrics.json	78	64 8	0	0.01848313275332364	0.4266780033870847	1.039247248700652	135.23064150103363	670	448	1.2514743147860208	1.04
b5beb977	ok	133793.3	133793.3	134573.0	-0.5793881387797044	35.518	1.5445966514459666	0.04844485156903666	0.5793881387797044	0.5309432872106677	0	<ORIGINAL_WORKSPACE>/OpenROAD-flow-scripts/flow/reports/asap7/jpeg/place_batch_20260421_220319/dpl_evolve_baseline/openroad_dpl_hpwl_only_9case_bo_place_batch_20260421_220319_jpeg_asap7_trial_b5beb977_7c86c05fd4d7/metrics.json	99	64 8	0	0.3517976348899649	0.6103807854410559	0.13933589901364002	19.883920189385694	126	1096	1.7495763236406843	2.50 1.75 1.25 1.08
b6c668d2	ok	133947.8	133947.8	134573.0	-0.4645805622227428	31.723	1.3795607740813218	0.12047388393974418	0.4645805622227428	0.3441066782829986	0	<ORIGINAL_WORKSPACE>/OpenROAD-flow-scripts/flow/reports/asap7/jpeg/place_batch_20260421_220319/dpl_evolve_baseline/openroad_dpl_hpwl_only_9case_bo_place_batch_20260421_220319_jpeg_asap7_trial_b6c668d2_eef29efb7e43/metrics.json	45	64 8	1	0.06950848840682247	1.97920445700689	0.6456781496907624	103.20023853588548	623	3231	1.4350176404886965	1.75 1.35 1.15 1.05
b7928951	ok	133909.5	133909.5	134573.0	-0.49304095175109425	28.911	1.257273320287019	0.2947042922350688	0.4930409517510942	0.1983366595160254	0	<ORIGINAL_WORKSPACE>/OpenROAD-flow-scripts/flow/reports/asap7/jpeg/place_batch_20260421_220319/dpl_evolve_baseline/openroad_dpl_hpwl_only_9case_bo_place_batch_20260421_220319_jpeg_asap7_trial_b7928951_97050bdc7302/metrics.json	23	64 8	1	0.5894333666502319	0.6544124526571551	0.969063639645244	138.27518218494782	440	897	1.9797443402165322	2.00 1.50 1.20 1.05
b819e509	ok	133969.7	133969.7	134573.0	-0.4483068669049426	30.374	1.3208958469232441	0.17328720121089386	0.4483068669049426	0.27501966569404873	0	<ORIGINAL_WORKSPACE>/OpenROAD-flow-scripts/flow/reports/asap7/jpeg/place_batch_20260421_220319/dpl_evolve_baseline/openroad_dpl_hpwl_only_9case_bo_place_batch_20260421_220319_jpeg_asap7_trial_b819e509_4ca665defb37/metrics.json	42	512 64	1	0.9318611166365406	1.8737367626181873	1.6964433997031407	138.03097714584908	312	441	1.2273097362846888	2.50 1.75 1.25 1.08
b8f2dcfe	ok	134640.8	134640.8	134573.0	0.05038157728518229	22.991	0.9998260491411176	-0.050381577285182284	-0.050381577285182284	0.0	0	<ORIGINAL_WORKSPACE>/OpenROAD-flow-scripts/flow/reports/asap7/jpeg/place_batch_20260421_220319/dpl_evolve_baseline/openroad_dpl_hpwl_only_9case_bo_place_batch_20260421_220319_jpeg_asap7_trial_b8f2dcfe_90c0c696b55a/metrics.json	65	128 16	0	0.2063739591579823	1.7645158696090986	1.0694091398683492	75.36400064362603	829	3782	1.9648568156395727	2.00 1.50 1.20 1.05
b9354ba1	ok	133795.8	133795.8	134573.0	-0.5775304110037018	33.751	1.4677538595346813	0.1322705006171922	0.5775304110037018	0.44525991038650964	0	<ORIGINAL_WORKSPACE>/OpenROAD-flow-scripts/flow/reports/asap7/jpeg/place_batch_20260421_220319/dpl_evolve_baseline/openroad_dpl_hpwl_only_9case_bo_place_batch_20260421_220319_jpeg_asap7_trial_b9354ba1_d47905439b22/metrics.json	34	64 8	0	0.024436196774957772	0.05124028876311637	0.07752684154587752	81.35061508693913	596	126	1.9498772989107747	1.75 1.35 1.15 1.05
b95c1f05	ok	134588.3	134588.3	134573.0	0.011369293989127357	21.603	0.9394651011089368	-0.011369293989127357	-0.011369293989127357	0.0	0	<ORIGINAL_WORKSPACE>/OpenROAD-flow-scripts/flow/reports/asap7/jpeg/place_batch_20260421_220319/dpl_evolve_baseline/openroad_dpl_hpwl_only_9case_bo_place_batch_20260421_220319_jpeg_asap7_trial_b95c1f05_8a327eef7e6b/metrics.json	6	256	0	0.11990296355308658	0.748524839530361	1.953469893774454	42.60018847276581	1198	3648	1.8687477562327366	1.25 1.10 1.04
b97cea55	ok	133775.3	133775.3	134573.0	-0.5927637787669232	35.343	1.536986301369863	0.07020985270599023	0.5927637787669232	0.522553926060933	0	<ORIGINAL_WORKSPACE>/OpenROAD-flow-scripts/flow/reports/asap7/jpeg/place_batch_20260421_220319/dpl_evolve_baseline/openroad_dpl_hpwl_only_9case_bo_place_batch_20260421_220319_jpeg_asap7_trial_b97cea55_7bc3ef295a7e/metrics.json	16	64 8	0	0.1515601309513863	0.5452846262172364	0.971731455136575	106.42294482042283	706	671	1.9608992121403506	2.00 1.50 1.20 1.05
bb42fb8a	ok	134545.7	134545.7	134573.0	-0.020286387313939912	23.439	1.0193085453359425	0.020286387313939912	0.020286387313939912	0.0	0	<ORIGINAL_WORKSPACE>/OpenROAD-flow-scripts/flow/reports/asap7/jpeg/place_batch_20260421_220319/dpl_evolve_baseline/openroad_dpl_hpwl_only_9case_bo_place_batch_20260421_220319_jpeg_asap7_trial_bb42fb8a_a6edbbc97497/metrics.json	62	1024	0	0.8596844563159349	1.8170534877718474	1.2453344548226792	142.74159948301968	1182	3585	1.3264034670285594	1.25 1.10 1.04
bb9e7b80	ok	134498.2	134498.2	134573.0	-0.05558321505798961	22.872	0.9946510110893672	0.05558321505798961	0.05558321505798961	0.0	0	<ORIGINAL_WORKSPACE>/OpenROAD-flow-scripts/flow/reports/asap7/jpeg/place_batch_20260421_220319/dpl_evolve_baseline/openroad_dpl_hpwl_only_9case_bo_place_batch_20260421_220319_jpeg_asap7_trial_bb9e7b80_b10763ed30bb/metrics.json	34	512	0	0.32290563595459854	0.22346983676473314	1.3523397589034367	84.62055682345444	303	1591	1.2417742189989058	1.04
bbb8fab2	ok	133836.0	133836.0	134573.0	-0.5476581483655711	29.673	1.2904109589041095	0.30914529462890294	0.5476581483655711	0.23851285373666822	0	<ORIGINAL_WORKSPACE>/OpenROAD-flow-scripts/flow/reports/asap7/jpeg/place_batch_20260421_220319/dpl_evolve_baseline/openroad_dpl_hpwl_only_9case_bo_place_batch_20260421_220319_jpeg_asap7_trial_bbb8fab2_c96cfc3fdac3/metrics.json	33	64 8	0	0.020585941412257724	1.1226728611201513	0.22249578159305772	45.57860785230096	427	674	1.5451365320719945	1.50 1.25 1.10 1.04
bc0f076e	ok	133846.3	133846.3	134573.0	-0.540004309928449	30.297	1.3175472928897587	0.26897392299911105	0.540004309928449	0.2710303869293379	0	<ORIGINAL_WORKSPACE>/OpenROAD-flow-scripts/flow/reports/asap7/jpeg/place_batch_20260421_220319/dpl_evolve_baseline/openroad_dpl_hpwl_only_9case_bo_place_batch_20260421_220319_jpeg_asap7_trial_bc0f076e_5360e322d511/metrics.json	69	64 8	0	0.1684158911008865	1.7560105976480225	0.4884205786553675	132.4364429514322	1138	3872	1.1534384639383337	1.25 1.10 1.04
bc2c9a96	ok	134531.0	134531.0	134573.0	-0.03120982663684394	22.864	0.9943031093716025	0.03120982663684394	0.03120982663684394	0.0	0	<ORIGINAL_WORKSPACE>/OpenROAD-flow-scripts/flow/reports/asap7/jpeg/place_batch_20260421_220319/dpl_evolve_baseline/openroad_dpl_hpwl_only_9case_bo_place_batch_20260421_220319_jpeg_asap7_trial_bc2c9a96_25f7997cb247/metrics.json	19	1024	0	0.377540574206425	1.636767700561137	0.5904224305715664	108.04659432093061	1072	3560	1.0183451966707717	1.25 1.10 1.04
bc3ae0ff	ok	133804.1	133804.1	134573.0	-0.5713627547873601	30.401	1.3220700152207001	0.29494544871103834	0.5713627547873602	0.27641730607632187	0	<ORIGINAL_WORKSPACE>/OpenROAD-flow-scripts/flow/reports/asap7/jpeg/place_batch_20260421_220319/dpl_evolve_baseline/openroad_dpl_hpwl_only_9case_bo_place_batch_20260421_220319_jpeg_asap7_trial_bc3ae0ff_afe79a0c37ff/metrics.json	49	64 8	0	0.9029630546556815	1.687836717349756	1.3805563053274865	128.4953671048732	750	2463	1.3846487391607927	2.00 1.50 1.20 1.05
bc431a46	ok	133813.6	133813.6	134573.0	-0.5643033892385502	31.44	1.3672537508153946	0.23456649693640785	0.5643033892385502	0.3297368923021423	0	<ORIGINAL_WORKSPACE>/OpenROAD-flow-scripts/flow/reports/asap7/jpeg/place_batch_20260421_220319/dpl_evolve_baseline/openroad_dpl_hpwl_only_9case_bo_place_batch_20260421_220319_jpeg_asap7_trial_bc431a46_aaa8029f22e3/metrics.json	3	64 8	0	0.34687227725369213	1.3629146980101432	1.7915214445423766	23.71957941221004	1114	3646	1.7916710317514302	omit
bc7ee40f	ok	134554.2	134554.2	134573.0	-0.01397011287553102	22.4	0.974124809741248	0.013970112875531019	0.013970112875531019	0.0	0	<ORIGINAL_WORKSPACE>/OpenROAD-flow-scripts/flow/reports/asap7/jpeg/place_batch_20260421_220319/dpl_evolve_baseline/openroad_dpl_hpwl_only_9case_bo_place_batch_20260421_220319_jpeg_asap7_trial_bc7ee40f_7ada9dceb522/metrics.json	64	1024	0	0.5600459602937339	1.1422694810643612	0.8450082915362995	147.42669556243308	980	3977	1.513136913273289	1.50 1.25 1.10 1.04
bd617e7e	ok	133795.8	133795.8	134573.0	-0.5775304110037018	31.243	1.358686671015438	0.2578347281198691	0.5775304110037018	0.3196956828838327	0	<ORIGINAL_WORKSPACE>/OpenROAD-flow-scripts/flow/reports/asap7/jpeg/place_batch_20260421_220319/dpl_evolve_baseline/openroad_dpl_hpwl_only_9case_bo_place_batch_20260421_220319_jpeg_asap7_trial_bd617e7e_b42702de6a06/metrics.json	34	64 8	0	0.006326229516694121	1.6928550701784024	1.66769343001648	141.13864735164267	793	3699	1.68378922830279	1.25 1.10 1.04
be1c5a97	ok	134587.4	134587.4	134573.0	0.010700511989770742	22.613	0.983387692976734	-0.01070051198977074	-0.01070051198977074	0.0	0	<ORIGINAL_WORKSPACE>/OpenROAD-flow-scripts/flow/reports/asap7/jpeg/place_batch_20260421_220319/dpl_evolve_baseline/openroad_dpl_hpwl_only_9case_bo_place_batch_20260421_220319_jpeg_asap7_trial_be1c5a97_2a19ba001bb9/metrics.json	36	1024 128	0	0.5675133443631754	1.4406508171874743	0.7090457898805246	30.218530724831236	226	1514	1.7691340024007765	1.04
be48330c	ok	134633.6	134633.6	134573.0	0.04503132129030773	24.665	1.0726244835833876	-0.04503132129030773	-0.04503132129030773	0.0	0	<ORIGINAL_WORKSPACE>/OpenROAD-flow-scripts/flow/reports/asap7/jpeg/place_batch_20260421_220319/dpl_evolve_baseline/openroad_dpl_hpwl_only_9case_bo_place_batch_20260421_220319_jpeg_asap7_trial_be48330c_86c488d5602b/metrics.json	51	128	0	0.3272929947237293	0.6856764610941314	1.2100869311728617	34.83626491985176	585	1052	1.5298453095042237	1.04
bed4acac	ok	133805.1	133805.1	134573.0	-0.5706196636769592	32.14	1.3976951511198086	0.2054554344131389	0.5706196636769592	0.36516422926382025	0	<ORIGINAL_WORKSPACE>/OpenROAD-flow-scripts/flow/reports/asap7/jpeg/place_batch_20260421_220319/dpl_evolve_baseline/openroad_dpl_hpwl_only_9case_bo_place_batch_20260421_220319_jpeg_asap7_trial_bed4acac_37ff5a21e594/metrics.json	13	64 8	0	0.07562054160336525	0.642824769738546	0.9045327300897655	102.71914508085335	578	211	1.976748859072052	2.00 1.50 1.20 1.05
bf702a86	ok	134523.0	134523.0	134573.0	-0.03715455552005231	22.906	0.9961295933898673	0.03715455552005231	0.03715455552005231	0.0	0	<ORIGINAL_WORKSPACE>/OpenROAD-flow-scripts/flow/reports/asap7/jpeg/place_batch_20260421_220319/dpl_evolve_baseline/openroad_dpl_hpwl_only_9case_bo_place_batch_20260421_220319_jpeg_asap7_trial_bf702a86_0356e8b4b178/metrics.json	87	512 64	0	0.9760435504677476	0.3196673006881867	0.445074144178342	64.67726327405565	515	672	1.7293189193611234	1.75 1.35 1.15 1.05
bfa3fe7a	ok	133946.6	133946.6	134573.0	-0.4654722715552111	32.579	1.4167862578821482	0.07828662491887156	0.46547227155521104	0.3871856466363395	0	<ORIGINAL_WORKSPACE>/OpenROAD-flow-scripts/flow/reports/asap7/jpeg/place_batch_20260421_220319/dpl_evolve_baseline/openroad_dpl_hpwl_only_9case_bo_place_batch_20260421_220319_jpeg_asap7_trial_bfa3fe7a_a0d8e238e588/metrics.json	41	64 8	1	0.4886565662174231	1.6813029501406214	1.9645596569412256	102.06007987807558	1164	3152	1.6948097518786374	1.04
c157a444	ok	134540.2	134540.2	134573.0	-0.024373388421145666	21.427	0.9318112633181126	0.024373388421145666	0.024373388421145666	0.0	0	<ORIGINAL_WORKSPACE>/OpenROAD-flow-scripts/flow/reports/asap7/jpeg/place_batch_20260421_220319/dpl_evolve_baseline/openroad_dpl_hpwl_only_9case_bo_place_batch_20260421_220319_jpeg_asap7_trial_c157a444_de66835cc433/metrics.json	45	512	0	0.04386274748783425	1.8256535922393193	0.29047793367819447	32.5754122072788	522	2806	1.8953412237852663	1.25 1.10 1.04
c295ec73	ok	134562.4	134562.4	134573.0	-0.007876765770255416	22.687	0.9866057838660578	0.007876765770255416	0.007876765770255416	0.0	0	<ORIGINAL_WORKSPACE>/OpenROAD-flow-scripts/flow/reports/asap7/jpeg/place_batch_20260421_220319/dpl_evolve_baseline/openroad_dpl_hpwl_only_9case_bo_place_batch_20260421_220319_jpeg_asap7_trial_c295ec73_463692aec73d/metrics.json	42	256	0	0.9561765417306188	0.5731024482076212	1.8661270054308234	91.24068271624468	1112	1832	1.0203379338995067	1.04
c2c1b152	ok	134566.6	134566.6	134573.0	-0.0047557831065623704	22.595	0.9826049141117633	0.0047557831065623704	0.0047557831065623704	0.0	0	<ORIGINAL_WORKSPACE>/OpenROAD-flow-scripts/flow/reports/asap7/jpeg/place_batch_20260421_220319/dpl_evolve_baseline/openroad_dpl_hpwl_only_9case_bo_place_batch_20260421_220319_jpeg_asap7_trial_c2c1b152_f6c60f46115b/metrics.json	31	1024 128	0	0.022531596136462446	1.8645442910462362	0.34466069804213567	70.98038554027642	949	3861	1.9306449885985901	1.25 1.10 1.04
c375f448	ok	133736.5	133736.5	134573.0	-0.6215957138504752	33.636	1.4627527723418134	0.1819891302003317	0.6215957138504752	0.4396065836501435	0	<ORIGINAL_WORKSPACE>/OpenROAD-flow-scripts/flow/reports/asap7/jpeg/place_batch_20260421_220319/dpl_evolve_baseline/openroad_dpl_hpwl_only_9case_bo_place_batch_20260421_220319_jpeg_asap7_trial_c375f448_3fdd7b00808d/metrics.json	74	64 8	0	0.31165208566707303	1.7196702941231508	0.8921718251497242	70.16789104489862	881	3947	1.890506791126119	2.00 1.50 1.20 1.05
c4645f19	ok	134611.6	134611.6	134573.0	0.028683316861484714	22.413	0.9746901500326157	-0.02868331686148471	-0.02868331686148471	0.0	0	<ORIGINAL_WORKSPACE>/OpenROAD-flow-scripts/flow/reports/asap7/jpeg/place_batch_20260421_220319/dpl_evolve_baseline/openroad_dpl_hpwl_only_9case_bo_place_batch_20260421_220319_jpeg_asap7_trial_c4645f19_0b10c7220f9a/metrics.json	55	128 16	0	0.7485772530940575	1.1492858011326916	1.6564315667507057	101.54038155155274	95	706	1.7266792453063113	1.25 1.10 1.04
c46541b3	ok	134559.1	134559.1	134573.0	-0.010328966434570219	21.515	0.9356381822135247	0.010328966434570219	0.010328966434570219	0.0	0	<ORIGINAL_WORKSPACE>/OpenROAD-flow-scripts/flow/reports/asap7/jpeg/place_batch_20260421_220319/dpl_evolve_baseline/openroad_dpl_hpwl_only_9case_bo_place_batch_20260421_220319_jpeg_asap7_trial_c46541b3_0185a457689f/metrics.json	63	256	0	0.4400377422276064	0.79913351131291	0.3475946595555103	123.33349168593564	110	714	1.809078929902567	1.50 1.25 1.10 1.04
c51750fe	ok	133776.1	133776.1	134573.0	-0.5921693058785894	32.635	1.4192215699065012	0.20218524632597806	0.5921693058785894	0.38998405955261134	0	<ORIGINAL_WORKSPACE>/OpenROAD-flow-scripts/flow/reports/asap7/jpeg/place_batch_20260421_220319/dpl_evolve_baseline/openroad_dpl_hpwl_only_9case_bo_place_batch_20260421_220319_jpeg_asap7_trial_c51750fe_1b3bd1cac0da/metrics.json	9	1024 128	0	0.3834186682659332	1.9640883050812885	1.8181086643022206	5.129035732610617	1090	3603	1.8188906289546851	1.25 1.10 1.04
c5f9ba61	ok	133780.1	133780.1	134573.0	-0.5891969414369853	32.411	1.409480321809089	0.21042099522171165	0.5891969414369853	0.37877594621527366	0	<ORIGINAL_WORKSPACE>/OpenROAD-flow-scripts/flow/reports/asap7/jpeg/place_batch_20260421_220319/dpl_evolve_baseline/openroad_dpl_hpwl_only_9case_bo_place_batch_20260421_220319_jpeg_asap7_trial_c5f9ba61_fda369eb1a7a/metrics.json	45	64 8	0	0.549448513640014	1.5332566058325503	0.9463464155213557	148.82802139299977	1025	3968	1.2550806358201418	1.04
c66beade	ok	134518.9	134518.9	134573.0	-0.04020122907270093	22.521	0.9793868232224396	0.04020122907270093	0.04020122907270093	0.0	0	<ORIGINAL_WORKSPACE>/OpenROAD-flow-scripts/flow/reports/asap7/jpeg/place_batch_20260421_220319/dpl_evolve_baseline/openroad_dpl_hpwl_only_9case_bo_place_batch_20260421_220319_jpeg_asap7_trial_c66beade_79b0c827d12f/metrics.json	64	256 32	0	0.9334391203105175	1.8173462858164464	0.5933080855448518	135.41318875568837	651	3727	1.188371491300378	2.00 1.50 1.20 1.05
c7354f56	ok	133748.8	133748.8	134573.0	-0.612455693192551	30.328	1.318895412046097	0.3398186240664231	0.612455693192551	0.2726370691261279	0	<ORIGINAL_WORKSPACE>/OpenROAD-flow-scripts/flow/reports/asap7/jpeg/place_batch_20260421_220319/dpl_evolve_baseline/openroad_dpl_hpwl_only_9case_bo_place_batch_20260421_220319_jpeg_asap7_trial_c7354f56_4255858204e1/metrics.json	61	omit	0	0.9797255553469348	1.2062060150262257	1.9976410500124366	126.14146478428626	1048	1940	1.274074628969942	1.04
c8c9fe6e	ok	134547.2	134547.2	134573.0	-0.019171750648338343	23.131	1.0059143292020003	0.019171750648338343	0.019171750648338343	0.0	0	<ORIGINAL_WORKSPACE>/OpenROAD-flow-scripts/flow/reports/asap7/jpeg/place_batch_20260421_220319/dpl_evolve_baseline/openroad_dpl_hpwl_only_9case_bo_place_batch_20260421_220319_jpeg_asap7_trial_c8c9fe6e_d0febd733cd1/metrics.json	25	1024 128	0	0.14524923352207428	0.05263897566801795	0.6701899880621963	24.657851481677085	111	747	1.490179140257951	1.04
ca3b844d	ok	134645.8	134645.8	134573.0	0.05409703283718752	21.007	0.9135464231354643	-0.05409703283718752	-0.05409703283718752	0.0	0	<ORIGINAL_WORKSPACE>/OpenROAD-flow-scripts/flow/reports/asap7/jpeg/place_batch_20260421_220319/dpl_evolve_baseline/openroad_dpl_hpwl_only_9case_bo_place_batch_20260421_220319_jpeg_asap7_trial_ca3b844d_9028cb0bbb0f/metrics.json	38	128 16	0	0.9271944359478116	1.2506540176945076	1.3855796920632415	127.37480471023886	1089	1460	1.553723792512149	1.25 1.10 1.04
cb3d7a5e	ok	134590.3	134590.3	134573.0	0.01285547620992945	24.815	1.0791476407914764	-0.01285547620992945	-0.01285547620992945	0.0	0	<ORIGINAL_WORKSPACE>/OpenROAD-flow-scripts/flow/reports/asap7/jpeg/place_batch_20260421_220319/dpl_evolve_baseline/openroad_dpl_hpwl_only_9case_bo_place_batch_20260421_220319_jpeg_asap7_trial_cb3d7a5e_f8780b067ac5/metrics.json	43	omit	0	0.9198830877035643	1.2432938645800058	1.9842591559150693	129.8702759320278	1019	2243	1.2388116086899605	1.04
cc1423a5	ok	133857.4	133857.4	134573.0	-0.531755998602993	29.474	1.2817569036747118	0.3036850917403854	0.531755998602993	0.22807090686260767	0	<ORIGINAL_WORKSPACE>/OpenROAD-flow-scripts/flow/reports/asap7/jpeg/place_batch_20260421_220319/dpl_evolve_baseline/openroad_dpl_hpwl_only_9case_bo_place_batch_20260421_220319_jpeg_asap7_trial_cc1423a5_9a36e8e36790/metrics.json	70	64 8	1	0.1629934306160637	0.18432889787477177	0.628154790388065	98.70294050738477	416	1337	1.911034201664871	1.04
cd109eff	ok	133782.6	133782.6	134573.0	-0.5873392136609826	30.111	1.3094585779517287	0.32596623028118943	0.5873392136609826	0.2613729833797932	0	<ORIGINAL_WORKSPACE>/OpenROAD-flow-scripts/flow/reports/asap7/jpeg/place_batch_20260421_220319/dpl_evolve_baseline/openroad_dpl_hpwl_only_9case_bo_place_batch_20260421_220319_jpeg_asap7_trial_cd109eff_460fed46460a/metrics.json	76	64 8	0	0.3627034602098176	0.9680386400281563	1.4962775642774715	130.02591961511268	136	293	1.77512910929077	1.50 1.25 1.10 1.04
cddb50f3	ok	134008.0	134008.0	134573.0	-0.41984647737659114	30.889	1.3432920200043488	0.11827427089670245	0.41984647737659114	0.3015722064798887	0	<ORIGINAL_WORKSPACE>/OpenROAD-flow-scripts/flow/reports/asap7/jpeg/place_batch_20260421_220319/dpl_evolve_baseline/openroad_dpl_hpwl_only_9case_bo_place_batch_20260421_220319_jpeg_asap7_trial_cddb50f3_e8fb0e47232c/metrics.json	45	128	1	0.2015589795223274	0.3873631473884116	0.481200767941117	90.165286718137	809	590	1.9089625935606922	1.25 1.10 1.04
cdefb770	ok	133954.5	133954.5	134573.0	-0.45960185178304713	30.965	1.3465970863231136	0.15413001058324743	0.45960185178304713	0.3054718411997997	0	<ORIGINAL_WORKSPACE>/OpenROAD-flow-scripts/flow/reports/asap7/jpeg/place_batch_20260421_220319/dpl_evolve_baseline/openroad_dpl_hpwl_only_9case_bo_place_batch_20260421_220319_jpeg_asap7_trial_cdefb770_61a673cd81b7/metrics.json	11	64 8	1	0.25719369927440594	0.37720532496102877	1.4050338404126324	64.17177674744556	880	502	1.9901237910224363	2.00 1.50 1.20 1.05
ce53817c	ok	133758.6	133758.6	134573.0	-0.6051734003106077	28.59	1.243313763861709	0.423919702787453	0.6051734003106077	0.18125369752315473	0	<ORIGINAL_WORKSPACE>/OpenROAD-flow-scripts/flow/reports/asap7/jpeg/place_batch_20260421_220319/dpl_evolve_baseline/openroad_dpl_hpwl_only_9case_bo_place_batch_20260421_220319_jpeg_asap7_trial_ce53817c_d7f8693ab515/metrics.json	86	64 8	0	0.4348664987723534	1.2195070251747844	0.14800072546610415	61.98636913874938	857	3216	1.8624319410770032	1.10 1.04
cef44600	ok	133826.9	133826.9	134573.0	-0.5544202774702249	32.073	1.394781474233529	0.19263014495052255	0.5544202774702249	0.3617901325197024	0	<ORIGINAL_WORKSPACE>/OpenROAD-flow-scripts/flow/reports/asap7/jpeg/place_batch_20260421_220319/dpl_evolve_baseline/openroad_dpl_hpwl_only_9case_bo_place_batch_20260421_220319_jpeg_asap7_trial_cef44600_7d79c6542330/metrics.json	8	64 8	0	0.22393416143424433	1.9770691877893773	0.9468754713344444	97.69022529847267	891	2545	1.5170370674939897	1.25 1.10 1.04
cf10bd4e	ok	133833.3	133833.3	134573.0	-0.5496644943636626	31.608	1.374559686888454	0.21138936597453267	0.5496644943636626	0.33827512838912993	0	<ORIGINAL_WORKSPACE>/OpenROAD-flow-scripts/flow/reports/asap7/jpeg/place_batch_20260421_220319/dpl_evolve_baseline/openroad_dpl_hpwl_only_9case_bo_place_batch_20260421_220319_jpeg_asap7_trial_cf10bd4e_ee3d42b0581b/metrics.json	23	64 8	0	0.32910963806404014	1.921765271636617	0.3684298930766926	112.8856106820013	1187	3891	1.2522619945023972	2.50 1.75 1.25 1.08
d078767f	ok	134574.8	134574.8	134573.0	0.0013375639987132325	22.905	0.9960861056751468	-0.0013375639987132325	-0.0013375639987132325	0.0	0	<ORIGINAL_WORKSPACE>/OpenROAD-flow-scripts/flow/reports/asap7/jpeg/place_batch_20260421_220319/dpl_evolve_baseline/openroad_dpl_hpwl_only_9case_bo_place_batch_20260421_220319_jpeg_asap7_trial_d078767f_8e86f839a823/metrics.json	28	omit	0	0.8981424499049073	0.8323156708066991	1.693078239226324	143.9886451916359	974	1188	1.5628110471651815	1.04
d106641b	ok	134516.9	134516.9	134573.0	-0.04168741129350302	22.098	0.9609915198956294	0.04168741129350302	0.04168741129350302	0.0	0	<ORIGINAL_WORKSPACE>/OpenROAD-flow-scripts/flow/reports/asap7/jpeg/place_batch_20260421_220319/dpl_evolve_baseline/openroad_dpl_hpwl_only_9case_bo_place_batch_20260421_220319_jpeg_asap7_trial_d106641b_f47b7788f344/metrics.json	62	1024 128	0	0.9950287398026485	1.455698940065047	1.2083711972175837	134.0182476951533	748	1263	1.1707672954449055	2.00 1.50 1.20 1.05
d1272f90	ok	133720.4	133720.4	134573.0	-0.6335594807279364	29.868	1.298891063274625	0.3848484796892299	0.6335594807279363	0.24871100103870641	0	<ORIGINAL_WORKSPACE>/OpenROAD-flow-scripts/flow/reports/asap7/jpeg/place_batch_20260421_220319/dpl_evolve_baseline/openroad_dpl_hpwl_only_9case_bo_place_batch_20260421_220319_jpeg_asap7_trial_d1272f90_5b66e83560d8/metrics.json	91	64 8	0	0.6768523027152666	1.8926630920734677	1.336042850426744	147.11007242024803	916	3634	1.3252184863111844	2.00 1.50 1.20 1.05
d145a656	ok	133837.3	133837.3	134573.0	-0.5466921299220584	30.247	1.315372907153729	0.2782548989411276	0.5466921299220584	0.2684372309809308	0	<ORIGINAL_WORKSPACE>/OpenROAD-flow-scripts/flow/reports/asap7/jpeg/place_batch_20260421_220319/dpl_evolve_baseline/openroad_dpl_hpwl_only_9case_bo_place_batch_20260421_220319_jpeg_asap7_trial_d145a656_a038f743c874/metrics.json	26	64 8	0	0.572868271898332	1.8445171223182715	0.8301914676883978	94.74275328845084	1043	3502	1.847014251340359	2.50 1.75 1.25 1.08
d1a3e64a	ok	134533.4	134533.4	134573.0	-0.029426407971885758	22.488	0.9779517286366601	0.029426407971885758	0.029426407971885758	0.0	0	<ORIGINAL_WORKSPACE>/OpenROAD-flow-scripts/flow/reports/asap7/jpeg/place_batch_20260421_220319/dpl_evolve_baseline/openroad_dpl_hpwl_only_9case_bo_place_batch_20260421_220319_jpeg_asap7_trial_d1a3e64a_da100498c64b/metrics.json	46	512	0	0.987074309190055	0.7759189687282642	1.3985703358396822	129.5543323987906	1050	1418	1.0569069236043516	omit
d1e14f5d	ok	134586.3	134586.3	134573.0	0.009883111768325265	23.514	1.022570123939987	-0.009883111768325265	-0.009883111768325265	0.0	0	<ORIGINAL_WORKSPACE>/OpenROAD-flow-scripts/flow/reports/asap7/jpeg/place_batch_20260421_220319/dpl_evolve_baseline/openroad_dpl_hpwl_only_9case_bo_place_batch_20260421_220319_jpeg_asap7_trial_d1e14f5d_467490dceb54/metrics.json	66	256 32	0	0.02734366198413082	1.5495475812415678	0.48900065233998796	109.7324602263105	852	3829	1.6689659897908777	2.50 1.75 1.25 1.08
d1fd6f1a	ok	133780.1	133780.1	134573.0	-0.5891969414369853	31.604	1.3743857360295715	0.2511248403178947	0.5891969414369853	0.3380721011190906	0	<ORIGINAL_WORKSPACE>/OpenROAD-flow-scripts/flow/reports/asap7/jpeg/place_batch_20260421_220319/dpl_evolve_baseline/openroad_dpl_hpwl_only_9case_bo_place_batch_20260421_220319_jpeg_asap7_trial_d1fd6f1a_e363bc39e473/metrics.json	45	64 8	0	0.5309412326255091	1.5097040290169137	1.1241382121723573	117.78112063097592	1148	3917	1.3249523451364604	1.04
d22d82ca	ok	134590.4	134590.4	134573.0	0.012929785320973879	21.71	0.94411828658404	-0.01292978532097388	-0.01292978532097388	0.0	0	<ORIGINAL_WORKSPACE>/OpenROAD-flow-scripts/flow/reports/asap7/jpeg/place_batch_20260421_220319/dpl_evolve_baseline/openroad_dpl_hpwl_only_9case_bo_place_batch_20260421_220319_jpeg_asap7_trial_d22d82ca_e5ef9d6e859d/metrics.json	80	256 32	0	0.13295957113509788	0.2034774848438748	1.2375872397525136	102.74173707235971	624	704	1.5136762573315292	1.04
d234149f	ok	133857.4	133857.4	134573.0	-0.531755998602993	31.651	1.3764296586214393	0.1912991378766702	0.531755998602993	0.34045686072632286	0	<ORIGINAL_WORKSPACE>/OpenROAD-flow-scripts/flow/reports/asap7/jpeg/place_batch_20260421_220319/dpl_evolve_baseline/openroad_dpl_hpwl_only_9case_bo_place_batch_20260421_220319_jpeg_asap7_trial_d234149f_108d38f77bb8/metrics.json	5	64 8	0	0.033926987217097686	0.8743040662950599	1.214264229539936	121.18300121950425	819	3843	1.2766243187224637	1.50 1.25 1.10 1.04
d2845102	ok	133804.1	133804.1	134573.0	-0.5713627547873601	28.825	1.253533376821048	0.37759349871220427	0.5713627547873602	0.1937692560751559	0	<ORIGINAL_WORKSPACE>/OpenROAD-flow-scripts/flow/reports/asap7/jpeg/place_batch_20260421_220319/dpl_evolve_baseline/openroad_dpl_hpwl_only_9case_bo_place_batch_20260421_220319_jpeg_asap7_trial_d2845102_8b8d8df7c94d/metrics.json	49	64 8	0	0.0545140551489367	0.11598636429934543	0.32448506999021876	135.5459306912491	133	230	1.850145696257108	1.75 1.35 1.15 1.05
d2fcfa77	ok	134523.9	134523.9	134573.0	-0.036485773520695694	21.488	0.9344640139160687	0.036485773520695694	0.036485773520695694	0.0	0	<ORIGINAL_WORKSPACE>/OpenROAD-flow-scripts/flow/reports/asap7/jpeg/place_batch_20260421_220319/dpl_evolve_baseline/openroad_dpl_hpwl_only_9case_bo_place_batch_20260421_220319_jpeg_asap7_trial_d2fcfa77_15aabbba0f23/metrics.json	45	512 64	0	0.3766068503135635	0.41012448228584275	1.165291214229317	147.54749462890308	550	948	1.9945012777873983	2.00 1.50 1.20 1.05
d3ab4e39	ok	133846.3	133846.3	134573.0	-0.540004309928449	31.427	1.366688410524027	0.21092906430321562	0.540004309928449	0.3290752456252333	0	<ORIGINAL_WORKSPACE>/OpenROAD-flow-scripts/flow/reports/asap7/jpeg/place_batch_20260421_220319/dpl_evolve_baseline/openroad_dpl_hpwl_only_9case_bo_place_batch_20260421_220319_jpeg_asap7_trial_d3ab4e39_d61f21244cac/metrics.json	69	64 8	0	0.07839891376086518	0.3686464184019842	1.601188250516187	106.00301032894558	694	164	1.873688404845949	2.00 1.50 1.20 1.05
d3e27c49	ok	134557.4	134557.4	134573.0	-0.011592221322260647	21.622	0.9402913676886279	0.011592221322260647	0.011592221322260647	0.0	0	<ORIGINAL_WORKSPACE>/OpenROAD-flow-scripts/flow/reports/asap7/jpeg/place_batch_20260421_220319/dpl_evolve_baseline/openroad_dpl_hpwl_only_9case_bo_place_batch_20260421_220319_jpeg_asap7_trial_d3e27c49_8b2800fc4156/metrics.json	74	omit	0	0.9890734740011186	0.5499192979984755	1.4237734591892361	115.61532636048838	1140	1780	1.047272206415172	1.50 1.25 1.10 1.04
d47b2e8d	ok	134450.7	134450.7	134573.0	-0.0908800428020393	21.008	0.9135899108501847	0.0908800428020393	0.0908800428020393	0.0	0	<ORIGINAL_WORKSPACE>/OpenROAD-flow-scripts/flow/reports/asap7/jpeg/place_batch_20260421_220319/dpl_evolve_baseline/openroad_dpl_hpwl_only_9case_bo_place_batch_20260421_220319_jpeg_asap7_trial_d47b2e8d_4102bcaa1fbd/metrics.json	30	64	0	0.13558438906514397	1.538341032074058	1.3963055313669803	24.165517842889525	816	3810	1.9461208782415214	2.00 1.50 1.20 1.05
d5451dc6	ok	134537.6	134537.6	134573.0	-0.026305425308192715	21.487	0.934420526201348	0.02630542530819271	0.02630542530819271	0.0	0	<ORIGINAL_WORKSPACE>/OpenROAD-flow-scripts/flow/reports/asap7/jpeg/place_batch_20260421_220319/dpl_evolve_baseline/openroad_dpl_hpwl_only_9case_bo_place_batch_20260421_220319_jpeg_asap7_trial_d5451dc6_842d738a1db5/metrics.json	54	omit	0	0.6704675101784022	0.8346096047342539	1.1394451654692157	21.058040789285066	278	3223	1.9682615757193975	2.00 1.50 1.20 1.05
d5a152a0	ok	134537.5	134537.5	134573.0	-0.02637973441923714	22.178	0.9644705370732768	0.026379734419237143	0.026379734419237143	0.0	0	<ORIGINAL_WORKSPACE>/OpenROAD-flow-scripts/flow/reports/asap7/jpeg/place_batch_20260421_220319/dpl_evolve_baseline/openroad_dpl_hpwl_only_9case_bo_place_batch_20260421_220319_jpeg_asap7_trial_d5a152a0_b8b40c8d7e62/metrics.json	35	64	0	0.6148228761258435	1.8156111297875885	1.1774142522004047	132.0391597942386	1002	3351	1.2638564525310787	omit
d6b4e356	ok	133996.7	133996.7	134573.0	-0.42824340692411433	34.204	1.4874537943031094	-0.03919254647195031	0.42824340692411433	0.46743595339606464	0	<ORIGINAL_WORKSPACE>/OpenROAD-flow-scripts/flow/reports/asap7/jpeg/place_batch_20260421_220319/dpl_evolve_baseline/openroad_dpl_hpwl_only_9case_bo_place_batch_20260421_220319_jpeg_asap7_trial_d6b4e356_7967728c732d/metrics.json	63	omit	1	0.4277373293360762	1.615396818224419	0.7393929822025813	32.05398564443717	933	1304	1.7332450677264275	omit
d71c4d47	ok	134586.8	134586.8	134573.0	0.010254657323525788	24.072	1.0468362687540769	-0.010254657323525788	-0.010254657323525788	0.0	0	<ORIGINAL_WORKSPACE>/OpenROAD-flow-scripts/flow/reports/asap7/jpeg/place_batch_20260421_220319/dpl_evolve_baseline/openroad_dpl_hpwl_only_9case_bo_place_batch_20260421_220319_jpeg_asap7_trial_d71c4d47_86b096e0da7d/metrics.json	108	256	0	0.4164485754277556	1.8537384197146127	0.8501631757342439	29.377583943161916	1169	3877	1.8684727836852302	2.50 1.75 1.25 1.08
d9370ef4	ok	133806.4	133806.4	134573.0	-0.5696536452334464	32.606	1.4179604261796044	0.1811184637980781	0.5696536452334464	0.3885351814353683	0	<ORIGINAL_WORKSPACE>/OpenROAD-flow-scripts/flow/reports/asap7/jpeg/place_batch_20260421_220319/dpl_evolve_baseline/openroad_dpl_hpwl_only_9case_bo_place_batch_20260421_220319_jpeg_asap7_trial_d9370ef4_4f3aba2c42a2/metrics.json	28	64 8	0	0.15036628417854056	0.6595335045235053	1.6148804085625188	115.50964950880847	403	1964	1.533468267256707	1.04
d938026b	ok	133832.8	133832.8	134573.0	-0.5500360399188631	32.228	1.4015220700152207	0.18044549975418672	0.5500360399188631	0.36959054016467635	0	<ORIGINAL_WORKSPACE>/OpenROAD-flow-scripts/flow/reports/asap7/jpeg/place_batch_20260421_220319/dpl_evolve_baseline/openroad_dpl_hpwl_only_9case_bo_place_batch_20260421_220319_jpeg_asap7_trial_d938026b_a0337960e5fc/metrics.json	25	64 8	0	0.4230445092797589	1.3953151859620505	1.112248695921985	63.18894892898643	541	3596	1.3781550292172415	1.25 1.10 1.04
d98d4e5d	ok	133919.9	133919.9	134573.0	-0.48531280420292766	29.887	1.299717329854316	0.23560991974544254	0.48531280420292766	0.24970288445748512	0	<ORIGINAL_WORKSPACE>/OpenROAD-flow-scripts/flow/reports/asap7/jpeg/place_batch_20260421_220319/dpl_evolve_baseline/openroad_dpl_hpwl_only_9case_bo_place_batch_20260421_220319_jpeg_asap7_trial_d98d4e5d_5fd7e2527221/metrics.json	97	64 8	1	0.40889616205561996	1.974815922452885	0.6588086471257334	35.45194349164997	810	2847	1.9951869387302497	omit
da1eaf2b	ok	133771.8	133771.8	134573.0	-0.5953645976533269	30.281	1.3168514894542291	0.32516378766180914	0.5953645976533269	0.2702008099915178	0	<ORIGINAL_WORKSPACE>/OpenROAD-flow-scripts/flow/reports/asap7/jpeg/place_batch_20260421_220319/dpl_evolve_baseline/openroad_dpl_hpwl_only_9case_bo_place_batch_20260421_220319_jpeg_asap7_trial_da1eaf2b_7d7ccb706cb4/metrics.json	67	64 8	0	0.924237090895249	1.941648400828804	1.0728443988141494	136.2671296959984	950	2158	1.2692938822459443	1.75 1.35 1.15 1.05
db95bac0	ok	133780.1	133780.1	134573.0	-0.5891969414369853	31.068	1.3510763209393346	0.2784476987977325	0.5891969414369853	0.3107492426392528	0	<ORIGINAL_WORKSPACE>/OpenROAD-flow-scripts/flow/reports/asap7/jpeg/place_batch_20260421_220319/dpl_evolve_baseline/openroad_dpl_hpwl_only_9case_bo_place_batch_20260421_220319_jpeg_asap7_trial_db95bac0_d6aea46e95f4/metrics.json	45	64 8	0	0.503858609883887	1.7931540470028229	0.8226782627982359	144.62945852807923	1164	2655	1.0277975361052822	2.00 1.50 1.20 1.05
dc0de740	ok	134658.6	134658.6	134573.0	0.06360859905033389	21.11	0.9180256577516851	-0.06360859905033389	-0.06360859905033389	0.0	0	<ORIGINAL_WORKSPACE>/OpenROAD-flow-scripts/flow/reports/asap7/jpeg/place_batch_20260421_220319/dpl_evolve_baseline/openroad_dpl_hpwl_only_9case_bo_place_batch_20260421_220319_jpeg_asap7_trial_dc0de740_d3032da17f8f/metrics.json	13	128 16	0	0.17391340545902534	1.2851654234411485	1.6718009215455791	97.04865882229409	740	3995	1.7824013367669265	1.04
dc7c3797	ok	134563.5	134563.5	134573.0	-0.007059365548809939	21.598	0.9392476625353336	0.00705936554880994	0.00705936554880994	0.0	0	<ORIGINAL_WORKSPACE>/OpenROAD-flow-scripts/flow/reports/asap7/jpeg/place_batch_20260421_220319/dpl_evolve_baseline/openroad_dpl_hpwl_only_9case_bo_place_batch_20260421_220319_jpeg_asap7_trial_dc7c3797_bd3d8df8af70/metrics.json	83	64	0	0.40300442029560546	0.8504274470625505	0.08084826283768073	65.82508290702664	976	3754	1.975110594496447	1.10 1.04
dd0a7415	ok	133780.9	133780.9	134573.0	-0.588602468548673	30.498	1.3262883235485976	0.30716912305621824	0.588602468548673	0.2814333454924548	0	<ORIGINAL_WORKSPACE>/OpenROAD-flow-scripts/flow/reports/asap7/jpeg/place_batch_20260421_220319/dpl_evolve_baseline/openroad_dpl_hpwl_only_9case_bo_place_batch_20260421_220319_jpeg_asap7_trial_dd0a7415_536327603452/metrics.json	53	64 8	0	0.408395734983514	1.2231538582470356	0.5842253006219142	149.32359156989742	1168	2989	1.124127560172556	2.00 1.50 1.20 1.05
dd6d5f49	ok	134506.1	134506.1	134573.0	-0.04971279528582567	23.534	1.0234398782343987	0.04971279528582567	0.04971279528582567	0.0	0	<ORIGINAL_WORKSPACE>/OpenROAD-flow-scripts/flow/reports/asap7/jpeg/place_batch_20260421_220319/dpl_evolve_baseline/openroad_dpl_hpwl_only_9case_bo_place_batch_20260421_220319_jpeg_asap7_trial_dd6d5f49_d45383e0fd04/metrics.json	24	512	0	0.22011609079872746	0.8926725728224815	1.6361469562651723	109.0916237967398	355	3348	1.20962850855695	1.75 1.35 1.15 1.05
dd9169e2	ok	134548.9	134548.9	134573.0	-0.01790849576066954	23.306	1.0135246792781039	0.01790849576066954	0.01790849576066954	0.0	0	<ORIGINAL_WORKSPACE>/OpenROAD-flow-scripts/flow/reports/asap7/jpeg/place_batch_20260421_220319/dpl_evolve_baseline/openroad_dpl_hpwl_only_9case_bo_place_batch_20260421_220319_jpeg_asap7_trial_dd9169e2_29add4a06f93/metrics.json	31	512 64	0	0.1380959116210177	1.5253290166237068	1.1408404595118686	111.87852747714237	850	3100	1.748924879160393	1.25 1.10 1.04
ddba0d41	ok	133920.0	133920.0	134573.0	-0.4852384950918832	32.115	1.3966079582517938	0.12133284546868611	0.4852384950918832	0.3639056496231971	0	<ORIGINAL_WORKSPACE>/OpenROAD-flow-scripts/flow/reports/asap7/jpeg/place_batch_20260421_220319/dpl_evolve_baseline/openroad_dpl_hpwl_only_9case_bo_place_batch_20260421_220319_jpeg_asap7_trial_ddba0d41_97160a713720/metrics.json	66	256 32	1	0.7426184734514185	1.8647378853140881	0.9587621078748285	143.5312352106992	1007	2032	1.4955363249124414	1.75 1.35 1.15 1.05
ddef02b1	ok	133795.3	133795.3	134573.0	-0.5779019565589023	31.587	1.3736464448793215	0.240692864709247	0.5779019565589023	0.3372090918496553	0	<ORIGINAL_WORKSPACE>/OpenROAD-flow-scripts/flow/reports/asap7/jpeg/place_batch_20260421_220319/dpl_evolve_baseline/openroad_dpl_hpwl_only_9case_bo_place_batch_20260421_220319_jpeg_asap7_trial_ddef02b1_6854e0a14021/metrics.json	40	64 8	0	0.4741957853465465	0.21324866947284693	0.6063487223906288	144.1759675223552	455	310	1.8987854203454817	2.00 1.50 1.20 1.05
ddef7de4	ok	133920.6	133920.6	134573.0	-0.48479264042563824	29.551	1.2851054577081973	0.25267721373491303	0.48479264042563824	0.23211542669072519	0	<ORIGINAL_WORKSPACE>/OpenROAD-flow-scripts/flow/reports/asap7/jpeg/place_batch_20260421_220319/dpl_evolve_baseline/openroad_dpl_hpwl_only_9case_bo_place_batch_20260421_220319_jpeg_asap7_trial_ddef7de4_65eba8fd8b99/metrics.json	49	256 32	1	0.3927707429469354	1.3788213268471985	0.12543805388576945	73.3515196106458	860	2998	1.8122121849620472	1.10 1.04
deb4804b	ok	134542.5	134542.5	134573.0	-0.02266427886723191	23.784	1.0343118069145465	0.02266427886723191	0.02266427886723191	0.0	0	<ORIGINAL_WORKSPACE>/OpenROAD-flow-scripts/flow/reports/asap7/jpeg/place_batch_20260421_220319/dpl_evolve_baseline/openroad_dpl_hpwl_only_9case_bo_place_batch_20260421_220319_jpeg_asap7_trial_deb4804b_b95f5e388da6/metrics.json	11	1024	0	0.11414830128776546	0.6689343552972773	1.8981385857516573	134.96157607712829	465	2683	1.3186282910061786	1.50 1.25 1.10 1.04
df69991a	ok	133739.7	133739.7	134573.0	-0.6192178222971833	28.394	1.234790171776473	0.44844202834120533	0.6192178222971833	0.17077579395597792	0	<ORIGINAL_WORKSPACE>/OpenROAD-flow-scripts/flow/reports/asap7/jpeg/place_batch_20260421_220319/dpl_evolve_baseline/openroad_dpl_hpwl_only_9case_bo_place_batch_20260421_220319_jpeg_asap7_trial_df69991a_cb80833f6b19/metrics.json	2	64 8	0	0.29065364753328765	1.8586715734972643	1.0236718131688054	103.12919966789828	791	3332	1.9221967781465956	2.50 1.75 1.25 1.08
df789bfe	ok	134045.6	134045.6	134573.0	-0.3919062516255075	31.735	1.380082626657969	0.04719167325346768	0.39190625162550746	0.3447145783720398	0	<ORIGINAL_WORKSPACE>/OpenROAD-flow-scripts/flow/reports/asap7/jpeg/place_batch_20260421_220319/dpl_evolve_baseline/openroad_dpl_hpwl_only_9case_bo_place_batch_20260421_220319_jpeg_asap7_trial_df789bfe_364b47f9be1f/metrics.json	45	128 16	1	0.2570009587828657	1.8903333804134752	0.6407789923896008	119.81196213599826	1106	3722	1.5649703295857	1.25 1.10 1.04
df8f2765	ok	134496.1	134496.1	134573.0	-0.05714370638983614	22.013	0.9572950641443793	0.05714370638983613	0.05714370638983613	0.0	0	<ORIGINAL_WORKSPACE>/OpenROAD-flow-scripts/flow/reports/asap7/jpeg/place_batch_20260421_220319/dpl_evolve_baseline/openroad_dpl_hpwl_only_9case_bo_place_batch_20260421_220319_jpeg_asap7_trial_df8f2765_73e85977cfd1/metrics.json	30	1024 128	0	0.4898330991137544	0.7332258662776293	0.6472964139329759	146.43696548844207	72	380	1.9681439668041545	1.25 1.10 1.04
e3a4a3b3	ok	133822.7	133822.7	134573.0	-0.5575412601338964	30.154	1.311328549684714	0.2939330064321512	0.5575412601338964	0.2636082537017452	0	<ORIGINAL_WORKSPACE>/OpenROAD-flow-scripts/flow/reports/asap7/jpeg/place_batch_20260421_220319/dpl_evolve_baseline/openroad_dpl_hpwl_only_9case_bo_place_batch_20260421_220319_jpeg_asap7_trial_e3a4a3b3_d8ee32b22ae1/metrics.json	10	64 8	0	0.24132891870339634	0.23403609221074773	0.6472324012499855	30.969690510647794	422	335	1.2265938813157122	omit
e4b4ae74	ok	134496.8	134496.8	134573.0	-0.05662354261256838	21.452	0.9328984561861274	0.05662354261256838	0.05662354261256838	0.0	0	<ORIGINAL_WORKSPACE>/OpenROAD-flow-scripts/flow/reports/asap7/jpeg/place_batch_20260421_220319/dpl_evolve_baseline/openroad_dpl_hpwl_only_9case_bo_place_batch_20260421_220319_jpeg_asap7_trial_e4b4ae74_30371805d987/metrics.json	21	512	0	0.8928067127735825	1.6277548080801438	1.4134716596643715	122.0923378419745	1194	1568	1.1828904834764704	1.75 1.35 1.15 1.05
e5150de5	ok	133763.2	133763.2	134573.0	-0.6017551812027586	32.397	1.4088714938030005	0.22368102612231766	0.6017551812027586	0.37807415508044095	0	<ORIGINAL_WORKSPACE>/OpenROAD-flow-scripts/flow/reports/asap7/jpeg/place_batch_20260421_220319/dpl_evolve_baseline/openroad_dpl_hpwl_only_9case_bo_place_batch_20260421_220319_jpeg_asap7_trial_e5150de5_bbc77af1d7f2/metrics.json	51	512	0	0.9966649204555907	1.527458716169021	1.3929291035535394	136.83090114880045	907	1959	1.1326073175137954	1.75 1.35 1.15 1.05
e52fe913	ok	134643.2	134643.2	134573.0	0.052164995950162094	22.654	0.9851706892802783	-0.0521649959501621	-0.0521649959501621	0.0	0	<ORIGINAL_WORKSPACE>/OpenROAD-flow-scripts/flow/reports/asap7/jpeg/place_batch_20260421_220319/dpl_evolve_baseline/openroad_dpl_hpwl_only_9case_bo_place_batch_20260421_220319_jpeg_asap7_trial_e52fe913_e1eaec6f79bf/metrics.json	38	32	0	0.13216114194293815	0.41290811777886605	0.19856817761302625	76.18825499179312	351	1492	1.1080653286972368	1.75 1.35 1.15 1.05
e58dcab1	ok	134640.8	134640.8	134573.0	0.05038157728518229	22.344	0.971689497716895	-0.050381577285182284	-0.050381577285182284	0.0	0	<ORIGINAL_WORKSPACE>/OpenROAD-flow-scripts/flow/reports/asap7/jpeg/place_batch_20260421_220319/dpl_evolve_baseline/openroad_dpl_hpwl_only_9case_bo_place_batch_20260421_220319_jpeg_asap7_trial_e58dcab1_1919c12548e4/metrics.json	65	128 16	0	0.48669574480454925	1.2993383908719724	0.3052763352417749	62.09894812002656	899	2880	1.9091741893508227	1.75 1.35 1.15 1.05
e5e324c9	ok	133806.5	133806.5	134573.0	-0.569579336122402	32.423	1.410002174385736	0.1902019752768126	0.569579336122402	0.3793773608455894	0	<ORIGINAL_WORKSPACE>/OpenROAD-flow-scripts/flow/reports/asap7/jpeg/place_batch_20260421_220319/dpl_evolve_baseline/openroad_dpl_hpwl_only_9case_bo_place_batch_20260421_220319_jpeg_asap7_trial_e5e324c9_347a66fdd3fc/metrics.json	121	64 8	0	0.8936845105784701	1.8567355227960725	1.2583567518744945	149.36579378417244	521	3200	1.2107074787733216	2.00 1.50 1.20 1.05
e66b36b4	ok	133794.9	133794.9	134573.0	-0.5781991930030584	32.329	1.4059143292020004	0.2035358966924558	0.5781991930030584	0.37466329631060263	0	<ORIGINAL_WORKSPACE>/OpenROAD-flow-scripts/flow/reports/asap7/jpeg/place_batch_20260421_220319/dpl_evolve_baseline/openroad_dpl_hpwl_only_9case_bo_place_batch_20260421_220319_jpeg_asap7_trial_e66b36b4_1beef7eabd78/metrics.json	87	64 8	0	0.3588073219801159	1.7003387643126389	0.9807272168884009	60.10359434829374	621	3964	1.6122058446975003	2.50 1.75 1.25 1.08
e6b5db03	ok	133839.8	133839.8	134573.0	-0.5448344021460558	30.03	1.3059360730593608	0.28767638348761415	0.5448344021460558	0.2571580186584417	0	<ORIGINAL_WORKSPACE>/OpenROAD-flow-scripts/flow/reports/asap7/jpeg/place_batch_20260421_220319/dpl_evolve_baseline/openroad_dpl_hpwl_only_9case_bo_place_batch_20260421_220319_jpeg_asap7_trial_e6b5db03_e9fb0fc13874/metrics.json	35	64 8	0	0.25895409083533816	1.4518535363584677	0.43895346970149746	108.11377024278742	1107	2997	1.0914516122434805	omit
e6b66297	ok	134674.7	134674.7	134573.0	0.07557236592779507	21.824	0.9490758860621875	-0.07557236592779505	-0.07557236592779505	0.0	0	<ORIGINAL_WORKSPACE>/OpenROAD-flow-scripts/flow/reports/asap7/jpeg/place_batch_20260421_220319/dpl_evolve_baseline/openroad_dpl_hpwl_only_9case_bo_place_batch_20260421_220319_jpeg_asap7_trial_e6b66297_c7056dd11a04/metrics.json	78	32	0	0.3534166742536097	1.7585527963892342	0.8919314693263571	46.23470074715736	866	3093	1.7574026534568223	1.50 1.25 1.10 1.04
e7574a33	ok	133780.9	133780.9	134573.0	-0.588602468548673	32.482	1.412567949554251	0.20626976990356444	0.588602468548673	0.3823326986451086	0	<ORIGINAL_WORKSPACE>/OpenROAD-flow-scripts/flow/reports/asap7/jpeg/place_batch_20260421_220319/dpl_evolve_baseline/openroad_dpl_hpwl_only_9case_bo_place_batch_20260421_220319_jpeg_asap7_trial_e7574a33_694f7786c014/metrics.json	53	64 8	0	0.9296610295904663	1.61625561395351	1.1786478366456425	148.79739328444273	544	1751	1.0874854817990989	1.50 1.25 1.10 1.04
e787ec00	ok	133751.3	133751.3	134573.0	-0.6105979654165484	32.874	1.4296151337247227	0.20869758228213758	0.6105979654165484	0.40190038313441084	0	<ORIGINAL_WORKSPACE>/OpenROAD-flow-scripts/flow/reports/asap7/jpeg/place_batch_20260421_220319/dpl_evolve_baseline/openroad_dpl_hpwl_only_9case_bo_place_batch_20260421_220319_jpeg_asap7_trial_e787ec00_022547d53aa2/metrics.json	52	64 8	0	0.7551490947313797	1.5613336199579937	0.9273282850608262	149.2848618557577	1175	3235	1.1356416887181835	1.25 1.10 1.04
e7f21411	ok	133772.9	133772.9	134573.0	-0.5945471974318814	29.97	1.303326810176125	0.3405150409729299	0.5945471974318814	0.25403215645895155	0	<ORIGINAL_WORKSPACE>/OpenROAD-flow-scripts/flow/reports/asap7/jpeg/place_batch_20260421_220319/dpl_evolve_baseline/openroad_dpl_hpwl_only_9case_bo_place_batch_20260421_220319_jpeg_asap7_trial_e7f21411_dbd0f7c6202f/metrics.json	31	64 8	0	0.006778509176148077	1.7974166953604174	0.08782442432721971	133.7423012146151	969	3682	1.3596602935232958	1.75 1.35 1.15 1.05
e82ddeab	ok	134595.2	134595.2	134573.0	0.01649662265091188	22.604	0.9829963035442487	-0.01649662265091188	-0.01649662265091188	0.0	0	<ORIGINAL_WORKSPACE>/OpenROAD-flow-scripts/flow/reports/asap7/jpeg/place_batch_20260421_220319/dpl_evolve_baseline/openroad_dpl_hpwl_only_9case_bo_place_batch_20260421_220319_jpeg_asap7_trial_e82ddeab_e711119b3c5e/metrics.json	9	256 32	0	0.17615540873970925	1.9876703788425214	1.886755862740777	67.87645494880616	957	3203	1.8020529867811648	1.25 1.10 1.04
e843b58b	ok	133860.1	133860.1	134573.0	-0.5297496526049016	31.789	1.382430963252881	0.1823009450542542	0.5297496526049016	0.3474487075506474	0	<ORIGINAL_WORKSPACE>/OpenROAD-flow-scripts/flow/reports/asap7/jpeg/place_batch_20260421_220319/dpl_evolve_baseline/openroad_dpl_hpwl_only_9case_bo_place_batch_20260421_220319_jpeg_asap7_trial_e843b58b_a910510426b8/metrics.json	60	64 8	0	0.4956257318652742	1.8613124834711454	1.284975050253493	134.13701063252034	1064	2951	1.056124159439485	1.25 1.10 1.04
e8ff74d9	ok	133874.6	133874.6	134573.0	-0.5189748315040864	35.436	1.541030658838878	-0.00804002015873051	0.5189748315040864	0.5270148516628169	0	<ORIGINAL_WORKSPACE>/OpenROAD-flow-scripts/flow/reports/asap7/jpeg/place_batch_20260421_220319/dpl_evolve_baseline/openroad_dpl_hpwl_only_9case_bo_place_batch_20260421_220319_jpeg_asap7_trial_e8ff74d9_b23e4c8dd96d/metrics.json	11	64 8	1	0.11588596081604746	1.9120469704746963	1.0612848306608145	142.5720425407159	832	3440	1.8236080737269895	1.04
ea6833cb	ok	133916.2	133916.2	134573.0	-0.4880622413113985	32.75	1.4242226570993695	0.09233895884253907	0.4880622413113985	0.39572328246885946	0	<ORIGINAL_WORKSPACE>/OpenROAD-flow-scripts/flow/reports/asap7/jpeg/place_batch_20260421_220319/dpl_evolve_baseline/openroad_dpl_hpwl_only_9case_bo_place_batch_20260421_220319_jpeg_asap7_trial_ea6833cb_7bf545a1d60c/metrics.json	40	64 8	1	0.37457062764235993	0.3361034928445805	0.9693169251919022	35.35660111973801	342	275	1.2833624704770812	1.04
eb87a499	ok	133869.6	133869.6	134573.0	-0.5226902870560917	30.827	1.340595781691672	0.22430291609667813	0.5226902870560917	0.29838737095941353	0	<ORIGINAL_WORKSPACE>/OpenROAD-flow-scripts/flow/reports/asap7/jpeg/place_batch_20260421_220319/dpl_evolve_baseline/openroad_dpl_hpwl_only_9case_bo_place_batch_20260421_220319_jpeg_asap7_trial_eb87a499_b4fff740882c/metrics.json	73	64 8	1	0.9399521680831942	1.8036118804806367	1.5919417119216863	134.65506499530105	1062	3398	1.4277977822231622	2.00 1.50 1.20 1.05
eb8813c7	ok	134558.0	134558.0	134573.0	-0.011146366656015694	23.495	1.0217438573602957	0.011146366656015694	0.011146366656015694	0.0	0	<ORIGINAL_WORKSPACE>/OpenROAD-flow-scripts/flow/reports/asap7/jpeg/place_batch_20260421_220319/dpl_evolve_baseline/openroad_dpl_hpwl_only_9case_bo_place_batch_20260421_220319_jpeg_asap7_trial_eb8813c7_322b8c419331/metrics.json	39	512	0	0.36654309724374434	1.7246925056760882	1.400721549139341	103.64132130992529	267	1823	1.5815774073442912	omit
ebd70d62	ok	134451.7	134451.7	134573.0	-0.09013695169163825	22.56	0.9810828440965427	0.09013695169163827	0.09013695169163827	0.0	0	<ORIGINAL_WORKSPACE>/OpenROAD-flow-scripts/flow/reports/asap7/jpeg/place_batch_20260421_220319/dpl_evolve_baseline/openroad_dpl_hpwl_only_9case_bo_place_batch_20260421_220319_jpeg_asap7_trial_ebd70d62_4f00e426f1fb/metrics.json	55	512	0	0.49251694386704614	0.4956246498614686	1.7393597099599443	77.29326538105259	819	2916	1.5892987268699728	1.04
ec0c2c63	ok	133763.2	133763.2	134573.0	-0.6017551812027586	32.483	1.4126114372689713	0.2193724152281198	0.6017551812027586	0.3823827659746388	0	<ORIGINAL_WORKSPACE>/OpenROAD-flow-scripts/flow/reports/asap7/jpeg/place_batch_20260421_220319/dpl_evolve_baseline/openroad_dpl_hpwl_only_9case_bo_place_batch_20260421_220319_jpeg_asap7_trial_ec0c2c63_24fcbcc897e2/metrics.json	51	omit	0	0.9401074823333672	1.16402835989416	1.763722369603096	126.71016680883328	1092	1893	1.5463468160203733	1.04
ecfebc92	ok	133816.1	133816.1	134573.0	-0.5624456614625476	31.294	1.3609045444661882	0.2401474480084746	0.5624456614625476	0.322298213454073	0	<ORIGINAL_WORKSPACE>/OpenROAD-flow-scripts/flow/reports/asap7/jpeg/place_batch_20260421_220319/dpl_evolve_baseline/openroad_dpl_hpwl_only_9case_bo_place_batch_20260421_220319_jpeg_asap7_trial_ecfebc92_2e318d914e4c/metrics.json	75	64 8	0	0.34561982704777905	1.8521222502889205	1.7703989462978253	138.3412208462556	1050	2980	1.3506789448380325	1.04
eda23298	ok	133929.7	133929.7	134573.0	-0.47803051132098445	30.575	1.329636877582083	0.19262103803932906	0.4780305113209844	0.28540947328165533	0	<ORIGINAL_WORKSPACE>/OpenROAD-flow-scripts/flow/reports/asap7/jpeg/place_batch_20260421_220319/dpl_evolve_baseline/openroad_dpl_hpwl_only_9case_bo_place_batch_20260421_220319_jpeg_asap7_trial_eda23298_34da8770b1a2/metrics.json	41	64 8	1	0.3035462324628754	0.6328689415373244	1.9605194764718687	128.12271003689946	710	3820	1.5187783989166663	2.50 1.75 1.25 1.08
eefeac97	ok	133872.2	133872.2	134573.0	-0.5207582501690445	30.862	1.3421178517068926	0.22057259493768533	0.5207582501690445	0.3001856552313592	0	<ORIGINAL_WORKSPACE>/OpenROAD-flow-scripts/flow/reports/asap7/jpeg/place_batch_20260421_220319/dpl_evolve_baseline/openroad_dpl_hpwl_only_9case_bo_place_batch_20260421_220319_jpeg_asap7_trial_eefeac97_43d9dea9aab9/metrics.json	51	64 8	0	0.48905085988455677	1.594647168171992	1.2804002699249055	10.782187630795779	173	2596	1.7714484180755565	1.50 1.25 1.10 1.04
efefa81d	ok	134559.5	134559.5	134573.0	-0.010031729990414124	21.814	0.9486410089149815	0.010031729990414125	0.010031729990414125	0.0	0	<ORIGINAL_WORKSPACE>/OpenROAD-flow-scripts/flow/reports/asap7/jpeg/place_batch_20260421_220319/dpl_evolve_baseline/openroad_dpl_hpwl_only_9case_bo_place_batch_20260421_220319_jpeg_asap7_trial_efefa81d_af89f18bbea4/metrics.json	31	1024	0	0.3089701977449496	1.9767172198082643	0.42774399410428665	133.14257794076647	441	2668	1.566201026946933	1.25 1.10 1.04
f08268ec	ok	133872.2	133872.2	134573.0	-0.5207582501690445	32.98	1.4342248314851052	0.11358667212142043	0.5207582501690445	0.4071715780476241	0	<ORIGINAL_WORKSPACE>/OpenROAD-flow-scripts/flow/reports/asap7/jpeg/place_batch_20260421_220319/dpl_evolve_baseline/openroad_dpl_hpwl_only_9case_bo_place_batch_20260421_220319_jpeg_asap7_trial_f08268ec_ab1526d8c246/metrics.json	51	64 8	0	0.05577031262435121	0.6312509706144117	1.9189160757638792	113.54240298566286	234	1327	1.107593308442267	1.04
f1488d7c	ok	134559.1	134559.1	134573.0	-0.010328966434570219	22.965	0.9986953685583823	0.010328966434570219	0.010328966434570219	0.0	0	<ORIGINAL_WORKSPACE>/OpenROAD-flow-scripts/flow/reports/asap7/jpeg/place_batch_20260421_220319/dpl_evolve_baseline/openroad_dpl_hpwl_only_9case_bo_place_batch_20260421_220319_jpeg_asap7_trial_f1488d7c_4dfecbdff7d3/metrics.json	63	omit	0	0.2268915773239173	0.1822933691893583	0.7167412783290819	135.83142390655118	156	1857	1.9326232416239675	2.00 1.50 1.20 1.05
f1d84359	ok	133833.7	133833.7	134573.0	-0.5493672579194849	31.525	1.3709502065666448	0.21530758127245497	0.5493672579194848	0.33405967664702985	0	<ORIGINAL_WORKSPACE>/OpenROAD-flow-scripts/flow/reports/asap7/jpeg/place_batch_20260421_220319/dpl_evolve_baseline/openroad_dpl_hpwl_only_9case_bo_place_batch_20260421_220319_jpeg_asap7_trial_f1d84359_d1c27123ac7d/metrics.json	80	64 8	0	0.36435448978334484	1.042055128727147	0.9999796087975563	117.58411663759028	396	462	1.4806053574790308	1.25 1.10 1.04
f1fda4ed	ok	133794.9	133794.9	134573.0	-0.5781991930030584	32.712	1.422570123939987	0.18437123308186193	0.5781991930030584	0.3938279599211965	0	<ORIGINAL_WORKSPACE>/OpenROAD-flow-scripts/flow/reports/asap7/jpeg/place_batch_20260421_220319/dpl_evolve_baseline/openroad_dpl_hpwl_only_9case_bo_place_batch_20260421_220319_jpeg_asap7_trial_f1fda4ed_1173faac5aa0/metrics.json	87	64 8	0	0.8341457793458535	1.4805719081586812	0.611333381157219	42.57255465480618	304	3260	1.8394448692262642	2.50 1.75 1.25 1.08
f347ef1c	ok	133842.6	133842.6	134573.0	-0.5427537470369199	32.173	1.399130245705588	0.17592894191748365	0.5427537470369199	0.36682480511943627	0	<ORIGINAL_WORKSPACE>/OpenROAD-flow-scripts/flow/reports/asap7/jpeg/place_batch_20260421_220319/dpl_evolve_baseline/openroad_dpl_hpwl_only_9case_bo_place_batch_20260421_220319_jpeg_asap7_trial_f347ef1c_d335bfeb1b39/metrics.json	70	64 8	0	0.3247844174329054	1.5713311176665938	0.7574963795405649	55.17889658186931	962	3966	1.7794472728867345	2.00 1.50 1.20 1.05
f55209cc	ok	133807.2	133807.2	134573.0	-0.5690591723451125	32.199	1.4002609262883234	0.20092663446167314	0.5690591723451126	0.36813253788343947	0	<ORIGINAL_WORKSPACE>/OpenROAD-flow-scripts/flow/reports/asap7/jpeg/place_batch_20260421_220319/dpl_evolve_baseline/openroad_dpl_hpwl_only_9case_bo_place_batch_20260421_220319_jpeg_asap7_trial_f55209cc_2f3680549e3c/metrics.json	61	64 8	0	0.5988921875224661	1.5238084535214418	1.2049922240460367	141.41120459281325	675	3666	1.1776271862971173	2.00 1.50 1.20 1.05
f57c7485	ok	133872.2	133872.2	134573.0	-0.5207582501690445	29.624	1.2882800608828004	0.2848132715875893	0.5207582501690445	0.23594497858145524	0	<ORIGINAL_WORKSPACE>/OpenROAD-flow-scripts/flow/reports/asap7/jpeg/place_batch_20260421_220319/dpl_evolve_baseline/openroad_dpl_hpwl_only_9case_bo_place_batch_20260421_220319_jpeg_asap7_trial_f57c7485_223d5e1ba2ec/metrics.json	51	64 8	0	0.6190806186106937	0.48646981483209656	0.9407402129428996	139.80407133794927	355	1159	1.9042777298038966	1.50 1.25 1.10 1.04
f59dfce8	ok	133849.1	133849.1	134573.0	-0.537923654819313	30.26	1.3159382474450967	0.26881199723414406	0.537923654819313	0.269111657585169	0	<ORIGINAL_WORKSPACE>/OpenROAD-flow-scripts/flow/reports/asap7/jpeg/place_batch_20260421_220319/dpl_evolve_baseline/openroad_dpl_hpwl_only_9case_bo_place_batch_20260421_220319_jpeg_asap7_trial_f59dfce8_c3d6cac53f1f/metrics.json	54	64 8	0	0.6777077172204188	1.9728205438822257	1.196472789418842	20.910540550029715	456	2361	1.7302163377289501	1.04
f6332639	ok	133813.4	133813.4	134573.0	-0.5644520074606391	32.009	1.3919982604914112	0.20588818534406172	0.5644520074606391	0.35856382211657734	0	<ORIGINAL_WORKSPACE>/OpenROAD-flow-scripts/flow/reports/asap7/jpeg/place_batch_20260421_220319/dpl_evolve_baseline/openroad_dpl_hpwl_only_9case_bo_place_batch_20260421_220319_jpeg_asap7_trial_f6332639_1cdfee33e85a/metrics.json	66	512 64	0	0.5127080655810797	1.7100884553576052	0.35004857185933996	74.95680830040514	477	3794	1.7124366403193796	1.50 1.25 1.10 1.04
f69d5c21	ok	134663.2	134663.2	134573.0	0.06702681815818302	24.538	1.0671015438138725	-0.06702681815818302	-0.06702681815818302	0.0	0	<ORIGINAL_WORKSPACE>/OpenROAD-flow-scripts/flow/reports/asap7/jpeg/place_batch_20260421_220319/dpl_evolve_baseline/openroad_dpl_hpwl_only_9case_bo_place_batch_20260421_220319_jpeg_asap7_trial_f69d5c21_d7dc49db61a9/metrics.json	10	32	0	0.39910960162136655	1.3639482066005277	1.7884677889800846	8.562977493432898	1144	3726	1.929315264223105	1.50 1.25 1.10 1.04
f74ca380	ok	133774.7	133774.7	134573.0	-0.5932096334331466	33.421	1.4534029136768862	0.16419829730913282	0.5932096334331466	0.42901133612401376	0	<ORIGINAL_WORKSPACE>/OpenROAD-flow-scripts/flow/reports/asap7/jpeg/place_batch_20260421_220319/dpl_evolve_baseline/openroad_dpl_hpwl_only_9case_bo_place_batch_20260421_220319_jpeg_asap7_trial_f74ca380_4bc1e7c05bc7/metrics.json	62	64 8	0	0.10964125848895959	1.3961044445079893	0.31565668649291584	80.14390421316452	985	3462	1.8251650886941257	1.25 1.10 1.04
f787d117	ok	133823.2	133823.2	134573.0	-0.5571697145786958	32.41	1.4094368340943682	0.17844389127444565	0.5571697145786958	0.37872582330425014	0	<ORIGINAL_WORKSPACE>/OpenROAD-flow-scripts/flow/reports/asap7/jpeg/place_batch_20260421_220319/dpl_evolve_baseline/openroad_dpl_hpwl_only_9case_bo_place_batch_20260421_220319_jpeg_asap7_trial_f787d117_3f040b5ec7dd/metrics.json	43	64 8	0	0.4904245382286944	1.8119991637792185	1.5852778001202383	113.3762315284818	1177	3876	1.5410753603030238	1.10 1.04
f793bbb6	ok	133802.7	133802.7	134573.0	-0.5724030823419173	30.594	1.3304631441617742	0.2860132570018308	0.5724030823419173	0.2863898253400865	0	<ORIGINAL_WORKSPACE>/OpenROAD-flow-scripts/flow/reports/asap7/jpeg/place_batch_20260421_220319/dpl_evolve_baseline/openroad_dpl_hpwl_only_9case_bo_place_batch_20260421_220319_jpeg_asap7_trial_f793bbb6_aa4b6e9dd32f/metrics.json	27	64 8	0	0.3124926438114179	0.7902166666714134	1.1998868261784947	124.07702183461836	369	1435	1.8762539526351731	2.00 1.50 1.20 1.05
f8a8518a	ok	133837.7	133837.7	134573.0	-0.5463948934778807	31.579	1.3732985431615568	0.20959200399456096	0.5463948934778807	0.33680288948331977	0	<ORIGINAL_WORKSPACE>/OpenROAD-flow-scripts/flow/reports/asap7/jpeg/place_batch_20260421_220319/dpl_evolve_baseline/openroad_dpl_hpwl_only_9case_bo_place_batch_20260421_220319_jpeg_asap7_trial_f8a8518a_b9b9e1ab2352/metrics.json	48	64 8	0	0.6692930078875532	1.5413324836809568	0.35445695301998703	84.58225835983154	815	3932	1.0184768350080904	2.00 1.50 1.20 1.05
fa1087e6	ok	134587.0	134587.0	134573.0	0.010403275545614647	21.881	0.9515546858012611	-0.010403275545614647	-0.010403275545614647	0.0	0	<ORIGINAL_WORKSPACE>/OpenROAD-flow-scripts/flow/reports/asap7/jpeg/place_batch_20260421_220319/dpl_evolve_baseline/openroad_dpl_hpwl_only_9case_bo_place_batch_20260421_220319_jpeg_asap7_trial_fa1087e6_9a4b4048e068/metrics.json	105	1024	0	0.37415452494749235	1.2794009548979124	0.15656020481304952	91.13281089994446	657	2295	1.9965100628645045	1.10 1.04
fa77bfcd	ok	134533.1	134533.1	134573.0	-0.029649335304997422	24.864	1.0812785388127855	0.029649335304997422	0.029649335304997422	0.0	0	<ORIGINAL_WORKSPACE>/OpenROAD-flow-scripts/flow/reports/asap7/jpeg/place_batch_20260421_220319/dpl_evolve_baseline/openroad_dpl_hpwl_only_9case_bo_place_batch_20260421_220319_jpeg_asap7_trial_fa77bfcd_8ebd4e3939d6/metrics.json	44	omit	0	0.007358462807010895	0.9694015520901033	1.6892452380771428	95.33837129736622	610	2818	1.419180351005375	1.25 1.10 1.04
fac175b5	ok	133800.4	133800.4	134573.0	-0.5741121918958526	33.931	1.4755816481843878	0.12002289667042199	0.5741121918958527	0.45408929522543073	0	<ORIGINAL_WORKSPACE>/OpenROAD-flow-scripts/flow/reports/asap7/jpeg/place_batch_20260421_220319/dpl_evolve_baseline/openroad_dpl_hpwl_only_9case_bo_place_batch_20260421_220319_jpeg_asap7_trial_fac175b5_042446151204/metrics.json	94	64 8	0	0.6455014822869788	1.8834899193060055	0.568632990188596	104.48719891220509	1088	2419	1.2465385190330736	1.75 1.35 1.15 1.05
fb80ae88	ok	134624.7	134624.7	134573.0	0.038417810407742746	21.76	0.9462926723200696	-0.038417810407742746	-0.038417810407742746	0.0	0	<ORIGINAL_WORKSPACE>/OpenROAD-flow-scripts/flow/reports/asap7/jpeg/place_batch_20260421_220319/dpl_evolve_baseline/openroad_dpl_hpwl_only_9case_bo_place_batch_20260421_220319_jpeg_asap7_trial_fb80ae88_416433b649e2/metrics.json	65	32	0	0.9810797416488097	1.5456114893705604	1.9645810480587418	100.28653486455703	1094	1481	1.3536767391578202	1.04
fc412066	ok	133826.9	133826.9	134573.0	-0.5544202774702249	33.194	1.443531202435312	0.1366326044106405	0.5544202774702249	0.4177876730595844	0	<ORIGINAL_WORKSPACE>/OpenROAD-flow-scripts/flow/reports/asap7/jpeg/place_batch_20260421_220319/dpl_evolve_baseline/openroad_dpl_hpwl_only_9case_bo_place_batch_20260421_220319_jpeg_asap7_trial_fc412066_ab3ae90351d8/metrics.json	8	64 8	0	0.34351217722193544	1.3300239605433184	1.2111993591447028	18.726376516068743	1087	3811	1.9558252096562843	1.25 1.10 1.04
fdf74f9c	ok	133794.9	133794.9	134573.0	-0.5781991930030584	30.187	1.3127636442704935	0.31287657997778046	0.5781991930030584	0.265322613025278	0	<ORIGINAL_WORKSPACE>/OpenROAD-flow-scripts/flow/reports/asap7/jpeg/place_batch_20260421_220319/dpl_evolve_baseline/openroad_dpl_hpwl_only_9case_bo_place_batch_20260421_220319_jpeg_asap7_trial_fdf74f9c_441469ea07d7/metrics.json	87	64 8	0	0.9909611396785594	1.832396333862982	1.726740059871348	117.59304143512577	817	2711	1.3172861355499068	1.75 1.35 1.15 1.05
fe5c8118	ok	134583.3	134583.3	134573.0	0.0076538384371221254	23.172	1.0076973255055446	-0.007653838437122126	-0.007653838437122126	0.0	0	<ORIGINAL_WORKSPACE>/OpenROAD-flow-scripts/flow/reports/asap7/jpeg/place_batch_20260421_220319/dpl_evolve_baseline/openroad_dpl_hpwl_only_9case_bo_place_batch_20260421_220319_jpeg_asap7_trial_fe5c8118_176eb9bd1593/metrics.json	68	128	0	0.6092280369447446	1.9000077611252124	0.930623448547167	48.22269930907425	755	3062	1.8062323807258678	2.50 1.75 1.25 1.08
ff11048a	ok	134526.6	134526.6	134573.0	-0.03447942752260422	20.644	0.8977603826918894	0.034479427522604224	0.034479427522604224	0.0	0	<ORIGINAL_WORKSPACE>/OpenROAD-flow-scripts/flow/reports/asap7/jpeg/place_batch_20260421_220319/dpl_evolve_baseline/openroad_dpl_hpwl_only_9case_bo_place_batch_20260421_220319_jpeg_asap7_trial_ff11048a_38477cdb17e8/metrics.json	44	512 64	0	0.7041244398581739	0.9699470143105043	1.0194102955501205	135.3264817974108	99	341	1.8697269213553125	1.50 1.25 1.10 1.04
ff96a4de	ok	133792.4	133792.4	134573.0	-0.580056920779061	32.578	1.4167427701674278	0.19292126765041118	0.580056920779061	0.38713565312864984	0	<ORIGINAL_WORKSPACE>/OpenROAD-flow-scripts/flow/reports/asap7/jpeg/place_batch_20260421_220319/dpl_evolve_baseline/openroad_dpl_hpwl_only_9case_bo_place_batch_20260421_220319_jpeg_asap7_trial_ff96a4de_a241ac13cc3e/metrics.json	98	64 8	0	0.9740763014446356	1.9447393855148423	0.9531526147280646	145.52147395295344	1036	3983	1.4295689701675998	2.00 1.50 1.20 1.05
ffd14c05	ok	134643.2	134643.2	134573.0	0.052164995950162094	22.97	0.9989128071319852	-0.0521649959501621	-0.0521649959501621	0.0	0	<ORIGINAL_WORKSPACE>/OpenROAD-flow-scripts/flow/reports/asap7/jpeg/place_batch_20260421_220319/dpl_evolve_baseline/openroad_dpl_hpwl_only_9case_bo_place_batch_20260421_220319_jpeg_asap7_trial_ffd14c05_325c69604406/metrics.json	38	32	0	0.7691219170786139	1.525740530591842	1.169968501390113	113.61922268082354	1151	3406	1.2836008537683334	1.25 1.10 1.04
