trial	status	score	hpwl_final	hpwl_ref	hpwl_delta_percent	runtime	runtime_ratio	gain_hr	hpwl_gain_percent	runtime_penalty_pp	legalize_exit_status	metrics_path	improve_random_seed	improve_max_displacement	improve_enable_extra_dpl	global_swap_tradeoff	global_swap_area_weight	global_swap_pin_weight	global_swap_congestion_user_weight	global_swap_sampling_moves	global_swap_normalization_interval	global_swap_profiling_excess	global_swap_budget_multipliers
011af5da	ok	466346.8	466346.8	467235.7	-0.19024659288663584	36.033	1.0759652423183734	0.19024659288663587	0.19024659288663587	0.0	0	<ORIGINAL_WORKSPACE>/OpenROAD-flow-scripts/flow/reports/nangate45/jpeg/place_batch_20260421_220319/dpl_evolve_baseline/openroad_dpl_hpwl_only_9case_bo_place_batch_20260421_220319_jpeg_nangate45_trial_011af5da_fe3736d9e821/metrics.json	102	64 8	1	0.014627149620036407	0.8704583147005954	0.9435120203272139	102.86976311205646	564	1712	1.99170113291103	2.50 1.75 1.25 1.08
01884322	ok	466848.9	466848.9	467235.7	-0.08278477008498887	37.532	1.120726208605811	0.05587016939454975	0.08278477008498887	0.02691460069043912	0	<ORIGINAL_WORKSPACE>/OpenROAD-flow-scripts/flow/reports/nangate45/jpeg/place_batch_20260421_220319/dpl_evolve_baseline/openroad_dpl_hpwl_only_9case_bo_place_batch_20260421_220319_jpeg_nangate45_trial_01884322_6b22a95f33d2/metrics.json	104	64	1	0.357917087106736	1.6325341551710166	0.7796811321456206	103.41013735221875	318	2607	1.872137852617783	2.50 1.75 1.25 1.08
01a6b20f	ok	466428.3	466428.3	467235.7	-0.17280357643904848	37.618	1.1232942160112278	0.14257160663920013	0.17280357643904848	0.030231969799848362	0	<ORIGINAL_WORKSPACE>/OpenROAD-flow-scripts/flow/reports/nangate45/jpeg/place_batch_20260421_220319/dpl_evolve_baseline/openroad_dpl_hpwl_only_9case_bo_place_batch_20260421_220319_jpeg_nangate45_trial_01a6b20f_7cc95370c834/metrics.json	103	64 8	1	0.07301018242993422	1.9961868269378535	1.7239298108138286	109.19425857927433	1152	2661	1.0495260496885508	1.50 1.25 1.10 1.04
01c0295b	ok	467196.7	467196.7	467235.7	-0.008346964925839357	35.692	1.0657827943503837	0.008346964925839357	0.008346964925839357	0.0	0	<ORIGINAL_WORKSPACE>/OpenROAD-flow-scripts/flow/reports/nangate45/jpeg/place_batch_20260421_220319/dpl_evolve_baseline/openroad_dpl_hpwl_only_9case_bo_place_batch_20260421_220319_jpeg_nangate45_trial_01c0295b_2652d7113b7b/metrics.json	81	128 16	1	0.12892854419731214	0.8644821832421176	1.5244812829462457	70.82148402287325	542	2142	1.790045833838262	omit
02a11611	ok	467084.7	467084.7	467235.7	-0.03231773599491648	40.258	1.2021260712472754	-0.0979658916117734	0.03231773599491648	0.13028362760668988	0	<ORIGINAL_WORKSPACE>/OpenROAD-flow-scripts/flow/reports/nangate45/jpeg/place_batch_20260421_220319/dpl_evolve_baseline/openroad_dpl_hpwl_only_9case_bo_place_batch_20260421_220319_jpeg_nangate45_trial_02a11611_adeb19b67f43/metrics.json	107	1024	1	0.24804769876089994	0.36300236725072577	1.233078676396799	75.05427677494262	194	3189	1.455997502442681	1.75 1.35 1.15 1.05
0393ebf4	ok	466762.5	466762.5	467235.7	-0.10127650776685336	37.851	1.1302517244468333	0.06207578819898943	0.10127650776685335	0.03920071956786392	0	<ORIGINAL_WORKSPACE>/OpenROAD-flow-scripts/flow/reports/nangate45/jpeg/place_batch_20260421_220319/dpl_evolve_baseline/openroad_dpl_hpwl_only_9case_bo_place_batch_20260421_220319_jpeg_nangate45_trial_0393ebf4_96dc047665de/metrics.json	31	64 8	1	0.491256236954046	0.30943288098341415	1.224521226794095	112.48452516550105	787	3774	1.6823084187108959	1.75 1.35 1.15 1.05
03c3f5a3	ok	466443.7	466443.7	467235.7	-0.16950759541704538	35.08	1.047508137000209	0.1695075954170454	0.1695075954170454	0.0	0	<ORIGINAL_WORKSPACE>/OpenROAD-flow-scripts/flow/reports/nangate45/jpeg/place_batch_20260421_220319/dpl_evolve_baseline/openroad_dpl_hpwl_only_9case_bo_place_batch_20260421_220319_jpeg_nangate45_trial_03c3f5a3_a077785ddbdb/metrics.json	31	64 8	1	0.04764093613656334	1.64323794935849	0.06216829417540459	80.0262335155553	806	3940	1.6508213514227605	2.00 1.50 1.20 1.05
0523131e	ok	467058.0	467058.0	467235.7	-0.03803219659799361	37.146	1.1092000358326617	0.02605421074884477	0.03803219659799361	0.011977985849148842	0	<ORIGINAL_WORKSPACE>/OpenROAD-flow-scripts/flow/reports/nangate45/jpeg/place_batch_20260421_220319/dpl_evolve_baseline/openroad_dpl_hpwl_only_9case_bo_place_batch_20260421_220319_jpeg_nangate45_trial_0523131e_96dd8961f9b9/metrics.json	71	128	1	0.10892236607732877	1.0785283164801032	0.2024396887148658	121.80353494906566	934	3469	1.9535276075201147	omit
05c25331	ok	467206.6	467206.6	467235.7	-0.006228119983133764	34.914	1.0425512854967305	0.006228119983133764	0.006228119983133764	0.0	0	<ORIGINAL_WORKSPACE>/OpenROAD-flow-scripts/flow/reports/nangate45/jpeg/place_batch_20260421_220319/dpl_evolve_baseline/openroad_dpl_hpwl_only_9case_bo_place_batch_20260421_220319_jpeg_nangate45_trial_05c25331_ee04809f09ac/metrics.json	9	1024 128	0	0.1973718252366972	1.449005938141223	1.986159014592596	120.803134726181	886	3396	1.848762647693211	2.00 1.50 1.20 1.05
06750e3b	ok	467196.6	467196.6	467235.7	-0.00836836740001565	37.483	1.1192630415957479	-0.01665440457668473	0.00836836740001565	0.02502277197670038	0	<ORIGINAL_WORKSPACE>/OpenROAD-flow-scripts/flow/reports/nangate45/jpeg/place_batch_20260421_220319/dpl_evolve_baseline/openroad_dpl_hpwl_only_9case_bo_place_batch_20260421_220319_jpeg_nangate45_trial_06750e3b_9f1cf7c04a84/metrics.json	44	256 32	1	0.04571766357769931	1.5752232427974717	0.8869353885017901	88.04762013990309	111	2766	1.2008317178859726	1.25 1.10 1.04
076da725	ok	467360.1	467360.1	467235.7	0.02662467786600319	34.894	1.0419540744722149	-0.026624677866003192	-0.026624677866003192	0.0	0	<ORIGINAL_WORKSPACE>/OpenROAD-flow-scripts/flow/reports/nangate45/jpeg/place_batch_20260421_220319/dpl_evolve_baseline/openroad_dpl_hpwl_only_9case_bo_place_batch_20260421_220319_jpeg_nangate45_trial_076da725_5c0d67bcf05c/metrics.json	81	32	0	0.43940730467761424	0.8963992294401734	1.9306092736959612	149.72910059702235	565	2725	1.0144627462796434	2.50 1.75 1.25 1.08
08e143af	ok	466396.2	466396.2	467235.7	-0.17967377064723436	36.734	1.0968974887276421	0.17967377064723436	0.17967377064723436	0.0	0	<ORIGINAL_WORKSPACE>/OpenROAD-flow-scripts/flow/reports/nangate45/jpeg/place_batch_20260421_220319/dpl_evolve_baseline/openroad_dpl_hpwl_only_9case_bo_place_batch_20260421_220319_jpeg_nangate45_trial_08e143af_ee6e0efd59c3/metrics.json	122	64 8	1	0.07103726538448317	1.574858951271516	0.4050389649746935	92.58673691421214	786	1230	1.8513533076426667	1.25 1.10 1.04
0915ccb3	ok	467070.7	467070.7	467235.7	-0.035314082378551125	36.969	1.1039147182656992	0.03021121657806231	0.035314082378551125	0.005102865800488816	0	<ORIGINAL_WORKSPACE>/OpenROAD-flow-scripts/flow/reports/nangate45/jpeg/place_batch_20260421_220319/dpl_evolve_baseline/openroad_dpl_hpwl_only_9case_bo_place_batch_20260421_220319_jpeg_nangate45_trial_0915ccb3_e9acbbe74eeb/metrics.json	5	1024 128	1	0.5318045858230317	0.7433808910817192	1.2892851838979766	82.48734338454008	375	2938	1.9293910289597063	2.00 1.50 1.20 1.05
09fbf55d	ok	466451.6	466451.6	467235.7	-0.1678167999577162	38.729	1.1564692884230643	0.09506521414545778	0.16781679995771617	0.07275158581225839	0	<ORIGINAL_WORKSPACE>/OpenROAD-flow-scripts/flow/reports/nangate45/jpeg/place_batch_20260421_220319/dpl_evolve_baseline/openroad_dpl_hpwl_only_9case_bo_place_batch_20260421_220319_jpeg_nangate45_trial_09fbf55d_870a0f3ce2fa/metrics.json	83	64 8	1	0.5087821061650154	1.7892378256575596	1.6867620274265163	2.5368034719030153	634	3609	1.635689452703514	2.50 1.75 1.25 1.08
0b40b814	ok	467075.4	467075.4	467235.7	-0.03430816609261415	34.748	1.0375944339932515	0.03430816609261415	0.03430816609261415	0.0	0	<ORIGINAL_WORKSPACE>/OpenROAD-flow-scripts/flow/reports/nangate45/jpeg/place_batch_20260421_220319/dpl_evolve_baseline/openroad_dpl_hpwl_only_9case_bo_place_batch_20260421_220319_jpeg_nangate45_trial_0b40b814_cb50b262e08d/metrics.json	74	128 16	1	0.288648363159834	0.7830047825114658	0.7338780930323757	142.36007834034652	266	3856	1.2291652366018502	2.00 1.50 1.20 1.05
0b934051	ok	467215.3	467215.3	467235.7	-0.004366104730444032	34.534	1.0312042760309357	0.004366104730444032	0.004366104730444032	0.0	0	<ORIGINAL_WORKSPACE>/OpenROAD-flow-scripts/flow/reports/nangate45/jpeg/place_batch_20260421_220319/dpl_evolve_baseline/openroad_dpl_hpwl_only_9case_bo_place_batch_20260421_220319_jpeg_nangate45_trial_0b934051_8e11ec057960/metrics.json	63	1024 128	0	0.3949678027562281	1.8369991678024962	1.7382253053486887	113.98132547258606	514	2709	1.1231701033048704	2.50 1.75 1.25 1.08
0de50ee9	ok	466817.9	466817.9	467235.7	-0.08941953707732272	36.593	1.0926871510048077	0.08941953707732272	0.08941953707732272	0.0	0	<ORIGINAL_WORKSPACE>/OpenROAD-flow-scripts/flow/reports/nangate45/jpeg/place_batch_20260421_220319/dpl_evolve_baseline/openroad_dpl_hpwl_only_9case_bo_place_batch_20260421_220319_jpeg_nangate45_trial_0de50ee9_8c90cfed3ffb/metrics.json	91	64 8	1	0.004439137284656405	1.5478109748855258	0.7311994003241201	142.27780412787692	64	3718	1.9676922281831313	2.50 1.75 1.25 1.08
0e71e688	ok	467172.4	467172.4	467235.7	-0.013547766148859849	38.012	1.1350592731941833	-0.0318341261574917	0.013547766148859849	0.04538189230635155	0	<ORIGINAL_WORKSPACE>/OpenROAD-flow-scripts/flow/reports/nangate45/jpeg/place_batch_20260421_220319/dpl_evolve_baseline/openroad_dpl_hpwl_only_9case_bo_place_batch_20260421_220319_jpeg_nangate45_trial_0e71e688_9a3d6c01a047/metrics.json	95	omit	1	0.01959514444555499	0.19441718614086168	1.135355518283983	118.81641225585778	686	3280	1.5845340162979409	2.50 1.75 1.25 1.08
0f3a20e7	ok	466665.3	466665.3	467235.7	-0.12207971265894779	35.303	1.054167039923557	0.12207971265894778	0.12207971265894778	0.0	0	<ORIGINAL_WORKSPACE>/OpenROAD-flow-scripts/flow/reports/nangate45/jpeg/place_batch_20260421_220319/dpl_evolve_baseline/openroad_dpl_hpwl_only_9case_bo_place_batch_20260421_220319_jpeg_nangate45_trial_0f3a20e7_69bef0344146/metrics.json	81	64 8	1	0.22204528059240625	1.9468841898830083	1.7328353810749961	123.36162981080541	571	1484	1.098260185292582	omit
10ca0e64	ok	466942.8	466942.8	467235.7	-0.06268784684047543	40.564	1.2112633999223628	-0.07897774389720358	0.06268784684047543	0.141665590737679	0	<ORIGINAL_WORKSPACE>/OpenROAD-flow-scripts/flow/reports/nangate45/jpeg/place_batch_20260421_220319/dpl_evolve_baseline/openroad_dpl_hpwl_only_9case_bo_place_batch_20260421_220319_jpeg_nangate45_trial_10ca0e64_77db5cadd180/metrics.json	5	1024	1	0.0870469510454079	0.7203504193625054	0.43284259055262997	53.47183110658645	563	3184	1.0313805054279193	2.00 1.50 1.20 1.05
11871168	ok	466577.4	466577.4	467235.7	-0.1408924874533321	34.213	1.0216190390874618	0.14089248745333208	0.14089248745333208	0.0	0	<ORIGINAL_WORKSPACE>/OpenROAD-flow-scripts/flow/reports/nangate45/jpeg/place_batch_20260421_220319/dpl_evolve_baseline/openroad_dpl_hpwl_only_9case_bo_place_batch_20260421_220319_jpeg_nangate45_trial_11871168_5d53ffff2d35/metrics.json	107	64 8	1	0.34938663557501104	0.9467152696908688	1.7292058402470043	105.55466805045015	409	198	1.9113120195466897	1.25 1.10 1.04
11a389fc	ok	466734.2	466734.2	467235.7	-0.10733340795662659	33.186	0.99095225297859	0.1073334079566266	0.1073334079566266	0.0	0	<ORIGINAL_WORKSPACE>/OpenROAD-flow-scripts/flow/reports/nangate45/jpeg/place_batch_20260421_220319/dpl_evolve_baseline/openroad_dpl_hpwl_only_9case_bo_place_batch_20260421_220319_jpeg_nangate45_trial_11a389fc_fa03d2de75a8/metrics.json	74	64 8	1	0.1741554487322197	0.24829514786431156	0.9761413133984715	135.89521235746005	1000	3735	1.7546600883622958	2.50 1.75 1.25 1.08
12100d7e	ok	466811.5	466811.5	467235.7	-0.09078929542413211	34.362	1.0260682612201022	0.09078929542413211	0.09078929542413211	0.0	0	<ORIGINAL_WORKSPACE>/OpenROAD-flow-scripts/flow/reports/nangate45/jpeg/place_batch_20260421_220319/dpl_evolve_baseline/openroad_dpl_hpwl_only_9case_bo_place_batch_20260421_220319_jpeg_nangate45_trial_12100d7e_d4495f6ff467/metrics.json	14	64 8	0	0.16535419711693278	1.8550171607920678	0.7281434265037379	112.62181547042333	885	3545	1.6236722070556089	1.25 1.10 1.04
129e3f50	ok	466314.0	466314.0	467235.7	-0.19726660441400598	37.089	1.1074979844127923	0.18750084866760336	0.19726660441400595	0.009765755746402599	0	<ORIGINAL_WORKSPACE>/OpenROAD-flow-scripts/flow/reports/nangate45/jpeg/place_batch_20260421_220319/dpl_evolve_baseline/openroad_dpl_hpwl_only_9case_bo_place_batch_20260421_220319_jpeg_nangate45_trial_129e3f50_a703f612f051/metrics.json	104	64 8	1	0.1124206928698952	1.9255532025226971	1.9035611874952998	113.96321155014873	618	1886	1.0323823606157834	omit
132b7f2a	ok	467077.8	467077.8	467235.7	-0.03379450671256997	35.503	1.0601391501687123	0.03379450671256997	0.03379450671256997	0.0	0	<ORIGINAL_WORKSPACE>/OpenROAD-flow-scripts/flow/reports/nangate45/jpeg/place_batch_20260421_220319/dpl_evolve_baseline/openroad_dpl_hpwl_only_9case_bo_place_batch_20260421_220319_jpeg_nangate45_trial_132b7f2a_06a995583f07/metrics.json	121	1024	0	0.02114845381846697	0.5895246979538833	0.49201749080259255	106.41609890488779	561	1862	1.819794720897281	2.50 1.75 1.25 1.08
134eb3aa	ok	467460.9	467460.9	467235.7	0.048198371828182575	35.833	1.0699931320732181	-0.048198371828182575	-0.048198371828182575	0.0	0	<ORIGINAL_WORKSPACE>/OpenROAD-flow-scripts/flow/reports/nangate45/jpeg/place_batch_20260421_220319/dpl_evolve_baseline/openroad_dpl_hpwl_only_9case_bo_place_batch_20260421_220319_jpeg_nangate45_trial_134eb3aa_2e24d09e431e/metrics.json	70	128 16	1	0.32078619009523285	1.46197596929154	1.4788145097291796	12.382473460740666	1037	3573	1.3387035242567085	1.04
155e1001	ok	467219.7	467219.7	467235.7	-0.003424395867011018	37.518	1.12030816088865	-0.022949808412846308	0.0034243958670110183	0.026374204279857327	0	<ORIGINAL_WORKSPACE>/OpenROAD-flow-scripts/flow/reports/nangate45/jpeg/place_batch_20260421_220319/dpl_evolve_baseline/openroad_dpl_hpwl_only_9case_bo_place_batch_20260421_220319_jpeg_nangate45_trial_155e1001_b5b4f534a4fc/metrics.json	75	256	1	0.10202439596420042	1.9550892895135228	1.7872569078347553	61.84389651791296	1005	1692	1.1687155391959023	omit
15bf5b91	ok	466747.5	466747.5	467235.7	-0.10448687889217619	33.99	1.0149601361641136	0.10448687889217619	0.10448687889217619	0.0	0	<ORIGINAL_WORKSPACE>/OpenROAD-flow-scripts/flow/reports/nangate45/jpeg/place_batch_20260421_220319/dpl_evolve_baseline/openroad_dpl_hpwl_only_9case_bo_place_batch_20260421_220319_jpeg_nangate45_trial_15bf5b91_bc3f63a6c3ab/metrics.json	3	64 8	1	0.10465149870140741	0.7010503788444699	0.4622539657934829	68.7276570162109	648	3112	1.643143977330133	1.10 1.04
162c6193	ok	466274.1	466274.1	467235.7	-0.20580619160736968	36.581	1.0923288243900984	0.20580619160736965	0.20580619160736965	0.0	0	<ORIGINAL_WORKSPACE>/OpenROAD-flow-scripts/flow/reports/nangate45/jpeg/place_batch_20260421_220319/dpl_evolve_baseline/openroad_dpl_hpwl_only_9case_bo_place_batch_20260421_220319_jpeg_nangate45_trial_162c6193_e431d9d2c89f/metrics.json	42	64 8	1	0.012165625878616887	1.228458213268759	0.147736954679234	71.76368641486431	112	2801	1.0352917849725307	1.75 1.35 1.15 1.05
16a095a9	ok	466842.2	466842.2	467235.7	-0.08421873585430223	30.876	0.9219743796470484	0.08421873585430223	0.08421873585430223	0.0	0	<ORIGINAL_WORKSPACE>/OpenROAD-flow-scripts/flow/reports/nangate45/jpeg/place_batch_20260421_220319/dpl_evolve_baseline/openroad_dpl_hpwl_only_9case_bo_place_batch_20260421_220319_jpeg_nangate45_trial_16a095a9_425c3decde98/metrics.json	66	64 8	0	0.17635941372378694	0.479684334769247	1.8749878239696853	115.50236127997425	701	3752	1.4286341343082103	2.50 1.75 1.25 1.08
172218bb	ok	467227.9	467227.9	467235.7	-0.0016693929851653798	34.863	1.0410283973842158	0.0016693929851653798	0.0016693929851653798	0.0	0	<ORIGINAL_WORKSPACE>/OpenROAD-flow-scripts/flow/reports/nangate45/jpeg/place_batch_20260421_220319/dpl_evolve_baseline/openroad_dpl_hpwl_only_9case_bo_place_batch_20260421_220319_jpeg_nangate45_trial_172218bb_ff84793cb15c/metrics.json	12	128	0	0.0686117478822102	0.18305464224263032	0.7452966629105438	86.29917365864976	710	1170	1.8782700865719877	2.00 1.50 1.20 1.05
18481943	ok	466511.2	466511.2	467235.7	-0.15506092535309265	37.303	1.1138881423751084	0.13699836482324523	0.15506092535309265	0.018062560529847435	0	<ORIGINAL_WORKSPACE>/OpenROAD-flow-scripts/flow/reports/nangate45/jpeg/place_batch_20260421_220319/dpl_evolve_baseline/openroad_dpl_hpwl_only_9case_bo_place_batch_20260421_220319_jpeg_nangate45_trial_18481943_41409f59a049/metrics.json	105	64 8	1	0.09807891673865947	0.437158472839619	0.8416008431422759	84.46424892930602	210	3142	1.6497764564225987	2.00 1.50 1.20 1.05
191fe16e	ok	466592.2	466592.2	467235.7	-0.1377249212763494	36.017	1.075487473498761	0.1377249212763494	0.1377249212763494	0.0	0	<ORIGINAL_WORKSPACE>/OpenROAD-flow-scripts/flow/reports/nangate45/jpeg/place_batch_20260421_220319/dpl_evolve_baseline/openroad_dpl_hpwl_only_9case_bo_place_batch_20260421_220319_jpeg_nangate45_trial_191fe16e_e8491eabb39c/metrics.json	85	64 8	1	0.023116707140006888	1.7474622621341567	1.7504839725697445	109.88999487453705	1165	1748	1.226771585641672	2.50 1.75 1.25 1.08
192d7f5f	ok	467175.3	467175.3	467235.7	-0.012927094397971576	38.688	1.1552450058228076	-0.05826628327190174	0.012927094397971576	0.07119337766987331	0	<ORIGINAL_WORKSPACE>/OpenROAD-flow-scripts/flow/reports/nangate45/jpeg/place_batch_20260421_220319/dpl_evolve_baseline/openroad_dpl_hpwl_only_9case_bo_place_batch_20260421_220319_jpeg_nangate45_trial_192d7f5f_43cf21ee76f3/metrics.json	127	256 32	1	0.10625317628207608	1.2384309033840184	0.7910116853235971	111.94986685448386	842	2182	1.8916826569931442	2.50 1.75 1.25 1.08
19d0c164	ok	466738.9	466738.9	467235.7	-0.10632749167068963	36.247	1.0823554002806892	0.10632749167068963	0.10632749167068963	0.0	0	<ORIGINAL_WORKSPACE>/OpenROAD-flow-scripts/flow/reports/nangate45/jpeg/place_batch_20260421_220319/dpl_evolve_baseline/openroad_dpl_hpwl_only_9case_bo_place_batch_20260421_220319_jpeg_nangate45_trial_19d0c164_dd68150f9262/metrics.json	2	64 8	1	0.4065274310266872	0.3371573886165023	0.1918601706548481	73.52857817179792	745	2630	1.3685263984723417	1.75 1.35 1.15 1.05
1a2665b3	ok	466926.6	466926.6	467235.7	-0.06615504765582658	37.827	1.1295350712174148	0.02787687018013115	0.06615504765582658	0.03827817747569543	0	<ORIGINAL_WORKSPACE>/OpenROAD-flow-scripts/flow/reports/nangate45/jpeg/place_batch_20260421_220319/dpl_evolve_baseline/openroad_dpl_hpwl_only_9case_bo_place_batch_20260421_220319_jpeg_nangate45_trial_1a2665b3_01a8329b1790/metrics.json	32	512 64	1	0.01387943367705502	1.6579862010374096	0.43203543478536033	108.78721462575507	935	3238	1.3358484871344682	2.50 1.75 1.25 1.08
1a74bacb	ok	467108.8	467108.8	467235.7	-0.027159739720236123	36.114	1.078383946967661	0.02715973972023612	0.02715973972023612	0.0	0	<ORIGINAL_WORKSPACE>/OpenROAD-flow-scripts/flow/reports/nangate45/jpeg/place_batch_20260421_220319/dpl_evolve_baseline/openroad_dpl_hpwl_only_9case_bo_place_batch_20260421_220319_jpeg_nangate45_trial_1a74bacb_7984eede6789/metrics.json	19	1024 128	1	0.4638619782741832	0.5798260348679507	0.4209432946762134	58.604176494252826	918	2368	1.9878283041329785	omit
1a9328b5	ok	466632.3	466632.3	467235.7	-0.129142529134658	33.685	1.0058526680402522	0.129142529134658	0.129142529134658	0.0	0	<ORIGINAL_WORKSPACE>/OpenROAD-flow-scripts/flow/reports/nangate45/jpeg/place_batch_20260421_220319/dpl_evolve_baseline/openroad_dpl_hpwl_only_9case_bo_place_batch_20260421_220319_jpeg_nangate45_trial_1a9328b5_28d955f604ec/metrics.json	63	64 8	1	0.06775676351850769	0.45994493917597123	1.4146429344847657	114.48474704644613	294	3047	1.6383079273702015	1.75 1.35 1.15 1.05
1ac54f2d	ok	467034.4	467034.4	467235.7	-0.043083180501829875	38.387	1.1462569799038491	-0.016645295789807668	0.04308318050182988	0.05972847629163755	0	<ORIGINAL_WORKSPACE>/OpenROAD-flow-scripts/flow/reports/nangate45/jpeg/place_batch_20260421_220319/dpl_evolve_baseline/openroad_dpl_hpwl_only_9case_bo_place_batch_20260421_220319_jpeg_nangate45_trial_1ac54f2d_0002b7bd062c/metrics.json	5	1024	1	0.12139087185300795	0.6333453750432231	0.6027372122540021	144.22494901303457	377	3177	1.3668258723069533	omit
1bd513b6	ok	467330.9	467330.9	467235.7	0.02037515540871805	32.79	0.9791274746931828	-0.020375155408718048	-0.020375155408718048	0.0	0	<ORIGINAL_WORKSPACE>/OpenROAD-flow-scripts/flow/reports/nangate45/jpeg/place_batch_20260421_220319/dpl_evolve_baseline/openroad_dpl_hpwl_only_9case_bo_place_batch_20260421_220319_jpeg_nangate45_trial_1bd513b6_e1eaec6f79bf/metrics.json	38	32	0	0.13216114194293815	0.41290811777886605	0.19856817761302625	76.18825499179312	351	1492	1.1080653286972368	1.75 1.35 1.15 1.05
1c47f8b9	ok	467232.6	467232.6	467235.7	-0.0006634766992408595	35.273	1.0532712233867838	0.0006634766992408595	0.0006634766992408595	0.0	0	<ORIGINAL_WORKSPACE>/OpenROAD-flow-scripts/flow/reports/nangate45/jpeg/place_batch_20260421_220319/dpl_evolve_baseline/openroad_dpl_hpwl_only_9case_bo_place_batch_20260421_220319_jpeg_nangate45_trial_1c47f8b9_58c5c7b1f9b7/metrics.json	80	256	1	0.1574985550537128	1.1883382963030211	1.1778212124539253	83.71974472869712	481	1984	1.8730691355340343	1.10 1.04
1c832a7a	ok	466894.2	466894.2	467235.7	-0.07308944928651642	39.943	1.192719997611156	-0.04543217585862827	0.07308944928651642	0.1185216251451447	0	<ORIGINAL_WORKSPACE>/OpenROAD-flow-scripts/flow/reports/nangate45/jpeg/place_batch_20260421_220319/dpl_evolve_baseline/openroad_dpl_hpwl_only_9case_bo_place_batch_20260421_220319_jpeg_nangate45_trial_1c832a7a_ecc1beea4f48/metrics.json	1	64	1	0.03181921145058867	0.38412796607460253	0.661403740072516	84.66231860747634	510	3531	1.611618255528217	omit
1d8bc959	ok	467156.1	467156.1	467235.7	-0.01703636943838729	37.443	1.1180686195467169	-0.006441135648189138	0.01703636943838729	0.02347750508657643	0	<ORIGINAL_WORKSPACE>/OpenROAD-flow-scripts/flow/reports/nangate45/jpeg/place_batch_20260421_220319/dpl_evolve_baseline/openroad_dpl_hpwl_only_9case_bo_place_batch_20260421_220319_jpeg_nangate45_trial_1d8bc959_69ff04488175/metrics.json	119	omit	1	0.269641442552812	0.5743189595683953	1.639214584973937	130.7723840789388	743	3497	1.320752504175615	2.00 1.50 1.20 1.05
1d915ee0	ok	466842.7	466842.7	467235.7	-0.08411172348345813	36.841	1.1000925677088	0.08399095603418942	0.08411172348345813	0.00012076744926871479	0	<ORIGINAL_WORKSPACE>/OpenROAD-flow-scripts/flow/reports/nangate45/jpeg/place_batch_20260421_220319/dpl_evolve_baseline/openroad_dpl_hpwl_only_9case_bo_place_batch_20260421_220319_jpeg_nangate45_trial_1d915ee0_ac4d653d0d1e/metrics.json	39	64 8	1	0.21228012108358024	1.198513842880451	0.6342661868456388	122.14709155463888	699	1526	1.5289420894530976	1.04
1ddbbfa5	ok	467274.4	467274.4	467235.7	0.00828275750333539	34.695	1.0360118247782855	-0.008282757503335392	-0.008282757503335392	0.0	0	<ORIGINAL_WORKSPACE>/OpenROAD-flow-scripts/flow/reports/nangate45/jpeg/place_batch_20260421_220319/dpl_evolve_baseline/openroad_dpl_hpwl_only_9case_bo_place_batch_20260421_220319_jpeg_nangate45_trial_1ddbbfa5_0356e8b4b178/metrics.json	87	512 64	0	0.9760435504677476	0.3196673006881867	0.445074144178342	64.67726327405565	515	672	1.7293189193611234	1.75 1.35 1.15 1.05
1e152d7b	ok	466485.4	466485.4	467235.7	-0.16058276368864544	36.148	1.0793992057093376	0.16058276368864544	0.16058276368864544	0.0	0	<ORIGINAL_WORKSPACE>/OpenROAD-flow-scripts/flow/reports/nangate45/jpeg/place_batch_20260421_220319/dpl_evolve_baseline/openroad_dpl_hpwl_only_9case_bo_place_batch_20260421_220319_jpeg_nangate45_trial_1e152d7b_d1835df06761/metrics.json	20	64 8	1	0.24475287709609253	1.877311998425998	0.5641483120942974	75.7120365009743	946	3808	1.7715583174771623	1.25 1.10 1.04
1e7a6205	ok	466780.2	466780.2	467235.7	-0.09748826983896992	34.04	1.0164531637254024	0.09748826983896992	0.09748826983896992	0.0	0	<ORIGINAL_WORKSPACE>/OpenROAD-flow-scripts/flow/reports/nangate45/jpeg/place_batch_20260421_220319/dpl_evolve_baseline/openroad_dpl_hpwl_only_9case_bo_place_batch_20260421_220319_jpeg_nangate45_trial_1e7a6205_b1acfbadcfae/metrics.json	87	64 8	0	0.3091650367269459	1.1457927823245737	1.9772050995725228	129.46954702994032	390	1767	1.285607898989812	1.50 1.25 1.10 1.04
1e7bdc7e	ok	466676.8	466676.8	467235.7	-0.1196184281295336	34.489	1.0298605512257757	0.1196184281295336	0.1196184281295336	0.0	0	<ORIGINAL_WORKSPACE>/OpenROAD-flow-scripts/flow/reports/nangate45/jpeg/place_batch_20260421_220319/dpl_evolve_baseline/openroad_dpl_hpwl_only_9case_bo_place_batch_20260421_220319_jpeg_nangate45_trial_1e7bdc7e_16f57284b692/metrics.json	56	64 8	1	0.21605570396372462	1.7944249178814848	1.8626181737363046	8.593097953024344	669	2839	1.349509388634677	2.00 1.50 1.20 1.05
1ec8a852	ok	467070.6	467070.6	467235.7	-0.03533548485272742	37.247	1.112215951506465	0.019441746773254196	0.03533548485272742	0.01589373807947322	0	<ORIGINAL_WORKSPACE>/OpenROAD-flow-scripts/flow/reports/nangate45/jpeg/place_batch_20260421_220319/dpl_evolve_baseline/openroad_dpl_hpwl_only_9case_bo_place_batch_20260421_220319_jpeg_nangate45_trial_1ec8a852_23db0076ad7c/metrics.json	56	32	1	0.3201777237448816	0.9964233235117651	0.5299798137815401	100.0226903916215	457	2179	1.472330570980827	1.75 1.35 1.15 1.05
21b40f4e	ok	466478.8	466478.8	467235.7	-0.16199532698379496	35.753	1.0676042879751562	0.16199532698379496	0.16199532698379496	0.0	0	<ORIGINAL_WORKSPACE>/OpenROAD-flow-scripts/flow/reports/nangate45/jpeg/place_batch_20260421_220319/dpl_evolve_baseline/openroad_dpl_hpwl_only_9case_bo_place_batch_20260421_220319_jpeg_nangate45_trial_21b40f4e_631291612947/metrics.json	116	64 8	1	0.22919947373437932	1.0545482405258455	1.6655892647703474	76.44206290826133	549	3781	1.303630844326545	2.50 1.75 1.25 1.08
226fbcb8	ok	466509.3	466509.3	467235.7	-0.1554675723623052	35.27	1.0531816417331066	0.1554675723623052	0.1554675723623052	0.0	0	<ORIGINAL_WORKSPACE>/OpenROAD-flow-scripts/flow/reports/nangate45/jpeg/place_batch_20260421_220319/dpl_evolve_baseline/openroad_dpl_hpwl_only_9case_bo_place_batch_20260421_220319_jpeg_nangate45_trial_226fbcb8_113a9a054a46/metrics.json	98	64 8	1	0.07498375466237615	1.0182343373913718	0.678436553039035	60.7905288759533	78	1583	1.98990500343069	1.50 1.25 1.10 1.04
2371fa6f	ok	466611.4	466611.4	467235.7	-0.1336156462359337	36.888	1.1014960136164114	0.13166451053311584	0.13361564623593367	0.0019511357028178192	0	<ORIGINAL_WORKSPACE>/OpenROAD-flow-scripts/flow/reports/nangate45/jpeg/place_batch_20260421_220319/dpl_evolve_baseline/openroad_dpl_hpwl_only_9case_bo_place_batch_20260421_220319_jpeg_nangate45_trial_2371fa6f_d9401d6ea8af/metrics.json	102	64 8	1	0.030469032920008216	0.27111269581675385	1.0552198044088097	141.28040928830086	838	3332	1.3398488148331407	1.75 1.35 1.15 1.05
24f38fff	ok	467112.6	467112.6	467235.7	-0.026346445701823498	38.881	1.1610080922093824	-0.052174727035744356	0.026346445701823495	0.07852117273756785	0	<ORIGINAL_WORKSPACE>/OpenROAD-flow-scripts/flow/reports/nangate45/jpeg/place_batch_20260421_220319/dpl_evolve_baseline/openroad_dpl_hpwl_only_9case_bo_place_batch_20260421_220319_jpeg_nangate45_trial_24f38fff_cc4c8a05fe9b/metrics.json	22	1024 128	1	0.3118575158904214	1.9049182343329933	0.5024746034101454	39.68310454729596	912	3978	1.427760557615954	1.25 1.10 1.04
254db88d	ok	467180.0	467180.0	467235.7	-0.011921178112034598	38.262	1.1425244110006272	-0.04303292153254784	0.011921178112034598	0.05495409964458244	0	<ORIGINAL_WORKSPACE>/OpenROAD-flow-scripts/flow/reports/nangate45/jpeg/place_batch_20260421_220319/dpl_evolve_baseline/openroad_dpl_hpwl_only_9case_bo_place_batch_20260421_220319_jpeg_nangate45_trial_254db88d_ebe3c510b2f7/metrics.json	14	512 64	1	0.05062418725838496	1.822318068496465	0.054799126923442465	104.66984505995642	516	3200	1.7190785209873445	2.00 1.50 1.20 1.05
26b21b1b	ok	466620.2	466620.2	467235.7	-0.13173222850908012	34.936	1.0432082176236974	0.1317322285090801	0.1317322285090801	0.0	0	<ORIGINAL_WORKSPACE>/OpenROAD-flow-scripts/flow/reports/nangate45/jpeg/place_batch_20260421_220319/dpl_evolve_baseline/openroad_dpl_hpwl_only_9case_bo_place_batch_20260421_220319_jpeg_nangate45_trial_26b21b1b_6ee7d4778288/metrics.json	33	64 8	1	0.04702435204674217	0.4098790795579507	0.8491723521929684	42.935244651592996	924	2426	1.7493699912263634	1.25 1.10 1.04
26d8d2dc	ok	467461.7	467461.7	467235.7	0.04836959162153063	35.727	1.0668279136432859	-0.04836959162153063	-0.04836959162153063	0.0	0	<ORIGINAL_WORKSPACE>/OpenROAD-flow-scripts/flow/reports/nangate45/jpeg/place_batch_20260421_220319/dpl_evolve_baseline/openroad_dpl_hpwl_only_9case_bo_place_batch_20260421_220319_jpeg_nangate45_trial_26d8d2dc_a0c5db633f60/metrics.json	19	1024	1	0.40239251985773583	1.809372320687246	0.12226904351036993	116.0811514080628	194	2512	1.010364261335232	1.75 1.35 1.15 1.05
27680e85	ok	467061.3	467061.3	467235.7	-0.03732591495042508	37.779	1.1281017647585776	0.0008937000615938662	0.03732591495042508	0.036432214888831214	0	<ORIGINAL_WORKSPACE>/OpenROAD-flow-scripts/flow/reports/nangate45/jpeg/place_batch_20260421_220319/dpl_evolve_baseline/openroad_dpl_hpwl_only_9case_bo_place_batch_20260421_220319_jpeg_nangate45_trial_27680e85_3ae2c38601d4/metrics.json	125	256	1	0.19692044061231423	0.30470205247581217	1.1570408913970684	66.57852852502147	585	3566	1.8146721658800178	1.75 1.35 1.15 1.05
27ffd725	ok	466477.6	466477.6	467235.7	-0.16225215667382328	34.88	1.041536026755054	0.16225215667382328	0.16225215667382328	0.0	0	<ORIGINAL_WORKSPACE>/OpenROAD-flow-scripts/flow/reports/nangate45/jpeg/place_batch_20260421_220319/dpl_evolve_baseline/openroad_dpl_hpwl_only_9case_bo_place_batch_20260421_220319_jpeg_nangate45_trial_27ffd725_90811e45f939/metrics.json	117	64 8	1	0.16423249504995635	1.0316235206151072	0.8547442510556589	149.1383400907064	322	2536	1.8726007610619846	2.50 1.75 1.25 1.08
29ccc6d4	ok	466503.0	466503.0	467235.7	-0.15681592823493828	36.918	1.1023918301531848	0.15369708200448354	0.1568159282349383	0.003118846230454788	0	<ORIGINAL_WORKSPACE>/OpenROAD-flow-scripts/flow/reports/nangate45/jpeg/place_batch_20260421_220319/dpl_evolve_baseline/openroad_dpl_hpwl_only_9case_bo_place_batch_20260421_220319_jpeg_nangate45_trial_29ccc6d4_8ea83411a992/metrics.json	83	64 8	1	0.25838923989767676	1.350127124686402	1.7582005573093624	9.334292475259915	711	3529	1.1189511664225757	2.50 1.75 1.25 1.08
2a4112ce	ok	466741.6	466741.6	467235.7	-0.10574962486814149	35.563	1.0619307832422589	0.10574962486814148	0.10574962486814148	0.0	0	<ORIGINAL_WORKSPACE>/OpenROAD-flow-scripts/flow/reports/nangate45/jpeg/place_batch_20260421_220319/dpl_evolve_baseline/openroad_dpl_hpwl_only_9case_bo_place_batch_20260421_220319_jpeg_nangate45_trial_2a4112ce_30958317ed30/metrics.json	54	64 8	1	0.09734981664934703	0.2849683840243429	1.5805399472825779	84.82643915005232	939	3947	1.6659139331455963	2.50 1.75 1.25 1.08
2ae2493f	ok	467026.3	467026.3	467235.7	-0.04481678090951168	36.67	1.0949864134491925	0.04481678090951168	0.04481678090951168	0.0	0	<ORIGINAL_WORKSPACE>/OpenROAD-flow-scripts/flow/reports/nangate45/jpeg/place_batch_20260421_220319/dpl_evolve_baseline/openroad_dpl_hpwl_only_9case_bo_place_batch_20260421_220319_jpeg_nangate45_trial_2ae2493f_34c0edc69d4e/metrics.json	123	1024 128	1	0.3786778754937611	1.3442416210106456	1.7239254420690078	111.9638274049961	726	3887	1.4574713378992314	omit
2af0e454	ok	467303.4	467303.4	467235.7	0.014489475012292863	38.377	1.1459583743915915	-0.07383628750484708	-0.014489475012292863	0.059346812492554225	0	<ORIGINAL_WORKSPACE>/OpenROAD-flow-scripts/flow/reports/nangate45/jpeg/place_batch_20260421_220319/dpl_evolve_baseline/openroad_dpl_hpwl_only_9case_bo_place_batch_20260421_220319_jpeg_nangate45_trial_2af0e454_cc34914b9f06/metrics.json	7	omit	1	0.46158525560967806	1.4785889211027397	0.33450735214553345	115.10215675012091	735	3251	1.3345622153770325	1.10 1.04
2bc5c567	ok	467144.2	467144.2	467235.7	-0.01958326386446926	36.611	1.0932246409268715	0.01958326386446926	0.01958326386446926	0.0	0	<ORIGINAL_WORKSPACE>/OpenROAD-flow-scripts/flow/reports/nangate45/jpeg/place_batch_20260421_220319/dpl_evolve_baseline/openroad_dpl_hpwl_only_9case_bo_place_batch_20260421_220319_jpeg_nangate45_trial_2bc5c567_65f7dc5aa4fd/metrics.json	50	1024 128	1	0.08956213483253977	1.511834386670101	0.6505982464299715	135.87794256720466	584	3304	1.0182216766929775	1.25 1.10 1.04
2c0aae50	ok	467227.9	467227.9	467235.7	-0.0016693929851653798	37.506	1.119949834273941	-0.024241534117039863	0.0016693929851653798	0.02591092710220524	0	<ORIGINAL_WORKSPACE>/OpenROAD-flow-scripts/flow/reports/nangate45/jpeg/place_batch_20260421_220319/dpl_evolve_baseline/openroad_dpl_hpwl_only_9case_bo_place_batch_20260421_220319_jpeg_nangate45_trial_2c0aae50_f9495e1d34aa/metrics.json	34	256	1	0.37120861090520757	1.9885589127871666	0.6211942355336568	133.4278670332047	625	3111	1.378412411337771	2.50 1.75 1.25 1.08
2c9952d8	ok	466536.2	466536.2	467235.7	-0.14971030681088796	35.427	1.0578697482755532	0.14971030681088796	0.14971030681088796	0.0	0	<ORIGINAL_WORKSPACE>/OpenROAD-flow-scripts/flow/reports/nangate45/jpeg/place_batch_20260421_220319/dpl_evolve_baseline/openroad_dpl_hpwl_only_9case_bo_place_batch_20260421_220319_jpeg_nangate45_trial_2c9952d8_4461c2620f67/metrics.json	27	64 8	1	0.204428790715097	0.7585728768309237	1.3471852503469095	56.45979210161543	578	2221	1.907013370182922	omit
2d0173e9	ok	466421.6	466421.6	467235.7	-0.17423754220836185	35.998	1.074920123025471	0.17423754220836185	0.17423754220836185	0.0	0	<ORIGINAL_WORKSPACE>/OpenROAD-flow-scripts/flow/reports/nangate45/jpeg/place_batch_20260421_220319/dpl_evolve_baseline/openroad_dpl_hpwl_only_9case_bo_place_batch_20260421_220319_jpeg_nangate45_trial_2d0173e9_6f0664e5fe69/metrics.json	22	64 8	1	0.5000640767336246	0.3972818220712207	1.1193896436893243	124.12708382991252	374	3954	1.978017527694766	2.00 1.50 1.20 1.05
2d2d4272	ok	466507.7	466507.7	467235.7	-0.15581001194900135	36.794	1.0986891218011885	0.15581001194900132	0.15581001194900132	0.0	0	<ORIGINAL_WORKSPACE>/OpenROAD-flow-scripts/flow/reports/nangate45/jpeg/place_batch_20260421_220319/dpl_evolve_baseline/openroad_dpl_hpwl_only_9case_bo_place_batch_20260421_220319_jpeg_nangate45_trial_2d2d4272_57dfac76e3a8/metrics.json	125	64 8	1	0.14446498802384866	0.9900737461752482	0.8676064042383307	90.32632668446787	447	3479	1.6806627819194815	1.75 1.35 1.15 1.05
2d42e1e7	ok	466544.2	466544.2	467235.7	-0.14799810887738243	36.348	1.0853713159544927	0.14799810887738243	0.14799810887738243	0.0	0	<ORIGINAL_WORKSPACE>/OpenROAD-flow-scripts/flow/reports/nangate45/jpeg/place_batch_20260421_220319/dpl_evolve_baseline/openroad_dpl_hpwl_only_9case_bo_place_batch_20260421_220319_jpeg_nangate45_trial_2d42e1e7_fdd0318f77d8/metrics.json	4	64 8	1	0.08973877891350035	0.32996154052576054	1.3147908783401139	145.0596752455385	420	3833	1.8588724364424092	1.75 1.35 1.15 1.05
2d726e07	ok	466723.6	466723.6	467235.7	-0.10960207021852887	32.684	0.9759622562632506	0.10960207021852887	0.10960207021852887	0.0	0	<ORIGINAL_WORKSPACE>/OpenROAD-flow-scripts/flow/reports/nangate45/jpeg/place_batch_20260421_220319/dpl_evolve_baseline/openroad_dpl_hpwl_only_9case_bo_place_batch_20260421_220319_jpeg_nangate45_trial_2d726e07_f20955a667e9/metrics.json	108	64 8	0	0.09426722878486973	1.2520327119940025	1.969680687798591	62.329557526414064	653	3900	1.1273275523857904	1.50 1.25 1.10 1.04
2d8c0ddd	ok	466673.3	466673.3	467235.7	-0.12036751472544226	33.056	0.9870703813192392	0.12036751472544227	0.12036751472544227	0.0	0	<ORIGINAL_WORKSPACE>/OpenROAD-flow-scripts/flow/reports/nangate45/jpeg/place_batch_20260421_220319/dpl_evolve_baseline/openroad_dpl_hpwl_only_9case_bo_place_batch_20260421_220319_jpeg_nangate45_trial_2d8c0ddd_cd53386db2c6/metrics.json	100	64 8	0	0.06717477012471229	1.4203446019827533	1.3802014835922063	137.11824507201734	483	2149	1.4918804676291235	2.50 1.75 1.25 1.08
2e8b2fa4	ok	467166.4	467166.4	467235.7	-0.01483191459898898	37.017	1.1053480247245366	0.007862986010195937	0.01483191459898898	0.006968928588793044	0	<ORIGINAL_WORKSPACE>/OpenROAD-flow-scripts/flow/reports/nangate45/jpeg/place_batch_20260421_220319/dpl_evolve_baseline/openroad_dpl_hpwl_only_9case_bo_place_batch_20260421_220319_jpeg_nangate45_trial_2e8b2fa4_03d238822e66/metrics.json	24	1024	1	0.054392432077302835	0.2956560902069556	1.0526895490322263	49.99713185449751	531	2112	1.961174943108153	omit
2eb7f3dd	ok	466512.0	466512.0	467235.7	-0.1548897055597446	37.922	1.1323718235838633	0.1129615100926826	0.1548897055597446	0.041928195467061995	0	<ORIGINAL_WORKSPACE>/OpenROAD-flow-scripts/flow/reports/nangate45/jpeg/place_batch_20260421_220319/dpl_evolve_baseline/openroad_dpl_hpwl_only_9case_bo_place_batch_20260421_220319_jpeg_nangate45_trial_2eb7f3dd_5fab705aaf05/metrics.json	65	64 8	1	0.12195331390340305	1.3467952845230258	0.9964989818373091	62.35122062063726	435	3093	1.0496592672811875	2.00 1.50 1.20 1.05
313eb321	ok	467105.3	467105.3	467235.7	-0.02790882631614478	38.468	1.148675684553137	-0.034909296400152605	0.02790882631614478	0.06281812271629739	0	<ORIGINAL_WORKSPACE>/OpenROAD-flow-scripts/flow/reports/nangate45/jpeg/place_batch_20260421_220319/dpl_evolve_baseline/openroad_dpl_hpwl_only_9case_bo_place_batch_20260421_220319_jpeg_nangate45_trial_313eb321_ee8b0465a9a2/metrics.json	25	64	1	0.31058725179421	1.9648348985858857	0.5699454691956887	80.04800174568172	411	3652	1.3665566438512344	1.75 1.35 1.15 1.05
333e6f4f	ok	467232.4	467232.4	467235.7	-0.0007062816475685309	35.311	1.0544059243333632	0.0007062816475685309	0.0007062816475685309	0.0	0	<ORIGINAL_WORKSPACE>/OpenROAD-flow-scripts/flow/reports/nangate45/jpeg/place_batch_20260421_220319/dpl_evolve_baseline/openroad_dpl_hpwl_only_9case_bo_place_batch_20260421_220319_jpeg_nangate45_trial_333e6f4f_efd153d02f23/metrics.json	114	64	1	0.11053231211215025	0.23849508144284526	1.1139836660053362	126.48301041753962	462	2956	1.187939243689949	1.04
333edc1b	ok	466693.7	466693.7	467235.7	-0.11600140999499824	36.871	1.1009883842455734	0.11471218770355034	0.11600140999499824	0.0012892222914479014	0	<ORIGINAL_WORKSPACE>/OpenROAD-flow-scripts/flow/reports/nangate45/jpeg/place_batch_20260421_220319/dpl_evolve_baseline/openroad_dpl_hpwl_only_9case_bo_place_batch_20260421_220319_jpeg_nangate45_trial_333edc1b_cffdd14d7819/metrics.json	19	64 8	1	0.211919980737756	1.8570185818710105	0.7838188248254577	109.80541348162026	664	3656	1.3512035781171934	2.50 1.75 1.25 1.08
336f9f6f	ok	466789.6	466789.6	467235.7	-0.09547643726710842	37.792	1.1284899519245126	0.058544158441254136	0.09547643726710843	0.036932278825854294	0	<ORIGINAL_WORKSPACE>/OpenROAD-flow-scripts/flow/reports/nangate45/jpeg/place_batch_20260421_220319/dpl_evolve_baseline/openroad_dpl_hpwl_only_9case_bo_place_batch_20260421_220319_jpeg_nangate45_trial_336f9f6f_20d39a55795d/metrics.json	56	64 8	1	0.3259712873411641	1.959047225521695	0.9803694334851871	49.36389741931536	323	3969	1.5263080824718074	2.50 1.75 1.25 1.08
33bf19c3	ok	467364.0	467364.0	467235.7	0.02745937435859211	35.038	1.0462539938487265	-0.02745937435859211	-0.02745937435859211	0.0	0	<ORIGINAL_WORKSPACE>/OpenROAD-flow-scripts/flow/reports/nangate45/jpeg/place_batch_20260421_220319/dpl_evolve_baseline/openroad_dpl_hpwl_only_9case_bo_place_batch_20260421_220319_jpeg_nangate45_trial_33bf19c3_c38c3c34814d/metrics.json	24	512	1	0.19390222099587862	0.4327631782542454	0.43268513820042365	41.03258553642266	249	3259	1.1314679493775526	1.10 1.04
33e410bf	ok	466532.4	466532.4	467235.7	-0.15052360082930058	35.26	1.0528830362208486	0.15052360082930058	0.15052360082930058	0.0	0	<ORIGINAL_WORKSPACE>/OpenROAD-flow-scripts/flow/reports/nangate45/jpeg/place_batch_20260421_220319/dpl_evolve_baseline/openroad_dpl_hpwl_only_9case_bo_place_batch_20260421_220319_jpeg_nangate45_trial_33e410bf_8e217fcd3dff/metrics.json	79	64 8	1	0.16224718065771898	1.859480236866884	1.9010624448569287	99.98400556475926	479	1951	1.0180623742429378	1.50 1.25 1.10 1.04
3457deb7	ok	466900.4	466900.4	467235.7	-0.07176249588804716	35.299	1.0540475977186539	0.07176249588804716	0.07176249588804716	0.0	0	<ORIGINAL_WORKSPACE>/OpenROAD-flow-scripts/flow/reports/nangate45/jpeg/place_batch_20260421_220319/dpl_evolve_baseline/openroad_dpl_hpwl_only_9case_bo_place_batch_20260421_220319_jpeg_nangate45_trial_3457deb7_74801b487d36/metrics.json	122	omit	1	0.006916152964345584	0.7655224769831837	1.1899548749129687	130.72456419202587	57	2977	1.9005515274895108	1.75 1.35 1.15 1.05
3474b9f3	ok	466346.2	466346.2	467235.7	-0.19037500773164379	38.245	1.1420167816297888	0.13607082539696083	0.19037500773164379	0.054304182334682954	0	<ORIGINAL_WORKSPACE>/OpenROAD-flow-scripts/flow/reports/nangate45/jpeg/place_batch_20260421_220319/dpl_evolve_baseline/openroad_dpl_hpwl_only_9case_bo_place_batch_20260421_220319_jpeg_nangate45_trial_3474b9f3_c860c30f1b3e/metrics.json	49	64 8	1	0.2951782088610431	1.9003202510228487	1.375771261305109	14.98516959271435	564	3963	1.4305072380725607	2.50 1.75 1.25 1.08
34b53397	ok	467122.5	467122.5	467235.7	-0.024227600759105444	37.731	1.1266684582997404	-0.010357478478665267	0.024227600759105444	0.03458507923777071	0	<ORIGINAL_WORKSPACE>/OpenROAD-flow-scripts/flow/reports/nangate45/jpeg/place_batch_20260421_220319/dpl_evolve_baseline/openroad_dpl_hpwl_only_9case_bo_place_batch_20260421_220319_jpeg_nangate45_trial_34b53397_8bfc4847c37d/metrics.json	56	64	1	0.036003643231084376	1.1728898608774112	1.117438568756631	55.233561411091394	587	3131	1.0651278578188852	1.25 1.10 1.04
3537d868	ok	467235.7	467235.7	467235.7	0.0	35.973	1.0741736092448266	0.0	0.0	0.0	0	<ORIGINAL_WORKSPACE>/OpenROAD-flow-scripts/flow/reports/nangate45/jpeg/place_batch_20260421_220319/dpl_evolve_baseline/openroad_dpl_hpwl_only_9case_bo_place_batch_20260421_220319_jpeg_nangate45_trial_3537d868_6d35be55b58b/metrics.json	1	omit	0	0.4	0.4	0.6	35.0	150	1000	1.1	1.50 1.25 1.10 1.04
35f97e2a	ok	467235.7	467235.7	467235.7	0.0	35.225	1.0518379169279466	0.0	0.0	0.0	0	<ORIGINAL_WORKSPACE>/OpenROAD-flow-scripts/flow/reports/nangate45/jpeg/place_batch_20260421_220319/dpl_evolve_baseline/openroad_dpl_hpwl_only_9case_bo_place_batch_20260421_220319_jpeg_nangate45_trial_35f97e2a_08ef8cec32a6/metrics.json	1	512	0	0.5	0.6	0.8	45.0	200	1000	1.15	1.50 1.25 1.10 1.04
36940650	ok	467170.0	467170.0	467235.7	-0.014061425528916484	39.973	1.1936158141479292	-0.10558238384205482	0.014061425528916484	0.1196438093709713	0	<ORIGINAL_WORKSPACE>/OpenROAD-flow-scripts/flow/reports/nangate45/jpeg/place_batch_20260421_220319/dpl_evolve_baseline/openroad_dpl_hpwl_only_9case_bo_place_batch_20260421_220319_jpeg_nangate45_trial_36940650_2f24254b3f64/metrics.json	51	128	1	0.46315785609094406	1.7839043264994985	0.6660265329173684	11.404064525973013	539	3444	1.5446492687068685	2.50 1.75 1.25 1.08
36fed94c	ok	467245.2	467245.2	467235.7	0.002033235046037792	35.471	1.0591836125294873	-0.002033235046037792	-0.002033235046037792	0.0	0	<ORIGINAL_WORKSPACE>/OpenROAD-flow-scripts/flow/reports/nangate45/jpeg/place_batch_20260421_220319/dpl_evolve_baseline/openroad_dpl_hpwl_only_9case_bo_place_batch_20260421_220319_jpeg_nangate45_trial_36fed94c_141067954896/metrics.json	21	128 16	1	0.24639522923467266	0.8841757762271445	0.335776835768666	104.52536562150775	807	3882	1.7403328842025358	omit
374384d3	ok	467069.0	467069.0	467235.7	-0.03567792443942354	37.765	1.1276837170414167	-0.0002156638265393626	0.03567792443942354	0.0358935882659629	0	<ORIGINAL_WORKSPACE>/OpenROAD-flow-scripts/flow/reports/nangate45/jpeg/place_batch_20260421_220319/dpl_evolve_baseline/openroad_dpl_hpwl_only_9case_bo_place_batch_20260421_220319_jpeg_nangate45_trial_374384d3_1c0e148ad81b/metrics.json	69	omit	1	0.27205304020852195	0.33888981457029166	0.5209930439778717	86.10940943001916	563	3522	1.627199153705018	1.50 1.25 1.10 1.04
376fa0d2	ok	466744.7	466744.7	467235.7	-0.1050861481689006	38.117	1.1381946310728897	0.05568010636716705	0.10508614816890062	0.04940604180173357	0	<ORIGINAL_WORKSPACE>/OpenROAD-flow-scripts/flow/reports/nangate45/jpeg/place_batch_20260421_220319/dpl_evolve_baseline/openroad_dpl_hpwl_only_9case_bo_place_batch_20260421_220319_jpeg_nangate45_trial_376fa0d2_03be8ace7097/metrics.json	119	64 8	1	0.10936246925119918	1.2620874592222744	1.490158940835443	144.7419592716068	872	2093	1.1343699138957541	omit
377d74f5	ok	466449.5	466449.5	467235.7	-0.1682662519152564	37.483	1.1192630415957479	0.14324347993855602	0.1682662519152564	0.02502277197670038	0	<ORIGINAL_WORKSPACE>/OpenROAD-flow-scripts/flow/reports/nangate45/jpeg/place_batch_20260421_220319/dpl_evolve_baseline/openroad_dpl_hpwl_only_9case_bo_place_batch_20260421_220319_jpeg_nangate45_trial_377d74f5_e4f857c780eb/metrics.json	74	64 8	1	0.10585898187926132	1.2319595425955945	0.6431368342637602	124.28813135508368	452	1879	1.9332728158708508	2.50 1.75 1.25 1.08
37d35543	ok	466406.9	466406.9	467235.7	-0.17738370591116825	38.557	1.151333273612231	0.11117453476683592	0.17738370591116825	0.06620917114433233	0	<ORIGINAL_WORKSPACE>/OpenROAD-flow-scripts/flow/reports/nangate45/jpeg/place_batch_20260421_220319/dpl_evolve_baseline/openroad_dpl_hpwl_only_9case_bo_place_batch_20260421_220319_jpeg_nangate45_trial_37d35543_628e144a07e9/metrics.json	103	64 8	1	0.280561397607719	1.1991834114321154	1.8095776225392017	88.11048127080848	690	3961	1.0939117274143813	2.50 1.75 1.25 1.08
38dae049	ok	466364.5	466364.5	467235.7	-0.18645835495875243	36.661	1.0947176684881603	0.18645835495875243	0.18645835495875243	0.0	0	<ORIGINAL_WORKSPACE>/OpenROAD-flow-scripts/flow/reports/nangate45/jpeg/place_batch_20260421_220319/dpl_evolve_baseline/openroad_dpl_hpwl_only_9case_bo_place_batch_20260421_220319_jpeg_nangate45_trial_38dae049_04872af20d7b/metrics.json	65	64 8	1	0.011779414546714218	1.5252015243463695	1.3652062753416168	87.86010835609588	786	3809	1.1577589527276322	2.50 1.75 1.25 1.08
39253384	ok	466512.0	466512.0	467235.7	-0.1548897055597446	35.363	1.0559586729971036	0.1548897055597446	0.1548897055597446	0.0	0	<ORIGINAL_WORKSPACE>/OpenROAD-flow-scripts/flow/reports/nangate45/jpeg/place_batch_20260421_220319/dpl_evolve_baseline/openroad_dpl_hpwl_only_9case_bo_place_batch_20260421_220319_jpeg_nangate45_trial_39253384_f2fb053675a1/metrics.json	122	64 8	1	0.011115651920933759	0.449854220230268	0.3758811929314758	110.22344796653648	526	2272	1.2154045614346611	1.75 1.35 1.15 1.05
396c37a9	ok	467235.7	467235.7	467235.7	0.0	34.929	1.042999193765117	0.0	0.0	0.0	0	<ORIGINAL_WORKSPACE>/OpenROAD-flow-scripts/flow/reports/nangate45/jpeg/place_batch_20260421_220319/dpl_evolve_baseline/openroad_dpl_hpwl_only_9case_bo_place_batch_20260421_220319_jpeg_nangate45_trial_396c37a9_9939d995f2bb/metrics.json	1	1024	0	0.4	0.4	0.6	35.0	150	1000	1.1	omit
3a094ef9	ok	467249.9	467249.9	467235.7	0.00303915133197477	33.757	1.008002627728508	-0.00303915133197477	-0.00303915133197477	0.0	0	<ORIGINAL_WORKSPACE>/OpenROAD-flow-scripts/flow/reports/nangate45/jpeg/place_batch_20260421_220319/dpl_evolve_baseline/openroad_dpl_hpwl_only_9case_bo_place_batch_20260421_220319_jpeg_nangate45_trial_3a094ef9_a1053f86870e/metrics.json	3	256	0	0.0886962088770938	1.873665194563143	1.0176879069598646	140.59936360993498	1045	3559	1.8133506634823497	1.25 1.10 1.04
3ab2c4b4	ok	466479.5	466479.5	467235.7	-0.16184550966461073	37.935	1.1327600107497986	0.11941819383426641	0.16184550966461073	0.042427315830344314	0	<ORIGINAL_WORKSPACE>/OpenROAD-flow-scripts/flow/reports/nangate45/jpeg/place_batch_20260421_220319/dpl_evolve_baseline/openroad_dpl_hpwl_only_9case_bo_place_batch_20260421_220319_jpeg_nangate45_trial_3ab2c4b4_995748057c63/metrics.json	24	64 8	1	0.0892676322279715	0.38704418810036106	0.16266193872396953	65.44200980956712	78	3053	1.41860993251191	omit
3b997270	ok	466416.9	466416.9	467235.7	-0.17524345849428635	36.046	1.0763534294843085	0.17524345849428635	0.17524345849428635	0.0	0	<ORIGINAL_WORKSPACE>/OpenROAD-flow-scripts/flow/reports/nangate45/jpeg/place_batch_20260421_220319/dpl_evolve_baseline/openroad_dpl_hpwl_only_9case_bo_place_batch_20260421_220319_jpeg_nangate45_trial_3b997270_a7326a817daa/metrics.json	84	64 8	1	0.0061919631547012795	1.1551015628106078	0.27678361131883145	69.52566391152871	57	3016	1.0437617637041794	1.50 1.25 1.10 1.04
3ba942fc	ok	467150.5	467150.5	467235.7	-0.018234907991836163	38.589	1.1522888112514558	-0.049192559795751295	0.018234907991836163	0.06742746778758746	0	<ORIGINAL_WORKSPACE>/OpenROAD-flow-scripts/flow/reports/nangate45/jpeg/place_batch_20260421_220319/dpl_evolve_baseline/openroad_dpl_hpwl_only_9case_bo_place_batch_20260421_220319_jpeg_nangate45_trial_3ba942fc_3828cf50f6be/metrics.json	17	1024 128	1	0.323034566391088	0.056555124530628165	1.0880126947739965	131.13883221152798	398	2716	1.9434141704348105	1.75 1.35 1.15 1.05
3bc3754a	ok	466381.9	466381.9	467235.7	-0.18273432445337295	35.103	1.0481949296784019	0.18273432445337295	0.18273432445337295	0.0	0	<ORIGINAL_WORKSPACE>/OpenROAD-flow-scripts/flow/reports/nangate45/jpeg/place_batch_20260421_220319/dpl_evolve_baseline/openroad_dpl_hpwl_only_9case_bo_place_batch_20260421_220319_jpeg_nangate45_trial_3bc3754a_8cc6d9c5ec3c/metrics.json	64	64 8	0	0.3671695118995408	1.5536644940452968	1.6889444607765445	143.17098241605908	516	2592	1.2143285275068805	2.50 1.75 1.25 1.08
3bd6ab95	ok	467046.7	467046.7	467235.7	-0.04045067617906765	38.071	1.136821045716504	-0.00719308798085011	0.040450676179067654	0.047643764159917765	0	<ORIGINAL_WORKSPACE>/OpenROAD-flow-scripts/flow/reports/nangate45/jpeg/place_batch_20260421_220319/dpl_evolve_baseline/openroad_dpl_hpwl_only_9case_bo_place_batch_20260421_220319_jpeg_nangate45_trial_3bd6ab95_a76643718878/metrics.json	112	1024 128	1	0.2148586048808674	1.1136115105269495	0.4103159730152798	133.6131362589186	99	3285	1.9575894407135241	1.25 1.10 1.04
3c734361	ok	467296.1	467296.1	467235.7	0.012927094397959117	38.659	1.1543790498372601	-0.08301782624874665	-0.012927094397959119	0.07009073185078753	0	<ORIGINAL_WORKSPACE>/OpenROAD-flow-scripts/flow/reports/nangate45/jpeg/place_batch_20260421_220319/dpl_evolve_baseline/openroad_dpl_hpwl_only_9case_bo_place_batch_20260421_220319_jpeg_nangate45_trial_3c734361_abd6c19f90cf/metrics.json	18	1024	1	0.23956127630282853	0.44677104407797064	1.3118239707439538	87.30036901220302	268	3434	1.9447382239760225	1.10 1.04
3c9d8387	ok	466591.2	466591.2	467235.7	-0.13793894601803758	35.674	1.0652453044283199	0.13793894601803758	0.13793894601803758	0.0	0	<ORIGINAL_WORKSPACE>/OpenROAD-flow-scripts/flow/reports/nangate45/jpeg/place_batch_20260421_220319/dpl_evolve_baseline/openroad_dpl_hpwl_only_9case_bo_place_batch_20260421_220319_jpeg_nangate45_trial_3c9d8387_ca8818769a95/metrics.json	126	64 8	1	0.4072383374933053	0.9122280268568299	0.15339133822597434	105.90362290118904	291	2879	1.7656585996042313	2.50 1.75 1.25 1.08
3d0049e7	ok	466382.9	466382.9	467235.7	-0.1825202997116848	35.426	1.0578398877243276	0.18252029971168476	0.18252029971168476	0.0	0	<ORIGINAL_WORKSPACE>/OpenROAD-flow-scripts/flow/reports/nangate45/jpeg/place_batch_20260421_220319/dpl_evolve_baseline/openroad_dpl_hpwl_only_9case_bo_place_batch_20260421_220319_jpeg_nangate45_trial_3d0049e7_2dbff48eacf5/metrics.json	23	64 8	1	0.22592628007398247	1.4949528778681869	0.5235870974386514	115.83233687302416	832	3717	1.3767981064269252	2.50 1.75 1.25 1.08
3d03985d	ok	467253.6	467253.6	467235.7	0.0038310428762111017	38.047	1.1361043924870853	-0.050554935185199726	-0.0038310428762111017	0.04672389230898862	0	<ORIGINAL_WORKSPACE>/OpenROAD-flow-scripts/flow/reports/nangate45/jpeg/place_batch_20260421_220319/dpl_evolve_baseline/openroad_dpl_hpwl_only_9case_bo_place_batch_20260421_220319_jpeg_nangate45_trial_3d03985d_d10ec122ce69/metrics.json	1	256 32	1	0.07599652895997672	1.0547986762394503	0.3187306429425851	64.70626536185164	238	3695	1.4536025848246763	omit
3e1d7530	ok	467234.9	467234.9	467235.7	-0.00017121979334805933	38.374	1.145868792737914	-0.059061083863243415	0.00017121979334805933	0.059232303656591476	0	<ORIGINAL_WORKSPACE>/OpenROAD-flow-scripts/flow/reports/nangate45/jpeg/place_batch_20260421_220319/dpl_evolve_baseline/openroad_dpl_hpwl_only_9case_bo_place_batch_20260421_220319_jpeg_nangate45_trial_3e1d7530_22e917114b8e/metrics.json	99	1024 128	1	0.03744425612234673	1.8022856921466237	1.8186106557605983	115.33358855224319	745	2353	1.2290730409759758	2.50 1.75 1.25 1.08
3f1b6828	ok	467264.9	467264.9	467235.7	0.0062495224572975995	33.299	0.9943264952671027	-0.0062495224572975995	-0.0062495224572975995	0.0	0	<ORIGINAL_WORKSPACE>/OpenROAD-flow-scripts/flow/reports/nangate45/jpeg/place_batch_20260421_220319/dpl_evolve_baseline/openroad_dpl_hpwl_only_9case_bo_place_batch_20260421_220319_jpeg_nangate45_trial_3f1b6828_df3ded75007f/metrics.json	97	128	0	0.18375244332194443	1.8230462840635062	1.9085711803514513	127.19270610024792	251	654	1.0829728794158315	omit
3f47e3c2	ok	467096.4	467096.4	467235.7	-0.029813646517162184	35.325	1.0548239720505241	0.029813646517162184	0.029813646517162184	0.0	0	<ORIGINAL_WORKSPACE>/OpenROAD-flow-scripts/flow/reports/nangate45/jpeg/place_batch_20260421_220319/dpl_evolve_baseline/openroad_dpl_hpwl_only_9case_bo_place_batch_20260421_220319_jpeg_nangate45_trial_3f47e3c2_842d738a1db5/metrics.json	54	omit	0	0.6704675101784022	0.8346096047342539	1.1394451654692157	21.058040789285066	278	3223	1.9682615757193975	2.00 1.50 1.20 1.05
3f5bbfcf	ok	467115.8	467115.8	467235.7	-0.025661566528418802	36.421	1.0875511361939743	0.0256615665284188	0.0256615665284188	0.0	0	<ORIGINAL_WORKSPACE>/OpenROAD-flow-scripts/flow/reports/nangate45/jpeg/place_batch_20260421_220319/dpl_evolve_baseline/openroad_dpl_hpwl_only_9case_bo_place_batch_20260421_220319_jpeg_nangate45_trial_3f5bbfcf_d3af3dbe9f5f/metrics.json	6	1024	1	0.10791592526763631	0.4464169489810226	0.2703161310814143	97.73427799735096	1006	3606	1.5607193675470157	1.04
3ff6f7a7	ok	466488.5	466488.5	467235.7	-0.15991928698941704	36.253	1.082534563588044	0.15991928698941704	0.15991928698941704	0.0	0	<ORIGINAL_WORKSPACE>/OpenROAD-flow-scripts/flow/reports/nangate45/jpeg/place_batch_20260421_220319/dpl_evolve_baseline/openroad_dpl_hpwl_only_9case_bo_place_batch_20260421_220319_jpeg_nangate45_trial_3ff6f7a7_5135f9b1f256/metrics.json	48	64 8	1	0.04646430332656321	1.3324351516252924	1.4422612855650305	92.9592944548318	461	3477	1.1614026389165517	2.50 1.75 1.25 1.08
43b739da	ok	466499.6	466499.6	467235.7	-0.15754361235668313	38.469	1.1487055451043628	0.09468736619503361	0.15754361235668313	0.06285624616164952	0	<ORIGINAL_WORKSPACE>/OpenROAD-flow-scripts/flow/reports/nangate45/jpeg/place_batch_20260421_220319/dpl_evolve_baseline/openroad_dpl_hpwl_only_9case_bo_place_batch_20260421_220319_jpeg_nangate45_trial_43b739da_68c2b82a0969/metrics.json	96	64 8	1	0.4047503338953418	0.8858096670389185	1.275556674182624	97.67404947068901	498	118	1.7544983945099737	1.25 1.10 1.04
440809db	ok	467091.3	467091.3	467235.7	-0.030905172699779423	36.252	1.0825047030368182	0.03090517269977942	0.03090517269977942	0.0	0	<ORIGINAL_WORKSPACE>/OpenROAD-flow-scripts/flow/reports/nangate45/jpeg/place_batch_20260421_220319/dpl_evolve_baseline/openroad_dpl_hpwl_only_9case_bo_place_batch_20260421_220319_jpeg_nangate45_trial_440809db_70ac0164e055/metrics.json	117	128 16	1	0.055903752070091794	1.9391464334135857	1.864526948659175	139.9796717831757	505	1872	1.1170388995744442	1.75 1.35 1.15 1.05
44345222	ok	467041.1	467041.1	467235.7	-0.041649214732528986	38.371	1.1457792110842369	-0.017468575611980106	0.041649214732528986	0.05911779034450909	0	<ORIGINAL_WORKSPACE>/OpenROAD-flow-scripts/flow/reports/nangate45/jpeg/place_batch_20260421_220319/dpl_evolve_baseline/openroad_dpl_hpwl_only_9case_bo_place_batch_20260421_220319_jpeg_nangate45_trial_44345222_e6f7218e3490/metrics.json	117	512 64	1	0.12058173018409725	1.3025138137200503	0.7545638331554374	123.96782950738572	580	988	1.8116069344810564	1.75 1.35 1.15 1.05
44b7061a	ok	467277.8	467277.8	467235.7	0.009010441625067757	35.87	1.0710979724685719	-0.009010441625067759	-0.009010441625067759	0.0	0	<ORIGINAL_WORKSPACE>/OpenROAD-flow-scripts/flow/reports/nangate45/jpeg/place_batch_20260421_220319/dpl_evolve_baseline/openroad_dpl_hpwl_only_9case_bo_place_batch_20260421_220319_jpeg_nangate45_trial_44b7061a_114c63c9fd5c/metrics.json	26	1024 128	1	0.19865924816706376	0.9968795003042937	0.19641041080002059	75.66815611140615	539	3971	1.6301167889043364	omit
458378dc	ok	466574.8	466574.8	467235.7	-0.14144895178172884	36.875	1.1011078264504763	0.14000397143241244	0.14144895178172884	0.0014449803493163849	0	<ORIGINAL_WORKSPACE>/OpenROAD-flow-scripts/flow/reports/nangate45/jpeg/place_batch_20260421_220319/dpl_evolve_baseline/openroad_dpl_hpwl_only_9case_bo_place_batch_20260421_220319_jpeg_nangate45_trial_458378dc_ca6b313c4d3f/metrics.json	35	64 8	1	0.14623157520912763	1.626693093325314	1.3808922635856273	117.21219332556724	1009	3436	1.6234538422826499	2.50 1.75 1.25 1.08
475c908e	ok	466359.7	466359.7	467235.7	-0.18748567371885325	36.35	1.0854310370569442	0.18748567371885325	0.18748567371885325	0.0	0	<ORIGINAL_WORKSPACE>/OpenROAD-flow-scripts/flow/reports/nangate45/jpeg/place_batch_20260421_220319/dpl_evolve_baseline/openroad_dpl_hpwl_only_9case_bo_place_batch_20260421_220319_jpeg_nangate45_trial_475c908e_88f4a9ec6b43/metrics.json	94	64 8	1	0.12464400288354019	1.5793509776487384	1.6705489405987772	103.34247296312806	783	3587	1.2153830422361263	2.50 1.75 1.25 1.08
4788eab9	ok	466422.8	466422.8	467235.7	-0.17398071251833352	33.421	0.9979694825166473	0.17398071251833352	0.17398071251833352	0.0	0	<ORIGINAL_WORKSPACE>/OpenROAD-flow-scripts/flow/reports/nangate45/jpeg/place_batch_20260421_220319/dpl_evolve_baseline/openroad_dpl_hpwl_only_9case_bo_place_batch_20260421_220319_jpeg_nangate45_trial_4788eab9_f674279091a0/metrics.json	24	64 8	1	0.12285578441693339	1.8334876903622048	0.07719975677137508	81.18791209868581	967	3945	1.506004862267694	2.00 1.50 1.20 1.05
482cd013	ok	466520.5	466520.5	467235.7	-0.15307049525539498	36.946	1.1032279255875064	0.14886221384771203	0.153070495255395	0.004208281407682974	0	<ORIGINAL_WORKSPACE>/OpenROAD-flow-scripts/flow/reports/nangate45/jpeg/place_batch_20260421_220319/dpl_evolve_baseline/openroad_dpl_hpwl_only_9case_bo_place_batch_20260421_220319_jpeg_nangate45_trial_482cd013_73686aae36e9/metrics.json	123	64 8	1	0.2595283724163011	0.5862279158798698	0.3910037645004445	88.86107710300085	77	3213	1.7291657903429511	1.50 1.25 1.10 1.04
49312680	ok	466377.3	466377.3	467235.7	-0.18371883826514612	36.693	1.095673206127385	0.1837188382651461	0.1837188382651461	0.0	0	<ORIGINAL_WORKSPACE>/OpenROAD-flow-scripts/flow/reports/nangate45/jpeg/place_batch_20260421_220319/dpl_evolve_baseline/openroad_dpl_hpwl_only_9case_bo_place_batch_20260421_220319_jpeg_nangate45_trial_49312680_9e669d90c292/metrics.json	50	64 8	1	0.08230888930255972	0.9788133785945473	0.12395442057735907	103.68463924978194	325	2942	1.3551851453544186	1.75 1.35 1.15 1.05
4b32061f	ok	467411.5	467411.5	467235.7	0.037625549588781074	38.873	1.160769207799576	-0.11584334132261848	-0.03762554958878107	0.0782177917338374	0	<ORIGINAL_WORKSPACE>/OpenROAD-flow-scripts/flow/reports/nangate45/jpeg/place_batch_20260421_220319/dpl_evolve_baseline/openroad_dpl_hpwl_only_9case_bo_place_batch_20260421_220319_jpeg_nangate45_trial_4b32061f_a83c34f3e15d/metrics.json	43	256	1	0.6000421397568982	1.617443133989846	1.4794867660429487	39.08126130353655	336	3582	1.3987477743258196	2.50 1.75 1.25 1.08
4b6db6b9	ok	467316.3	467316.3	467235.7	0.01725039418006302	36.78	1.0982710740840278	-0.017250394180063022	-0.017250394180063022	0.0	0	<ORIGINAL_WORKSPACE>/OpenROAD-flow-scripts/flow/reports/nangate45/jpeg/place_batch_20260421_220319/dpl_evolve_baseline/openroad_dpl_hpwl_only_9case_bo_place_batch_20260421_220319_jpeg_nangate45_trial_4b6db6b9_908ccaaa82f7/metrics.json	29	512 64	1	0.23556639640705934	1.5173773902155157	0.08603829063754227	41.72359678103662	124	3410	1.0813896783956556	1.75 1.35 1.15 1.05
4b8f55eb	ok	466400.2	466400.2	467235.7	-0.1788176716804816	37.379	1.1161575442682672	0.15781431145371308	0.1788176716804816	0.021003360226768512	0	<ORIGINAL_WORKSPACE>/OpenROAD-flow-scripts/flow/reports/nangate45/jpeg/place_batch_20260421_220319/dpl_evolve_baseline/openroad_dpl_hpwl_only_9case_bo_place_batch_20260421_220319_jpeg_nangate45_trial_4b8f55eb_6310f9018370/metrics.json	123	64 8	1	0.06148531880158936	1.1010843655476608	0.48689121510083117	132.4562206593141	167	2991	1.9203187459673052	2.50 1.75 1.25 1.08
4cc78607	ok	467235.7	467235.7	467235.7	0.0	34.236	1.0223058317656544	0.0	0.0	0.0	0	<ORIGINAL_WORKSPACE>/OpenROAD-flow-scripts/flow/reports/nangate45/jpeg/place_batch_20260421_220319/dpl_evolve_baseline/openroad_dpl_hpwl_only_9case_bo_place_batch_20260421_220319_jpeg_nangate45_trial_4cc78607_2274519dc40f/metrics.json	1	256	0	0.25	0.3	0.9	25.0	100	1500	1.05	1.25 1.10 1.04
4cfbc51f	ok	467521.5	467521.5	467235.7	0.06116827117448183	36.339	1.0851025709934605	-0.06116827117448182	-0.06116827117448182	0.0	0	<ORIGINAL_WORKSPACE>/OpenROAD-flow-scripts/flow/reports/nangate45/jpeg/place_batch_20260421_220319/dpl_evolve_baseline/openroad_dpl_hpwl_only_9case_bo_place_batch_20260421_220319_jpeg_nangate45_trial_4cfbc51f_cfe20663dd15/metrics.json	78	256 32	0	0.2606075795989994	1.6836460521197552	1.5600740640333026	146.74581075671318	509	2791	1.109209410871806	1.10 1.04
4d647ce8	ok	466967.0	466967.0	467235.7	-0.05750844809161877	38.297	1.1435695302935291	0.00121673786448237	0.05750844809161878	0.05629171022713641	0	<ORIGINAL_WORKSPACE>/OpenROAD-flow-scripts/flow/reports/nangate45/jpeg/place_batch_20260421_220319/dpl_evolve_baseline/openroad_dpl_hpwl_only_9case_bo_place_batch_20260421_220319_jpeg_nangate45_trial_4d647ce8_60dbe993b614/metrics.json	17	512 64	1	0.13021520605140238	0.03330012829397416	1.0539200224520857	128.87319828691886	661	3766	1.7978532857386789	2.00 1.50 1.20 1.05
4df5d2c7	ok	466411.7	466411.7	467235.7	-0.17635638715106744	36.836	1.099943264952671	0.17635638715106744	0.17635638715106744	0.0	0	<ORIGINAL_WORKSPACE>/OpenROAD-flow-scripts/flow/reports/nangate45/jpeg/place_batch_20260421_220319/dpl_evolve_baseline/openroad_dpl_hpwl_only_9case_bo_place_batch_20260421_220319_jpeg_nangate45_trial_4df5d2c7_18ba2469177b/metrics.json	102	64 8	1	0.07452045271809471	0.7165413779113943	1.2374553424360644	105.58360371917068	377	2141	1.9027165694244206	1.75 1.35 1.15 1.05
4e52a1c3	ok	467200.8	467200.8	467235.7	-0.007469463484922766	36.228	1.0817880498073995	0.007469463484922767	0.007469463484922767	0.0	0	<ORIGINAL_WORKSPACE>/OpenROAD-flow-scripts/flow/reports/nangate45/jpeg/place_batch_20260421_220319/dpl_evolve_baseline/openroad_dpl_hpwl_only_9case_bo_place_batch_20260421_220319_jpeg_nangate45_trial_4e52a1c3_a44eac73b6a3/metrics.json	32	128 16	1	0.04315771782926342	0.7200622172066427	0.48927398841909325	72.01880266357612	638	3098	1.2549506082346074	1.75 1.35 1.15 1.05
4f3c409d	ok	466671.5	466671.5	467235.7	-0.12075275926047853	32.202	0.9615694705724268	0.12075275926047851	0.12075275926047851	0.0	0	<ORIGINAL_WORKSPACE>/OpenROAD-flow-scripts/flow/reports/nangate45/jpeg/place_batch_20260421_220319/dpl_evolve_baseline/openroad_dpl_hpwl_only_9case_bo_place_batch_20260421_220319_jpeg_nangate45_trial_4f3c409d_6f41593f1f33/metrics.json	60	64 8	0	0.4895238746115784	1.9096101862987864	1.9370071245337102	115.44043633750505	605	2899	1.1665580012456562	1.25 1.10 1.04
4ffee257	ok	467365.1	467365.1	467235.7	0.027694801574444136	37.582	1.1222192361670997	-0.05653856715734101	-0.027694801574444133	0.02884376558289688	0	<ORIGINAL_WORKSPACE>/OpenROAD-flow-scripts/flow/reports/nangate45/jpeg/place_batch_20260421_220319/dpl_evolve_baseline/openroad_dpl_hpwl_only_9case_bo_place_batch_20260421_220319_jpeg_nangate45_trial_4ffee257_6cff335c471c/metrics.json	124	128	1	0.09755930408982008	0.49022961069349535	1.49801297442696	117.49541198509236	266	3491	1.6773008497253556	1.04
50cf43cc	ok	466795.8	466795.8	467235.7	-0.09414948386863917	38.242	1.1419271999761116	0.03996000781714631	0.09414948386863917	0.05418947605149286	0	<ORIGINAL_WORKSPACE>/OpenROAD-flow-scripts/flow/reports/nangate45/jpeg/place_batch_20260421_220319/dpl_evolve_baseline/openroad_dpl_hpwl_only_9case_bo_place_batch_20260421_220319_jpeg_nangate45_trial_50cf43cc_1c493c572ec9/metrics.json	54	64 8	1	0.422971590124924	1.0028444125801317	0.8305143651840714	44.34486405199192	1020	3557	1.1507676802949498	1.25 1.10 1.04
50e7f2b8	ok	467294.6	467294.6	467235.7	0.012606057285426835	39.042	1.1658156409567322	-0.09722615150182873	-0.012606057285426835	0.08462009421640189	0	<ORIGINAL_WORKSPACE>/OpenROAD-flow-scripts/flow/reports/nangate45/jpeg/place_batch_20260421_220319/dpl_evolve_baseline/openroad_dpl_hpwl_only_9case_bo_place_batch_20260421_220319_jpeg_nangate45_trial_50e7f2b8_50b18fd762bf/metrics.json	114	32	1	0.42194742687181985	0.5460391038086267	0.597395814484159	145.45066835819168	109	2005	1.850340592554543	2.50 1.75 1.25 1.08
50ebdeb8	ok	466250.7	466250.7	467235.7	-0.2108143705628658	37.862	1.130580190510317	0.1711909169499038	0.2108143705628658	0.03962345361296201	0	<ORIGINAL_WORKSPACE>/OpenROAD-flow-scripts/flow/reports/nangate45/jpeg/place_batch_20260421_220319/dpl_evolve_baseline/openroad_dpl_hpwl_only_9case_bo_place_batch_20260421_220319_jpeg_nangate45_trial_50ebdeb8_52fd9c6f6a25/metrics.json	120	64 8	1	0.11948144383700496	0.9824890042353347	0.10209429774622086	115.70350285541097	141	3061	1.8576394872229918	2.50 1.75 1.25 1.08
51ffacaf	ok	466998.9	466998.9	467235.7	-0.05068105883176058	37.976	1.1339842933500552	0.006680154104128186	0.05068105883176058	0.04400090472763239	0	<ORIGINAL_WORKSPACE>/OpenROAD-flow-scripts/flow/reports/nangate45/jpeg/place_batch_20260421_220319/dpl_evolve_baseline/openroad_dpl_hpwl_only_9case_bo_place_batch_20260421_220319_jpeg_nangate45_trial_51ffacaf_3358318008bd/metrics.json	46	64	1	0.17560096494253583	1.8409018309224914	1.1732963743471692	33.634847421800885	738	2748	1.4768195232030188	2.50 1.75 1.25 1.08
531d5a06	ok	467322.8	467322.8	467235.7	0.018641555001036248	36.154	1.0795783690166922	-0.018641555001036248	-0.018641555001036248	0.0	0	<ORIGINAL_WORKSPACE>/OpenROAD-flow-scripts/flow/reports/nangate45/jpeg/place_batch_20260421_220319/dpl_evolve_baseline/openroad_dpl_hpwl_only_9case_bo_place_batch_20260421_220319_jpeg_nangate45_trial_531d5a06_af015b50f4d6/metrics.json	13	128	1	0.48064146797837315	1.2622077788519324	0.548866089989117	76.07936787943011	1137	3328	1.9115699871863792	omit
5343e7b8	ok	466540.1	466540.1	467235.7	-0.1488756103183115	34.358	1.025948819015199	0.14887561031831148	0.14887561031831148	0.0	0	<ORIGINAL_WORKSPACE>/OpenROAD-flow-scripts/flow/reports/nangate45/jpeg/place_batch_20260421_220319/dpl_evolve_baseline/openroad_dpl_hpwl_only_9case_bo_place_batch_20260421_220319_jpeg_nangate45_trial_5343e7b8_8b43d5e33777/metrics.json	74	64 8	0	0.043851127301638246	1.5541189219186315	0.0964065275052891	122.33170251269269	223	3030	1.2482701117041333	1.75 1.35 1.15 1.05
54235cc3	ok	466842.2	466842.2	467235.7	-0.08421873585430223	33.614	1.003732568903222	0.08421873585430223	0.08421873585430223	0.0	0	<ORIGINAL_WORKSPACE>/OpenROAD-flow-scripts/flow/reports/nangate45/jpeg/place_batch_20260421_220319/dpl_evolve_baseline/openroad_dpl_hpwl_only_9case_bo_place_batch_20260421_220319_jpeg_nangate45_trial_54235cc3_b42db0337356/metrics.json	66	64 8	0	0.359379696580249	0.8810540281723028	1.9027849504282923	137.71516220074454	144	108	1.5454559737640705	1.10 1.04
569ce917	ok	466803.1	466803.1	467235.7	-0.09258710325431788	35.963	1.073875003732569	0.09258710325431788	0.09258710325431788	0.0	0	<ORIGINAL_WORKSPACE>/OpenROAD-flow-scripts/flow/reports/nangate45/jpeg/place_batch_20260421_220319/dpl_evolve_baseline/openroad_dpl_hpwl_only_9case_bo_place_batch_20260421_220319_jpeg_nangate45_trial_569ce917_5dfefccd28af/metrics.json	14	64 8	1	0.4559035700577234	0.861324385259698	0.5224490323339501	53.68966326294772	719	3907	1.5901006623356928	omit
570b296f	ok	466348.2	466348.2	467235.7	-0.1899469582482674	38.127	1.1384932365851475	0.14015795334565034	0.1899469582482674	0.049789004902617076	0	<ORIGINAL_WORKSPACE>/OpenROAD-flow-scripts/flow/reports/nangate45/jpeg/place_batch_20260421_220319/dpl_evolve_baseline/openroad_dpl_hpwl_only_9case_bo_place_batch_20260421_220319_jpeg_nangate45_trial_570b296f_006d3769d83c/metrics.json	13	64 8	1	0.029313032840175973	0.45974687875661363	0.8243249931841787	60.446398502741154	487	2207	1.7263675653393171	omit
57600179	ok	466365.0	466365.0	467235.7	-0.18635134258790834	35.301	1.0541073188211056	0.18635134258790834	0.18635134258790834	0.0	0	<ORIGINAL_WORKSPACE>/OpenROAD-flow-scripts/flow/reports/nangate45/jpeg/place_batch_20260421_220319/dpl_evolve_baseline/openroad_dpl_hpwl_only_9case_bo_place_batch_20260421_220319_jpeg_nangate45_trial_57600179_982d57b766ec/metrics.json	19	64 8	1	0.06545947116566922	0.5137780629964188	0.22408393350042877	97.82476638996238	593	3485	1.4074672353708109	1.75 1.35 1.15 1.05
585dc8fc	ok	466443.3	466443.3	467235.7	-0.16959320531372565	35.71	1.0663202842724477	0.16959320531372565	0.16959320531372565	0.0	0	<ORIGINAL_WORKSPACE>/OpenROAD-flow-scripts/flow/reports/nangate45/jpeg/place_batch_20260421_220319/dpl_evolve_baseline/openroad_dpl_hpwl_only_9case_bo_place_batch_20260421_220319_jpeg_nangate45_trial_585dc8fc_93c79253c38f/metrics.json	2	64 8	1	0.07695909864621589	0.053297305905370906	0.951059810644155	63.25761025357593	481	2683	1.6002515107756674	omit
585ef21c	ok	467146.8	467146.8	467235.7	-0.01902679953608495	36.457	1.088626116038102	0.01902679953608495	0.01902679953608495	0.0	0	<ORIGINAL_WORKSPACE>/OpenROAD-flow-scripts/flow/reports/nangate45/jpeg/place_batch_20260421_220319/dpl_evolve_baseline/openroad_dpl_hpwl_only_9case_bo_place_batch_20260421_220319_jpeg_nangate45_trial_585ef21c_51f33a94ba88/metrics.json	87	256 32	1	0.034437025385485626	1.599214078775578	1.9351200723755022	110.7665181449293	555	2396	1.0498000154182578	omit
58dd1803	ok	467125.3	467125.3	467235.7	-0.02362833148238101	36.57	1.092000358326615	0.02362833148238101	0.02362833148238101	0.0	0	<ORIGINAL_WORKSPACE>/OpenROAD-flow-scripts/flow/reports/nangate45/jpeg/place_batch_20260421_220319/dpl_evolve_baseline/openroad_dpl_hpwl_only_9case_bo_place_batch_20260421_220319_jpeg_nangate45_trial_58dd1803_01015f09b10d/metrics.json	3	512 64	1	0.23297427384102043	1.6142103912375583	0.8063282559251349	129.5312781839143	909	2269	1.136455225660685	1.25 1.10 1.04
59cb084d	ok	466534.8	466534.8	467235.7	-0.1500099414492564	32.232	0.9624652871092001	0.1500099414492564	0.1500099414492564	0.0	0	<ORIGINAL_WORKSPACE>/OpenROAD-flow-scripts/flow/reports/nangate45/jpeg/place_batch_20260421_220319/dpl_evolve_baseline/openroad_dpl_hpwl_only_9case_bo_place_batch_20260421_220319_jpeg_nangate45_trial_59cb084d_9d7cddf85752/metrics.json	32	64 8	0	0.10935205727315889	1.7607874131600914	1.6049829638963402	139.6754078951348	649	2349	1.1265006925034222	2.50 1.75 1.25 1.08
59e7b30b	ok	466853.4	466853.4	467235.7	-0.08182165874739201	37.072	1.1069903550419542	0.07271601997776178	0.08182165874739203	0.00910563876963025	0	<ORIGINAL_WORKSPACE>/OpenROAD-flow-scripts/flow/reports/nangate45/jpeg/place_batch_20260421_220319/dpl_evolve_baseline/openroad_dpl_hpwl_only_9case_bo_place_batch_20260421_220319_jpeg_nangate45_trial_59e7b30b_fee95d029b92/metrics.json	38	64 8	1	0.6271801770410816	1.657090166581513	1.507232497365383	13.922594194364375	608	3890	1.247188371567594	2.50 1.75 1.25 1.08
5b681194	ok	466267.0	466267.0	467235.7	-0.2073257672733508	37.318	1.114336050643495	0.18868254863468023	0.2073257672733508	0.018643218638670585	0	<ORIGINAL_WORKSPACE>/OpenROAD-flow-scripts/flow/reports/nangate45/jpeg/place_batch_20260421_220319/dpl_evolve_baseline/openroad_dpl_hpwl_only_9case_bo_place_batch_20260421_220319_jpeg_nangate45_trial_5b681194_337afb647073/metrics.json	83	64 8	1	0.34572232798886304	0.15520051988849526	1.1458015973770115	74.29381199592957	645	3320	1.4823371572216988	1.50 1.25 1.10 1.04
5b6e2f9f	ok	467120.9	467120.9	467235.7	-0.024570040345801566	37.821	1.1293559079100601	-0.013477455882123249	0.024570040345801562	0.03804749622792481	0	<ORIGINAL_WORKSPACE>/OpenROAD-flow-scripts/flow/reports/nangate45/jpeg/place_batch_20260421_220319/dpl_evolve_baseline/openroad_dpl_hpwl_only_9case_bo_place_batch_20260421_220319_jpeg_nangate45_trial_5b6e2f9f_85d4a6f510fa/metrics.json	126	32	1	0.2813843369184512	0.17829682636243654	1.045019928828944	116.62957176010926	899	2560	1.3411147555428313	1.75 1.35 1.15 1.05
5c96de4a	ok	466346.8	466346.8	467235.7	-0.19024659288663584	36.594	1.0927170115560334	0.19024659288663587	0.19024659288663587	0.0	0	<ORIGINAL_WORKSPACE>/OpenROAD-flow-scripts/flow/reports/nangate45/jpeg/place_batch_20260421_220319/dpl_evolve_baseline/openroad_dpl_hpwl_only_9case_bo_place_batch_20260421_220319_jpeg_nangate45_trial_5c96de4a_8022bd0c0584/metrics.json	41	64 8	1	0.01274421928627765	1.7790844324437354	0.8711337036778559	90.94314849089602	828	3116	1.0436193599365868	1.25 1.10 1.04
5dbd03ca	ok	466421.0	466421.0	467235.7	-0.17436595705336977	38.186	1.1402550091074681	0.12231849140181594	0.17436595705336977	0.05204746565155383	0	<ORIGINAL_WORKSPACE>/OpenROAD-flow-scripts/flow/reports/nangate45/jpeg/place_batch_20260421_220319/dpl_evolve_baseline/openroad_dpl_hpwl_only_9case_bo_place_batch_20260421_220319_jpeg_nangate45_trial_5dbd03ca_8700dfb4e863/metrics.json	126	64 8	1	0.12369534117911624	0.14676902478165416	1.3866108764211276	87.7693240264168	824	3067	1.1389098328305844	1.75 1.35 1.15 1.05
5ddbb2e3	ok	466604.0	466604.0	467235.7	-0.13519942932443124	36.177	1.080265161694885	0.13519942932443124	0.13519942932443124	0.0	0	<ORIGINAL_WORKSPACE>/OpenROAD-flow-scripts/flow/reports/nangate45/jpeg/place_batch_20260421_220319/dpl_evolve_baseline/openroad_dpl_hpwl_only_9case_bo_place_batch_20260421_220319_jpeg_nangate45_trial_5ddbb2e3_b06e3827248d/metrics.json	105	64 8	1	0.43230879508870346	1.1116897538841588	1.6169249144687328	80.75001772585325	690	3691	1.0206801987418814	1.50 1.25 1.10 1.04
5e1eeb9a	ok	467379.6	467379.6	467235.7	0.030798160328922873	33.625	1.0040610349667056	-0.03079816032892287	-0.03079816032892287	0.0	0	<ORIGINAL_WORKSPACE>/OpenROAD-flow-scripts/flow/reports/nangate45/jpeg/place_batch_20260421_220319/dpl_evolve_baseline/openroad_dpl_hpwl_only_9case_bo_place_batch_20260421_220319_jpeg_nangate45_trial_5e1eeb9a_5ef0e3a98487/metrics.json	2	256	0	0.4638258279073293	0.782583560078109	0.28355477057873146	88.27136350607523	1130	2548	1.982352951883973	omit
5f944dc0	ok	467294.7	467294.7	467235.7	0.01262745975960313	34.135	1.0192899160918512	-0.01262745975960313	-0.01262745975960313	0.0	0	<ORIGINAL_WORKSPACE>/OpenROAD-flow-scripts/flow/reports/nangate45/jpeg/place_batch_20260421_220319/dpl_evolve_baseline/openroad_dpl_hpwl_only_9case_bo_place_batch_20260421_220319_jpeg_nangate45_trial_5f944dc0_6bd3eb2062ee/metrics.json	74	128 16	0	0.032426325314457105	0.1871541916349615	0.17747484433234145	67.7599723037213	482	3904	1.1679832931996148	omit
5feb817d	ok	466407.7	466407.7	467235.7	-0.17721248611782017	35.39	1.0567649078801995	0.1772124861178202	0.1772124861178202	0.0	0	<ORIGINAL_WORKSPACE>/OpenROAD-flow-scripts/flow/reports/nangate45/jpeg/place_batch_20260421_220319/dpl_evolve_baseline/openroad_dpl_hpwl_only_9case_bo_place_batch_20260421_220319_jpeg_nangate45_trial_5feb817d_dbebd904e3e6/metrics.json	26	64 8	1	0.08360561790070037	0.6264518345411357	0.2838324395348826	88.12396634037714	168	3170	1.5279382901613658	omit
60066e15	ok	467196.9	467196.9	467235.7	-0.008304159977499228	40.401	1.2063961300725614	-0.1273038539356235	0.008304159977499228	0.13560801391312272	0	<ORIGINAL_WORKSPACE>/OpenROAD-flow-scripts/flow/reports/nangate45/jpeg/place_batch_20260421_220319/dpl_evolve_baseline/openroad_dpl_hpwl_only_9case_bo_place_batch_20260421_220319_jpeg_nangate45_trial_60066e15_53e304ea5440/metrics.json	20	1024 128	1	0.0801959000713982	0.43545480102385137	0.11436349945177567	25.452015532136407	671	3359	1.3702046563483923	omit
606c2664	ok	466498.3	466498.3	467235.7	-0.15782184452087528	37.423	1.1174714085222015	0.13511728240325432	0.15782184452087528	0.022704562117620963	0	<ORIGINAL_WORKSPACE>/OpenROAD-flow-scripts/flow/reports/nangate45/jpeg/place_batch_20260421_220319/dpl_evolve_baseline/openroad_dpl_hpwl_only_9case_bo_place_batch_20260421_220319_jpeg_nangate45_trial_606c2664_7a08fab4a7bd/metrics.json	11	64 8	1	0.10329621313381897	1.5293708739296414	1.2430815134153572	108.67823061181063	745	2806	1.045051124909674	1.25 1.10 1.04
60b121fc	ok	466547.2	466547.2	467235.7	-0.14735603465231786	36.443	1.0882080683209412	0.14735603465231786	0.14735603465231786	0.0	0	<ORIGINAL_WORKSPACE>/OpenROAD-flow-scripts/flow/reports/nangate45/jpeg/place_batch_20260421_220319/dpl_evolve_baseline/openroad_dpl_hpwl_only_9case_bo_place_batch_20260421_220319_jpeg_nangate45_trial_60b121fc_72b8d1b1bfb3/metrics.json	51	64 8	1	0.01552805461209371	1.583601409938773	0.7171282411149674	96.22516992276518	1049	3503	1.0685598220361312	1.25 1.10 1.04
61012a90	ok	466811.5	466811.5	467235.7	-0.09078929542413211	32.848	0.9808593866642779	0.09078929542413211	0.09078929542413211	0.0	0	<ORIGINAL_WORKSPACE>/OpenROAD-flow-scripts/flow/reports/nangate45/jpeg/place_batch_20260421_220319/dpl_evolve_baseline/openroad_dpl_hpwl_only_9case_bo_place_batch_20260421_220319_jpeg_nangate45_trial_61012a90_1b5cd00ef3c3/metrics.json	14	64 8	0	0.3533950417645235	1.1944412962231221	0.19829681414809722	72.59012528173525	945	2907	1.8044138082718413	1.75 1.35 1.15 1.05
6178e441	ok	467211.5	467211.5	467235.7	-0.005179398748856657	37.535	1.1208157902594882	-0.021850988058998714	0.005179398748856656	0.02703038680785537	0	<ORIGINAL_WORKSPACE>/OpenROAD-flow-scripts/flow/reports/nangate45/jpeg/place_batch_20260421_220319/dpl_evolve_baseline/openroad_dpl_hpwl_only_9case_bo_place_batch_20260421_220319_jpeg_nangate45_trial_6178e441_94001e0f0094/metrics.json	105	32	1	0.18193767292287394	0.9337003949438409	1.074042481338844	74.45363068530085	358	1098	1.7898914445622802	2.50 1.75 1.25 1.08
6272b2f4	ok	466514.8	466514.8	467235.7	-0.15429043628302017	36.457	1.088626116038102	0.15429043628302017	0.15429043628302017	0.0	0	<ORIGINAL_WORKSPACE>/OpenROAD-flow-scripts/flow/reports/nangate45/jpeg/place_batch_20260421_220319/dpl_evolve_baseline/openroad_dpl_hpwl_only_9case_bo_place_batch_20260421_220319_jpeg_nangate45_trial_6272b2f4_7cfe84d625b1/metrics.json	94	64 8	1	0.5428026480961154	1.9547216181979654	1.3830142908068943	55.51751915457345	1037	2702	1.088017859746369	2.50 1.75 1.25 1.08
6287ae3a	ok	466741.1	466741.1	467235.7	-0.10585663723898557	32.14	0.9597181163964288	0.10585663723898557	0.10585663723898557	0.0	0	<ORIGINAL_WORKSPACE>/OpenROAD-flow-scripts/flow/reports/nangate45/jpeg/place_batch_20260421_220319/dpl_evolve_baseline/openroad_dpl_hpwl_only_9case_bo_place_batch_20260421_220319_jpeg_nangate45_trial_6287ae3a_419f18f71e6d/metrics.json	112	64 8	0	0.10100060733298685	0.3741576586235655	1.052577289043026	62.30978376143899	568	2799	1.7291359307224303	1.75 1.35 1.15 1.05
63767b85	ok	467122.5	467122.5	467235.7	-0.024227600759105444	39.329	1.1743856191585298	-0.07123337744787415	0.024227600759105444	0.0954609782069796	0	<ORIGINAL_WORKSPACE>/OpenROAD-flow-scripts/flow/reports/nangate45/jpeg/place_batch_20260421_220319/dpl_evolve_baseline/openroad_dpl_hpwl_only_9case_bo_place_batch_20260421_220319_jpeg_nangate45_trial_63767b85_ee2cd77bb186/metrics.json	2	64	1	0.22711638563753903	1.137183805958666	0.6349235151536045	102.31114659355153	906	2468	1.450398723003662	2.50 1.75 1.25 1.08
638a3188	ok	466465.1	466465.1	467235.7	-0.16492746594492563	38.385	1.1461972588013976	0.10527531843573097	0.16492746594492563	0.05965214750919466	0	<ORIGINAL_WORKSPACE>/OpenROAD-flow-scripts/flow/reports/nangate45/jpeg/place_batch_20260421_220319/dpl_evolve_baseline/openroad_dpl_hpwl_only_9case_bo_place_batch_20260421_220319_jpeg_nangate45_trial_638a3188_b84065cc7e47/metrics.json	48	64 8	1	0.06536304946344038	0.8741933430741781	0.5219958931671433	45.35394693199866	339	948	1.8211569664833809	omit
6398b3c5	ok	466443.1	466443.1	467235.7	-0.1696360102620658	36.902	1.1019140613335723	0.16713988391251045	0.1696360102620658	0.0024961263495553304	0	<ORIGINAL_WORKSPACE>/OpenROAD-flow-scripts/flow/reports/nangate45/jpeg/place_batch_20260421_220319/dpl_evolve_baseline/openroad_dpl_hpwl_only_9case_bo_place_batch_20260421_220319_jpeg_nangate45_trial_6398b3c5_ba2a4288b0e3/metrics.json	79	64 8	1	0.0053335462043800465	1.270952239946078	1.8004523144213742	117.40670410411407	1060	3821	1.4053562492699863	2.50 1.75 1.25 1.08
6543ef32	ok	467180.0	467180.0	467235.7	-0.011921178112034598	37.861	1.130550329959091	-0.027663847670937842	0.011921178112034598	0.03958502578297244	0	<ORIGINAL_WORKSPACE>/OpenROAD-flow-scripts/flow/reports/nangate45/jpeg/place_batch_20260421_220319/dpl_evolve_baseline/openroad_dpl_hpwl_only_9case_bo_place_batch_20260421_220319_jpeg_nangate45_trial_6543ef32_a31f59285baf/metrics.json	65	256 32	1	0.059903807950831583	1.648106776794286	1.8145715124172055	58.004730270286245	938	3346	1.038875818681513	2.50 1.75 1.25 1.08
664267d3	ok	467098.6	467098.6	467235.7	-0.029342792085458137	38.149	1.1391501687121146	-0.0212885548969376	0.029342792085458137	0.050631346982395735	0	<ORIGINAL_WORKSPACE>/OpenROAD-flow-scripts/flow/reports/nangate45/jpeg/place_batch_20260421_220319/dpl_evolve_baseline/openroad_dpl_hpwl_only_9case_bo_place_batch_20260421_220319_jpeg_nangate45_trial_664267d3_58c19b6ef9db/metrics.json	52	omit	1	0.00936222411104581	0.9130890281503724	0.544045984385747	98.69494128515868	677	2454	1.3818563636868006	1.25 1.10 1.04
66b44367	ok	466579.8	466579.8	467235.7	-0.1403788280732879	34.019	1.0158260921496611	0.14037882807328791	0.14037882807328791	0.0	0	<ORIGINAL_WORKSPACE>/OpenROAD-flow-scripts/flow/reports/nangate45/jpeg/place_batch_20260421_220319/dpl_evolve_baseline/openroad_dpl_hpwl_only_9case_bo_place_batch_20260421_220319_jpeg_nangate45_trial_66b44367_03e76dfc4609/metrics.json	114	64 8	1	0.015320933671970405	0.5847544511637036	0.1672732492581403	135.52160240582853	472	3594	1.7996978363851541	2.50 1.75 1.25 1.08
679a603f	ok	466619.6	466619.6	467235.7	-0.1318606433541005	33.788	1.008928304816507	0.1318606433541005	0.1318606433541005	0.0	0	<ORIGINAL_WORKSPACE>/OpenROAD-flow-scripts/flow/reports/nangate45/jpeg/place_batch_20260421_220319/dpl_evolve_baseline/openroad_dpl_hpwl_only_9case_bo_place_batch_20260421_220319_jpeg_nangate45_trial_679a603f_d4a969af079e/metrics.json	27	64 8	1	0.045318219804208255	0.7546482384546895	0.22138872182791192	96.23917105631656	301	2753	1.4974702411470782	1.75 1.35 1.15 1.05
680c9167	ok	467231.6	467231.6	467235.7	-0.0008775014409290481	37.857	1.130430887754188	-0.038553807946994194	0.0008775014409290481	0.03943130938792324	0	<ORIGINAL_WORKSPACE>/OpenROAD-flow-scripts/flow/reports/nangate45/jpeg/place_batch_20260421_220319/dpl_evolve_baseline/openroad_dpl_hpwl_only_9case_bo_place_batch_20260421_220319_jpeg_nangate45_trial_680c9167_c9deaf4382a5/metrics.json	63	omit	1	0.045082607747548534	1.7267699671049535	0.07945159344980397	62.171393267064474	957	3982	1.6362731202865683	2.00 1.50 1.20 1.05
68a5aca3	ok	466476.0	466476.0	467235.7	-0.1625945962605194	39.278	1.1728627310460151	0.06905714978220324	0.1625945962605194	0.09353744647831615	0	<ORIGINAL_WORKSPACE>/OpenROAD-flow-scripts/flow/reports/nangate45/jpeg/place_batch_20260421_220319/dpl_evolve_baseline/openroad_dpl_hpwl_only_9case_bo_place_batch_20260421_220319_jpeg_nangate45_trial_68a5aca3_1b9c8489124d/metrics.json	82	64 8	1	0.2987203363187775	1.1558983296911611	0.36798947995233827	88.17354041233293	186	3421	1.3523109473564647	1.75 1.35 1.15 1.05
68af7e5d	ok	466368.1	466368.1	467235.7	-0.18568786588867991	39.021	1.165188569380991	0.10186256908805706	0.18568786588867994	0.08382529680062288	0	<ORIGINAL_WORKSPACE>/OpenROAD-flow-scripts/flow/reports/nangate45/jpeg/place_batch_20260421_220319/dpl_evolve_baseline/openroad_dpl_hpwl_only_9case_bo_place_batch_20260421_220319_jpeg_nangate45_trial_68af7e5d_d8f54bf7a9f4/metrics.json	71	64 8	1	0.1643333209582415	0.08625044668217835	1.201019684383077	107.89225113002382	800	3833	1.6381091584160334	2.50 1.75 1.25 1.08
69e1ac71	ok	466356.5	466356.5	467235.7	-0.18817055289225793	34.491	1.0299202723282272	0.18817055289225793	0.18817055289225793	0.0	0	<ORIGINAL_WORKSPACE>/OpenROAD-flow-scripts/flow/reports/nangate45/jpeg/place_batch_20260421_220319/dpl_evolve_baseline/openroad_dpl_hpwl_only_9case_bo_place_batch_20260421_220319_jpeg_nangate45_trial_69e1ac71_66d766cd2b97/metrics.json	93	64 8	1	0.11079816339037935	1.8655732387921566	1.745742804683368	111.19834219756103	322	787	1.0607700927448043	omit
6ab2aba9	ok	467073.6	467073.6	467235.7	-0.03469341062766285	36.995	1.1046910925975693	0.02857961054078484	0.03469341062766285	0.006113800086878016	0	<ORIGINAL_WORKSPACE>/OpenROAD-flow-scripts/flow/reports/nangate45/jpeg/place_batch_20260421_220319/dpl_evolve_baseline/openroad_dpl_hpwl_only_9case_bo_place_batch_20260421_220319_jpeg_nangate45_trial_6ab2aba9_1387f0369255/metrics.json	57	omit	1	0.26681215477775655	1.2547993789286027	1.7268524173135786	123.00623773806771	395	2102	1.2306114014128369	2.50 1.75 1.25 1.08
6afb0504	ok	466891.8	466891.8	467235.7	-0.07360310866657305	36.81	1.099166890620801	0.07360310866657305	0.07360310866657305	0.0	0	<ORIGINAL_WORKSPACE>/OpenROAD-flow-scripts/flow/reports/nangate45/jpeg/place_batch_20260421_220319/dpl_evolve_baseline/openroad_dpl_hpwl_only_9case_bo_place_batch_20260421_220319_jpeg_nangate45_trial_6afb0504_4abf36186b0d/metrics.json	1	1024	1	0.65	0.8	0.9	55.0	400	800	1.2	1.75 1.35 1.15 1.05
6bc5d767	ok	466792.0	466792.0	467235.7	-0.09496277788705179	32.203	0.9615993311236527	0.09496277788705179	0.09496277788705179	0.0	0	<ORIGINAL_WORKSPACE>/OpenROAD-flow-scripts/flow/reports/nangate45/jpeg/place_batch_20260421_220319/dpl_evolve_baseline/openroad_dpl_hpwl_only_9case_bo_place_batch_20260421_220319_jpeg_nangate45_trial_6bc5d767_ddb5d503f099/metrics.json	97	64 8	0	0.6319461805298596	1.591182946082058	1.59553292184103	145.44692728604207	664	3285	1.1953056177180186	2.50 1.75 1.25 1.08
6d70796e	ok	466543.2	466543.2	467235.7	-0.14821213361907062	36.671	1.0950162740004181	0.14821213361907062	0.14821213361907062	0.0	0	<ORIGINAL_WORKSPACE>/OpenROAD-flow-scripts/flow/reports/nangate45/jpeg/place_batch_20260421_220319/dpl_evolve_baseline/openroad_dpl_hpwl_only_9case_bo_place_batch_20260421_220319_jpeg_nangate45_trial_6d70796e_68bada6e69c0/metrics.json	46	64 8	1	0.6084655280593365	1.1628337119745662	0.7289853901044688	75.49587258451936	680	3506	1.3218832057727619	2.00 1.50 1.20 1.05
6dcc3d82	ok	466413.1	466413.1	467235.7	-0.17605675251271144	36.823	1.099555077786736	0.17605675251271144	0.17605675251271144	0.0	0	<ORIGINAL_WORKSPACE>/OpenROAD-flow-scripts/flow/reports/nangate45/jpeg/place_batch_20260421_220319/dpl_evolve_baseline/openroad_dpl_hpwl_only_9case_bo_place_batch_20260421_220319_jpeg_nangate45_trial_6dcc3d82_6e7fa8b32f13/metrics.json	102	64 8	1	0.24045949775562023	1.6805182269983951	1.8201151642277054	105.10758545493304	760	3974	1.1388752633208006	2.50 1.75 1.25 1.08
6e57427b	ok	467330.5	467330.5	467235.7	0.02028954551203779	36.553	1.0914927289557765	-0.02028954551203779	-0.02028954551203779	0.0	0	<ORIGINAL_WORKSPACE>/OpenROAD-flow-scripts/flow/reports/nangate45/jpeg/place_batch_20260421_220319/dpl_evolve_baseline/openroad_dpl_hpwl_only_9case_bo_place_batch_20260421_220319_jpeg_nangate45_trial_6e57427b_340c3bf027f5/metrics.json	52	128	0	0.8548979426974024	1.0554292926174933	1.6142141138089663	85.87327757874095	893	2124	1.770883910501888	1.10 1.04
71d62e64	ok	466945.2	466945.2	467235.7	-0.0621741874604188	38.519	1.1501985726656514	-0.0025875996014139493	0.0621741874604188	0.06476178706183275	0	<ORIGINAL_WORKSPACE>/OpenROAD-flow-scripts/flow/reports/nangate45/jpeg/place_batch_20260421_220319/dpl_evolve_baseline/openroad_dpl_hpwl_only_9case_bo_place_batch_20260421_220319_jpeg_nangate45_trial_71d62e64_35383a5f7314/metrics.json	70	64	1	0.2538768043728736	1.1042645388866394	0.44630842295155204	41.42674190945452	754	3612	1.7073420600421743	omit
72e5db06	ok	466490.9	466490.9	467235.7	-0.15940562760936042	36.157	1.0796679506703695	0.1594056276093604	0.1594056276093604	0.0	0	<ORIGINAL_WORKSPACE>/OpenROAD-flow-scripts/flow/reports/nangate45/jpeg/place_batch_20260421_220319/dpl_evolve_baseline/openroad_dpl_hpwl_only_9case_bo_place_batch_20260421_220319_jpeg_nangate45_trial_72e5db06_c49ef0150ae9/metrics.json	19	64 8	1	0.06718384857014661	0.7793488634929143	0.9940178780372982	32.4209191028483	659	3034	1.3451745022314534	omit
73bb2582	ok	466612.0	466612.0	467235.7	-0.13348723139092575	35.4	1.0570635133924573	0.13348723139092575	0.13348723139092575	0.0	0	<ORIGINAL_WORKSPACE>/OpenROAD-flow-scripts/flow/reports/nangate45/jpeg/place_batch_20260421_220319/dpl_evolve_baseline/openroad_dpl_hpwl_only_9case_bo_place_batch_20260421_220319_jpeg_nangate45_trial_73bb2582_3035ab20518d/metrics.json	3	64 8	1	0.24212138072150746	0.0014721334855274382	1.1110280750386365	105.49284073692243	620	2441	1.8845320044470477	2.00 1.50 1.20 1.05
73d269c4	ok	466918.6	466918.6	467235.7	-0.06786724558933209	32.946	0.9837857206844038	0.06786724558933209	0.06786724558933209	0.0	0	<ORIGINAL_WORKSPACE>/OpenROAD-flow-scripts/flow/reports/nangate45/jpeg/place_batch_20260421_220319/dpl_evolve_baseline/openroad_dpl_hpwl_only_9case_bo_place_batch_20260421_220319_jpeg_nangate45_trial_73d269c4_cffb05e68ba3/metrics.json	38	64 8	0	0.10174085919414577	1.7654775848468671	0.9884212615136377	104.01983773510595	787	2885	1.2874828628704043	1.10 1.04
7464ea99	ok	467451.0	467451.0	467235.7	0.046079526885464524	37.243	1.1120965093015618	-0.06181828670844698	-0.046079526885464524	0.015738759822982454	0	<ORIGINAL_WORKSPACE>/OpenROAD-flow-scripts/flow/reports/nangate45/jpeg/place_batch_20260421_220319/dpl_evolve_baseline/openroad_dpl_hpwl_only_9case_bo_place_batch_20260421_220319_jpeg_nangate45_trial_7464ea99_484c9d81ebd0/metrics.json	118	1024 128	1	0.19416464317365978	0.5833686525684785	0.9275311051096269	85.10613906390479	419	1746	1.9760414423867099	1.04
754ea120	ok	466497.3	466497.3	467235.7	-0.15803586926256347	35.868	1.0710382513661203	0.15803586926256347	0.15803586926256347	0.0	0	<ORIGINAL_WORKSPACE>/OpenROAD-flow-scripts/flow/reports/nangate45/jpeg/place_batch_20260421_220319/dpl_evolve_baseline/openroad_dpl_hpwl_only_9case_bo_place_batch_20260421_220319_jpeg_nangate45_trial_754ea120_e1e38568e186/metrics.json	44	64 8	1	0.48539072750794643	0.028245748660008674	1.813178282918777	131.96043475167602	248	2051	1.8617127883372222	omit
760f9f25	ok	466906.9	466906.9	467235.7	-0.07037133506707394	34.989	1.0447908268386634	0.07037133506707394	0.07037133506707394	0.0	0	<ORIGINAL_WORKSPACE>/OpenROAD-flow-scripts/flow/reports/nangate45/jpeg/place_batch_20260421_220319/dpl_evolve_baseline/openroad_dpl_hpwl_only_9case_bo_place_batch_20260421_220319_jpeg_nangate45_trial_760f9f25_eedc1e4abd65/metrics.json	91	64 8	1	0.23061668972851884	0.19045760208638327	0.5719081778309288	66.37351631997976	770	3165	1.7232335208380896	1.04
76500042	ok	467155.5	467155.5	467235.7	-0.017164784283395223	38.496	1.1495117799874588	-0.04672060766496306	0.01716478428339522	0.06388539194835828	0	<ORIGINAL_WORKSPACE>/OpenROAD-flow-scripts/flow/reports/nangate45/jpeg/place_batch_20260421_220319/dpl_evolve_baseline/openroad_dpl_hpwl_only_9case_bo_place_batch_20260421_220319_jpeg_nangate45_trial_76500042_1fd2ecbccd6d/metrics.json	109	512	1	0.33397496206971844	1.197169661302787	1.7920508460943796	122.52445670463291	958	4000	1.0601475003704721	2.50 1.75 1.25 1.08
789590f6	ok	466420.3	466420.3	467235.7	-0.174515774372554	37.524	1.1204873241960047	0.14790995928716544	0.174515774372554	0.026605815085388555	0	<ORIGINAL_WORKSPACE>/OpenROAD-flow-scripts/flow/reports/nangate45/jpeg/place_batch_20260421_220319/dpl_evolve_baseline/openroad_dpl_hpwl_only_9case_bo_place_batch_20260421_220319_jpeg_nangate45_trial_789590f6_ffaea5ca3850/metrics.json	26	64 8	1	0.045664022553968064	0.7054819967738423	0.6614750569535636	97.20475420642205	394	2072	1.6189417755224391	omit
78bd1b1e	ok	466654.9	466654.9	467235.7	-0.12430556997249746	34.635	1.034220191704739	0.12430556997249746	0.12430556997249746	0.0	0	<ORIGINAL_WORKSPACE>/OpenROAD-flow-scripts/flow/reports/nangate45/jpeg/place_batch_20260421_220319/dpl_evolve_baseline/openroad_dpl_hpwl_only_9case_bo_place_batch_20260421_220319_jpeg_nangate45_trial_78bd1b1e_d7b59aae3653/metrics.json	5	64 8	1	0.29516451325510207	0.26889236086754403	1.6684060368987748	125.2932685797585	688	3184	1.916703216125825	1.04
78e8d442	ok	467063.8	467063.8	467235.7	-0.03679085309620461	37.994	1.1345217832721193	-0.007900627202705277	0.03679085309620461	0.04469148029890989	0	<ORIGINAL_WORKSPACE>/OpenROAD-flow-scripts/flow/reports/nangate45/jpeg/place_batch_20260421_220319/dpl_evolve_baseline/openroad_dpl_hpwl_only_9case_bo_place_batch_20260421_220319_jpeg_nangate45_trial_78e8d442_0251c1aed0be/metrics.json	57	1024 128	1	0.2993714144990943	1.8502167073110214	1.6657391743224288	41.17589038981798	527	3739	1.4578965808302948	1.75 1.35 1.15 1.05
793351d6	ok	466526.1	466526.1	467235.7	-0.15187195670194614	37.872	1.1308787960225746	0.11186425269656368	0.15187195670194611	0.040007704005382436	0	<ORIGINAL_WORKSPACE>/OpenROAD-flow-scripts/flow/reports/nangate45/jpeg/place_batch_20260421_220319/dpl_evolve_baseline/openroad_dpl_hpwl_only_9case_bo_place_batch_20260421_220319_jpeg_nangate45_trial_793351d6_75289bbc1d54/metrics.json	8	64 8	1	0.4531403372107996	0.11076418088897774	1.62967671159757	60.93160667116171	194	3536	1.9304106472501767	2.00 1.50 1.20 1.05
79668741	ok	467252.9	467252.9	467235.7	0.003681225557039336	38.547	1.1510346680999732	-0.06950957532981214	-0.003681225557039336	0.0658283497727728	0	<ORIGINAL_WORKSPACE>/OpenROAD-flow-scripts/flow/reports/nangate45/jpeg/place_batch_20260421_220319/dpl_evolve_baseline/openroad_dpl_hpwl_only_9case_bo_place_batch_20260421_220319_jpeg_nangate45_trial_79668741_d48591fa3476/metrics.json	11	1024	1	0.08195186315404235	1.0240747661415286	0.5286828104535574	87.68372459788792	198	1753	1.0688463444708098	1.75 1.35 1.15 1.05
79a6401e	ok	466520.0	466520.0	467235.7	-0.15317750762623908	35.252	1.0526441518110425	0.1531775076262391	0.1531775076262391	0.0	0	<ORIGINAL_WORKSPACE>/OpenROAD-flow-scripts/flow/reports/nangate45/jpeg/place_batch_20260421_220319/dpl_evolve_baseline/openroad_dpl_hpwl_only_9case_bo_place_batch_20260421_220319_jpeg_nangate45_trial_79a6401e_2ef3d208e3b4/metrics.json	80	64 8	1	0.09960998988274225	0.8331660613775498	0.0697034215873012	110.0298405193228	437	2231	1.1636039151397488	1.04
7a34fd88	ok	467171.7	467171.7	467235.7	-0.013697583468044072	34.662	1.0350264265878348	0.013697583468044073	0.013697583468044073	0.0	0	<ORIGINAL_WORKSPACE>/OpenROAD-flow-scripts/flow/reports/nangate45/jpeg/place_batch_20260421_220319/dpl_evolve_baseline/openroad_dpl_hpwl_only_9case_bo_place_batch_20260421_220319_jpeg_nangate45_trial_7a34fd88_b07ff72de611/metrics.json	34	128	1	0.12932156557940327	0.2898298051688213	1.4567075444663713	141.54369234065936	853	3490	1.6968204488526135	1.10 1.04
7aedcedc	ok	466707.3	466707.3	467235.7	-0.11309067350804387	33.985	1.0148108334079848	0.11309067350804386	0.11309067350804386	0.0	0	<ORIGINAL_WORKSPACE>/OpenROAD-flow-scripts/flow/reports/nangate45/jpeg/place_batch_20260421_220319/dpl_evolve_baseline/openroad_dpl_hpwl_only_9case_bo_place_batch_20260421_220319_jpeg_nangate45_trial_7aedcedc_077b72675825/metrics.json	96	64 8	0	0.2595802945460806	0.7420396007228356	1.1435061888416225	99.6025817518961	344	2058	1.9921530028056915	2.50 1.75 1.25 1.08
7b03d949	ok	467320.8	467320.8	467235.7	0.018213505517659868	38.556	1.1513034130610051	-0.08438459674729795	-0.01821350551765987	0.06617109122963809	0	<ORIGINAL_WORKSPACE>/OpenROAD-flow-scripts/flow/reports/nangate45/jpeg/place_batch_20260421_220319/dpl_evolve_baseline/openroad_dpl_hpwl_only_9case_bo_place_batch_20260421_220319_jpeg_nangate45_trial_7b03d949_28b61d1ebbdb/metrics.json	19	1024	1	0.128997618948628	1.1141548299504551	0.342048660724933	77.95210589767527	546	3894	1.9581028235354185	1.25 1.10 1.04
7b15bb27	ok	467191.0	467191.0	467235.7	-0.009566905953464523	35.495	1.0599002657589058	0.009566905953464523	0.009566905953464523	0.0	0	<ORIGINAL_WORKSPACE>/OpenROAD-flow-scripts/flow/reports/nangate45/jpeg/place_batch_20260421_220319/dpl_evolve_baseline/openroad_dpl_hpwl_only_9case_bo_place_batch_20260421_220319_jpeg_nangate45_trial_7b15bb27_322b8c419331/metrics.json	39	512	0	0.36654309724374434	1.7246925056760882	1.400721549139341	103.64132130992529	267	1823	1.5815774073442912	omit
7b423ec9	ok	467392.6	467392.6	467235.7	0.033580481970869325	37.27	1.1129027441846577	-0.05036518357864321	-0.033580481970869325	0.01678470160777389	0	<ORIGINAL_WORKSPACE>/OpenROAD-flow-scripts/flow/reports/nangate45/jpeg/place_batch_20260421_220319/dpl_evolve_baseline/openroad_dpl_hpwl_only_9case_bo_place_batch_20260421_220319_jpeg_nangate45_trial_7b423ec9_bf0b04b6c02d/metrics.json	102	256	1	0.1253954762511139	1.593800925277747	0.9651813160704463	98.47518773056575	219	830	1.1162309860860056	omit
7d4929ce	ok	467391.0	467391.0	467235.7	0.0332380423841732	37.931	1.1326405685448953	-0.07551179182825081	-0.0332380423841732	0.04227374944407761	0	<ORIGINAL_WORKSPACE>/OpenROAD-flow-scripts/flow/reports/nangate45/jpeg/place_batch_20260421_220319/dpl_evolve_baseline/openroad_dpl_hpwl_only_9case_bo_place_batch_20260421_220319_jpeg_nangate45_trial_7d4929ce_0d84e6ada417/metrics.json	17	128	1	0.6763851334226537	0.40390343274734786	0.9561490972013083	143.88466581586925	439	3420	1.9755175052968066	1.75 1.35 1.15 1.05
7dc14df6	ok	467034.5	467034.5	467235.7	-0.043061778027666045	37.552	1.1213234196303266	0.015375357271011528	0.043061778027666045	0.027686420756654517	0	<ORIGINAL_WORKSPACE>/OpenROAD-flow-scripts/flow/reports/nangate45/jpeg/place_batch_20260421_220319/dpl_evolve_baseline/openroad_dpl_hpwl_only_9case_bo_place_batch_20260421_220319_jpeg_nangate45_trial_7dc14df6_c4e1123cb2fc/metrics.json	111	256 32	1	0.03830154285437476	0.49090860921231594	0.9599634025848467	110.25770200357415	704	3386	1.2608584406802377	1.75 1.35 1.15 1.05
804a0c6a	ok	466613.2	466613.2	467235.7	-0.13323040170089742	36.98	1.1042431843291827	0.12769978956254419	0.13323040170089742	0.005530612138353237	0	<ORIGINAL_WORKSPACE>/OpenROAD-flow-scripts/flow/reports/nangate45/jpeg/place_batch_20260421_220319/dpl_evolve_baseline/openroad_dpl_hpwl_only_9case_bo_place_batch_20260421_220319_jpeg_nangate45_trial_804a0c6a_140236a0c565/metrics.json	42	64 8	1	0.7222606705610495	0.32782521119334673	1.8162629952693297	106.81346376318407	869	2311	1.8637586336293157	2.00 1.50 1.20 1.05
81458db4	ok	466698.5	466698.5	467235.7	-0.11497409123489742	37.534	1.1207859297082625	0.08798229928537185	0.11497409123489742	0.026991791949525574	0	<ORIGINAL_WORKSPACE>/OpenROAD-flow-scripts/flow/reports/nangate45/jpeg/place_batch_20260421_220319/dpl_evolve_baseline/openroad_dpl_hpwl_only_9case_bo_place_batch_20260421_220319_jpeg_nangate45_trial_81458db4_be1a66008246/metrics.json	2	64 8	1	0.46469278435235706	0.8418412795855459	1.3362934665141377	139.41514650551142	382	3476	1.7608539398870866	1.50 1.25 1.10 1.04
82798744	ok	467366.3	467366.3	467235.7	0.027951631264472452	36.962	1.1037056944071189	-0.03278226171584866	-0.027951631264472452	0.004830630451376205	0	<ORIGINAL_WORKSPACE>/OpenROAD-flow-scripts/flow/reports/nangate45/jpeg/place_batch_20260421_220319/dpl_evolve_baseline/openroad_dpl_hpwl_only_9case_bo_place_batch_20260421_220319_jpeg_nangate45_trial_82798744_74a827c2cd1f/metrics.json	65	128	1	0.3385137589810777	1.749861648292355	1.9424983628008028	35.041828993386815	937	3754	1.239164262759862	2.50 1.75 1.25 1.08
83aef7df	ok	467104.3	467104.3	467235.7	-0.02812285105783297	38.733	1.1565887306279674	-0.04478071089272864	0.02812285105783297	0.07290356195056161	0	<ORIGINAL_WORKSPACE>/OpenROAD-flow-scripts/flow/reports/nangate45/jpeg/place_batch_20260421_220319/dpl_evolve_baseline/openroad_dpl_hpwl_only_9case_bo_place_batch_20260421_220319_jpeg_nangate45_trial_83aef7df_df410a8882ee/metrics.json	8	omit	1	0.10349871493019308	0.7793544348219636	0.670862797258245	42.746145255990584	1123	3724	1.7066281783980968	omit
856c4b57	ok	467399.9	467399.9	467235.7	0.035142862585203063	34.701	1.0361909880856401	-0.035142862585203063	-0.035142862585203063	0.0	0	<ORIGINAL_WORKSPACE>/OpenROAD-flow-scripts/flow/reports/nangate45/jpeg/place_batch_20260421_220319/dpl_evolve_baseline/openroad_dpl_hpwl_only_9case_bo_place_batch_20260421_220319_jpeg_nangate45_trial_856c4b57_956c15e9593c/metrics.json	65	512	0	0.4063644613551025	1.5183202840579322	1.8665963655671307	144.60204251633448	480	2656	1.5101445802915203	2.50 1.75 1.25 1.08
86761f1a	ok	467183.0	467183.0	467235.7	-0.011279103886970033	38.781	1.1580220370868046	-0.06344755999136661	0.011279103886970033	0.07472666387833665	0	<ORIGINAL_WORKSPACE>/OpenROAD-flow-scripts/flow/reports/nangate45/jpeg/place_batch_20260421_220319/dpl_evolve_baseline/openroad_dpl_hpwl_only_9case_bo_place_batch_20260421_220319_jpeg_nangate45_trial_86761f1a_69e6383f6974/metrics.json	1	omit	1	0.026383576871937136	0.9270999184510467	0.2261942524020706	35.597707076069995	502	2628	1.2335675197001013	omit
86f99c74	ok	467229.2	467229.2	467235.7	-0.001391160820973226	35.148	1.0495386544835619	0.001391160820973226	0.001391160820973226	0.0	0	<ORIGINAL_WORKSPACE>/OpenROAD-flow-scripts/flow/reports/nangate45/jpeg/place_batch_20260421_220319/dpl_evolve_baseline/openroad_dpl_hpwl_only_9case_bo_place_batch_20260421_220319_jpeg_nangate45_trial_86f99c74_8f9ea5bbb93c/metrics.json	31	omit	0	0.023572220129806795	1.5286822138520113	1.021275146857418	80.41898316792808	959	2953	1.0245080620049312	1.25 1.10 1.04
878aa826	ok	466811.5	466811.5	467235.7	-0.09078929542413211	34.006	1.015437904983726	0.09078929542413211	0.09078929542413211	0.0	0	<ORIGINAL_WORKSPACE>/OpenROAD-flow-scripts/flow/reports/nangate45/jpeg/place_batch_20260421_220319/dpl_evolve_baseline/openroad_dpl_hpwl_only_9case_bo_place_batch_20260421_220319_jpeg_nangate45_trial_878aa826_320aa7e585ca/metrics.json	14	64 8	0	0.1804566410648885	1.3722954176881799	1.7629410968233854	74.30502194524603	370	2645	1.7005834270657019	2.00 1.50 1.20 1.05
87b93496	ok	466524.0	466524.0	467235.7	-0.15232140865948635	37.454	1.1183970856102006	0.1284188729304106	0.15232140865948635	0.023902535729075743	0	<ORIGINAL_WORKSPACE>/OpenROAD-flow-scripts/flow/reports/nangate45/jpeg/place_batch_20260421_220319/dpl_evolve_baseline/openroad_dpl_hpwl_only_9case_bo_place_batch_20260421_220319_jpeg_nangate45_trial_87b93496_fb5f55205da5/metrics.json	88	64 8	1	0.141405748962305	0.23071927132170703	1.6388149485561425	121.71709012213942	567	3920	1.501056006540324	2.50 1.75 1.25 1.08
87bf7a60	ok	466662.0	466662.0	467235.7	-0.12278599430651631	36.817	1.0993759144793813	0.12278599430651631	0.12278599430651631	0.0	0	<ORIGINAL_WORKSPACE>/OpenROAD-flow-scripts/flow/reports/nangate45/jpeg/place_batch_20260421_220319/dpl_evolve_baseline/openroad_dpl_hpwl_only_9case_bo_place_batch_20260421_220319_jpeg_nangate45_trial_87bf7a60_5777c06bf260/metrics.json	71	64 8	0	0.210545839562991	0.8269674852418485	1.2453454343010923	120.9850778273789	243	129	1.5653515818578223	1.25 1.10 1.04
88485481	ok	466459.7	466459.7	467235.7	-0.1660831995500344	37.218	1.1113499955209176	0.15131324244600747	0.16608319955003437	0.014769957104026909	0	<ORIGINAL_WORKSPACE>/OpenROAD-flow-scripts/flow/reports/nangate45/jpeg/place_batch_20260421_220319/dpl_evolve_baseline/openroad_dpl_hpwl_only_9case_bo_place_batch_20260421_220319_jpeg_nangate45_trial_88485481_6f51ae501acd/metrics.json	1	64 8	1	0.20149574220859884	0.545777528479239	1.1721143157966356	86.36538182940896	137	2020	1.5991618085908568	2.50 1.75 1.25 1.08
89233998	ok	466563.6	466563.6	467235.7	-0.14384602888863907	36.405	1.0870733673743618	0.14384602888863907	0.14384602888863907	0.0	0	<ORIGINAL_WORKSPACE>/OpenROAD-flow-scripts/flow/reports/nangate45/jpeg/place_batch_20260421_220319/dpl_evolve_baseline/openroad_dpl_hpwl_only_9case_bo_place_batch_20260421_220319_jpeg_nangate45_trial_89233998_bdaf86996b77/metrics.json	42	64 8	1	0.04357241923247782	0.8592027145846111	0.17997371836191425	59.73343403326355	304	3633	1.6318596148363955	1.04
89667d7c	ok	467187.2	467187.2	467235.7	-0.01038019997187715	34.602	1.0332347935142883	0.010380199971877148	0.010380199971877148	0.0	0	<ORIGINAL_WORKSPACE>/OpenROAD-flow-scripts/flow/reports/nangate45/jpeg/place_batch_20260421_220319/dpl_evolve_baseline/openroad_dpl_hpwl_only_9case_bo_place_batch_20260421_220319_jpeg_nangate45_trial_89667d7c_c2c312c1cf59/metrics.json	95	1024	0	0.1778316999747371	0.7119620851524374	1.3798721779022887	111.78079367832026	60	593	1.7948978317058881	2.00 1.50 1.20 1.05
897753fd	ok	466937.2	466937.2	467235.7	-0.0638863853939243	38.471	1.1487652662068142	0.0009538938280682918	0.06388638539392431	0.06293249156585602	0	<ORIGINAL_WORKSPACE>/OpenROAD-flow-scripts/flow/reports/nangate45/jpeg/place_batch_20260421_220319/dpl_evolve_baseline/openroad_dpl_hpwl_only_9case_bo_place_batch_20260421_220319_jpeg_nangate45_trial_897753fd_c3e05cb00687/metrics.json	122	512	1	0.020069202734663876	1.0393349016232072	0.9107511486924508	92.99575133423478	762	1679	1.8525332379638437	2.00 1.50 1.20 1.05
899dc608	ok	467129.5	467129.5	467235.7	-0.022729427567288123	34.847	1.0405506285646033	0.022729427567288123	0.022729427567288123	0.0	0	<ORIGINAL_WORKSPACE>/OpenROAD-flow-scripts/flow/reports/nangate45/jpeg/place_batch_20260421_220319/dpl_evolve_baseline/openroad_dpl_hpwl_only_9case_bo_place_batch_20260421_220319_jpeg_nangate45_trial_899dc608_7789f27fd162/metrics.json	13	256 32	0	0.44789352617590517	1.8171910061861911	0.622547589328675	43.16630078795231	199	175	1.678835532939891	1.04
8be3beaf	ok	466414.7	466414.7	467235.7	-0.17571431292600287	35.479	1.0594224969392936	0.17571431292600287	0.17571431292600287	0.0	0	<ORIGINAL_WORKSPACE>/OpenROAD-flow-scripts/flow/reports/nangate45/jpeg/place_batch_20260421_220319/dpl_evolve_baseline/openroad_dpl_hpwl_only_9case_bo_place_batch_20260421_220319_jpeg_nangate45_trial_8be3beaf_9808f58156dd/metrics.json	43	64 8	1	0.183818940374275	1.7523955063872094	0.19199148048699033	125.02330844720684	85	1436	1.1786020276654676	omit
8cbb484c	ok	467110.8	467110.8	467235.7	-0.026731690236859746	38.226	1.141449431156499	-0.026845942969605373	0.026731690236859743	0.053577633206465115	0	<ORIGINAL_WORKSPACE>/OpenROAD-flow-scripts/flow/reports/nangate45/jpeg/place_batch_20260421_220319/dpl_evolve_baseline/openroad_dpl_hpwl_only_9case_bo_place_batch_20260421_220319_jpeg_nangate45_trial_8cbb484c_71fa06c08c75/metrics.json	71	1024	1	0.06810000257381095	1.5878527721796074	1.13520903065836	88.52098670254722	677	3907	1.3155696770351273	2.50 1.75 1.25 1.08
8d767bb5	ok	466452.5	466452.5	467235.7	-0.16762417769019183	37.035	1.1058855146466005	0.15995578749897807	0.16762417769019183	0.00766839019121377	0	<ORIGINAL_WORKSPACE>/OpenROAD-flow-scripts/flow/reports/nangate45/jpeg/place_batch_20260421_220319/dpl_evolve_baseline/openroad_dpl_hpwl_only_9case_bo_place_batch_20260421_220319_jpeg_nangate45_trial_8d767bb5_dfb40712d311/metrics.json	97	64 8	1	0.32954997086643467	0.12035171020140792	1.1675349766100618	54.53203162241924	601	3233	1.4167117934690419	1.50 1.25 1.10 1.04
8f09d0dc	ok	467043.4	467043.4	467235.7	-0.04115695782663618	38.505	1.1497805249484907	-0.02307140251108926	0.041156957826636184	0.06422836033772544	0	<ORIGINAL_WORKSPACE>/OpenROAD-flow-scripts/flow/reports/nangate45/jpeg/place_batch_20260421_220319/dpl_evolve_baseline/openroad_dpl_hpwl_only_9case_bo_place_batch_20260421_220319_jpeg_nangate45_trial_8f09d0dc_c78c62a99ccc/metrics.json	45	512	1	0.08569747011791916	1.9375150177792748	1.0522389212344447	94.37036909714479	1089	1875	1.0103001062464008	1.25 1.10 1.04
8fce2e68	ok	466446.2	466446.2	467235.7	-0.16897253356282493	37.283	1.1132909313505928	0.15168436547839187	0.16897253356282493	0.01728816808443306	0	<ORIGINAL_WORKSPACE>/OpenROAD-flow-scripts/flow/reports/nangate45/jpeg/place_batch_20260421_220319/dpl_evolve_baseline/openroad_dpl_hpwl_only_9case_bo_place_batch_20260421_220319_jpeg_nangate45_trial_8fce2e68_a2fdb71ba63a/metrics.json	29	64 8	1	0.08292247188393437	0.5120547613048346	0.4949077136182362	122.09215701353071	633	3875	1.297144628416205	1.75 1.35 1.15 1.05
90159e67	ok	466718.2	466718.2	467235.7	-0.11075780382363762	38.38	1.1460479560452688	0.05129648697071525	0.11075780382363762	0.05946131685292237	0	<ORIGINAL_WORKSPACE>/OpenROAD-flow-scripts/flow/reports/nangate45/jpeg/place_batch_20260421_220319/dpl_evolve_baseline/openroad_dpl_hpwl_only_9case_bo_place_batch_20260421_220319_jpeg_nangate45_trial_90159e67_3490c3764948/metrics.json	2	64 8	1	0.18099736364113192	0.24765515028684856	0.8341810515760827	7.3610318831157215	545	1395	1.801985325316364	omit
906a92b3	ok	467087.2	467087.2	467235.7	-0.031782674140696014	35.765	1.0679626145898655	0.031782674140696014	0.031782674140696014	0.0	0	<ORIGINAL_WORKSPACE>/OpenROAD-flow-scripts/flow/reports/nangate45/jpeg/place_batch_20260421_220319/dpl_evolve_baseline/openroad_dpl_hpwl_only_9case_bo_place_batch_20260421_220319_jpeg_nangate45_trial_906a92b3_d12e2d4380c0/metrics.json	21	64	1	0.342941626317231	1.173789646256136	0.08012649936427385	59.01507721755891	956	3655	1.9819930179852963	omit
90b963cf	ok	466694.9	466694.9	467235.7	-0.11574458030496992	37.528	1.1206067664009078	0.08898436830298663	0.11574458030496992	0.02676021200198329	0	<ORIGINAL_WORKSPACE>/OpenROAD-flow-scripts/flow/reports/nangate45/jpeg/place_batch_20260421_220319/dpl_evolve_baseline/openroad_dpl_hpwl_only_9case_bo_place_batch_20260421_220319_jpeg_nangate45_trial_90b963cf_c76d830fdc57/metrics.json	44	64 8	1	0.039141223283475184	1.0125141632443748	0.3557494653270912	99.23640702409328	1010	2436	1.4236705239399186	1.75 1.35 1.15 1.05
90e7bd44	ok	467231.1	467231.1	467235.7	-0.0009845138117731424	37.835	1.129773955627221	-0.037601210203991625	0.0009845138117731424	0.038585724015764766	0	<ORIGINAL_WORKSPACE>/OpenROAD-flow-scripts/flow/reports/nangate45/jpeg/place_batch_20260421_220319/dpl_evolve_baseline/openroad_dpl_hpwl_only_9case_bo_place_batch_20260421_220319_jpeg_nangate45_trial_90e7bd44_bab86c0669b3/metrics.json	34	omit	1	0.3961435478313845	1.7919768114235337	1.6304301073897318	56.06401637108245	938	3864	1.4710679286160095	2.50 1.75 1.25 1.08
917737b0	ok	466557.4	466557.4	467235.7	-0.14517298228709585	36.032	1.0759353817671473	0.14517298228709585	0.14517298228709585	0.0	0	<ORIGINAL_WORKSPACE>/OpenROAD-flow-scripts/flow/reports/nangate45/jpeg/place_batch_20260421_220319/dpl_evolve_baseline/openroad_dpl_hpwl_only_9case_bo_place_batch_20260421_220319_jpeg_nangate45_trial_917737b0_e16b71d40f6e/metrics.json	77	64 8	1	0.0861819643575717	1.8407349241832007	0.2911144091943574	140.39437192175194	77	2150	1.1956989445734216	1.75 1.35 1.15 1.05
921cad6d	ok	466458.5	466458.5	467235.7	-0.1663400292400627	37.448	1.118217922302846	0.14266932066838658	0.1663400292400627	0.02367070857167611	0	<ORIGINAL_WORKSPACE>/OpenROAD-flow-scripts/flow/reports/nangate45/jpeg/place_batch_20260421_220319/dpl_evolve_baseline/openroad_dpl_hpwl_only_9case_bo_place_batch_20260421_220319_jpeg_nangate45_trial_921cad6d_f910bea345f6/metrics.json	44	64 8	1	0.3544611458355114	1.694443443426167	0.3630546218346631	105.66419352916982	565	2425	1.1683209502102434	1.75 1.35 1.15 1.05
922ddcad	ok	467101.0	467101.0	467235.7	-0.028829132705401498	38.997	1.1644719161515722	-0.05408756226603439	0.0288291327054015	0.08291669497143589	0	<ORIGINAL_WORKSPACE>/OpenROAD-flow-scripts/flow/reports/nangate45/jpeg/place_batch_20260421_220319/dpl_evolve_baseline/openroad_dpl_hpwl_only_9case_bo_place_batch_20260421_220319_jpeg_nangate45_trial_922ddcad_8fe680732d23/metrics.json	96	512	1	0.27567663859648683	0.9370170798147595	0.07113923687382132	84.9083741715088	187	2934	1.8068082940386379	2.50 1.75 1.25 1.08
92e37938	ok	466614.4	466614.4	467235.7	-0.1329735720108691	37.147	1.1092298963838874	0.12095679026285507	0.1329735720108691	0.012016781748014028	0	<ORIGINAL_WORKSPACE>/OpenROAD-flow-scripts/flow/reports/nangate45/jpeg/place_batch_20260421_220319/dpl_evolve_baseline/openroad_dpl_hpwl_only_9case_bo_place_batch_20260421_220319_jpeg_nangate45_trial_92e37938_fb72f5b0ab07/metrics.json	119	64 8	1	0.01800757169906223	0.46833148650070916	1.2039732195117354	108.27341777432574	195	1445	1.7739919762427168	2.50 1.75 1.25 1.08
93d27e2a	ok	466344.9	466344.9	467235.7	-0.19065323989583594	37.927	1.1325211263399924	0.14853306493538293	0.19065323989583594	0.042120174960453	0	<ORIGINAL_WORKSPACE>/OpenROAD-flow-scripts/flow/reports/nangate45/jpeg/place_batch_20260421_220319/dpl_evolve_baseline/openroad_dpl_hpwl_only_9case_bo_place_batch_20260421_220319_jpeg_nangate45_trial_93d27e2a_58bdf7848b78/metrics.json	68	64 8	1	0.24330813182332667	1.762525200959325	1.6562900488915993	35.93854776606736	837	3467	1.2398504692730654	2.50 1.75 1.25 1.08
94698a1d	ok	466416.3	466416.3	467235.7	-0.17537187333930673	36.01	1.0752784496401804	0.17537187333930676	0.17537187333930676	0.0	0	<ORIGINAL_WORKSPACE>/OpenROAD-flow-scripts/flow/reports/nangate45/jpeg/place_batch_20260421_220319/dpl_evolve_baseline/openroad_dpl_hpwl_only_9case_bo_place_batch_20260421_220319_jpeg_nangate45_trial_94698a1d_00ceb41ef875/metrics.json	30	64 8	1	0.049664650549184564	1.2259794374470454	0.0503430410791072	93.84409109707045	936	3916	1.3958013419537019	2.50 1.75 1.25 1.08
951fbb3f	ok	467276.9	467276.9	467235.7	0.008817819357555863	34.301	1.02424676759533	-0.008817819357555863	-0.008817819357555863	0.0	0	<ORIGINAL_WORKSPACE>/OpenROAD-flow-scripts/flow/reports/nangate45/jpeg/place_batch_20260421_220319/dpl_evolve_baseline/openroad_dpl_hpwl_only_9case_bo_place_batch_20260421_220319_jpeg_nangate45_trial_951fbb3f_5acc9ffd7ff5/metrics.json	9	32	0	0.04835304196237204	0.23757251997907802	0.5093396161717265	89.90959836120011	837	3941	1.4447615269427923	1.75 1.35 1.15 1.05
956f8395	ok	466672.3	466672.3	467235.7	-0.12058153946713046	36.577	1.0922093821851953	0.12058153946713046	0.12058153946713046	0.0	0	<ORIGINAL_WORKSPACE>/OpenROAD-flow-scripts/flow/reports/nangate45/jpeg/place_batch_20260421_220319/dpl_evolve_baseline/openroad_dpl_hpwl_only_9case_bo_place_batch_20260421_220319_jpeg_nangate45_trial_956f8395_2130ac0823a3/metrics.json	61	64 8	1	0.052744667458454075	1.4374284406171858	0.32022801964798553	78.67021240762143	558	3478	1.0236949579704024	1.25 1.10 1.04
958eb878	ok	466553.2	466553.2	467235.7	-0.14607188620218875	37.266	1.1127833019797546	0.12944211502099767	0.14607188620218875	0.016629771181191088	0	<ORIGINAL_WORKSPACE>/OpenROAD-flow-scripts/flow/reports/nangate45/jpeg/place_batch_20260421_220319/dpl_evolve_baseline/openroad_dpl_hpwl_only_9case_bo_place_batch_20260421_220319_jpeg_nangate45_trial_958eb878_67de46a14bdd/metrics.json	106	64 8	1	0.01311705635477671	1.868676327145317	1.0088981138142645	107.41055813352946	809	2746	1.0917159602304232	2.50 1.75 1.25 1.08
97616ce8	ok	467214.2	467214.2	467235.7	-0.004601531946296055	37.93	1.1326107079936696	-0.03763382463605246	0.004601531946296055	0.04223535658234851	0	<ORIGINAL_WORKSPACE>/OpenROAD-flow-scripts/flow/reports/nangate45/jpeg/place_batch_20260421_220319/dpl_evolve_baseline/openroad_dpl_hpwl_only_9case_bo_place_batch_20260421_220319_jpeg_nangate45_trial_97616ce8_2f202e254022/metrics.json	41	128 16	1	0.3989937749400564	1.8837257091313324	1.314002936852812	26.346818768812767	533	3889	1.3168723028051232	1.50 1.25 1.10 1.04
97801718	ok	466899.2	466899.2	467235.7	-0.07201932557807547	35.698	1.0659619576577384	0.07201932557807547	0.07201932557807547	0.0	0	<ORIGINAL_WORKSPACE>/OpenROAD-flow-scripts/flow/reports/nangate45/jpeg/place_batch_20260421_220319/dpl_evolve_baseline/openroad_dpl_hpwl_only_9case_bo_place_batch_20260421_220319_jpeg_nangate45_trial_97801718_9d6484b0a147/metrics.json	114	32	1	0.09304334467623165	1.082394015922849	1.9612046187340062	98.59226488624954	464	3492	1.5803368091729104	1.75 1.35 1.15 1.05
97a49058	ok	466374.7	466374.7	467235.7	-0.18427530259353042	36.594	1.0927170115560334	0.18427530259353042	0.18427530259353042	0.0	0	<ORIGINAL_WORKSPACE>/OpenROAD-flow-scripts/flow/reports/nangate45/jpeg/place_batch_20260421_220319/dpl_evolve_baseline/openroad_dpl_hpwl_only_9case_bo_place_batch_20260421_220319_jpeg_nangate45_trial_97a49058_0fffa3f8182f/metrics.json	9	64 8	1	0.4790737484957431	0.2690050804732259	1.253508714877633	106.01288332275718	433	3246	1.9622366299141782	2.00 1.50 1.20 1.05
97afaed4	ok	466841.8	466841.8	467235.7	-0.08430434575098249	36.073	1.0771596643674044	0.08430434575098249	0.08430434575098249	0.0	0	<ORIGINAL_WORKSPACE>/OpenROAD-flow-scripts/flow/reports/nangate45/jpeg/place_batch_20260421_220319/dpl_evolve_baseline/openroad_dpl_hpwl_only_9case_bo_place_batch_20260421_220319_jpeg_nangate45_trial_97afaed4_abcbff2fa78a/metrics.json	61	64 8	0	0.11794577431865182	1.0126501989778542	0.7144353108468772	110.63571428533636	76	738	1.410321651569502	1.25 1.10 1.04
97eb6198	ok	466335.6	466335.6	467235.7	-0.19264366999354607	36.09	1.0776672937382425	0.19264366999354607	0.19264366999354607	0.0	0	<ORIGINAL_WORKSPACE>/OpenROAD-flow-scripts/flow/reports/nangate45/jpeg/place_batch_20260421_220319/dpl_evolve_baseline/openroad_dpl_hpwl_only_9case_bo_place_batch_20260421_220319_jpeg_nangate45_trial_97eb6198_fb536b201aed/metrics.json	17	64 8	1	0.2783949069879405	0.9770812089991656	0.18116292069855908	86.42879864649576	953	3637	1.9792523841668046	omit
981b947d	ok	466597.8	466597.8	467235.7	-0.13652638272290052	35.967	1.073994445937472	0.13652638272290052	0.13652638272290052	0.0	0	<ORIGINAL_WORKSPACE>/OpenROAD-flow-scripts/flow/reports/nangate45/jpeg/place_batch_20260421_220319/dpl_evolve_baseline/openroad_dpl_hpwl_only_9case_bo_place_batch_20260421_220319_jpeg_nangate45_trial_981b947d_35b3a1a771b4/metrics.json	74	64 8	1	0.11328869079541573	0.987299466666399	0.7286048006496738	99.54978876725266	749	3974	1.264468850406407	omit
9833fdb4	ok	466875.7	466875.7	467235.7	-0.0770489070077479	36.746	1.0972558153423513	0.07704890700774791	0.07704890700774791	0.0	0	<ORIGINAL_WORKSPACE>/OpenROAD-flow-scripts/flow/reports/nangate45/jpeg/place_batch_20260421_220319/dpl_evolve_baseline/openroad_dpl_hpwl_only_9case_bo_place_batch_20260421_220319_jpeg_nangate45_trial_9833fdb4_f7881fe3f794/metrics.json	48	512 64	1	0.035845720302986786	1.259202360028077	0.7391521106070927	100.5788831660737	500	3891	1.0876606229589225	1.50 1.25 1.10 1.04
989f1f4f	ok	466475.8	466475.8	467235.7	-0.16263740120885953	35.152	1.049658096688465	0.16263740120885953	0.16263740120885953	0.0	0	<ORIGINAL_WORKSPACE>/OpenROAD-flow-scripts/flow/reports/nangate45/jpeg/place_batch_20260421_220319/dpl_evolve_baseline/openroad_dpl_hpwl_only_9case_bo_place_batch_20260421_220319_jpeg_nangate45_trial_989f1f4f_275e9cc8f0e9/metrics.json	53	64 8	1	0.09961803734758598	0.14372248941875498	0.9433976657747914	102.51763303773795	611	3386	1.3001268313863672	2.50 1.75 1.25 1.08
9912df08	ok	467131.4	467131.4	467235.7	-0.022322780558075583	39.295	1.1733703604168535	-0.07185598184279823	0.022322780558075583	0.09417876240087382	0	<ORIGINAL_WORKSPACE>/OpenROAD-flow-scripts/flow/reports/nangate45/jpeg/place_batch_20260421_220319/dpl_evolve_baseline/openroad_dpl_hpwl_only_9case_bo_place_batch_20260421_220319_jpeg_nangate45_trial_9912df08_803a000ab79c/metrics.json	94	512 64	1	0.24243594305030172	1.718024514712504	1.9477948273471075	134.913838344976	738	1543	1.024821693639494	omit
9a6f30e5	ok	467285.9	467285.9	467235.7	0.01074404203274956	38.953	1.1631580518976383	-0.09199424052510764	-0.01074404203274956	0.08125019849235808	0	<ORIGINAL_WORKSPACE>/OpenROAD-flow-scripts/flow/reports/nangate45/jpeg/place_batch_20260421_220319/dpl_evolve_baseline/openroad_dpl_hpwl_only_9case_bo_place_batch_20260421_220319_jpeg_nangate45_trial_9a6f30e5_bac44a41aa63/metrics.json	12	omit	1	0.514147717526289	0.6086591839242615	1.8509610437011275	121.4858936110919	397	3849	1.887339433685827	2.00 1.50 1.20 1.05
9c1d5132	ok	466521.7	466521.7	467235.7	-0.15281366556536669	35.723	1.0667084714383828	0.15281366556536669	0.15281366556536669	0.0	0	<ORIGINAL_WORKSPACE>/OpenROAD-flow-scripts/flow/reports/nangate45/jpeg/place_batch_20260421_220319/dpl_evolve_baseline/openroad_dpl_hpwl_only_9case_bo_place_batch_20260421_220319_jpeg_nangate45_trial_9c1d5132_49e27ec4ee75/metrics.json	56	64 8	1	0.27589309774478055	0.9164041739660859	0.23045712777568964	142.84826482958596	86	2948	1.5099123528859173	1.50 1.25 1.10 1.04
9df54a4b	ok	466606.7	466606.7	467235.7	-0.13462156252187066	38.999	1.164531637254024	0.051629140054417	0.13462156252187066	0.08299242246745366	0	<ORIGINAL_WORKSPACE>/OpenROAD-flow-scripts/flow/reports/nangate45/jpeg/place_batch_20260421_220319/dpl_evolve_baseline/openroad_dpl_hpwl_only_9case_bo_place_batch_20260421_220319_jpeg_nangate45_trial_9df54a4b_2136e1d456cd/metrics.json	97	64 8	1	0.5344012799603219	0.4931552676155462	1.5359683769926915	135.1124145208752	561	3436	1.4039984526266853	2.50 1.75 1.25 1.08
9e168d0a	ok	467148.5	467148.5	467235.7	-0.01866295747521254	38.142	1.1389411448535343	-0.03170039792476065	0.01866295747521254	0.050363355399973185	0	<ORIGINAL_WORKSPACE>/OpenROAD-flow-scripts/flow/reports/nangate45/jpeg/place_batch_20260421_220319/dpl_evolve_baseline/openroad_dpl_hpwl_only_9case_bo_place_batch_20260421_220319_jpeg_nangate45_trial_9e168d0a_7fbf4383c14a/metrics.json	27	1024	1	0.08644221472423728	1.8235236371964143	1.6713534346385044	146.88458879996108	1007	2301	1.1310859445020867	2.50 1.75 1.25 1.08
9ea4348b	ok	467150.5	467150.5	467235.7	-0.018234907991836163	36.792	1.098629400698737	0.018234907991836163	0.018234907991836163	0.0	0	<ORIGINAL_WORKSPACE>/OpenROAD-flow-scripts/flow/reports/nangate45/jpeg/place_batch_20260421_220319/dpl_evolve_baseline/openroad_dpl_hpwl_only_9case_bo_place_batch_20260421_220319_jpeg_nangate45_trial_9ea4348b_7b76fc6373c1/metrics.json	16	512 64	1	0.008217114601051317	0.8664122765055636	0.19987410532890199	112.1390279365776	113	3041	1.499917840437557	1.10 1.04
9f8882b0	ok	466856.0	466856.0	467235.7	-0.08126519441900772	34.963	1.0440144525067934	0.08126519441900772	0.08126519441900772	0.0	0	<ORIGINAL_WORKSPACE>/OpenROAD-flow-scripts/flow/reports/nangate45/jpeg/place_batch_20260421_220319/dpl_evolve_baseline/openroad_dpl_hpwl_only_9case_bo_place_batch_20260421_220319_jpeg_nangate45_trial_9f8882b0_9a2131f732be/metrics.json	19	64 8	1	0.020400421414569464	0.8426225870582635	0.21127246093576474	69.06965768729864	518	3197	1.138169165104124	1.04
a0783942	ok	466656.8	466656.8	467235.7	-0.1238989229632974	34.485	1.0297411090208726	0.12389892296329738	0.12389892296329738	0.0	0	<ORIGINAL_WORKSPACE>/OpenROAD-flow-scripts/flow/reports/nangate45/jpeg/place_batch_20260421_220319/dpl_evolve_baseline/openroad_dpl_hpwl_only_9case_bo_place_batch_20260421_220319_jpeg_nangate45_trial_a0783942_0c3712f4b1b8/metrics.json	15	64 8	1	0.2419216334688618	0.7289087218485746	0.1198531700812574	89.99210317302813	895	3628	1.9634977160444758	omit
a07ca765	ok	467297.1	467297.1	467235.7	0.013141119139647309	36.335	1.0849831287885576	-0.013141119139647307	-0.013141119139647307	0.0	0	<ORIGINAL_WORKSPACE>/OpenROAD-flow-scripts/flow/reports/nangate45/jpeg/place_batch_20260421_220319/dpl_evolve_baseline/openroad_dpl_hpwl_only_9case_bo_place_batch_20260421_220319_jpeg_nangate45_trial_a07ca765_1fb6da813f4e/metrics.json	2	omit	1	0.1606816920211947	1.8787169956001832	0.5402050766313821	77.73428308231134	1053	3929	1.8788101918338829	1.10 1.04
a0823685	ok	466546.9	466546.9	467235.7	-0.14742024207482185	36.989	1.1045119292902148	0.14153970297719407	0.14742024207482185	0.005880539097627782	0	<ORIGINAL_WORKSPACE>/OpenROAD-flow-scripts/flow/reports/nangate45/jpeg/place_batch_20260421_220319/dpl_evolve_baseline/openroad_dpl_hpwl_only_9case_bo_place_batch_20260421_220319_jpeg_nangate45_trial_a0823685_7b86e1d73454/metrics.json	57	64 8	1	0.11312842378077737	0.7000884336337592	0.7980585804211131	122.56107468356683	520	3361	1.3287291922103088	2.00 1.50 1.20 1.05
a08cd7bd	ok	466500.8	466500.8	467235.7	-0.1572867826666548	38.593	1.152408253456359	0.08970706332165704	0.1572867826666548	0.06757971934499776	0	<ORIGINAL_WORKSPACE>/OpenROAD-flow-scripts/flow/reports/nangate45/jpeg/place_batch_20260421_220319/dpl_evolve_baseline/openroad_dpl_hpwl_only_9case_bo_place_batch_20260421_220319_jpeg_nangate45_trial_a08cd7bd_ee50c251176d/metrics.json	110	64 8	1	0.09449334201695582	0.9464654998501145	0.10056568992622072	110.20012995514455	216	2568	1.961393042552111	1.75 1.35 1.15 1.05
a0ed419d	ok	466585.8	466585.8	467235.7	-0.13909467962315877	32.307	0.9647048284511334	0.13909467962315877	0.13909467962315877	0.0	0	<ORIGINAL_WORKSPACE>/OpenROAD-flow-scripts/flow/reports/nangate45/jpeg/place_batch_20260421_220319/dpl_evolve_baseline/openroad_dpl_hpwl_only_9case_bo_place_batch_20260421_220319_jpeg_nangate45_trial_a0ed419d_e51424261d18/metrics.json	126	64 8	0	0.15014715801874973	1.4501995521965267	0.8392787965722288	56.09933479264876	587	1772	1.98302413242985	2.50 1.75 1.25 1.08
a23e08f3	ok	466552.2	466552.2	467235.7	-0.14628591094387694	35.549	1.061512735525098	0.14628591094387694	0.14628591094387694	0.0	0	<ORIGINAL_WORKSPACE>/OpenROAD-flow-scripts/flow/reports/nangate45/jpeg/place_batch_20260421_220319/dpl_evolve_baseline/openroad_dpl_hpwl_only_9case_bo_place_batch_20260421_220319_jpeg_nangate45_trial_a23e08f3_ca5d5525e415/metrics.json	105	64 8	1	0.22517378673109967	0.5359645839776538	1.3841361532382568	98.91403733827302	876	1699	1.8375296244373633	2.50 1.75 1.25 1.08
a30cac8b	ok	466624.5	466624.5	467235.7	-0.1308119221198234	35.363	1.0559586729971036	0.13081192211982337	0.13081192211982337	0.0	0	<ORIGINAL_WORKSPACE>/OpenROAD-flow-scripts/flow/reports/nangate45/jpeg/place_batch_20260421_220319/dpl_evolve_baseline/openroad_dpl_hpwl_only_9case_bo_place_batch_20260421_220319_jpeg_nangate45_trial_a30cac8b_7b64a25cc031/metrics.json	54	64 8	1	0.005411653988723175	1.362669238085315	0.9736315836510402	127.99328292910671	309	2930	1.0196671112001692	1.25 1.10 1.04
a30e4934	ok	466266.1	466266.1	467235.7	-0.2075183895408752	36.242	1.0822060975245602	0.20751838954087518	0.20751838954087518	0.0	0	<ORIGINAL_WORKSPACE>/OpenROAD-flow-scripts/flow/reports/nangate45/jpeg/place_batch_20260421_220319/dpl_evolve_baseline/openroad_dpl_hpwl_only_9case_bo_place_batch_20260421_220319_jpeg_nangate45_trial_a30e4934_d788fa0f75b6/metrics.json	114	64 8	1	0.04475659387627069	0.9176910013018307	1.0224215638092868	88.39213419152347	443	1579	1.904641127830468	2.50 1.75 1.25 1.08
a352534e	ok	467319.1	467319.1	467235.7	0.017849663456787457	35.915	1.0724416972737318	-0.017849663456787457	-0.017849663456787457	0.0	0	<ORIGINAL_WORKSPACE>/OpenROAD-flow-scripts/flow/reports/nangate45/jpeg/place_batch_20260421_220319/dpl_evolve_baseline/openroad_dpl_hpwl_only_9case_bo_place_batch_20260421_220319_jpeg_nangate45_trial_a352534e_504c5155fccc/metrics.json	95	512 64	1	0.2944373123942972	0.45116648586482333	0.9631062811028969	109.22550332099503	369	3616	1.665017293755575	1.10 1.04
a3dc1994	ok	467186.8	467186.8	467235.7	-0.010465809868557408	38.328	1.1444952073815284	-0.04701013081269388	0.010465809868557408	0.05747594068125129	0	<ORIGINAL_WORKSPACE>/OpenROAD-flow-scripts/flow/reports/nangate45/jpeg/place_batch_20260421_220319/dpl_evolve_baseline/openroad_dpl_hpwl_only_9case_bo_place_batch_20260421_220319_jpeg_nangate45_trial_a3dc1994_4eb262bf3f95/metrics.json	11	256 32	1	0.11724278557807327	0.4678646034078583	0.46716065826297115	93.29363966492409	656	2878	1.4790043626867233	1.75 1.35 1.15 1.05
a44801d5	ok	466474.6	466474.6	467235.7	-0.16289423089888785	36.893	1.1016453163725404	0.1607484438091848	0.16289423089888785	0.002145787089703054	0	<ORIGINAL_WORKSPACE>/OpenROAD-flow-scripts/flow/reports/nangate45/jpeg/place_batch_20260421_220319/dpl_evolve_baseline/openroad_dpl_hpwl_only_9case_bo_place_batch_20260421_220319_jpeg_nangate45_trial_a44801d5_4ba8e447aab4/metrics.json	19	64 8	1	0.02227884917009027	1.602778013164455	0.5319661264486704	42.65610690319113	225	3232	1.1803843349415502	1.75 1.35 1.15 1.05
a456cfa0	ok	467348.0	467348.0	467235.7	0.024034978491581094	36.617	1.0934038042342262	-0.02403497849158109	-0.02403497849158109	0.0	0	<ORIGINAL_WORKSPACE>/OpenROAD-flow-scripts/flow/reports/nangate45/jpeg/place_batch_20260421_220319/dpl_evolve_baseline/openroad_dpl_hpwl_only_9case_bo_place_batch_20260421_220319_jpeg_nangate45_trial_a456cfa0_ddc3dd06cb15/metrics.json	120	1024	1	0.30890001518182786	0.6714257357962596	0.18861138687878293	131.94589336313	329	3375	1.7851120507628015	1.04
a52490bc	ok	466299.7	466299.7	467235.7	-0.20032715822014455	38.479	1.1490041506166204	0.1370897048545894	0.20032715822014455	0.06323745336555514	0	<ORIGINAL_WORKSPACE>/OpenROAD-flow-scripts/flow/reports/nangate45/jpeg/place_batch_20260421_220319/dpl_evolve_baseline/openroad_dpl_hpwl_only_9case_bo_place_batch_20260421_220319_jpeg_nangate45_trial_a52490bc_87d887c84866/metrics.json	1	64 8	1	0.01715434530618104	0.6955656681136954	0.29638814479489534	74.07451041241063	258	2954	1.462867585430663	omit
a5605cf7	ok	466407.1	466407.1	467235.7	-0.17734090096284058	37.572	1.1219206306548422	0.14888286564629594	0.17734090096284058	0.028458035316544634	0	<ORIGINAL_WORKSPACE>/OpenROAD-flow-scripts/flow/reports/nangate45/jpeg/place_batch_20260421_220319/dpl_evolve_baseline/openroad_dpl_hpwl_only_9case_bo_place_batch_20260421_220319_jpeg_nangate45_trial_a5605cf7_93b15a83ed51/metrics.json	1	64 8	1	0.355371087898436	0.3647248429119545	1.3209847931304348	139.24329385223191	602	3919	1.8763346511401164	1.75 1.35 1.15 1.05
a614aca6	ok	467171.8	467171.8	467235.7	-0.013676180993880236	38.084	1.1372092328824392	-0.034465726025141946	0.013676180993880236	0.048141907019022184	0	<ORIGINAL_WORKSPACE>/OpenROAD-flow-scripts/flow/reports/nangate45/jpeg/place_batch_20260421_220319/dpl_evolve_baseline/openroad_dpl_hpwl_only_9case_bo_place_batch_20260421_220319_jpeg_nangate45_trial_a614aca6_5ed08b119e31/metrics.json	124	64	1	0.141796036304077	0.8357099148369335	0.5984811873023079	138.65576197072204	227	3695	1.881284802507769	2.50 1.75 1.25 1.08
a78f3959	ok	466576.1	466576.1	467235.7	-0.14117071961753672	35.701	1.0660515393114158	0.1411707196175367	0.1411707196175367	0.0	0	<ORIGINAL_WORKSPACE>/OpenROAD-flow-scripts/flow/reports/nangate45/jpeg/place_batch_20260421_220319/dpl_evolve_baseline/openroad_dpl_hpwl_only_9case_bo_place_batch_20260421_220319_jpeg_nangate45_trial_a78f3959_39363767334f/metrics.json	112	64 8	1	0.030372328841817543	0.6924964969159051	0.893999638867335	84.74023940931548	460	1599	1.991999197070123	2.50 1.75 1.25 1.08
a7bdef7d	ok	467139.5	467139.5	467235.7	-0.020589180150406238	34.867	1.0411478395891187	0.020589180150406238	0.020589180150406238	0.0	0	<ORIGINAL_WORKSPACE>/OpenROAD-flow-scripts/flow/reports/nangate45/jpeg/place_batch_20260421_220319/dpl_evolve_baseline/openroad_dpl_hpwl_only_9case_bo_place_batch_20260421_220319_jpeg_nangate45_trial_a7bdef7d_2dc517b8c004/metrics.json	19	512 64	0	0.651304332340991	1.407033976305306	1.2399695846609278	119.94228926040421	89	3104	1.731728600739527	1.04
a95d4c37	ok	467037.2	467037.2	467235.7	-0.04248391122510544	37.958	1.1334468034279914	-0.0008262542511109153	0.04248391122510544	0.043310165476216356	0	<ORIGINAL_WORKSPACE>/OpenROAD-flow-scripts/flow/reports/nangate45/jpeg/place_batch_20260421_220319/dpl_evolve_baseline/openroad_dpl_hpwl_only_9case_bo_place_batch_20260421_220319_jpeg_nangate45_trial_a95d4c37_847654d77289/metrics.json	96	512 64	1	0.03499310621854837	1.0816312774218577	1.2824920729293363	131.42224901819736	710	1573	1.7573176122310172	2.50 1.75 1.25 1.08
a9f660d3	ok	467316.8	467316.8	467235.7	0.017357406550907114	35.549	1.061512735525098	-0.017357406550907114	-0.017357406550907114	0.0	0	<ORIGINAL_WORKSPACE>/OpenROAD-flow-scripts/flow/reports/nangate45/jpeg/place_batch_20260421_220319/dpl_evolve_baseline/openroad_dpl_hpwl_only_9case_bo_place_batch_20260421_220319_jpeg_nangate45_trial_a9f660d3_f0f696cc3120/metrics.json	12	256	0	0.046643432641294474	1.347921257384979	0.1788327888503844	55.93550316305008	461	3989	1.880166157228784	omit
aa80d58c	ok	466633.4	466633.4	467235.7	-0.1289071019187935	35.792	1.0687688494729615	0.1289071019187935	0.1289071019187935	0.0	0	<ORIGINAL_WORKSPACE>/OpenROAD-flow-scripts/flow/reports/nangate45/jpeg/place_batch_20260421_220319/dpl_evolve_baseline/openroad_dpl_hpwl_only_9case_bo_place_batch_20260421_220319_jpeg_nangate45_trial_aa80d58c_d499f5113d62/metrics.json	32	64 8	1	0.4149736750446467	1.2560262113443939	0.27566351214447027	126.39680839903835	899	3884	1.3017273274262482	2.50 1.75 1.25 1.08
aa9f847c	ok	467175.7	467175.7	467235.7	-0.01284148450129132	37.305	1.11394786347756	-0.005298503854136317	0.012841484501291318	0.018139988355427634	0	<ORIGINAL_WORKSPACE>/OpenROAD-flow-scripts/flow/reports/nangate45/jpeg/place_batch_20260421_220319/dpl_evolve_baseline/openroad_dpl_hpwl_only_9case_bo_place_batch_20260421_220319_jpeg_nangate45_trial_aa9f847c_91c3dfe83921/metrics.json	111	512 64	1	0.011255627785899905	1.1626103380234598	0.540435250713048	101.8520221222264	58	2871	1.8443597814261947	2.50 1.75 1.25 1.08
aaf146bf	ok	466498.0	466498.0	467235.7	-0.15788605194337924	37.631	1.1236824031771628	0.127152949430173	0.15788605194337924	0.030733102513206243	0	<ORIGINAL_WORKSPACE>/OpenROAD-flow-scripts/flow/reports/nangate45/jpeg/place_batch_20260421_220319/dpl_evolve_baseline/openroad_dpl_hpwl_only_9case_bo_place_batch_20260421_220319_jpeg_nangate45_trial_aaf146bf_d34d86a28581/metrics.json	1	64 8	1	0.4253278909444726	1.5657976522384538	0.08538464458937456	139.2809489957839	1165	3949	1.9286231765477047	1.75 1.35 1.15 1.05
abbccb36	ok	466585.3	466585.3	467235.7	-0.13920169199400287	35.567	1.0620502254471618	0.13920169199400287	0.13920169199400287	0.0	0	<ORIGINAL_WORKSPACE>/OpenROAD-flow-scripts/flow/reports/nangate45/jpeg/place_batch_20260421_220319/dpl_evolve_baseline/openroad_dpl_hpwl_only_9case_bo_place_batch_20260421_220319_jpeg_nangate45_trial_abbccb36_92b7a863ef43/metrics.json	18	64 8	1	0.08410244776617748	1.5398424801327153	0.18260876290222755	65.43988351305569	576	3431	1.7754342273207548	omit
abf3401b	ok	466658.1	466658.1	467235.7	-0.12362069079910523	37.839	1.129893397832124	0.08488120570624365	0.12362069079910523	0.038739485092861584	0	<ORIGINAL_WORKSPACE>/OpenROAD-flow-scripts/flow/reports/nangate45/jpeg/place_batch_20260421_220319/dpl_evolve_baseline/openroad_dpl_hpwl_only_9case_bo_place_batch_20260421_220319_jpeg_nangate45_trial_abf3401b_4b20d9860b6f/metrics.json	60	64 8	1	0.03322657666038688	1.3536861117131644	1.1277621261620223	53.82927327232604	998	3948	1.2309421907142446	2.50 1.75 1.25 1.08
ac697207	ok	466956.3	466956.3	467235.7	-0.05979851282768489	38.445	1.1479888918749441	-0.002142633841565024	0.059798512827684884	0.06194114666924991	0	<ORIGINAL_WORKSPACE>/OpenROAD-flow-scripts/flow/reports/nangate45/jpeg/place_batch_20260421_220319/dpl_evolve_baseline/openroad_dpl_hpwl_only_9case_bo_place_batch_20260421_220319_jpeg_nangate45_trial_ac697207_313ad313dc94/metrics.json	65	512	1	0.08453910759255918	1.77031253580319	1.267935604994934	91.58406845215434	1037	3153	1.037548936971175	2.50 1.75 1.25 1.08
ad760c7a	ok	467272.2	467272.2	467235.7	0.007811903071618885	37.366	1.1157693571023322	-0.028312443873182498	-0.007811903071618885	0.020500540801563615	0	<ORIGINAL_WORKSPACE>/OpenROAD-flow-scripts/flow/reports/nangate45/jpeg/place_batch_20260421_220319/dpl_evolve_baseline/openroad_dpl_hpwl_only_9case_bo_place_batch_20260421_220319_jpeg_nangate45_trial_ad760c7a_fc759a8204b2/metrics.json	79	128	1	0.06336473063795953	1.4440648880296993	0.5816267808901453	69.3829210811663	781	3168	1.251654060671403	2.50 1.75 1.25 1.08
ae064be0	ok	466614.0	466614.0	467235.7	-0.13305918190754937	36.36	1.0857296425692018	0.13305918190754937	0.13305918190754937	0.0	0	<ORIGINAL_WORKSPACE>/OpenROAD-flow-scripts/flow/reports/nangate45/jpeg/place_batch_20260421_220319/dpl_evolve_baseline/openroad_dpl_hpwl_only_9case_bo_place_batch_20260421_220319_jpeg_nangate45_trial_ae064be0_89f4de19d619/metrics.json	102	64 8	1	0.23501700498573336	0.748987010894478	1.254698185039703	39.198366424743135	409	1682	1.9946930496973092	2.50 1.75 1.25 1.08
aea602df	ok	466513.5	466513.5	467235.7	-0.15456866844721232	37.547	1.1211741168741975	0.12707518343448032	0.15456866844721232	0.027493485012732004	0	<ORIGINAL_WORKSPACE>/OpenROAD-flow-scripts/flow/reports/nangate45/jpeg/place_batch_20260421_220319/dpl_evolve_baseline/openroad_dpl_hpwl_only_9case_bo_place_batch_20260421_220319_jpeg_nangate45_trial_aea602df_d9035d1167c2/metrics.json	33	64 8	1	0.06986453046598118	1.5519265757169995	1.408687618219619	14.528427558959782	455	3884	1.443779953881017	2.50 1.75 1.25 1.08
af12008d	ok	467300.0	467300.0	467235.7	0.013761790890548038	40.671	1.2144584789035207	-0.15939721287601863	-0.013761790890548038	0.14563542198547058	0	<ORIGINAL_WORKSPACE>/OpenROAD-flow-scripts/flow/reports/nangate45/jpeg/place_batch_20260421_220319/dpl_evolve_baseline/openroad_dpl_hpwl_only_9case_bo_place_batch_20260421_220319_jpeg_nangate45_trial_af12008d_bc15c4930867/metrics.json	42	128	1	0.26803764082261994	0.5356999760933321	0.21323907871724757	86.12622476486055	79	3645	1.3306091025266449	omit
af707f8c	ok	467514.5	467514.5	467235.7	0.0596700979826645	35.472	1.0592134730807132	-0.0596700979826645	-0.0596700979826645	0.0	0	<ORIGINAL_WORKSPACE>/OpenROAD-flow-scripts/flow/reports/nangate45/jpeg/place_batch_20260421_220319/dpl_evolve_baseline/openroad_dpl_hpwl_only_9case_bo_place_batch_20260421_220319_jpeg_nangate45_trial_af707f8c_9791b30fdbd4/metrics.json	96	1024 128	0	0.2207168272482729	0.7405943541118932	0.9126044177294523	108.6080681861186	345	3537	1.6752026201681098	1.75 1.35 1.15 1.05
b0b6d78a	ok	466577.4	466577.4	467235.7	-0.1408924874533321	37.062	1.1066917495296964	0.13217522349079813	0.14089248745333208	0.008717263962533936	0	<ORIGINAL_WORKSPACE>/OpenROAD-flow-scripts/flow/reports/nangate45/jpeg/place_batch_20260421_220319/dpl_evolve_baseline/openroad_dpl_hpwl_only_9case_bo_place_batch_20260421_220319_jpeg_nangate45_trial_b0b6d78a_d51d4870c720/metrics.json	115	64 8	1	0.04287806495528565	1.208706004084087	0.5973427512223737	137.05376745392752	167	2923	1.8753106134250468	1.04
b18a1c6d	ok	467278.7	467278.7	467235.7	0.00920306389259211	33.638	1.0044492221326407	-0.00920306389259211	-0.00920306389259211	0.0	0	<ORIGINAL_WORKSPACE>/OpenROAD-flow-scripts/flow/reports/nangate45/jpeg/place_batch_20260421_220319/dpl_evolve_baseline/openroad_dpl_hpwl_only_9case_bo_place_batch_20260421_220319_jpeg_nangate45_trial_b18a1c6d_9fee651a0a63/metrics.json	54	32	1	0.3808937207384497	0.2877834532385021	1.1187943920733265	111.09837325790475	684	3903	1.8194165311456567	2.50 1.75 1.25 1.08
b27b53f6	ok	466541.3	466541.3	467235.7	-0.14861878062828315	34.651	1.0346979605243514	0.14861878062828318	0.14861878062828318	0.0	0	<ORIGINAL_WORKSPACE>/OpenROAD-flow-scripts/flow/reports/nangate45/jpeg/place_batch_20260421_220319/dpl_evolve_baseline/openroad_dpl_hpwl_only_9case_bo_place_batch_20260421_220319_jpeg_nangate45_trial_b27b53f6_fc530c330801/metrics.json	4	64 8	0	0.12423714158757437	0.4403849288095079	1.4591881855646736	93.31322484025374	584	2370	1.8770490783695202	2.00 1.50 1.20 1.05
b559ab26	ok	466278.7	466278.7	467235.7	-0.2048216777955965	36.415	1.0873719728866196	0.2048216777955965	0.2048216777955965	0.0	0	<ORIGINAL_WORKSPACE>/OpenROAD-flow-scripts/flow/reports/nangate45/jpeg/place_batch_20260421_220319/dpl_evolve_baseline/openroad_dpl_hpwl_only_9case_bo_place_batch_20260421_220319_jpeg_nangate45_trial_b559ab26_57a559c020fd/metrics.json	21	64 8	1	0.08763400226678848	1.2587387486942245	0.1708450855405534	70.85064654296707	624	3954	1.7610792406037545	omit
b56667a9	ok	466572.8	466572.8	467235.7	-0.14187700126510522	34.844	1.0404610469109261	0.14187700126510522	0.14187700126510522	0.0	0	<ORIGINAL_WORKSPACE>/OpenROAD-flow-scripts/flow/reports/nangate45/jpeg/place_batch_20260421_220319/dpl_evolve_baseline/openroad_dpl_hpwl_only_9case_bo_place_batch_20260421_220319_jpeg_nangate45_trial_b56667a9_0d9f6a93e205/metrics.json	127	64 8	1	0.0028638221022517967	0.4001653463514274	0.8142451347876589	134.81575517639615	385	2613	1.491719650852732	1.25 1.10 1.04
b5f6cd88	ok	467333.7	467333.7	467235.7	0.020974424685442486	38.537	1.1507360625877154	-0.08642190368643322	-0.020974424685442486	0.06544747900099074	0	<ORIGINAL_WORKSPACE>/OpenROAD-flow-scripts/flow/reports/nangate45/jpeg/place_batch_20260421_220319/dpl_evolve_baseline/openroad_dpl_hpwl_only_9case_bo_place_batch_20260421_220319_jpeg_nangate45_trial_b5f6cd88_7967728c732d/metrics.json	63	omit	1	0.4277373293360762	1.615396818224419	0.7393929822025813	32.05398564443717	933	1304	1.7332450677264275	omit
b61df507	ok	467181.4	467181.4	467235.7	-0.011621543473666151	37.385	1.1163367075756219	-0.009613857766091352	0.011621543473666151	0.021235401239757503	0	<ORIGINAL_WORKSPACE>/OpenROAD-flow-scripts/flow/reports/nangate45/jpeg/place_batch_20260421_220319/dpl_evolve_baseline/openroad_dpl_hpwl_only_9case_bo_place_batch_20260421_220319_jpeg_nangate45_trial_b61df507_13d66e206faf/metrics.json	49	128	1	0.1272317388243061	1.6355216499709009	0.3623869193529453	94.68654731730179	155	2397	1.5555041154479574	1.75 1.35 1.15 1.05
b78e01e3	ok	466674.1	466674.1	467235.7	-0.12019629493209422	34.996	1.044999850697244	0.12019629493209422	0.12019629493209422	0.0	0	<ORIGINAL_WORKSPACE>/OpenROAD-flow-scripts/flow/reports/nangate45/jpeg/place_batch_20260421_220319/dpl_evolve_baseline/openroad_dpl_hpwl_only_9case_bo_place_batch_20260421_220319_jpeg_nangate45_trial_b78e01e3_e074884238fd/metrics.json	37	64 8	1	0.26821705392062195	1.7989941397898774	1.4166038126895089	12.204106327472244	712	3611	1.4158095068907623	1.10 1.04
b8d227de	ok	467110.9	467110.9	467235.7	-0.02671028776268345	35.489	1.0597211024515512	0.02671028776268345	0.02671028776268345	0.0	0	<ORIGINAL_WORKSPACE>/OpenROAD-flow-scripts/flow/reports/nangate45/jpeg/place_batch_20260421_220319/dpl_evolve_baseline/openroad_dpl_hpwl_only_9case_bo_place_batch_20260421_220319_jpeg_nangate45_trial_b8d227de_24fcbcc897e2/metrics.json	51	omit	0	0.9401074823333672	1.16402835989416	1.763722369603096	126.71016680883328	1092	1893	1.5463468160203733	1.04
b95ce84d	ok	466756.3	466756.3	467235.7	-0.10260346116532262	36.176	1.0802353011436592	0.10260346116532261	0.10260346116532261	0.0	0	<ORIGINAL_WORKSPACE>/OpenROAD-flow-scripts/flow/reports/nangate45/jpeg/place_batch_20260421_220319/dpl_evolve_baseline/openroad_dpl_hpwl_only_9case_bo_place_batch_20260421_220319_jpeg_nangate45_trial_b95ce84d_b7a8423dc223/metrics.json	25	64 8	1	0.1364710430644377	1.9778369319012163	0.6831993454198668	52.44778968876489	856	2511	1.2455504741632026	1.25 1.10 1.04
b982f55a	ok	467310.9	467310.9	467235.7	0.016094660574954275	35.618	1.0635731135596764	-0.016094660574954275	-0.016094660574954275	0.0	0	<ORIGINAL_WORKSPACE>/OpenROAD-flow-scripts/flow/reports/nangate45/jpeg/place_batch_20260421_220319/dpl_evolve_baseline/openroad_dpl_hpwl_only_9case_bo_place_batch_20260421_220319_jpeg_nangate45_trial_b982f55a_5ba5d6527d5f/metrics.json	78	1024	0	0.40158672838208603	1.5289007643625587	1.4424308908011736	137.30054894813182	353	2182	1.184814554833352	omit
b9d2cb29	ok	467347.9	467347.9	467235.7	0.024013576017417257	35.287	1.0536892711039447	-0.024013576017417257	-0.024013576017417257	0.0	0	<ORIGINAL_WORKSPACE>/OpenROAD-flow-scripts/flow/reports/nangate45/jpeg/place_batch_20260421_220319/dpl_evolve_baseline/openroad_dpl_hpwl_only_9case_bo_place_batch_20260421_220319_jpeg_nangate45_trial_b9d2cb29_61c8b75d90bd/metrics.json	9	512 64	1	0.45057438065211364	0.3602930924947214	1.7487590401835416	93.19216896659995	371	3933	1.7453929319144126	1.75 1.35 1.15 1.05
bb358501	ok	467387.6	467387.6	467235.7	0.032510358262428374	35.472	1.0592134730807132	-0.03251035826242838	-0.03251035826242838	0.0	0	<ORIGINAL_WORKSPACE>/OpenROAD-flow-scripts/flow/reports/nangate45/jpeg/place_batch_20260421_220319/dpl_evolve_baseline/openroad_dpl_hpwl_only_9case_bo_place_batch_20260421_220319_jpeg_nangate45_trial_bb358501_d45617b31e6c/metrics.json	26	128	0	0.02508393678495488	1.5360180990434231	0.5165679720369918	119.69684015019571	709	3824	1.300070363651058	2.50 1.75 1.25 1.08
bb4ac2e3	ok	467059.8	467059.8	467235.7	-0.03764695206295736	35.753	1.0676042879751562	0.037646952062957366	0.037646952062957366	0.0	0	<ORIGINAL_WORKSPACE>/OpenROAD-flow-scripts/flow/reports/nangate45/jpeg/place_batch_20260421_220319/dpl_evolve_baseline/openroad_dpl_hpwl_only_9case_bo_place_batch_20260421_220319_jpeg_nangate45_trial_bb4ac2e3_b0328a3b4c13/metrics.json	3	128 16	1	0.026419304174846836	0.24688457328017727	0.3341533786588974	60.13921835474954	621	1723	1.7128063437053098	omit
bb704097	ok	467256.9	467256.9	467235.7	0.004537324523792091	36.406	1.0871032279255877	-0.004537324523792091	-0.004537324523792091	0.0	0	<ORIGINAL_WORKSPACE>/OpenROAD-flow-scripts/flow/reports/nangate45/jpeg/place_batch_20260421_220319/dpl_evolve_baseline/openroad_dpl_hpwl_only_9case_bo_place_batch_20260421_220319_jpeg_nangate45_trial_bb704097_748fa18266c7/metrics.json	127	omit	1	0.11568460088150523	1.003072680648356	1.1884380717863259	79.96235108739855	479	2142	1.9930301513562587	2.50 1.75 1.25 1.08
bb89b7a1	ok	467203.4	467203.4	467235.7	-0.006912999156526002	38.327	1.1444653468303025	-0.050524748019089155	0.006912999156526001	0.05743774717561516	0	<ORIGINAL_WORKSPACE>/OpenROAD-flow-scripts/flow/reports/nangate45/jpeg/place_batch_20260421_220319/dpl_evolve_baseline/openroad_dpl_hpwl_only_9case_bo_place_batch_20260421_220319_jpeg_nangate45_trial_bb89b7a1_aabb998d3fbf/metrics.json	38	512	1	0.19015692019875868	1.7251959501686125	0.18832301131528265	51.98890646589136	734	3538	1.9294837393712652	omit
bc3faf00	ok	466574.6	466574.6	467235.7	-0.14149175673006897	31.549	0.9420705306219953	0.14149175673006897	0.14149175673006897	0.0	0	<ORIGINAL_WORKSPACE>/OpenROAD-flow-scripts/flow/reports/nangate45/jpeg/place_batch_20260421_220319/dpl_evolve_baseline/openroad_dpl_hpwl_only_9case_bo_place_batch_20260421_220319_jpeg_nangate45_trial_bc3faf00_6b13fbc2acc8/metrics.json	20	64 8	0	0.13845648753517786	1.3881332373532056	1.727556040319596	110.64705097691522	659	2564	1.7943872800435745	2.00 1.50 1.20 1.05
bcb9420a	ok	467114.8	467114.8	467235.7	-0.02587559127010699	35.731	1.066947355848189	0.02587559127010699	0.02587559127010699	0.0	0	<ORIGINAL_WORKSPACE>/OpenROAD-flow-scripts/flow/reports/nangate45/jpeg/place_batch_20260421_220319/dpl_evolve_baseline/openroad_dpl_hpwl_only_9case_bo_place_batch_20260421_220319_jpeg_nangate45_trial_bcb9420a_1c630d99f935/metrics.json	69	64	1	0.3116595353070253	0.41918972000306753	1.2818400268082697	79.6928753875583	1044	3920	1.5432928874186955	2.00 1.50 1.20 1.05
bcd5aaf8	ok	466472.8	466472.8	467235.7	-0.1632794754339241	37.532	1.120726208605811	0.13636487474348497	0.1632794754339241	0.02691460069043912	0	<ORIGINAL_WORKSPACE>/OpenROAD-flow-scripts/flow/reports/nangate45/jpeg/place_batch_20260421_220319/dpl_evolve_baseline/openroad_dpl_hpwl_only_9case_bo_place_batch_20260421_220319_jpeg_nangate45_trial_bcd5aaf8_87e49bd2e04d/metrics.json	58	64 8	1	0.1476649042306643	1.701487315272598	0.5772066237655499	122.33868428946687	988	2625	1.006444100168488	2.00 1.50 1.20 1.05
bcefa8d5	ok	467163.7	467163.7	467235.7	-0.015409781401549581	36.802	1.0989280062109947	0.015409781401549581	0.015409781401549581	0.0	0	<ORIGINAL_WORKSPACE>/OpenROAD-flow-scripts/flow/reports/nangate45/jpeg/place_batch_20260421_220319/dpl_evolve_baseline/openroad_dpl_hpwl_only_9case_bo_place_batch_20260421_220319_jpeg_nangate45_trial_bcefa8d5_c45652730e22/metrics.json	62	128 16	1	0.4220361932188116	0.056025039936359676	1.1210168902257551	101.71494743163689	1119	3677	1.415428322097476	2.50 1.75 1.25 1.08
bdf22d7a	ok	467238.5	467238.5	467235.7	0.0005992692767244366	33.609	1.0035832661470931	-0.0005992692767244366	-0.0005992692767244366	0.0	0	<ORIGINAL_WORKSPACE>/OpenROAD-flow-scripts/flow/reports/nangate45/jpeg/place_batch_20260421_220319/dpl_evolve_baseline/openroad_dpl_hpwl_only_9case_bo_place_batch_20260421_220319_jpeg_nangate45_trial_bdf22d7a_80235899bc15/metrics.json	119	256 32	1	0.2129300521327176	1.215449094505822	0.5623276754382546	149.7855725224884	376	1837	1.7101182452160704	1.10 1.04
bf277b6d	ok	467004.1	467004.1	467235.7	-0.04956813017499196	38.87	1.1606796261458987	-0.028535885634247714	0.04956813017499196	0.07810401580923967	0	<ORIGINAL_WORKSPACE>/OpenROAD-flow-scripts/flow/reports/nangate45/jpeg/place_batch_20260421_220319/dpl_evolve_baseline/openroad_dpl_hpwl_only_9case_bo_place_batch_20260421_220319_jpeg_nangate45_trial_bf277b6d_f57aec4caee7/metrics.json	22	256 32	1	0.30736652450088087	1.852741858415277	1.3342092195246804	4.250562459291677	459	3763	1.3751887419059383	1.25 1.10 1.04
bf7453fc	ok	467152.6	467152.6	467235.7	-0.01778545603429595	39.492	1.1792528890083311	-0.08381493210902521	0.01778545603429595	0.10160038814332116	0	<ORIGINAL_WORKSPACE>/OpenROAD-flow-scripts/flow/reports/nangate45/jpeg/place_batch_20260421_220319/dpl_evolve_baseline/openroad_dpl_hpwl_only_9case_bo_place_batch_20260421_220319_jpeg_nangate45_trial_bf7453fc_13ec3cd9ecba/metrics.json	60	512	1	0.26554790244849125	1.2739499868124258	0.8017098888064157	91.17603243430473	688	3968	1.3462600296860125	1.25 1.10 1.04
bf82f368	ok	466577.4	466577.4	467235.7	-0.1408924874533321	34.539	1.0313535787870645	0.14089248745333208	0.14089248745333208	0.0	0	<ORIGINAL_WORKSPACE>/OpenROAD-flow-scripts/flow/reports/nangate45/jpeg/place_batch_20260421_220319/dpl_evolve_baseline/openroad_dpl_hpwl_only_9case_bo_place_batch_20260421_220319_jpeg_nangate45_trial_bf82f368_94b0ec3c80fc/metrics.json	5	64 8	0	0.05443585420256583	0.3542393737492679	0.3852874650671796	55.32835053560683	493	2938	1.1426456717229203	omit
c22626da	ok	466147.2	466147.2	467235.7	-0.23296593132759333	37.912	1.1320732180716058	0.19142173281969344	0.23296593132759333	0.04154419850789989	0	<ORIGINAL_WORKSPACE>/OpenROAD-flow-scripts/flow/reports/nangate45/jpeg/place_batch_20260421_220319/dpl_evolve_baseline/openroad_dpl_hpwl_only_9case_bo_place_batch_20260421_220319_jpeg_nangate45_trial_c22626da_8e37bbaec301/metrics.json	5	64 8	1	0.0002882565869197669	0.6761238661422312	0.22623656400331982	62.93533117555492	439	3191	1.229619500730066	omit
c24d59ec	ok	466510.4	466510.4	467235.7	-0.15523214514644074	35.175	1.0503448893666578	0.15523214514644074	0.15523214514644074	0.0	0	<ORIGINAL_WORKSPACE>/OpenROAD-flow-scripts/flow/reports/nangate45/jpeg/place_batch_20260421_220319/dpl_evolve_baseline/openroad_dpl_hpwl_only_9case_bo_place_batch_20260421_220319_jpeg_nangate45_trial_c24d59ec_6268d735857d/metrics.json	45	64 8	1	0.13591739425517677	0.6823102929350622	0.4807793223245704	95.49569413786892	169	3698	1.017800630429701	1.75 1.35 1.15 1.05
c2f0b718	ok	466623.6	466623.6	467235.7	-0.13100454438734774	34.529	1.0310549732748069	0.13100454438734774	0.13100454438734774	0.0	0	<ORIGINAL_WORKSPACE>/OpenROAD-flow-scripts/flow/reports/nangate45/jpeg/place_batch_20260421_220319/dpl_evolve_baseline/openroad_dpl_hpwl_only_9case_bo_place_batch_20260421_220319_jpeg_nangate45_trial_c2f0b718_8486e77fc296/metrics.json	55	64 8	0	0.4580580237213517	1.7705413105323877	1.5105093155179738	135.6815833970703	131	2733	1.1947954334827449	2.50 1.75 1.25 1.08
c42dd9ff	ok	467105.9	467105.9	467235.7	-0.02778041147112439	34.096	1.0181253545940459	0.027780411471124394	0.027780411471124394	0.0	0	<ORIGINAL_WORKSPACE>/OpenROAD-flow-scripts/flow/reports/nangate45/jpeg/place_batch_20260421_220319/dpl_evolve_baseline/openroad_dpl_hpwl_only_9case_bo_place_batch_20260421_220319_jpeg_nangate45_trial_c42dd9ff_724e283559d9/metrics.json	13	1024	0	0.4966724259929597	0.36486202443844173	0.8795672637638974	55.416671292320245	562	3501	1.844638301271331	2.00 1.50 1.20 1.05
c4a7f80e	ok	467085.3	467085.3	467235.7	-0.03218932114990855	38.736	1.1566783122816446	-0.04082821775460874	0.03218932114990855	0.07301753890451729	0	<ORIGINAL_WORKSPACE>/OpenROAD-flow-scripts/flow/reports/nangate45/jpeg/place_batch_20260421_220319/dpl_evolve_baseline/openroad_dpl_hpwl_only_9case_bo_place_batch_20260421_220319_jpeg_nangate45_trial_c4a7f80e_fe26f6523f0a/metrics.json	105	128 16	1	0.07014997742699561	1.9930296090112039	1.4410120188123139	119.32275750636266	806	3623	1.1473909395424016	2.50 1.75 1.25 1.08
c4ced117	ok	466478.7	466478.7	467235.7	-0.1620167294579588	35.441	1.0582877959927142	0.1620167294579588	0.1620167294579588	0.0	0	<ORIGINAL_WORKSPACE>/OpenROAD-flow-scripts/flow/reports/nangate45/jpeg/place_batch_20260421_220319/dpl_evolve_baseline/openroad_dpl_hpwl_only_9case_bo_place_batch_20260421_220319_jpeg_nangate45_trial_c4ced117_6fa3d6861140/metrics.json	71	64 8	1	0.08712064107135523	1.56270751694397	1.7537877788970313	25.310072926959563	921	3998	1.1892095147136232	1.75 1.35 1.15 1.05
c550cf60	ok	466561.1	466561.1	467235.7	-0.1443810907428595	36.396	1.0868046224133299	0.1443810907428595	0.1443810907428595	0.0	0	<ORIGINAL_WORKSPACE>/OpenROAD-flow-scripts/flow/reports/nangate45/jpeg/place_batch_20260421_220319/dpl_evolve_baseline/openroad_dpl_hpwl_only_9case_bo_place_batch_20260421_220319_jpeg_nangate45_trial_c550cf60_90fe4f035430/metrics.json	3	64 8	1	0.1916552450035819	0.36319327985670885	0.1830217119565664	60.764755585781614	269	2910	1.4824425391139018	2.00 1.50 1.20 1.05
c64e89d6	ok	467700.9	467700.9	467235.7	0.09956430983334784	36.131	1.0788915763384994	-0.09956430983334784	-0.09956430983334784	0.0	0	<ORIGINAL_WORKSPACE>/OpenROAD-flow-scripts/flow/reports/nangate45/jpeg/place_batch_20260421_220319/dpl_evolve_baseline/openroad_dpl_hpwl_only_9case_bo_place_batch_20260421_220319_jpeg_nangate45_trial_c64e89d6_4ca665defb37/metrics.json	42	512 64	1	0.9318611166365406	1.8737367626181873	1.6964433997031407	138.03097714584908	312	441	1.2273097362846888	2.50 1.75 1.25 1.08
c6933bc1	ok	467431.6	467431.6	467235.7	0.04192744689670867	36.62	1.0934933858879035	-0.04192744689670868	-0.04192744689670868	0.0	0	<ORIGINAL_WORKSPACE>/OpenROAD-flow-scripts/flow/reports/nangate45/jpeg/place_batch_20260421_220319/dpl_evolve_baseline/openroad_dpl_hpwl_only_9case_bo_place_batch_20260421_220319_jpeg_nangate45_trial_c6933bc1_3d29887a9b0a/metrics.json	14	128	1	0.10910361114677297	0.745092242417978	0.783044274201738	67.34264599518278	198	3034	1.7406491037026552	1.04
c69c08f0	ok	466950.7	466950.7	467235.7	-0.06099705138113376	34.126	1.019021171130819	0.06099705138113376	0.06099705138113376	0.0	0	<ORIGINAL_WORKSPACE>/OpenROAD-flow-scripts/flow/reports/nangate45/jpeg/place_batch_20260421_220319/dpl_evolve_baseline/openroad_dpl_hpwl_only_9case_bo_place_batch_20260421_220319_jpeg_nangate45_trial_c69c08f0_6febad238304/metrics.json	7	64 8	1	0.42996507012626006	1.3378435997223046	0.36769629922022046	64.2877202562129	806	2373	1.924308013065987	1.04
c83fc262	ok	466175.2	466175.2	467235.7	-0.22697323856032403	36.093	1.07775687539192	0.22697323856032406	0.22697323856032406	0.0	0	<ORIGINAL_WORKSPACE>/OpenROAD-flow-scripts/flow/reports/nangate45/jpeg/place_batch_20260421_220319/dpl_evolve_baseline/openroad_dpl_hpwl_only_9case_bo_place_batch_20260421_220319_jpeg_nangate45_trial_c83fc262_9292b597666e/metrics.json	43	64 8	1	0.0027343438516975894	1.752955963027428	0.1196371986390873	109.41865134388404	86	1980	1.2853678651051257	1.75 1.35 1.15 1.05
c87e1e7d	ok	467080.5	467080.5	467235.7	-0.033216639910009366	37.852	1.130281584998059	-0.006022512563638706	0.033216639910009366	0.03923915247364807	0	<ORIGINAL_WORKSPACE>/OpenROAD-flow-scripts/flow/reports/nangate45/jpeg/place_batch_20260421_220319/dpl_evolve_baseline/openroad_dpl_hpwl_only_9case_bo_place_batch_20260421_220319_jpeg_nangate45_trial_c87e1e7d_6c8df3beec32/metrics.json	71	1024 128	1	0.15206843177541846	0.2430368338627349	1.830701683705918	137.09669945224874	733	3789	1.6817792601537846	1.50 1.25 1.10 1.04
c8b160b4	ok	466629.8	466629.8	467235.7	-0.1296775909888785	37.504	1.1198901131714891	0.10384388395461269	0.1296775909888785	0.0258337070342658	0	<ORIGINAL_WORKSPACE>/OpenROAD-flow-scripts/flow/reports/nangate45/jpeg/place_batch_20260421_220319/dpl_evolve_baseline/openroad_dpl_hpwl_only_9case_bo_place_batch_20260421_220319_jpeg_nangate45_trial_c8b160b4_d950520e4f03/metrics.json	90	64 8	1	0.15099526679658606	1.5060919789182772	1.23585794692453	74.77568131107877	466	715	1.7580912371758486	2.50 1.75 1.25 1.08
c8fd1869	ok	466471.9	466471.9	467235.7	-0.163472097701436	34.872	1.0412971423452477	0.16347209770143598	0.16347209770143598	0.0	0	<ORIGINAL_WORKSPACE>/OpenROAD-flow-scripts/flow/reports/nangate45/jpeg/place_batch_20260421_220319/dpl_evolve_baseline/openroad_dpl_hpwl_only_9case_bo_place_batch_20260421_220319_jpeg_nangate45_trial_c8fd1869_e7756bdddf9f/metrics.json	114	64 8	1	0.18909710472692937	1.6546143438618712	1.9214498832713995	55.952238630668234	360	2282	1.0649199745094866	omit
c9090ed6	ok	466733.7	466733.7	467235.7	-0.10744042032747068	35.021	1.0457463644778884	0.1074404203274707	0.1074404203274707	0.0	0	<ORIGINAL_WORKSPACE>/OpenROAD-flow-scripts/flow/reports/nangate45/jpeg/place_batch_20260421_220319/dpl_evolve_baseline/openroad_dpl_hpwl_only_9case_bo_place_batch_20260421_220319_jpeg_nangate45_trial_c9090ed6_de52313dd930/metrics.json	34	64 8	1	0.06809466536349529	0.287496795066954	1.0370750491132044	46.65205147327319	345	3918	1.1013282141009115	1.75 1.35 1.15 1.05
c9202c5c	ok	467218.2	467218.2	467235.7	-0.0037454329795433014	37.68	1.1251455701872257	-0.028875776794124015	0.003745432979543301	0.032621209773667316	0	<ORIGINAL_WORKSPACE>/OpenROAD-flow-scripts/flow/reports/nangate45/jpeg/place_batch_20260421_220319/dpl_evolve_baseline/openroad_dpl_hpwl_only_9case_bo_place_batch_20260421_220319_jpeg_nangate45_trial_c9202c5c_5feb83201ff8/metrics.json	7	256 32	1	0.46206561053585454	0.6624178999697867	1.5998467784457369	136.5654212473265	839	3711	1.9726576638229327	1.75 1.35 1.15 1.05
c990a2a5	ok	467356.9	467356.9	467235.7	0.025939798692610955	36.607	1.0931051987219684	-0.025939798692610955	-0.025939798692610955	0.0	0	<ORIGINAL_WORKSPACE>/OpenROAD-flow-scripts/flow/reports/nangate45/jpeg/place_batch_20260421_220319/dpl_evolve_baseline/openroad_dpl_hpwl_only_9case_bo_place_batch_20260421_220319_jpeg_nangate45_trial_c990a2a5_db9076867b35/metrics.json	13	64	0	0.26345439365482226	0.22254371120456232	1.516913155317239	138.0239643194303	490	3870	1.8329125628317766	1.25 1.10 1.04
ca0cf9eb	ok	467650.2	467650.2	467235.7	0.0887132554297542	37.609	1.1230254710501957	-0.11859823647096038	-0.08871325542975418	0.0298849810412062	0	<ORIGINAL_WORKSPACE>/OpenROAD-flow-scripts/flow/reports/nangate45/jpeg/place_batch_20260421_220319/dpl_evolve_baseline/openroad_dpl_hpwl_only_9case_bo_place_batch_20260421_220319_jpeg_nangate45_trial_ca0cf9eb_0477f1be8bd8/metrics.json	104	256 32	1	0.49958417067888605	1.4571713359491925	0.45597915489714336	37.20503375658461	1030	1722	1.6166850671552362	1.04
cb4e37d7	ok	467169.6	467169.6	467235.7	-0.014147035425596742	37.621	1.123383797664905	-0.016200588069606614	0.014147035425596744	0.030347623495203358	0	<ORIGINAL_WORKSPACE>/OpenROAD-flow-scripts/flow/reports/nangate45/jpeg/place_batch_20260421_220319/dpl_evolve_baseline/openroad_dpl_hpwl_only_9case_bo_place_batch_20260421_220319_jpeg_nangate45_trial_cb4e37d7_63d0157bc631/metrics.json	20	256 32	1	0.16059489467081656	1.6831356914375102	0.7105054808888618	97.48272888152125	828	3422	1.1003645539123537	1.25 1.10 1.04
cbe5eddb	ok	466597.9	466597.9	467235.7	-0.1365049802487242	33.497	1.0002388844098062	0.1365049802487242	0.1365049802487242	0.0	0	<ORIGINAL_WORKSPACE>/OpenROAD-flow-scripts/flow/reports/nangate45/jpeg/place_batch_20260421_220319/dpl_evolve_baseline/openroad_dpl_hpwl_only_9case_bo_place_batch_20260421_220319_jpeg_nangate45_trial_cbe5eddb_172e0a36382a/metrics.json	48	64 8	0	0.13588265222402918	1.05162392389219	0.660064352313756	126.80098540734173	494	3960	1.0403403351151146	1.25 1.10 1.04
ce09cb6d	ok	466432.6	466432.6	467235.7	-0.17188327004979176	36.006	1.0751590074352773	0.17188327004979176	0.17188327004979176	0.0	0	<ORIGINAL_WORKSPACE>/OpenROAD-flow-scripts/flow/reports/nangate45/jpeg/place_batch_20260421_220319/dpl_evolve_baseline/openroad_dpl_hpwl_only_9case_bo_place_batch_20260421_220319_jpeg_nangate45_trial_ce09cb6d_da031e645759/metrics.json	4	64 8	1	0.051497537601677496	0.23054130365067999	0.2300882882756651	66.61643044735453	518	3892	1.2281767058410553	1.25 1.10 1.04
ce4fdbe5	ok	466431.7	466431.7	467235.7	-0.17207589231730366	34.468	1.0292334796500344	0.17207589231730366	0.17207589231730366	0.0	0	<ORIGINAL_WORKSPACE>/OpenROAD-flow-scripts/flow/reports/nangate45/jpeg/place_batch_20260421_220319/dpl_evolve_baseline/openroad_dpl_hpwl_only_9case_bo_place_batch_20260421_220319_jpeg_nangate45_trial_ce4fdbe5_68182d089761/metrics.json	83	64 8	1	0.17391787615507234	1.5661904471109267	1.6205245695903636	76.95068638139387	969	2822	1.2316683026906055	1.04
ce9d0137	ok	466674.0	466674.0	467235.7	-0.12021769740625805	33.45	0.9988354385021949	0.12021769740625805	0.12021769740625805	0.0	0	<ORIGINAL_WORKSPACE>/OpenROAD-flow-scripts/flow/reports/nangate45/jpeg/place_batch_20260421_220319/dpl_evolve_baseline/openroad_dpl_hpwl_only_9case_bo_place_batch_20260421_220319_jpeg_nangate45_trial_ce9d0137_9036830ab689/metrics.json	10	64 8	0	0.018576202177409518	0.14004428743844466	0.9983729663272121	90.94941924799956	704	1338	1.988616154412449	2.00 1.50 1.20 1.05
ceda57e7	ok	466965.4	466965.4	467235.7	-0.057850887678314894	36.909	1.1021230851921526	0.05508230477295014	0.057850887678314894	0.002768582905364753	0	<ORIGINAL_WORKSPACE>/OpenROAD-flow-scripts/flow/reports/nangate45/jpeg/place_batch_20260421_220319/dpl_evolve_baseline/openroad_dpl_hpwl_only_9case_bo_place_batch_20260421_220319_jpeg_nangate45_trial_ceda57e7_b4064835c6b2/metrics.json	78	256	1	0.24746601568823953	1.142110013817776	1.5945166905152397	83.5698219507546	829	2893	1.253250470007889	2.50 1.75 1.25 1.08
cf7d1d7b	ok	467040.7	467040.7	467235.7	-0.04173482462919678	36.951	1.1033772283436354	0.03733204467188072	0.04173482462919678	0.004402779957316062	0	<ORIGINAL_WORKSPACE>/OpenROAD-flow-scripts/flow/reports/nangate45/jpeg/place_batch_20260421_220319/dpl_evolve_baseline/openroad_dpl_hpwl_only_9case_bo_place_batch_20260421_220319_jpeg_nangate45_trial_cf7d1d7b_df8c5cacc306/metrics.json	107	256 32	1	0.3389220048185932	0.8748241389672908	1.784022585331064	64.9856285859907	714	3629	1.0044631774145538	2.50 1.75 1.25 1.08
cf86acf4	ok	466416.9	466416.9	467235.7	-0.17524345849428635	38.006	1.1348801098868286	0.13009168535716287	0.17524345849428635	0.04515177313712348	0	<ORIGINAL_WORKSPACE>/OpenROAD-flow-scripts/flow/reports/nangate45/jpeg/place_batch_20260421_220319/dpl_evolve_baseline/openroad_dpl_hpwl_only_9case_bo_place_batch_20260421_220319_jpeg_nangate45_trial_cf86acf4_77ec4167b363/metrics.json	48	64 8	1	0.3308233988449896	1.5754669625567703	0.9092820562089753	130.79615526445212	648	3946	1.2485356543334025	2.00 1.50 1.20 1.05
cf999abf	ok	466629.0	466629.0	467235.7	-0.12984881078222654	31.941	0.9537758667024994	0.12984881078222654	0.12984881078222654	0.0	0	<ORIGINAL_WORKSPACE>/OpenROAD-flow-scripts/flow/reports/nangate45/jpeg/place_batch_20260421_220319/dpl_evolve_baseline/openroad_dpl_hpwl_only_9case_bo_place_batch_20260421_220319_jpeg_nangate45_trial_cf999abf_9382bf9d2f32/metrics.json	63	64 8	0	0.3125013784920495	1.0090383394019893	1.364005565632892	115.52249344681383	200	189	1.5190823222119896	1.25 1.10 1.04
d0566b6b	ok	467431.8	467431.8	467235.7	0.04197025184504881	31.946	0.9539251694586284	-0.04197025184504881	-0.04197025184504881	0.0	0	<ORIGINAL_WORKSPACE>/OpenROAD-flow-scripts/flow/reports/nangate45/jpeg/place_batch_20260421_220319/dpl_evolve_baseline/openroad_dpl_hpwl_only_9case_bo_place_batch_20260421_220319_jpeg_nangate45_trial_d0566b6b_b7925b9e8220/metrics.json	111	512 64	0	0.002404462249313316	0.6100116774565225	1.9425926294930587	99.28534067211295	344	1545	1.9885347041237535	omit
d0b5fd6b	ok	467192.1	467192.1	467235.7	-0.0093314787376125	38.435	1.1476902863626863	-0.0522282921769989	0.0093314787376125	0.06155977091461139	0	<ORIGINAL_WORKSPACE>/OpenROAD-flow-scripts/flow/reports/nangate45/jpeg/place_batch_20260421_220319/dpl_evolve_baseline/openroad_dpl_hpwl_only_9case_bo_place_batch_20260421_220319_jpeg_nangate45_trial_d0b5fd6b_cb6a91142f16/metrics.json	66	32	1	0.2343874596983017	1.8959175849037795	1.4534372561275926	25.364147721009708	607	3734	1.1639998606643278	2.50 1.75 1.25 1.08
d11a4045	ok	467062.7	467062.7	467235.7	-0.03702628031205664	37.043	1.1061243990564067	0.029047072859288293	0.03702628031205663	0.007979207452768339	0	<ORIGINAL_WORKSPACE>/OpenROAD-flow-scripts/flow/reports/nangate45/jpeg/place_batch_20260421_220319/dpl_evolve_baseline/openroad_dpl_hpwl_only_9case_bo_place_batch_20260421_220319_jpeg_nangate45_trial_d11a4045_a82cdc0d3c78/metrics.json	33	256	1	0.003734571274439676	0.5173641089325298	0.3853923916085695	77.25585174197852	534	3331	1.1351662441198087	omit
d1bf9265	ok	467093.7	467093.7	467235.7	-0.030391513319722785	37.345	1.115142285526591	0.010703404087326049	0.030391513319722785	0.019688109232396736	0	<ORIGINAL_WORKSPACE>/OpenROAD-flow-scripts/flow/reports/nangate45/jpeg/place_batch_20260421_220319/dpl_evolve_baseline/openroad_dpl_hpwl_only_9case_bo_place_batch_20260421_220319_jpeg_nangate45_trial_d1bf9265_8a632d3cd802/metrics.json	65	512	1	0.15322469949536055	0.13652665341789566	1.5228594735559977	148.75983017078994	754	3132	1.3864914381091133	2.50 1.75 1.25 1.08
d1fd43cd	ok	467235.7	467235.7	467235.7	0.0	36.09	1.0776672937382425	0.0	0.0	0.0	0	<ORIGINAL_WORKSPACE>/OpenROAD-flow-scripts/flow/reports/nangate45/jpeg/place_batch_20260421_220319/dpl_evolve_baseline/openroad_dpl_hpwl_only_9case_bo_place_batch_20260421_220319_jpeg_nangate45_trial_d1fd43cd_dce7bb395b69/metrics.json	1	omit	0	0.4	0.4	0.6	35.0	150	1000	1.1	omit
d416837a	ok	467008.7	467008.7	467235.7	-0.04858361636321882	40.702	1.2153841559915197	-0.09820096774890108	0.04858361636321882	0.1467845841121199	0	<ORIGINAL_WORKSPACE>/OpenROAD-flow-scripts/flow/reports/nangate45/jpeg/place_batch_20260421_220319/dpl_evolve_baseline/openroad_dpl_hpwl_only_9case_bo_place_batch_20260421_220319_jpeg_nangate45_trial_d416837a_dc304082e561/metrics.json	21	256	1	0.08530858261707071	0.8733033300880765	0.8734771641702269	89.31630839241465	446	2264	1.6710052402065814	omit
d4242cb7	ok	466569.3	466569.3	467235.7	-0.14262608786101388	35.2	1.0510914031473022	0.14262608786101388	0.14262608786101388	0.0	0	<ORIGINAL_WORKSPACE>/OpenROAD-flow-scripts/flow/reports/nangate45/jpeg/place_batch_20260421_220319/dpl_evolve_baseline/openroad_dpl_hpwl_only_9case_bo_place_batch_20260421_220319_jpeg_nangate45_trial_d4242cb7_85728380bb38/metrics.json	98	64 8	1	0.0774417169675532	0.891537935287061	1.617793588841305	106.91331347288958	506	1433	1.9695989648967969	omit
d4ca44ca	ok	467174.0	467174.0	467235.7	-0.013205326562163729	36.771	1.0980023291229957	0.01320532656216373	0.01320532656216373	0.0	0	<ORIGINAL_WORKSPACE>/OpenROAD-flow-scripts/flow/reports/nangate45/jpeg/place_batch_20260421_220319/dpl_evolve_baseline/openroad_dpl_hpwl_only_9case_bo_place_batch_20260421_220319_jpeg_nangate45_trial_d4ca44ca_7275552a855c/metrics.json	47	omit	1	0.17733731164750854	1.0184021291893173	0.2712699465078356	114.60667321781125	443	2917	1.1685725126152944	1.75 1.35 1.15 1.05
d4f96e4f	ok	466533.4	466533.4	467235.7	-0.1503095760876124	35.543	1.0613335722177433	0.1503095760876124	0.1503095760876124	0.0	0	<ORIGINAL_WORKSPACE>/OpenROAD-flow-scripts/flow/reports/nangate45/jpeg/place_batch_20260421_220319/dpl_evolve_baseline/openroad_dpl_hpwl_only_9case_bo_place_batch_20260421_220319_jpeg_nangate45_trial_d4f96e4f_4f2d5e338e27/metrics.json	42	64 8	0	0.047203056631182225	0.38988512175412077	0.19530141977219798	88.96777531826552	116	2354	1.6256058903023682	omit
d5e308b2	ok	466574.9	466574.9	467235.7	-0.14142754930755255	35.848	1.0704410403416047	0.14142754930755255	0.14142754930755255	0.0	0	<ORIGINAL_WORKSPACE>/OpenROAD-flow-scripts/flow/reports/nangate45/jpeg/place_batch_20260421_220319/dpl_evolve_baseline/openroad_dpl_hpwl_only_9case_bo_place_batch_20260421_220319_jpeg_nangate45_trial_d5e308b2_8e6461a0de52/metrics.json	77	64 8	1	0.0728593253259868	1.214976226378905	0.6766450813345722	110.1530524379805	485	3360	1.0481389806310932	1.10 1.04
d5e3cc0c	ok	467136.9	467136.9	467235.7	-0.021145644478790547	36.879	1.1012272686553795	0.019544914519271192	0.021145644478790547	0.001600729959519356	0	<ORIGINAL_WORKSPACE>/OpenROAD-flow-scripts/flow/reports/nangate45/jpeg/place_batch_20260421_220319/dpl_evolve_baseline/openroad_dpl_hpwl_only_9case_bo_place_batch_20260421_220319_jpeg_nangate45_trial_d5e3cc0c_5a9a65a5410d/metrics.json	47	32	1	0.2456712434363337	1.0277283806380952	0.34294047260192173	95.64664804511739	221	3389	1.8061065532685328	omit
d5fb819c	ok	467097.9	467097.9	467235.7	-0.029492609404629902	38.466	1.1486159634506854	-0.033249264934370706	0.029492609404629902	0.06274187433900061	0	<ORIGINAL_WORKSPACE>/OpenROAD-flow-scripts/flow/reports/nangate45/jpeg/place_batch_20260421_220319/dpl_evolve_baseline/openroad_dpl_hpwl_only_9case_bo_place_batch_20260421_220319_jpeg_nangate45_trial_d5fb819c_73aa6a0bfdd6/metrics.json	6	128	1	0.1853564903632392	0.8874547209132577	0.06652040784219049	100.36195486078724	648	3957	1.1441705548258758	1.75 1.35 1.15 1.05
d605e0c9	ok	467185.9	467185.9	467235.7	-0.010658432136069302	39.031	1.1654871748932485	-0.0735453662904187	0.010658432136069302	0.08420379842648801	0	<ORIGINAL_WORKSPACE>/OpenROAD-flow-scripts/flow/reports/nangate45/jpeg/place_batch_20260421_220319/dpl_evolve_baseline/openroad_dpl_hpwl_only_9case_bo_place_batch_20260421_220319_jpeg_nangate45_trial_d605e0c9_a0ccdd401979/metrics.json	1	1024 128	1	0.012565955397764651	0.7995820830315362	0.2158026889478522	65.72599021965901	270	3498	1.4496384167897503	2.50 1.75 1.25 1.08
d74dd7a2	ok	467298.5	467298.5	467235.7	0.013440753778015756	37.702	1.1258025023141927	-0.04690928582743033	-0.013440753778015754	0.03346853204941457	0	<ORIGINAL_WORKSPACE>/OpenROAD-flow-scripts/flow/reports/nangate45/jpeg/place_batch_20260421_220319/dpl_evolve_baseline/openroad_dpl_hpwl_only_9case_bo_place_batch_20260421_220319_jpeg_nangate45_trial_d74dd7a2_01cc15745793/metrics.json	85	256	1	0.34562837304139316	1.3725838007354993	0.863779529698384	102.77560019383073	610	3926	1.2664578790498044	2.00 1.50 1.20 1.05
d94d7f8c	ok	467030.9	467030.9	467235.7	-0.04383226709773854	35.895	1.0718444862492162	0.04383226709773854	0.04383226709773854	0.0	0	<ORIGINAL_WORKSPACE>/OpenROAD-flow-scripts/flow/reports/nangate45/jpeg/place_batch_20260421_220319/dpl_evolve_baseline/openroad_dpl_hpwl_only_9case_bo_place_batch_20260421_220319_jpeg_nangate45_trial_d94d7f8c_219b3d139535/metrics.json	13	32	1	0.3170279862686228	1.0627034109757425	0.41559363518255926	81.57332542407622	905	3396	1.8324943343087206	1.50 1.25 1.10 1.04
d952ae0e	ok	466600.4	466600.4	467235.7	-0.13596991839450373	37.842	1.1299829794858014	0.09711511782717269	0.13596991839450376	0.038854800567331066	0	<ORIGINAL_WORKSPACE>/OpenROAD-flow-scripts/flow/reports/nangate45/jpeg/place_batch_20260421_220319/dpl_evolve_baseline/openroad_dpl_hpwl_only_9case_bo_place_batch_20260421_220319_jpeg_nangate45_trial_d952ae0e_1471c010c8ef/metrics.json	2	64 8	1	0.18339354267450741	1.1923149446545596	0.2157597856263629	65.85492035620848	379	3048	1.064673904441585	omit
d9cf33b9	ok	467085.0	467085.0	467235.7	-0.03225352857241252	35.346	1.0554510436262654	0.03225352857241252	0.03225352857241252	0.0	0	<ORIGINAL_WORKSPACE>/OpenROAD-flow-scripts/flow/reports/nangate45/jpeg/place_batch_20260421_220319/dpl_evolve_baseline/openroad_dpl_hpwl_only_9case_bo_place_batch_20260421_220319_jpeg_nangate45_trial_d9cf33b9_5b7a9f9cd75c/metrics.json	41	512 64	0	0.828845807980693	1.1494230094162046	1.2747485866993333	42.83644225435409	725	3025	1.8583138364290424	1.75 1.35 1.15 1.05
da3bf3d8	ok	466481.7	466481.7	467235.7	-0.16137465523289424	36.402	1.0869837857206845	0.16137465523289424	0.16137465523289424	0.0	0	<ORIGINAL_WORKSPACE>/OpenROAD-flow-scripts/flow/reports/nangate45/jpeg/place_batch_20260421_220319/dpl_evolve_baseline/openroad_dpl_hpwl_only_9case_bo_place_batch_20260421_220319_jpeg_nangate45_trial_da3bf3d8_6bda572c3aa5/metrics.json	121	64 8	1	0.2905885761586432	1.4941187796487712	0.7757556724168185	94.81859927581833	361	2563	1.919701749901125	2.50 1.75 1.25 1.08
dab3ba30	ok	466874.0	466874.0	467235.7	-0.07741274906862032	37.215	1.1112604138672402	0.06275907015368887	0.07741274906862032	0.014653678914931455	0	<ORIGINAL_WORKSPACE>/OpenROAD-flow-scripts/flow/reports/nangate45/jpeg/place_batch_20260421_220319/dpl_evolve_baseline/openroad_dpl_hpwl_only_9case_bo_place_batch_20260421_220319_jpeg_nangate45_trial_dab3ba30_e03191bab6a4/metrics.json	28	128 16	1	0.06598684235733057	1.6679497020939331	0.11402156783289585	123.22097391467678	364	1792	1.3607065086537147	1.75 1.35 1.15 1.05
dac5c95f	ok	466416.9	466416.9	467235.7	-0.17524345849428635	38.659	1.1543790498372601	0.10515272664349883	0.17524345849428635	0.07009073185078753	0	<ORIGINAL_WORKSPACE>/OpenROAD-flow-scripts/flow/reports/nangate45/jpeg/place_batch_20260421_220319/dpl_evolve_baseline/openroad_dpl_hpwl_only_9case_bo_place_batch_20260421_220319_jpeg_nangate45_trial_dac5c95f_98a672d9b69b/metrics.json	39	64 8	1	0.01495625851092576	0.8358635815835948	0.4206359582028032	82.66996294184952	515	2628	1.6692296811449518	omit
db160887	ok	466491.0	466491.0	467235.7	-0.15938422513519657	34.982	1.044581802980083	0.15938422513519657	0.15938422513519657	0.0	0	<ORIGINAL_WORKSPACE>/OpenROAD-flow-scripts/flow/reports/nangate45/jpeg/place_batch_20260421_220319/dpl_evolve_baseline/openroad_dpl_hpwl_only_9case_bo_place_batch_20260421_220319_jpeg_nangate45_trial_db160887_9d0560f52806/metrics.json	12	64 8	0	0.055191901093016485	1.3092934411221904	0.6917818508786193	43.01475957238943	765	2185	1.461714233968827	omit
db3b69fc	ok	466881.0	466881.0	467235.7	-0.075914575876803	37.692	1.125503896801935	0.04283115966119032	0.075914575876803	0.033083416215612685	0	<ORIGINAL_WORKSPACE>/OpenROAD-flow-scripts/flow/reports/nangate45/jpeg/place_batch_20260421_220319/dpl_evolve_baseline/openroad_dpl_hpwl_only_9case_bo_place_batch_20260421_220319_jpeg_nangate45_trial_db3b69fc_4930d37f75a6/metrics.json	9	256 32	1	0.11591120031830296	0.6041821265353715	0.06019599467497842	48.670413884728035	529	3971	1.9738485841400109	omit
db90fa52	ok	467368.2	467368.2	467235.7	0.028358278273684995	36.338	1.0850727104422349	-0.028358278273684995	-0.028358278273684995	0.0	0	<ORIGINAL_WORKSPACE>/OpenROAD-flow-scripts/flow/reports/nangate45/jpeg/place_batch_20260421_220319/dpl_evolve_baseline/openroad_dpl_hpwl_only_9case_bo_place_batch_20260421_220319_jpeg_nangate45_trial_db90fa52_12f27be811c9/metrics.json	2	512 64	1	0.4314662719851257	0.05888090529561413	0.9039911898480453	91.56964510368921	401	3578	1.9902467789718645	omit
dc787661	ok	466842.2	466842.2	467235.7	-0.08421873585430223	34.805	1.0392964854131208	0.08421873585430223	0.08421873585430223	0.0	0	<ORIGINAL_WORKSPACE>/OpenROAD-flow-scripts/flow/reports/nangate45/jpeg/place_batch_20260421_220319/dpl_evolve_baseline/openroad_dpl_hpwl_only_9case_bo_place_batch_20260421_220319_jpeg_nangate45_trial_dc787661_68219caef853/metrics.json	66	64 8	0	0.34237386274278153	1.9941022687194925	1.1299134901948324	29.570742839620912	407	3213	1.4894438786913025	2.50 1.75 1.25 1.08
dd26c39f	ok	467078.3	467078.3	467235.7	-0.033687494341725875	38.249	1.1421362238346922	-0.020769622705857846	0.033687494341725875	0.05445711704758372	0	<ORIGINAL_WORKSPACE>/OpenROAD-flow-scripts/flow/reports/nangate45/jpeg/place_batch_20260421_220319/dpl_evolve_baseline/openroad_dpl_hpwl_only_9case_bo_place_batch_20260421_220319_jpeg_nangate45_trial_dd26c39f_4c6be80a9100/metrics.json	74	512	1	0.4420713014280321	0.25708312394129834	0.8815858526591109	87.80560688585763	794	2373	1.4904398485426869	1.50 1.25 1.10 1.04
dda2ae66	ok	466389.7	466389.7	467235.7	-0.1810649314682076	38.124	1.1384036549314702	0.1313908102219884	0.1810649314682076	0.0496741212462192	0	<ORIGINAL_WORKSPACE>/OpenROAD-flow-scripts/flow/reports/nangate45/jpeg/place_batch_20260421_220319/dpl_evolve_baseline/openroad_dpl_hpwl_only_9case_bo_place_batch_20260421_220319_jpeg_nangate45_trial_dda2ae66_5a0dc81dbd85/metrics.json	87	64 8	1	0.24609774657233205	0.5393299954303883	1.6495664258889682	118.60445894695486	718	3886	1.4859170453090162	2.50 1.75 1.25 1.08
ddb798f9	ok	466426.9	466426.9	467235.7	-0.17310321107740445	36.766	1.0978530263668669	0.17310321107740448	0.17310321107740448	0.0	0	<ORIGINAL_WORKSPACE>/OpenROAD-flow-scripts/flow/reports/nangate45/jpeg/place_batch_20260421_220319/dpl_evolve_baseline/openroad_dpl_hpwl_only_9case_bo_place_batch_20260421_220319_jpeg_nangate45_trial_ddb798f9_a5f5b4a8e80c/metrics.json	62	64 8	1	0.03764597955114164	1.0829394762911415	0.25989208014739484	44.33419911346539	359	2172	1.1100208823049336	1.75 1.35 1.15 1.05
dfcda7b4	ok	467163.8	467163.8	467235.7	-0.015388378927385746	35.743	1.0673056824628984	0.015388378927385746	0.015388378927385746	0.0	0	<ORIGINAL_WORKSPACE>/OpenROAD-flow-scripts/flow/reports/nangate45/jpeg/place_batch_20260421_220319/dpl_evolve_baseline/openroad_dpl_hpwl_only_9case_bo_place_batch_20260421_220319_jpeg_nangate45_trial_dfcda7b4_2c16a8212c27/metrics.json	16	omit	0	0.10416673323542293	0.5854951719477629	1.6988039014973209	101.03219496507695	444	2246	1.926991425208297	2.50 1.75 1.25 1.08
e0fb502a	ok	466611.4	466611.4	467235.7	-0.1336156462359337	36.944	1.103168204485055	0.12948516793315895	0.13361564623593367	0.004130478302774703	0	<ORIGINAL_WORKSPACE>/OpenROAD-flow-scripts/flow/reports/nangate45/jpeg/place_batch_20260421_220319/dpl_evolve_baseline/openroad_dpl_hpwl_only_9case_bo_place_batch_20260421_220319_jpeg_nangate45_trial_e0fb502a_fa4b8efd3e97/metrics.json	121	64 8	1	0.060519011626329014	0.2456719613448542	1.1548633780620245	81.1889163550079	119	3278	1.4991226132762066	1.75 1.35 1.15 1.05
e16c2126	ok	467085.0	467085.0	467235.7	-0.03225352857241252	36.102	1.0780256203529517	0.03225352857241252	0.03225352857241252	0.0	0	<ORIGINAL_WORKSPACE>/OpenROAD-flow-scripts/flow/reports/nangate45/jpeg/place_batch_20260421_220319/dpl_evolve_baseline/openroad_dpl_hpwl_only_9case_bo_place_batch_20260421_220319_jpeg_nangate45_trial_e16c2126_2abaadf5df7c/metrics.json	113	512	1	0.013216031535129109	0.44643261604461626	0.9040637913257921	140.89102653471866	929	2198	1.272940614814289	1.10 1.04
e20216d7	ok	467286.4	467286.4	467235.7	0.010851054403593656	38.826	1.1593657618919646	-0.08728585194120628	-0.010851054403593656	0.07643479753761262	0	<ORIGINAL_WORKSPACE>/OpenROAD-flow-scripts/flow/reports/nangate45/jpeg/place_batch_20260421_220319/dpl_evolve_baseline/openroad_dpl_hpwl_only_9case_bo_place_batch_20260421_220319_jpeg_nangate45_trial_e20216d7_216a88dc87b6/metrics.json	127	512	1	0.09307290460286957	1.5737364009053145	0.3002393721993095	146.90137564303404	195	3263	1.921767824351193	2.50 1.75 1.25 1.08
e34cead2	ok	466701.5	466701.5	467235.7	-0.11433201700983286	33.577	1.0026277285078682	0.11433201700983286	0.11433201700983286	0.0	0	<ORIGINAL_WORKSPACE>/OpenROAD-flow-scripts/flow/reports/nangate45/jpeg/place_batch_20260421_220319/dpl_evolve_baseline/openroad_dpl_hpwl_only_9case_bo_place_batch_20260421_220319_jpeg_nangate45_trial_e34cead2_79d70aeb439d/metrics.json	58	64 8	0	0.24526642238160082	1.9100088290753132	1.9987184380846672	35.23498884368732	1084	3689	1.2713144018675848	2.50 1.75 1.25 1.08
e4fb5a29	ok	466467.7	466467.7	467235.7	-0.16437100161652887	34.857	1.0408492340768611	0.16437100161652887	0.16437100161652887	0.0	0	<ORIGINAL_WORKSPACE>/OpenROAD-flow-scripts/flow/reports/nangate45/jpeg/place_batch_20260421_220319/dpl_evolve_baseline/openroad_dpl_hpwl_only_9case_bo_place_batch_20260421_220319_jpeg_nangate45_trial_e4fb5a29_773b734a6362/metrics.json	84	64 8	0	0.4367002073261776	1.8773272621735473	1.6435136719579486	133.36566018398378	469	2804	1.459346370944916	1.04
e5b81eb3	ok	466507.7	466507.7	467235.7	-0.15581001194900135	35.01	1.0454178984144047	0.15581001194900132	0.15581001194900132	0.0	0	<ORIGINAL_WORKSPACE>/OpenROAD-flow-scripts/flow/reports/nangate45/jpeg/place_batch_20260421_220319/dpl_evolve_baseline/openroad_dpl_hpwl_only_9case_bo_place_batch_20260421_220319_jpeg_nangate45_trial_e5b81eb3_70895750a54e/metrics.json	6	64 8	1	0.14766035726408777	1.6670208245622382	0.47356468645997507	85.38155658557562	926	3921	1.3664952531450805	2.00 1.50 1.20 1.05
e67ef772	ok	467195.1	467195.1	467235.7	-0.008689404512547934	37.565	1.1217116067962616	-0.019498589074110347	0.008689404512547932	0.02818799358665828	0	<ORIGINAL_WORKSPACE>/OpenROAD-flow-scripts/flow/reports/nangate45/jpeg/place_batch_20260421_220319/dpl_evolve_baseline/openroad_dpl_hpwl_only_9case_bo_place_batch_20260421_220319_jpeg_nangate45_trial_e67ef772_0db8135eeb8c/metrics.json	58	256	1	0.020245318197759002	1.7992804266946851	1.0362428745339314	88.74634504047297	839	3400	1.1508243517541048	1.25 1.10 1.04
e6c806aa	ok	466592.9	466592.9	467235.7	-0.13757510395716516	37.388	1.1164262892292993	0.1162236891935562	0.13757510395716516	0.021351414763608953	0	<ORIGINAL_WORKSPACE>/OpenROAD-flow-scripts/flow/reports/nangate45/jpeg/place_batch_20260421_220319/dpl_evolve_baseline/openroad_dpl_hpwl_only_9case_bo_place_batch_20260421_220319_jpeg_nangate45_trial_e6c806aa_00066812048f/metrics.json	17	64 8	1	0.7537160285044905	0.24289132472556185	0.8940496672385612	114.08141964223327	482	2932	1.8009504105072558	2.00 1.50 1.20 1.05
e6f890ba	ok	466432.7	466432.7	467235.7	-0.17186186757561547	37.487	1.1193824838006512	0.14668461426797363	0.17186186757561547	0.025177253307641825	0	<ORIGINAL_WORKSPACE>/OpenROAD-flow-scripts/flow/reports/nangate45/jpeg/place_batch_20260421_220319/dpl_evolve_baseline/openroad_dpl_hpwl_only_9case_bo_place_batch_20260421_220319_jpeg_nangate45_trial_e6f890ba_ae3fdf1bef7a/metrics.json	5	64 8	1	0.023213154531223152	1.1344008823411817	0.6695898075834047	64.77805368127653	75	2662	1.4886830043301118	omit
e72aec20	ok	467131.6	467131.6	467235.7	-0.022279975609747912	38.683	1.1550957030666786	-0.048723320203210074	0.022279975609747912	0.07100329581295799	0	<ORIGINAL_WORKSPACE>/OpenROAD-flow-scripts/flow/reports/nangate45/jpeg/place_batch_20260421_220319/dpl_evolve_baseline/openroad_dpl_hpwl_only_9case_bo_place_batch_20260421_220319_jpeg_nangate45_trial_e72aec20_8bdc26b2f794/metrics.json	2	32	1	0.15533249414969258	0.38453549771657936	0.12289035415809338	65.08785720156371	260	2723	1.400898870319162	omit
e7e0a055	ok	467205.1	467205.1	467235.7	-0.006549157095666046	37.124	1.1085431037056945	-0.004575186821498842	0.006549157095666047	0.01112434391716489	0	<ORIGINAL_WORKSPACE>/OpenROAD-flow-scripts/flow/reports/nangate45/jpeg/place_batch_20260421_220319/dpl_evolve_baseline/openroad_dpl_hpwl_only_9case_bo_place_batch_20260421_220319_jpeg_nangate45_trial_e7e0a055_f98465fec284/metrics.json	35	128	1	0.15558237336097916	1.0448857157193512	0.17913535764096808	61.306648756200815	677	3942	1.6618915180018712	1.75 1.35 1.15 1.05
e84f1ddb	ok	467106.2	467106.2	467235.7	-0.02771620404862043	35.023	1.04580608558034	0.02771620404862043	0.02771620404862043	0.0	0	<ORIGINAL_WORKSPACE>/OpenROAD-flow-scripts/flow/reports/nangate45/jpeg/place_batch_20260421_220319/dpl_evolve_baseline/openroad_dpl_hpwl_only_9case_bo_place_batch_20260421_220319_jpeg_nangate45_trial_e84f1ddb_7fbd0522c2b4/metrics.json	40	128 16	1	0.4845124826161964	0.03604653779324862	0.93356363984228	96.22146799561993	217	2458	1.992316437761054	2.00 1.50 1.20 1.05
e882fda1	ok	466394.9	466394.9	467235.7	-0.1799520028114265	36.723	1.0965690226641585	0.1799520028114265	0.1799520028114265	0.0	0	<ORIGINAL_WORKSPACE>/OpenROAD-flow-scripts/flow/reports/nangate45/jpeg/place_batch_20260421_220319/dpl_evolve_baseline/openroad_dpl_hpwl_only_9case_bo_place_batch_20260421_220319_jpeg_nangate45_trial_e882fda1_0b9f53a0c08a/metrics.json	52	64 8	1	0.29865861989395465	1.1639016337192243	0.7867350470081086	98.48035559130552	561	3601	1.305566271705523	2.00 1.50 1.20 1.05
e966ebc1	ok	466659.7	466659.7	467235.7	-0.12327825121239665	36.402	1.0869837857206845	0.12327825121239665	0.12327825121239665	0.0	0	<ORIGINAL_WORKSPACE>/OpenROAD-flow-scripts/flow/reports/nangate45/jpeg/place_batch_20260421_220319/dpl_evolve_baseline/openroad_dpl_hpwl_only_9case_bo_place_batch_20260421_220319_jpeg_nangate45_trial_e966ebc1_d6e2a2f9869e/metrics.json	46	64 8	1	0.30922142526306506	1.590767857434493	0.4487032458750679	103.37357220514686	1032	3393	1.9720151225589824	2.00 1.50 1.20 1.05
e97fb1bb	ok	466882.8	466882.8	467235.7	-0.07552933134176676	35.573	1.0622293887545164	0.07552933134176675	0.07552933134176675	0.0	0	<ORIGINAL_WORKSPACE>/OpenROAD-flow-scripts/flow/reports/nangate45/jpeg/place_batch_20260421_220319/dpl_evolve_baseline/openroad_dpl_hpwl_only_9case_bo_place_batch_20260421_220319_jpeg_nangate45_trial_e97fb1bb_cf88f82e9179/metrics.json	98	64 8	1	0.3401726068193768	0.5977689612198631	1.9639816700100097	110.62617301674786	1057	3986	1.4815722913842424	1.04
ea91cc82	ok	466429.2	466429.2	467235.7	-0.1726109541715241	36.891	1.1015855952700888	0.17054302605364655	0.17261095417152414	0.0020679281178775993	0	<ORIGINAL_WORKSPACE>/OpenROAD-flow-scripts/flow/reports/nangate45/jpeg/place_batch_20260421_220319/dpl_evolve_baseline/openroad_dpl_hpwl_only_9case_bo_place_batch_20260421_220319_jpeg_nangate45_trial_ea91cc82_5a0e15f11654/metrics.json	74	64 8	1	0.18647083950930518	1.4530941607890506	1.274760488282102	110.1846790838361	683	3815	1.0838597443232787	1.25 1.10 1.04
eac9dbb1	ok	466469.7	466469.7	467235.7	-0.1639429521331525	36.991	1.1045716503926664	0.15798465727050795	0.1639429521331525	0.005958294862644555	0	<ORIGINAL_WORKSPACE>/OpenROAD-flow-scripts/flow/reports/nangate45/jpeg/place_batch_20260421_220319/dpl_evolve_baseline/openroad_dpl_hpwl_only_9case_bo_place_batch_20260421_220319_jpeg_nangate45_trial_eac9dbb1_d51894ca2775/metrics.json	113	64 8	1	0.07471508467105634	1.7257694805624704	1.921398904992588	107.17041622022691	266	352	1.0907428146931981	omit
eae341f6	ok	466900.8	466900.8	467235.7	-0.07167688599137936	36.253	1.082534563588044	0.07167688599137935	0.07167688599137935	0.0	0	<ORIGINAL_WORKSPACE>/OpenROAD-flow-scripts/flow/reports/nangate45/jpeg/place_batch_20260421_220319/dpl_evolve_baseline/openroad_dpl_hpwl_only_9case_bo_place_batch_20260421_220319_jpeg_nangate45_trial_eae341f6_a604f9a229ab/metrics.json	13	32	1	0.15866089145322482	1.118671304745865	0.36332856042725603	87.06599058289672	949	3002	1.4037485065334856	2.00 1.50 1.20 1.05
eb2a3f34	ok	466620.5	466620.5	467235.7	-0.13166802108657616	38.904	1.1616948848875752	0.05227480177715099	0.13166802108657613	0.07939321930942514	0	<ORIGINAL_WORKSPACE>/OpenROAD-flow-scripts/flow/reports/nangate45/jpeg/place_batch_20260421_220319/dpl_evolve_baseline/openroad_dpl_hpwl_only_9case_bo_place_batch_20260421_220319_jpeg_nangate45_trial_eb2a3f34_4806d99bb63c/metrics.json	65	64 8	1	0.2938121393649392	1.9991189004455163	1.4322020464461283	66.90805675022486	694	3283	1.335728301782183	omit
ebbb03a8	ok	466499.2	466499.2	467235.7	-0.15762922225335094	36.585	1.0924482665950015	0.15762922225335094	0.15762922225335094	0.0	0	<ORIGINAL_WORKSPACE>/OpenROAD-flow-scripts/flow/reports/nangate45/jpeg/place_batch_20260421_220319/dpl_evolve_baseline/openroad_dpl_hpwl_only_9case_bo_place_batch_20260421_220319_jpeg_nangate45_trial_ebbb03a8_c2f7c9265b09/metrics.json	12	64 8	1	0.07462119296524375	1.0251970923384068	0.09714987445863253	83.7993628479686	510	3695	1.8929516489947504	2.50 1.75 1.25 1.08
ec10fde1	ok	466333.8	466333.8	467235.7	-0.1930289145285823	37.023	1.1055271880318913	0.18582681318045732	0.1930289145285823	0.007202101348124984	0	<ORIGINAL_WORKSPACE>/OpenROAD-flow-scripts/flow/reports/nangate45/jpeg/place_batch_20260421_220319/dpl_evolve_baseline/openroad_dpl_hpwl_only_9case_bo_place_batch_20260421_220319_jpeg_nangate45_trial_ec10fde1_361568cfc838/metrics.json	113	64 8	1	0.07987899859666554	0.6262859109228738	1.0405841381439773	101.02467511373227	342	3089	1.6936306765789528	1.75 1.35 1.15 1.05
ed586ac0	ok	467028.9	467028.9	467235.7	-0.044260316581114914	35.691	1.065752933799158	0.04426031658111492	0.04426031658111492	0.0	0	<ORIGINAL_WORKSPACE>/OpenROAD-flow-scripts/flow/reports/nangate45/jpeg/place_batch_20260421_220319/dpl_evolve_baseline/openroad_dpl_hpwl_only_9case_bo_place_batch_20260421_220319_jpeg_nangate45_trial_ed586ac0_36fc07bf69f7/metrics.json	122	64	1	0.12342176116170549	1.9959871898229637	1.871231831452222	110.71173035564289	550	2503	1.1249249403935642	omit
ed752ff5	ok	466766.6	466766.6	467235.7	-0.10039900632593675	33.274	0.9935799814864583	0.10039900632593676	0.10039900632593676	0.0	0	<ORIGINAL_WORKSPACE>/OpenROAD-flow-scripts/flow/reports/nangate45/jpeg/place_batch_20260421_220319/dpl_evolve_baseline/openroad_dpl_hpwl_only_9case_bo_place_batch_20260421_220319_jpeg_nangate45_trial_ed752ff5_66c88858e743/metrics.json	95	64 8	0	0.014276317851788876	1.6626341465101828	1.3463864005142905	106.58138490405153	1007	3866	1.1541651747061707	2.50 1.75 1.25 1.08
ee14f274	ok	467036.7	467036.7	467235.7	-0.042590923595949536	39.957	1.193138045328317	-0.07645443994554746	0.042590923595949536	0.119045363541497	0	<ORIGINAL_WORKSPACE>/OpenROAD-flow-scripts/flow/reports/nangate45/jpeg/place_batch_20260421_220319/dpl_evolve_baseline/openroad_dpl_hpwl_only_9case_bo_place_batch_20260421_220319_jpeg_nangate45_trial_ee14f274_b151dbc36cd4/metrics.json	62	64	1	0.13271645168913201	1.3351701651019767	1.1701751724492686	114.19418517416855	805	3860	1.1544441426158378	2.50 1.75 1.25 1.08
ee42a8cf	ok	467200.1	467200.1	467235.7	-0.00761928080410699	39.105	1.167696855683956	-0.07938392399871988	0.00761928080410699	0.08700320480282688	0	<ORIGINAL_WORKSPACE>/OpenROAD-flow-scripts/flow/reports/nangate45/jpeg/place_batch_20260421_220319/dpl_evolve_baseline/openroad_dpl_hpwl_only_9case_bo_place_batch_20260421_220319_jpeg_nangate45_trial_ee42a8cf_4131307be120/metrics.json	122	128 16	1	0.17204899299382437	0.23015475007897734	1.2425905490149796	133.11514975652418	661	2276	1.8071242952225766	1.75 1.35 1.15 1.05
eecd327e	ok	466445.8	466445.8	467235.7	-0.16905814345950518	37.035	1.1058855146466005	0.1613897532682914	0.16905814345950518	0.00766839019121377	0	<ORIGINAL_WORKSPACE>/OpenROAD-flow-scripts/flow/reports/nangate45/jpeg/place_batch_20260421_220319/dpl_evolve_baseline/openroad_dpl_hpwl_only_9case_bo_place_batch_20260421_220319_jpeg_nangate45_trial_eecd327e_a8294fab95aa/metrics.json	101	64 8	1	0.07194078628279377	1.8473722151404073	1.3218591390800223	95.9801118229447	933	3991	1.3805992753350163	1.10 1.04
f0a9c07e	ok	466682.0	466682.0	467235.7	-0.11850549947275255	33.632	1.004270058825286	0.11850549947275253	0.11850549947275253	0.0	0	<ORIGINAL_WORKSPACE>/OpenROAD-flow-scripts/flow/reports/nangate45/jpeg/place_batch_20260421_220319/dpl_evolve_baseline/openroad_dpl_hpwl_only_9case_bo_place_batch_20260421_220319_jpeg_nangate45_trial_f0a9c07e_aa1cded100a0/metrics.json	128	64 8	0	0.018690263503806162	1.4738116487963684	0.20012540761028502	103.82263829813074	133	3802	1.8883124519301948	1.25 1.10 1.04
f14efd9d	ok	467086.2	467086.2	467235.7	-0.031996698882384204	38.068	1.1367314640628265	-0.01553209715561061	0.0319966988823842	0.04752879603799481	0	<ORIGINAL_WORKSPACE>/OpenROAD-flow-scripts/flow/reports/nangate45/jpeg/place_batch_20260421_220319/dpl_evolve_baseline/openroad_dpl_hpwl_only_9case_bo_place_batch_20260421_220319_jpeg_nangate45_trial_f14efd9d_89a51819dcb0/metrics.json	41	512 64	1	0.34897059780245865	0.3531510976159318	0.448817606066847	65.9453452501646	595	1981	1.6589473051201076	omit
f30a2ed2	ok	467387.4	467387.4	467235.7	0.03246755331410071	37.997	1.1346113649257967	-0.07727411363637844	-0.03246755331410071	0.044806560322277734	0	<ORIGINAL_WORKSPACE>/OpenROAD-flow-scripts/flow/reports/nangate45/jpeg/place_batch_20260421_220319/dpl_evolve_baseline/openroad_dpl_hpwl_only_9case_bo_place_batch_20260421_220319_jpeg_nangate45_trial_f30a2ed2_6495108e625e/metrics.json	15	omit	1	0.6233601157918027	0.031642485693112565	1.8624026058003345	103.63453762753859	1197	772	1.1371357496288779	omit
f3a4fc91	ok	467052.6	467052.6	467235.7	-0.03918793020311481	35.386	1.0566454656752966	0.03918793020311481	0.03918793020311481	0.0	0	<ORIGINAL_WORKSPACE>/OpenROAD-flow-scripts/flow/reports/nangate45/jpeg/place_batch_20260421_220319/dpl_evolve_baseline/openroad_dpl_hpwl_only_9case_bo_place_batch_20260421_220319_jpeg_nangate45_trial_f3a4fc91_a16dc8ca5bde/metrics.json	16	256 32	1	0.008449115735299544	1.7935502782616335	0.07695039300079876	87.22362183940778	921	3856	1.6864342407774329	1.04
f52c13d3	ok	467230.7	467230.7	467235.7	-0.0010701237084409431	35.331	1.0550031353578788	0.0010701237084409431	0.0010701237084409431	0.0	0	<ORIGINAL_WORKSPACE>/OpenROAD-flow-scripts/flow/reports/nangate45/jpeg/place_batch_20260421_220319/dpl_evolve_baseline/openroad_dpl_hpwl_only_9case_bo_place_batch_20260421_220319_jpeg_nangate45_trial_f52c13d3_6c71e6f869a2/metrics.json	28	256 32	0	0.9475489413950998	0.4428654686469766	0.5707904383845133	12.2210947315893	543	525	1.6337867606119179	2.50 1.75 1.25 1.08
f65e8a6d	ok	468218.7	468218.7	467235.7	0.21038632107948943	36.456	1.0885962554868764	-0.21038632107948943	-0.21038632107948943	0.0	0	<ORIGINAL_WORKSPACE>/OpenROAD-flow-scripts/flow/reports/nangate45/jpeg/place_batch_20260421_220319/dpl_evolve_baseline/openroad_dpl_hpwl_only_9case_bo_place_batch_20260421_220319_jpeg_nangate45_trial_f65e8a6d_bbe3f5d6962a/metrics.json	81	128 16	1	0.9319720691968373	0.02790314595119403	0.50700606793677	92.51675355024864	1142	3806	1.5566531881951564	1.10 1.04
f71febfb	ok	466636.7	466636.7	467235.7	-0.12820082027122498	36.712	1.096240556600675	0.12820082027122498	0.12820082027122498	0.0	0	<ORIGINAL_WORKSPACE>/OpenROAD-flow-scripts/flow/reports/nangate45/jpeg/place_batch_20260421_220319/dpl_evolve_baseline/openroad_dpl_hpwl_only_9case_bo_place_batch_20260421_220319_jpeg_nangate45_trial_f71febfb_586fa94b0553/metrics.json	124	64 8	1	0.10359472119435006	0.9574098479055451	0.30938864216476214	63.34184564567107	387	1222	1.6774103166916245	2.50 1.75 1.25 1.08
f75bdaa6	ok	467285.5	467285.5	467235.7	0.010658432136069302	36.141	1.079190181850757	-0.010658432136069302	-0.010658432136069302	0.0	0	<ORIGINAL_WORKSPACE>/OpenROAD-flow-scripts/flow/reports/nangate45/jpeg/place_batch_20260421_220319/dpl_evolve_baseline/openroad_dpl_hpwl_only_9case_bo_place_batch_20260421_220319_jpeg_nangate45_trial_f75bdaa6_8e399d3e2b01/metrics.json	75	64	1	0.002488978354317342	0.1512476710698506	0.3304230107571669	92.65513413701038	654	2813	1.4429434316104026	1.75 1.35 1.15 1.05
f81f0c1a	ok	466564.2	466564.2	467235.7	-0.14371761404361866	38.794	1.1584102242527397	0.06849738758259341	0.14371761404361866	0.07522022646102525	0	<ORIGINAL_WORKSPACE>/OpenROAD-flow-scripts/flow/reports/nangate45/jpeg/place_batch_20260421_220319/dpl_evolve_baseline/openroad_dpl_hpwl_only_9case_bo_place_batch_20260421_220319_jpeg_nangate45_trial_f81f0c1a_b39637dba3c4/metrics.json	69	64 8	1	0.09048325785205391	0.9786881295654127	0.6005878964870133	106.98512353949778	552	2780	1.6806122382715785	omit
f85b6146	ok	467268.3	467268.3	467235.7	0.006977206579029966	35.718	1.066559168682254	-0.006977206579029966	-0.006977206579029966	0.0	0	<ORIGINAL_WORKSPACE>/OpenROAD-flow-scripts/flow/reports/nangate45/jpeg/place_batch_20260421_220319/dpl_evolve_baseline/openroad_dpl_hpwl_only_9case_bo_place_batch_20260421_220319_jpeg_nangate45_trial_f85b6146_f6a2b8461db7/metrics.json	13	256	1	0.05465859457456135	0.5976982755840066	0.34936882131565533	24.30954688409247	420	2910	1.3553957292854193	1.50 1.25 1.10 1.04
f88a4ed2	ok	466694.3	466694.3	467235.7	-0.1158729951499903	36.839	1.1000328466063485	0.11583014160249913	0.1158729951499903	4.285354749117562e-05	0	<ORIGINAL_WORKSPACE>/OpenROAD-flow-scripts/flow/reports/nangate45/jpeg/place_batch_20260421_220319/dpl_evolve_baseline/openroad_dpl_hpwl_only_9case_bo_place_batch_20260421_220319_jpeg_nangate45_trial_f88a4ed2_011c7f0b5c86/metrics.json	2	64 8	1	0.4959979602547522	0.6926984513458533	1.459632872701262	142.8652559115096	856	3492	1.8083048781989808	omit
f9587595	ok	466584.3	466584.3	467235.7	-0.13941571673569106	39.897	1.1913464122547703	0.022615592878556162	0.13941571673569106	0.1168001238571349	0	<ORIGINAL_WORKSPACE>/OpenROAD-flow-scripts/flow/reports/nangate45/jpeg/place_batch_20260421_220319/dpl_evolve_baseline/openroad_dpl_hpwl_only_9case_bo_place_batch_20260421_220319_jpeg_nangate45_trial_f9587595_88a9be52ae37/metrics.json	56	64 8	1	0.041691931659537745	1.9476414001550868	1.9417121384815585	60.152390689561734	911	2727	1.1400818280058334	2.50 1.75 1.25 1.08
fa77de51	ok	467413.5	467413.5	467235.7	0.03805359907215745	37.331	1.1147242378094302	-0.057199960349715154	-0.03805359907215745	0.01914636127755771	0	<ORIGINAL_WORKSPACE>/OpenROAD-flow-scripts/flow/reports/nangate45/jpeg/place_batch_20260421_220319/dpl_evolve_baseline/openroad_dpl_hpwl_only_9case_bo_place_batch_20260421_220319_jpeg_nangate45_trial_fa77de51_3665c5a40fd2/metrics.json	125	omit	1	0.014616671643629033	1.3989824404842979	1.9021458523784327	99.92707586663612	1111	2354	1.0692541029083948	1.10 1.04
faa520e0	ok	466848.1	466848.1	467235.7	-0.08295598987834939	32.452	0.9690346083788707	0.08295598987834939	0.08295598987834939	0.0	0	<ORIGINAL_WORKSPACE>/OpenROAD-flow-scripts/flow/reports/nangate45/jpeg/place_batch_20260421_220319/dpl_evolve_baseline/openroad_dpl_hpwl_only_9case_bo_place_batch_20260421_220319_jpeg_nangate45_trial_faa520e0_7572680f59b8/metrics.json	41	64 8	0	0.4706939460129851	1.0705209843472863	1.4279956161238772	129.9094886777196	611	3454	1.142748260595361	1.75 1.35 1.15 1.05
fb93f1c1	ok	466322.9	466322.9	467235.7	-0.1953617842129761	36.524	1.0906267729702293	0.1953617842129761	0.1953617842129761	0.0	0	<ORIGINAL_WORKSPACE>/OpenROAD-flow-scripts/flow/reports/nangate45/jpeg/place_batch_20260421_220319/dpl_evolve_baseline/openroad_dpl_hpwl_only_9case_bo_place_batch_20260421_220319_jpeg_nangate45_trial_fb93f1c1_0418c88d35f8/metrics.json	88	64 8	1	0.010838330897275414	1.8097094648631489	1.8214068089555742	100.87403271026236	1029	2476	1.0753788619938631	2.50 1.75 1.25 1.08
fc159fb3	ok	466452.7	466452.7	467235.7	-0.1675813727418517	37.665	1.1246976619188391	0.1355380245326316	0.1675813727418517	0.03204334820922009	0	<ORIGINAL_WORKSPACE>/OpenROAD-flow-scripts/flow/reports/nangate45/jpeg/place_batch_20260421_220319/dpl_evolve_baseline/openroad_dpl_hpwl_only_9case_bo_place_batch_20260421_220319_jpeg_nangate45_trial_fc159fb3_25b92a727330/metrics.json	7	64 8	1	0.020861727410435956	0.5591386374668753	0.39324478125103773	102.62864419013705	623	2604	1.2694856937482921	omit
fc6fa39e	ok	467099.0	467099.0	467235.7	-0.02925718218877788	36.036	1.0760548239720507	0.02925718218877788	0.02925718218877788	0.0	0	<ORIGINAL_WORKSPACE>/OpenROAD-flow-scripts/flow/reports/nangate45/jpeg/place_batch_20260421_220319/dpl_evolve_baseline/openroad_dpl_hpwl_only_9case_bo_place_batch_20260421_220319_jpeg_nangate45_trial_fc6fa39e_e4898abebbc7/metrics.json	104	omit	0	0.26856486770594773	1.2977496953136458	0.3975106894727791	106.0553237873279	65	2893	1.853223696171689	2.50 1.75 1.25 1.08
fcb72b38	ok	466321.2	466321.2	467235.7	-0.1957256262738485	35.722	1.066678610887157	0.1957256262738485	0.1957256262738485	0.0	0	<ORIGINAL_WORKSPACE>/OpenROAD-flow-scripts/flow/reports/nangate45/jpeg/place_batch_20260421_220319/dpl_evolve_baseline/openroad_dpl_hpwl_only_9case_bo_place_batch_20260421_220319_jpeg_nangate45_trial_fcb72b38_651b2fe479ed/metrics.json	58	64 8	1	0.0398685644763076	1.374752717312546	0.6880321961841169	102.06673096628168	525	3635	1.0119049958224386	1.25 1.10 1.04
fcdad099	ok	466376.8	466376.8	467235.7	-0.18382585063599022	38.375	1.1458986532891398	0.1245553768700905	0.1838258506359902	0.05927047376589969	0	<ORIGINAL_WORKSPACE>/OpenROAD-flow-scripts/flow/reports/nangate45/jpeg/place_batch_20260421_220319/dpl_evolve_baseline/openroad_dpl_hpwl_only_9case_bo_place_batch_20260421_220319_jpeg_nangate45_trial_fcdad099_263c8532a53f/metrics.json	124	64 8	1	0.0030858649487880002	0.29542520258289984	1.0945472760995723	120.3103579571016	759	2848	1.3437646579980482	1.75 1.35 1.15 1.05
fd0d2aeb	ok	467071.5	467071.5	467235.7	-0.035142862585203063	36.17	1.0800561378363045	0.035142862585203063	0.035142862585203063	0.0	0	<ORIGINAL_WORKSPACE>/OpenROAD-flow-scripts/flow/reports/nangate45/jpeg/place_batch_20260421_220319/dpl_evolve_baseline/openroad_dpl_hpwl_only_9case_bo_place_batch_20260421_220319_jpeg_nangate45_trial_fd0d2aeb_7fcd485cbe83/metrics.json	64	1024 128	1	0.16822734303834425	0.8604653766131477	0.10936584639033993	131.3058072825294	216	2584	1.4253991852753847	1.75 1.35 1.15 1.05
feea99ef	ok	466790.3	466790.3	467235.7	-0.0953266199479242	34.857	1.0408492340768611	0.0953266199479242	0.0953266199479242	0.0	0	<ORIGINAL_WORKSPACE>/OpenROAD-flow-scripts/flow/reports/nangate45/jpeg/place_batch_20260421_220319/dpl_evolve_baseline/openroad_dpl_hpwl_only_9case_bo_place_batch_20260421_220319_jpeg_nangate45_trial_feea99ef_0a843a3b1c73/metrics.json	37	64 8	0	0.15504190297577658	1.6846093987469397	0.10642382514701898	41.545512162264366	451	3807	1.532898604470822	2.00 1.50 1.20 1.05
ff2d1373	ok	466780.7	466780.7	467235.7	-0.09738125746812583	38.769	1.1576637104720953	0.023110263249694896	0.09738125746812583	0.07427099421843093	0	<ORIGINAL_WORKSPACE>/OpenROAD-flow-scripts/flow/reports/nangate45/jpeg/place_batch_20260421_220319/dpl_evolve_baseline/openroad_dpl_hpwl_only_9case_bo_place_batch_20260421_220319_jpeg_nangate45_trial_ff2d1373_b1706309e9e5/metrics.json	83	32	1	0.20120769825777435	1.5262365505815474	1.1841225679043863	104.11821816115624	915	3591	1.2186054997148494	1.75 1.35 1.15 1.05
ffdf4610	ok	466400.5	466400.5	467235.7	-0.17875346425797764	37.28	1.1132013496969155	0.1615814729533686	0.17875346425797764	0.017171991304609023	0	<ORIGINAL_WORKSPACE>/OpenROAD-flow-scripts/flow/reports/nangate45/jpeg/place_batch_20260421_220319/dpl_evolve_baseline/openroad_dpl_hpwl_only_9case_bo_place_batch_20260421_220319_jpeg_nangate45_trial_ffdf4610_9df33eabc40d/metrics.json	58	64 8	1	0.11726460447786717	1.3732315876301682	0.8725470407871607	81.20503951278293	775	3873	1.1584885921580699	1.25 1.10 1.04
