trial	status	score	hpwl_final	hpwl_ref	hpwl_delta_percent	runtime	runtime_ratio	gain_hr	hpwl_gain_percent	runtime_penalty_pp	legalize_exit_status	metrics_path	improve_random_seed	improve_max_displacement	improve_enable_extra_dpl	global_swap_tradeoff	global_swap_area_weight	global_swap_pin_weight	global_swap_congestion_user_weight	global_swap_sampling_moves	global_swap_normalization_interval	global_swap_profiling_excess	global_swap_budget_multipliers
00206c58	ok	3277368.7	3277368.7	3267840.1	0.2915870944848279	35.295	1.0395252260477719	-0.29158709448482784	-0.29158709448482784	0.0	0	<ORIGINAL_WORKSPACE>/OpenROAD-flow-scripts/flow/reports/nangate45/swerv_wrapper/place_batch_20260421_220319/dpl_evolve_baseline/openroad_dpl_hpwl_only_9case_bo_place_batch_20260421_220319_swerv_wrapper_nangate45_trial_00206c58_7830cc4c16dd/metrics.json	93	32	1	0.6747822740192727	0.39662281633649554	0.5490954265365378	50.58405745762291	104	1438	1.8736004404008846	1.25 1.10 1.04
003dec8c	ok	3268339.3	3268339.3	3267840.1	0.015276145243450577	35.933	1.058315907283598	-0.015276145243450577	-0.015276145243450577	0.0	0	<ORIGINAL_WORKSPACE>/OpenROAD-flow-scripts/flow/reports/nangate45/swerv_wrapper/place_batch_20260421_220319/dpl_evolve_baseline/openroad_dpl_hpwl_only_9case_bo_place_batch_20260421_220319_swerv_wrapper_nangate45_trial_003dec8c_a6efb78f6b79/metrics.json	55	512	0	0.5557432427498099	0.4414113156652736	1.5343437064931236	0.6068945468056111	632	3865	1.5044644103220741	1.25 1.10 1.04
018f3525	ok	3267634.6	3267634.6	3267840.1	-0.006288557386880711	37.021	1.0903602038111506	0.006288557386880711	0.006288557386880711	0.0	0	<ORIGINAL_WORKSPACE>/OpenROAD-flow-scripts/flow/reports/nangate45/swerv_wrapper/place_batch_20260421_220319/dpl_evolve_baseline/openroad_dpl_hpwl_only_9case_bo_place_batch_20260421_220319_swerv_wrapper_nangate45_trial_018f3525_dbadbe67c4b0/metrics.json	113	omit	1	0.9611109454034124	0.18441610685952572	1.9773705038485907	13.12280924695694	450	3488	1.8873146616585956	2.00 1.50 1.20 1.05
01a72f04	ok	3265675.6	3265675.6	3267840.1	-0.06623641101656107	35.959	1.0590816717226754	0.06623641101656105	0.06623641101656105	0.0	0	<ORIGINAL_WORKSPACE>/OpenROAD-flow-scripts/flow/reports/nangate45/swerv_wrapper/place_batch_20260421_220319/dpl_evolve_baseline/openroad_dpl_hpwl_only_9case_bo_place_batch_20260421_220319_swerv_wrapper_nangate45_trial_01a72f04_a85f41cff5dd/metrics.json	30	512	0	0.6926862199416013	0.40417851068372834	1.9520946646918416	69.6212141158632	1121	966	1.464034480108564	2.00 1.50 1.20 1.05
01d13b59	ok	3267371.1	3267371.1	3267840.1	-0.014351987418233835	37.139	1.0938355962654258	0.014351987418233835	0.014351987418233835	0.0	0	<ORIGINAL_WORKSPACE>/OpenROAD-flow-scripts/flow/reports/nangate45/swerv_wrapper/place_batch_20260421_220319/dpl_evolve_baseline/openroad_dpl_hpwl_only_9case_bo_place_batch_20260421_220319_swerv_wrapper_nangate45_trial_01d13b59_8132e095034c/metrics.json	87	omit	0	0.9484441519921689	0.349228699845772	1.8282011287371673	48.27910369962295	170	2702	1.6379956772370567	omit
020d84e4	ok	3266335.3	3266335.3	3267840.1	-0.04604876474832044	39.563	1.1652284039701941	-0.037827027750511374	0.04604876474832044	0.08387579249883181	0	<ORIGINAL_WORKSPACE>/OpenROAD-flow-scripts/flow/reports/nangate45/swerv_wrapper/place_batch_20260421_220319/dpl_evolve_baseline/openroad_dpl_hpwl_only_9case_bo_place_batch_20260421_220319_swerv_wrapper_nangate45_trial_020d84e4_654e6421ed5e/metrics.json	37	omit	0	0.34370656858613763	0.3672345380441716	1.5536754135116708	10.95412458021711	279	2248	1.4077764365442862	1.50 1.25 1.10 1.04
02718dab	ok	3266543.7	3266543.7	3267840.1	-0.03967146372920471	39.426	1.1611934144258238	-0.039085045021070235	0.03967146372920471	0.07875650875027494	0	<ORIGINAL_WORKSPACE>/OpenROAD-flow-scripts/flow/reports/nangate45/swerv_wrapper/place_batch_20260421_220319/dpl_evolve_baseline/openroad_dpl_hpwl_only_9case_bo_place_batch_20260421_220319_swerv_wrapper_nangate45_trial_02718dab_f5f72b3cc5a9/metrics.json	44	omit	1	0.8760798719140781	0.05683192812248284	1.7435845234913099	95.94865591532219	829	1964	1.1834761258402768	omit
028f5a29	ok	3266574.4	3266574.4	3267840.1	-0.038732005277742516	38.963	1.1475569169145583	-0.022657411581363508	0.038732005277742516	0.061389416859106025	0	<ORIGINAL_WORKSPACE>/OpenROAD-flow-scripts/flow/reports/nangate45/swerv_wrapper/place_batch_20260421_220319/dpl_evolve_baseline/openroad_dpl_hpwl_only_9case_bo_place_batch_20260421_220319_swerv_wrapper_nangate45_trial_028f5a29_eaf6b0e72a20/metrics.json	56	omit	0	0.36966687446930885	0.02142850190129933	1.9499745933873696	117.06384092433319	606	2515	1.1655811793111701	omit
02b53beb	ok	3267584.4	3267584.4	3267840.1	-0.007824740261929777	38.813	1.1431390451506493	-0.047916081580762035	0.007824740261929777	0.055740821842691815	0	<ORIGINAL_WORKSPACE>/OpenROAD-flow-scripts/flow/reports/nangate45/swerv_wrapper/place_batch_20260421_220319/dpl_evolve_baseline/openroad_dpl_hpwl_only_9case_bo_place_batch_20260421_220319_swerv_wrapper_nangate45_trial_02b53beb_6275993d98f2/metrics.json	79	omit	1	0.7227739746136544	0.2091453562465087	1.7258253034592852	99.13897847121615	803	1406	1.0362009978815332	omit
035d9e8a	ok	3267165.4	3267165.4	3267840.1	-0.020646665055618428	38.542	1.1351574234971873	-0.02486128479553102	0.020646665055618428	0.04550794985114945	0	<ORIGINAL_WORKSPACE>/OpenROAD-flow-scripts/flow/reports/nangate45/swerv_wrapper/place_batch_20260421_220319/dpl_evolve_baseline/openroad_dpl_hpwl_only_9case_bo_place_batch_20260421_220319_swerv_wrapper_nangate45_trial_035d9e8a_a95169c3f3c0/metrics.json	120	512	1	0.9873951395066206	0.8128666994433433	1.1720950237644088	1.010531539531184	275	3617	1.5276105644154587	2.00 1.50 1.20 1.05
04166569	ok	3267528.8	3267528.8	3267840.1	-0.009526169900426871	40.795	1.2015138573910995	-0.11999330648860176	0.009526169900426871	0.12951947638902864	0	<ORIGINAL_WORKSPACE>/OpenROAD-flow-scripts/flow/reports/nangate45/swerv_wrapper/place_batch_20260421_220319/dpl_evolve_baseline/openroad_dpl_hpwl_only_9case_bo_place_batch_20260421_220319_swerv_wrapper_nangate45_trial_04166569_59f7a9d48c4c/metrics.json	19	omit	1	0.45279357600646447	0.4987218245489678	0.9451137119313904	11.12168747318892	225	2619	1.0158485305192844	omit
056aa563	ok	3265446.6	3265446.6	3267840.1	-0.07324409783697801	37.227	1.0964274143669188	0.07324409783697801	0.07324409783697801	0.0	0	<ORIGINAL_WORKSPACE>/OpenROAD-flow-scripts/flow/reports/nangate45/swerv_wrapper/place_batch_20260421_220319/dpl_evolve_baseline/openroad_dpl_hpwl_only_9case_bo_place_batch_20260421_220319_swerv_wrapper_nangate45_trial_056aa563_5a05f4cbeb10/metrics.json	46	omit	1	0.5802199169021791	0.44542087632408234	1.5876512982905253	12.664986892021789	177	2532	1.10772421969653	omit
065945ed	ok	3271715.0	3271715.0	3267840.1	0.1185767932769999	38.246	1.1264394898830736	-0.15286668673102916	-0.1185767932769999	0.03428989345402927	0	<ORIGINAL_WORKSPACE>/OpenROAD-flow-scripts/flow/reports/nangate45/swerv_wrapper/place_batch_20260421_220319/dpl_evolve_baseline/openroad_dpl_hpwl_only_9case_bo_place_batch_20260421_220319_swerv_wrapper_nangate45_trial_065945ed_5c7d2eec6ca5/metrics.json	60	64	0	0.40902027407622943	0.09671812966852608	1.9911554954052884	110.72291200120632	563	1599	1.0384915373564374	1.10 1.04
06cc315b	ok	3268394.1	3268394.1	3267840.1	0.016953093879960652	39.472	1.1625482284334225	-0.09742947663512272	-0.01695309387996065	0.08047638275516207	0	<ORIGINAL_WORKSPACE>/OpenROAD-flow-scripts/flow/reports/nangate45/swerv_wrapper/place_batch_20260421_220319/dpl_evolve_baseline/openroad_dpl_hpwl_only_9case_bo_place_batch_20260421_220319_swerv_wrapper_nangate45_trial_06cc315b_1d16ade8d853/metrics.json	11	omit	1	0.8252444402257731	0.4184758681810098	1.956775454025408	98.20652387651904	809	2143	1.2300312014006733	omit
07442226	ok	3275445.3	3275445.3	3267840.1	0.23272864544381225	42.773	1.2597708597178452	-0.4341116412481672	-0.23272864544381228	0.20138299580435493	0	<ORIGINAL_WORKSPACE>/OpenROAD-flow-scripts/flow/reports/nangate45/swerv_wrapper/place_batch_20260421_220319/dpl_evolve_baseline/openroad_dpl_hpwl_only_9case_bo_place_batch_20260421_220319_swerv_wrapper_nangate45_trial_07442226_abb21ddf96bb/metrics.json	128	256 32	1	0.9756765559057823	0.11201799710374033	1.62809078687429	3.583234629950038	129	2032	1.7214434167469954	2.00 1.50 1.20 1.05
088c5b28	ok	3267203.3	3267203.3	3267840.1	-0.019486877586216023	39.557	1.1650516890996376	-0.06416489847285384	0.019486877586216027	0.08365177605906987	0	<ORIGINAL_WORKSPACE>/OpenROAD-flow-scripts/flow/reports/nangate45/swerv_wrapper/place_batch_20260421_220319/dpl_evolve_baseline/openroad_dpl_hpwl_only_9case_bo_place_batch_20260421_220319_swerv_wrapper_nangate45_trial_088c5b28_0c7d8cea2ad4/metrics.json	35	omit	1	0.5698440992275604	0.7232027033140934	1.9229532568069345	27.654302073819533	1068	608	1.8131921976930563	omit
09fd7183	ok	3266008.6	3266008.6	3267840.1	-0.056046193937090136	36.097	1.0631461137454716	0.05604619393709013	0.05604619393709013	0.0	0	<ORIGINAL_WORKSPACE>/OpenROAD-flow-scripts/flow/reports/nangate45/swerv_wrapper/place_batch_20260421_220319/dpl_evolve_baseline/openroad_dpl_hpwl_only_9case_bo_place_batch_20260421_220319_swerv_wrapper_nangate45_trial_09fd7183_8d79c95a3e83/metrics.json	40	omit	1	0.7089206513857517	1.1849130462045223	1.685932598024448	34.05874152007727	186	2261	1.0900403595827848	1.25 1.10 1.04
0a2bbf72	ok	3269776.4	3269776.4	3267840.1	0.05925320519813114	36.568	1.0770182310841456	-0.05925320519813113	-0.05925320519813113	0.0	0	<ORIGINAL_WORKSPACE>/OpenROAD-flow-scripts/flow/reports/nangate45/swerv_wrapper/place_batch_20260421_220319/dpl_evolve_baseline/openroad_dpl_hpwl_only_9case_bo_place_batch_20260421_220319_swerv_wrapper_nangate45_trial_0a2bbf72_283ae583ef6c/metrics.json	44	128	0	0.5396942225683047	0.6946585113715569	1.9105425980525	65.341458364975	440	411	1.2542461387570227	1.50 1.25 1.10 1.04
0a97be55	ok	3276432.8	3276432.8	3267840.1	0.26294738227857967	36.398	1.0720113097517157	-0.26294738227857967	-0.26294738227857967	0.0	0	<ORIGINAL_WORKSPACE>/OpenROAD-flow-scripts/flow/reports/nangate45/swerv_wrapper/place_batch_20260421_220319/dpl_evolve_baseline/openroad_dpl_hpwl_only_9case_bo_place_batch_20260421_220319_swerv_wrapper_nangate45_trial_0a97be55_4d62c374084e/metrics.json	30	128 16	1	0.2670861951723001	0.47296380817683525	1.2970783194132616	28.92293112409568	353	2305	1.2308361797648901	1.50 1.25 1.10 1.04
0b42a7e7	ok	3269021.6	3269021.6	3267840.1	0.03615537981800272	38.081	1.1215798309427738	-0.06417311684842392	-0.03615537981800272	0.028017737030421198	0	<ORIGINAL_WORKSPACE>/OpenROAD-flow-scripts/flow/reports/nangate45/swerv_wrapper/place_batch_20260421_220319/dpl_evolve_baseline/openroad_dpl_hpwl_only_9case_bo_place_batch_20260421_220319_swerv_wrapper_nangate45_trial_0b42a7e7_340c3bf027f5/metrics.json	52	128	0	0.8548979426974024	1.0554292926174933	1.6142141138089663	85.87327757874095	893	2124	1.770883910501888	1.10 1.04
0b94f1b1	ok	3267815.1	3267815.1	3267840.1	-0.0007650313122725926	36.788	1.0834977763378786	0.0007650313122725926	0.0007650313122725926	0.0	0	<ORIGINAL_WORKSPACE>/OpenROAD-flow-scripts/flow/reports/nangate45/swerv_wrapper/place_batch_20260421_220319/dpl_evolve_baseline/openroad_dpl_hpwl_only_9case_bo_place_batch_20260421_220319_swerv_wrapper_nangate45_trial_0b94f1b1_38c9fb671068/metrics.json	82	omit	1	0.6799668971716288	0.534761669691239	0.8559507653328582	16.513788791505526	250	1456	1.797205500584678	2.50 1.75 1.25 1.08
0d206f11	ok	3267996.8	3267996.8	3267840.1	0.00479521626531606	37.754	1.1119488704974523	-0.02034240077128909	-0.00479521626531606	0.015547184505973033	0	<ORIGINAL_WORKSPACE>/OpenROAD-flow-scripts/flow/reports/nangate45/swerv_wrapper/place_batch_20260421_220319/dpl_evolve_baseline/openroad_dpl_hpwl_only_9case_bo_place_batch_20260421_220319_swerv_wrapper_nangate45_trial_0d206f11_1401fa9d5b6f/metrics.json	54	1024 128	0	0.35500537235167834	0.11710766072012725	1.7488461838748028	102.30409147904192	544	2483	1.0846434473071134	omit
0d30bed3	ok	3267715.7	3267715.7	3267840.1	-0.0038067958098655704	38.571	1.136011545371543	-0.042797899855009335	0.0038067958098655704	0.04660469566487491	0	<ORIGINAL_WORKSPACE>/OpenROAD-flow-scripts/flow/reports/nangate45/swerv_wrapper/place_batch_20260421_220319/dpl_evolve_baseline/openroad_dpl_hpwl_only_9case_bo_place_batch_20260421_220319_swerv_wrapper_nangate45_trial_0d30bed3_630ce2e415dd/metrics.json	62	omit	0	0.8304016243144303	0.056880639306756665	1.7490479936920504	57.683156766603126	435	1068	1.0572329847929773	2.50 1.75 1.25 1.08
0edc8041	ok	3268100.2	3268100.2	3267840.1	0.007959385772886901	38.117	1.1226401201661118	-0.03734675042543506	-0.007959385772886903	0.029387364652548154	0	<ORIGINAL_WORKSPACE>/OpenROAD-flow-scripts/flow/reports/nangate45/swerv_wrapper/place_batch_20260421_220319/dpl_evolve_baseline/openroad_dpl_hpwl_only_9case_bo_place_batch_20260421_220319_swerv_wrapper_nangate45_trial_0edc8041_23f0e0830b32/metrics.json	53	omit	0	0.4463627041084518	0.15021774799562407	1.7782990609107832	128.74926657225575	741	1190	1.2124884397860536	1.75 1.35 1.15 1.05
0ee72fca	ok	3267769.8	3267769.8	3267840.1	-0.00215126805011908	35.022	1.0314846994374576	0.00215126805011908	0.00215126805011908	0.0	0	<ORIGINAL_WORKSPACE>/OpenROAD-flow-scripts/flow/reports/nangate45/swerv_wrapper/place_batch_20260421_220319/dpl_evolve_baseline/openroad_dpl_hpwl_only_9case_bo_place_batch_20260421_220319_swerv_wrapper_nangate45_trial_0ee72fca_5797ec3245ee/metrics.json	117	256	1	0.4760187395754619	0.512883262548042	1.0328230027397447	22.455515624096893	408	2181	1.2098789532227798	2.00 1.50 1.20 1.05
100dca1e	ok	3266353.1	3266353.1	3267840.1	-0.04550406245397381	34.482	1.0155803610873855	0.0455040624539738	0.0455040624539738	0.0	0	<ORIGINAL_WORKSPACE>/OpenROAD-flow-scripts/flow/reports/nangate45/swerv_wrapper/place_batch_20260421_220319/dpl_evolve_baseline/openroad_dpl_hpwl_only_9case_bo_place_batch_20260421_220319_swerv_wrapper_nangate45_trial_100dca1e_57f06aa87ea2/metrics.json	30	omit	1	0.6164764555417369	0.9768995446380987	1.7149418512027967	61.692196413754466	194	2134	1.1103563986614942	1.25 1.10 1.04
1083fd97	ok	3266799.3	3266799.3	3267840.1	-0.03184978359254112	38.139	1.1232880746914853	0.0016257426645625052	0.03184978359254112	0.030224040927978615	0	<ORIGINAL_WORKSPACE>/OpenROAD-flow-scripts/flow/reports/nangate45/swerv_wrapper/place_batch_20260421_220319/dpl_evolve_baseline/openroad_dpl_hpwl_only_9case_bo_place_batch_20260421_220319_swerv_wrapper_nangate45_trial_1083fd97_200f7ede8f6a/metrics.json	61	1024	1	0.551004161484165	0.34717539243744056	1.6137991897822286	37.129451627146295	1048	543	1.191917140762856	omit
10d7193c	ok	3266551.9	3266551.9	3267840.1	-0.03942053345878785	38.098	1.1220805230760167	0.010755947191970316	0.03942053345878785	0.028664586266817532	0	<ORIGINAL_WORKSPACE>/OpenROAD-flow-scripts/flow/reports/nangate45/swerv_wrapper/place_batch_20260421_220319/dpl_evolve_baseline/openroad_dpl_hpwl_only_9case_bo_place_batch_20260421_220319_swerv_wrapper_nangate45_trial_10d7193c_75c9b6947335/metrics.json	112	1024	1	0.5242733157644675	0.531917588032017	1.3903292218427163	44.34201867627143	468	2294	1.2549659131177444	1.25 1.10 1.04
10dc463b	ok	3267860.9	3267860.9	3267840.1	0.0006365060518050971	37.718	1.1108885812741143	-0.01480749116120961	-0.000636506051805097	0.014170985109404514	0	<ORIGINAL_WORKSPACE>/OpenROAD-flow-scripts/flow/reports/nangate45/swerv_wrapper/place_batch_20260421_220319/dpl_evolve_baseline/openroad_dpl_hpwl_only_9case_bo_place_batch_20260421_220319_swerv_wrapper_nangate45_trial_10dc463b_5114d5511a22/metrics.json	113	512	1	0.8605115885200133	0.8843471073566102	1.1630057718575422	10.350667716979855	376	2157	1.6138734506136627	1.10 1.04
10fc152b	ok	3267564.5	3267564.5	3267840.1	-0.008433705186495909	38.078	1.1214914735074957	-0.019469866991989417	0.00843370518649591	0.027903572178485325	0	<ORIGINAL_WORKSPACE>/OpenROAD-flow-scripts/flow/reports/nangate45/swerv_wrapper/place_batch_20260421_220319/dpl_evolve_baseline/openroad_dpl_hpwl_only_9case_bo_place_batch_20260421_220319_swerv_wrapper_nangate45_trial_10fc152b_7967728c732d/metrics.json	63	omit	1	0.4277373293360762	1.615396818224419	0.7393929822025813	32.05398564443717	933	1304	1.7332450677264275	omit
115efbe9	ok	3275827.9	3275827.9	3267840.1	0.24443668464683488	35.953	1.0589049568521192	-0.24443668464683488	-0.24443668464683488	0.0	0	<ORIGINAL_WORKSPACE>/OpenROAD-flow-scripts/flow/reports/nangate45/swerv_wrapper/place_batch_20260421_220319/dpl_evolve_baseline/openroad_dpl_hpwl_only_9case_bo_place_batch_20260421_220319_swerv_wrapper_nangate45_trial_115efbe9_db5fcd1a8aed/metrics.json	12	256 32	1	0.6793249824021935	0.4747893640470512	1.7290109616736111	1.309096081174582	65	2534	1.2789450061409824	omit
11890ebc	ok	3279674.5	3279674.5	3267840.1	0.3621474624783479	34.784	1.0244750095720554	-0.3621474624783479	-0.3621474624783479	0.0	0	<ORIGINAL_WORKSPACE>/OpenROAD-flow-scripts/flow/reports/nangate45/swerv_wrapper/place_batch_20260421_220319/dpl_evolve_baseline/openroad_dpl_hpwl_only_9case_bo_place_batch_20260421_220319_swerv_wrapper_nangate45_trial_11890ebc_9382bf9d2f32/metrics.json	63	64 8	0	0.3125013784920495	1.0090383394019893	1.364005565632892	115.52249344681383	200	189	1.5190823222119896	1.25 1.10 1.04
11c43fe2	ok	3267846.3	3267846.3	3267840.1	0.00018972776543505304	38.246	1.1264394898830736	-0.034479621219464324	-0.00018972776543505306	0.03428989345402927	0	<ORIGINAL_WORKSPACE>/OpenROAD-flow-scripts/flow/reports/nangate45/swerv_wrapper/place_batch_20260421_220319/dpl_evolve_baseline/openroad_dpl_hpwl_only_9case_bo_place_batch_20260421_220319_swerv_wrapper_nangate45_trial_11c43fe2_07bba80265c0/metrics.json	52	512	1	0.7692188630414216	1.4012343191146446	1.4672167062485881	124.99630192752585	1129	2691	1.2668334397568572	1.04
11ea98f2	ok	3267305.5	3267305.5	3267840.1	-0.016359429581639967	37.548	1.105881659941684	0.008696055098940704	0.016359429581639967	0.007663374482699262	0	<ORIGINAL_WORKSPACE>/OpenROAD-flow-scripts/flow/reports/nangate45/swerv_wrapper/place_batch_20260421_220319/dpl_evolve_baseline/openroad_dpl_hpwl_only_9case_bo_place_batch_20260421_220319_swerv_wrapper_nangate45_trial_11ea98f2_496e5d7bebfa/metrics.json	39	omit	0	0.31851472362342714	0.5588182651571805	1.8081699819177655	14.720258143038624	682	3113	1.8564900429256155	omit
1229534c	ok	3267412.7	3267412.7	3267840.1	-0.01307897531460939	38.081	1.1215798309427738	-0.014938761715811806	0.013078975314609392	0.028017737030421198	0	<ORIGINAL_WORKSPACE>/OpenROAD-flow-scripts/flow/reports/nangate45/swerv_wrapper/place_batch_20260421_220319/dpl_evolve_baseline/openroad_dpl_hpwl_only_9case_bo_place_batch_20260421_220319_swerv_wrapper_nangate45_trial_1229534c_77a3e89291a3/metrics.json	115	512	1	0.8924887636154054	0.014105622895131953	0.8733005203837337	19.488243255402423	728	2242	1.8115735011116172	omit
127d0cd8	ok	3266443.1	3266443.1	3267840.1	-0.04274994972979247	34.842	1.0261832533207669	0.04274994972979247	0.04274994972979247	0.0	0	<ORIGINAL_WORKSPACE>/OpenROAD-flow-scripts/flow/reports/nangate45/swerv_wrapper/place_batch_20260421_220319/dpl_evolve_baseline/openroad_dpl_hpwl_only_9case_bo_place_batch_20260421_220319_swerv_wrapper_nangate45_trial_127d0cd8_e12a636e2e55/metrics.json	127	omit	1	0.6271828415883345	0.5251307111299686	1.7751704972687614	15.283229584311396	521	2811	1.3918877627102786	2.50 1.75 1.25 1.08
12f8ad6b	ok	3267566.3	3267566.3	3267840.1	-0.008378622932017982	40.868	1.2036638883162019	-0.1238236146640569	0.008378622932017982	0.13220223759607488	0	<ORIGINAL_WORKSPACE>/OpenROAD-flow-scripts/flow/reports/nangate45/swerv_wrapper/place_batch_20260421_220319/dpl_evolve_baseline/openroad_dpl_hpwl_only_9case_bo_place_batch_20260421_220319_swerv_wrapper_nangate45_trial_12f8ad6b_ca58a2d7750f/metrics.json	124	512	1	0.7619219187762524	0.8087454521567798	1.5749917640293694	40.16350716505326	377	2083	1.9395546473827618	2.00 1.50 1.20 1.05
1311ac7f	ok	3266624.7	3266624.7	3267840.1	-0.037192762277441505	38.229	1.1259387977498305	0.0035484650162716236	0.037192762277441505	0.03364429726116988	0	<ORIGINAL_WORKSPACE>/OpenROAD-flow-scripts/flow/reports/nangate45/swerv_wrapper/place_batch_20260421_220319/dpl_evolve_baseline/openroad_dpl_hpwl_only_9case_bo_place_batch_20260421_220319_swerv_wrapper_nangate45_trial_1311ac7f_299cbf34c416/metrics.json	115	omit	1	0.7065982002269123	0.43504521454154665	0.9770105958675999	32.8898457482753	158	2572	1.9468045362504698	omit
1327dd06	ok	3267701.1	3267701.1	3267840.1	-0.004253574096235614	36.786	1.0834388713810266	0.0042535740962356145	0.0042535740962356145	0.0	0	<ORIGINAL_WORKSPACE>/OpenROAD-flow-scripts/flow/reports/nangate45/swerv_wrapper/place_batch_20260421_220319/dpl_evolve_baseline/openroad_dpl_hpwl_only_9case_bo_place_batch_20260421_220319_swerv_wrapper_nangate45_trial_1327dd06_94f7dbc422b6/metrics.json	111	1024	1	0.4462846750625446	0.05233987686761005	1.8315398537907805	44.425133831117485	268	2899	1.6482034739809093	1.50 1.25 1.10 1.04
13292c88	ok	3268360.2	3268360.2	3267840.1	0.015915711420521866	40.513	1.1932082584749506	-0.13504903037227492	-0.015915711420521863	0.11913331895175307	0	<ORIGINAL_WORKSPACE>/OpenROAD-flow-scripts/flow/reports/nangate45/swerv_wrapper/place_batch_20260421_220319/dpl_evolve_baseline/openroad_dpl_hpwl_only_9case_bo_place_batch_20260421_220319_swerv_wrapper_nangate45_trial_13292c88_e8d1c13122ec/metrics.json	92	512	1	0.9733811291515659	0.557147647434432	1.9565565974143784	118.17837570463878	1109	3883	1.2787599057573311	omit
16feda21	ok	3276915.4	3276915.4	3267840.1	0.27771554673069265	35.152	1.0353135216328453	-0.27771554673069265	-0.27771554673069265	0.0	0	<ORIGINAL_WORKSPACE>/OpenROAD-flow-scripts/flow/reports/nangate45/swerv_wrapper/place_batch_20260421_220319/dpl_evolve_baseline/openroad_dpl_hpwl_only_9case_bo_place_batch_20260421_220319_swerv_wrapper_nangate45_trial_16feda21_e754165170b0/metrics.json	112	128 16	1	0.8786594675918524	0.6137375587088432	1.5566275179023128	50.141903157578454	100	3139	1.4757912462576916	2.00 1.50 1.20 1.05
17156ecb	ok	3268430.2	3268430.2	3267840.1	0.018057799094885123	36.176	1.0654728595411302	-0.018057799094885123	-0.018057799094885123	0.0	0	<ORIGINAL_WORKSPACE>/OpenROAD-flow-scripts/flow/reports/nangate45/swerv_wrapper/place_batch_20260421_220319/dpl_evolve_baseline/openroad_dpl_hpwl_only_9case_bo_place_batch_20260421_220319_swerv_wrapper_nangate45_trial_17156ecb_ec82de25fbae/metrics.json	5	1024	1	0.7696088870848448	0.04587390722541035	1.5424933944827721	82.47785828892312	1198	2614	1.693425375555662	omit
179c8a80	ok	3268463.8	3268463.8	3267840.1	0.01908600117856809	37.491	1.1042028686713985	-0.024564115504260343	-0.01908600117856809	0.005478114325692253	0	<ORIGINAL_WORKSPACE>/OpenROAD-flow-scripts/flow/reports/nangate45/swerv_wrapper/place_batch_20260421_220319/dpl_evolve_baseline/openroad_dpl_hpwl_only_9case_bo_place_batch_20260421_220319_swerv_wrapper_nangate45_trial_179c8a80_bbecdfef60fc/metrics.json	36	omit	0	0.5298702372834894	0.9422650718213677	0.6658474575406068	21.138687968886302	227	1892	1.923429643524806	1.50 1.25 1.10 1.04
17ace7bd	ok	3269029.9	3269029.9	3267840.1	0.03640937021367152	37.461	1.1033192943186168	-0.04073668036154704	-0.03640937021367152	0.004327310147875519	0	<ORIGINAL_WORKSPACE>/OpenROAD-flow-scripts/flow/reports/nangate45/swerv_wrapper/place_batch_20260421_220319/dpl_evolve_baseline/openroad_dpl_hpwl_only_9case_bo_place_batch_20260421_220319_swerv_wrapper_nangate45_trial_17ace7bd_727a5b1e7089/metrics.json	1	512	0	0.6876206543600127	0.16964113600255756	1.675310990977115	60.96791695672321	987	1507	1.7411585731867554	2.00 1.50 1.20 1.05
17d39d44	ok	3277244.8	3277244.8	3267840.1	0.2877955993011935	35.554	1.0471534179601214	-0.28779559930119347	-0.28779559930119347	0.0	0	<ORIGINAL_WORKSPACE>/OpenROAD-flow-scripts/flow/reports/nangate45/swerv_wrapper/place_batch_20260421_220319/dpl_evolve_baseline/openroad_dpl_hpwl_only_9case_bo_place_batch_20260421_220319_swerv_wrapper_nangate45_trial_17d39d44_9be283d6dfae/metrics.json	46	128 16	1	0.930221942454106	0.2568504061845283	1.9837389512688128	56.40779109070643	1101	3032	1.7293459804645985	1.10 1.04
18acee02	ok	3268095.1	3268095.1	3267840.1	0.007803319385180443	37.259	1.0973698936765528	-0.0078033193851804435	-0.0078033193851804435	0.0	0	<ORIGINAL_WORKSPACE>/OpenROAD-flow-scripts/flow/reports/nangate45/swerv_wrapper/place_batch_20260421_220319/dpl_evolve_baseline/openroad_dpl_hpwl_only_9case_bo_place_batch_20260421_220319_swerv_wrapper_nangate45_trial_18acee02_4f9b4de52495/metrics.json	54	512	1	0.6359669180617764	0.5489036237313054	1.2453529544694295	4.26139444491897	885	223	1.2770986893033252	2.00 1.50 1.20 1.05
19cb4598	ok	3268677.3	3268677.3	3267840.1	0.02561936858537603	40.237	1.1850793744293582	-0.13455245129862803	-0.02561936858537603	0.108933082713252	0	<ORIGINAL_WORKSPACE>/OpenROAD-flow-scripts/flow/reports/nangate45/swerv_wrapper/place_batch_20260421_220319/dpl_evolve_baseline/openroad_dpl_hpwl_only_9case_bo_place_batch_20260421_220319_swerv_wrapper_nangate45_trial_19cb4598_9fbbd5acc846/metrics.json	118	omit	1	0.47803453225283365	0.8905562652342904	1.8622874830093903	27.740521146103383	664	2875	1.2664163952132963	2.50 1.75 1.25 1.08
19eff44f	ok	3267481.9	3267481.9	3267840.1	-0.010961368642247405	40.448	1.1912938473772567	-0.10577285644997754	0.010961368642247405	0.11673422509222495	0	<ORIGINAL_WORKSPACE>/OpenROAD-flow-scripts/flow/reports/nangate45/swerv_wrapper/place_batch_20260421_220319/dpl_evolve_baseline/openroad_dpl_hpwl_only_9case_bo_place_batch_20260421_220319_swerv_wrapper_nangate45_trial_19eff44f_461dad5a07cc/metrics.json	71	256	1	0.9279744921157277	0.7736914197378993	1.60949433147871	80.30205200561889	857	2194	1.155142572064337	1.75 1.35 1.15 1.05
1a1864c6	ok	3266718.2	3266718.2	3267840.1	-0.03433154516954201	40.38	1.1892910788442848	-0.07989079456611373	0.03433154516954201	0.11422233973565574	0	<ORIGINAL_WORKSPACE>/OpenROAD-flow-scripts/flow/reports/nangate45/swerv_wrapper/place_batch_20260421_220319/dpl_evolve_baseline/openroad_dpl_hpwl_only_9case_bo_place_batch_20260421_220319_swerv_wrapper_nangate45_trial_1a1864c6_dd6fec5ee399/metrics.json	120	omit	1	0.9195317028594179	0.10044140144164548	1.9500329663193536	12.660199493164372	257	1820	1.4625787361046856	1.04
1a430161	ok	3279283.1	3279283.1	3267840.1	0.35017013225341104	34.703	1.0220893588195448	-0.35017013225341104	-0.35017013225341104	0.0	0	<ORIGINAL_WORKSPACE>/OpenROAD-flow-scripts/flow/reports/nangate45/swerv_wrapper/place_batch_20260421_220319/dpl_evolve_baseline/openroad_dpl_hpwl_only_9case_bo_place_batch_20260421_220319_swerv_wrapper_nangate45_trial_1a430161_bb0137860cf0/metrics.json	66	64 8	1	0.5716624652844409	1.3548792288962772	1.914422228002765	37.59832145250115	133	2876	1.0041856528302686	1.75 1.35 1.15 1.05
1aa4f8bf	ok	3267890.5	3267890.5	3267840.1	0.0015423031255386965	38.086	1.121727093334904	-0.029750304916485854	-0.0015423031255386965	0.02820800179094716	0	<ORIGINAL_WORKSPACE>/OpenROAD-flow-scripts/flow/reports/nangate45/swerv_wrapper/place_batch_20260421_220319/dpl_evolve_baseline/openroad_dpl_hpwl_only_9case_bo_place_batch_20260421_220319_swerv_wrapper_nangate45_trial_1aa4f8bf_267cdb9ec078/metrics.json	86	1024	1	0.9297780377030957	1.0427928405818634	1.5650394308776117	81.12217140993741	917	3316	1.0487861372670098	1.50 1.25 1.10 1.04
1aa90049	ok	3268601.1	3268601.1	3267840.1	0.023287553145577716	38.508	1.1341560392307013	-0.06750913749196259	-0.023287553145577716	0.04422158434638487	0	<ORIGINAL_WORKSPACE>/OpenROAD-flow-scripts/flow/reports/nangate45/swerv_wrapper/place_batch_20260421_220319/dpl_evolve_baseline/openroad_dpl_hpwl_only_9case_bo_place_batch_20260421_220319_swerv_wrapper_nangate45_trial_1aa90049_30ca33d52990/metrics.json	103	omit	1	0.62292239846895	0.49823465360689495	1.9830063471620993	114.68870306976089	897	2363	1.0607951002710263	1.04
1c2e72d4	ok	3277089.8	3277089.8	3267840.1	0.28305240516510344	36.313	1.0695078490855006	-0.2830524051651034	-0.2830524051651034	0.0	0	<ORIGINAL_WORKSPACE>/OpenROAD-flow-scripts/flow/reports/nangate45/swerv_wrapper/place_batch_20260421_220319/dpl_evolve_baseline/openroad_dpl_hpwl_only_9case_bo_place_batch_20260421_220319_swerv_wrapper_nangate45_trial_1c2e72d4_e1eaec6f79bf/metrics.json	38	32	0	0.13216114194293815	0.41290811777886605	0.19856817761302625	76.18825499179312	351	1492	1.1080653286972368	1.75 1.35 1.15 1.05
1cde1c85	ok	3269671.0	3269671.0	3267840.1	0.05602783318559274	39.3	1.1574824021441403	-0.13006823796823935	-0.056027833185592735	0.07404040478264663	0	<ORIGINAL_WORKSPACE>/OpenROAD-flow-scripts/flow/reports/nangate45/swerv_wrapper/place_batch_20260421_220319/dpl_evolve_baseline/openroad_dpl_hpwl_only_9case_bo_place_batch_20260421_220319_swerv_wrapper_nangate45_trial_1cde1c85_f25307a2a546/metrics.json	2	512 64	1	0.9679223680232336	0.6570721653725871	1.2822489389242135	97.09696096553844	1179	1979	1.7656690250712561	omit
1ce3aefc	ok	3269021.6	3269021.6	3267840.1	0.03615537981800272	41.555	1.2238977409949046	-0.19348851956267277	-0.03615537981800272	0.15733313974467003	0	<ORIGINAL_WORKSPACE>/OpenROAD-flow-scripts/flow/reports/nangate45/swerv_wrapper/place_batch_20260421_220319/dpl_evolve_baseline/openroad_dpl_hpwl_only_9case_bo_place_batch_20260421_220319_swerv_wrapper_nangate45_trial_1ce3aefc_1c77b10494c5/metrics.json	52	128	1	0.98823398409034	0.22997866055617053	1.239198047982395	78.09802022045734	791	1361	1.3767347432913029	1.50 1.25 1.10 1.04
1d2940e8	ok	3268561.0	3268561.0	3267840.1	0.022060442920689628	36.583	1.0774600182605365	-0.022060442920689628	-0.022060442920689628	0.0	0	<ORIGINAL_WORKSPACE>/OpenROAD-flow-scripts/flow/reports/nangate45/swerv_wrapper/place_batch_20260421_220319/dpl_evolve_baseline/openroad_dpl_hpwl_only_9case_bo_place_batch_20260421_220319_swerv_wrapper_nangate45_trial_1d2940e8_f7a77d181ca8/metrics.json	52	omit	0	0.2758696169028506	0.2530317494551917	1.1740144201163663	77.92687591556243	430	756	1.2654605460778636	omit
1dd9e72d	ok	3268229.3	3268229.3	3267840.1	0.011910007469451171	39.818	1.1727387859688392	-0.1052908462801457	-0.011910007469451171	0.09338083881069453	0	<ORIGINAL_WORKSPACE>/OpenROAD-flow-scripts/flow/reports/nangate45/swerv_wrapper/place_batch_20260421_220319/dpl_evolve_baseline/openroad_dpl_hpwl_only_9case_bo_place_batch_20260421_220319_swerv_wrapper_nangate45_trial_1dd9e72d_17927da42220/metrics.json	10	512	0	0.9403539193729722	0.06289902544180367	1.873643659604908	99.5745107081623	915	1663	1.583483218704416	omit
1e1e7af4	ok	3264851.9	3264851.9	3267840.1	-0.09144266269332414	36.748	1.0823196772008363	0.09144266269332414	0.09144266269332414	0.0	0	<ORIGINAL_WORKSPACE>/OpenROAD-flow-scripts/flow/reports/nangate45/swerv_wrapper/place_batch_20260421_220319/dpl_evolve_baseline/openroad_dpl_hpwl_only_9case_bo_place_batch_20260421_220319_swerv_wrapper_nangate45_trial_1e1e7af4_2da3d19ee1bc/metrics.json	119	512	1	0.7857542816763529	0.7488728392406266	1.178470529917557	10.714568390226852	353	2262	1.6223208438760817	2.00 1.50 1.20 1.05
1f0abb1e	ok	3270646.8	3270646.8	3267840.1	0.08588853536621087	37.129	1.093541071481165	-0.08588853536621087	-0.08588853536621087	0.0	0	<ORIGINAL_WORKSPACE>/OpenROAD-flow-scripts/flow/reports/nangate45/swerv_wrapper/place_batch_20260421_220319/dpl_evolve_baseline/openroad_dpl_hpwl_only_9case_bo_place_batch_20260421_220319_swerv_wrapper_nangate45_trial_1f0abb1e_2dc517b8c004/metrics.json	19	512 64	0	0.651304332340991	1.407033976305306	1.2399695846609278	119.94228926040421	89	3104	1.731728600739527	1.04
1f21a2ed	ok	3268826.9	3268826.9	3267840.1	0.03019731595801807	39.369	1.1595146231555384	-0.10682128398352962	-0.03019731595801807	0.07662396802551155	0	<ORIGINAL_WORKSPACE>/OpenROAD-flow-scripts/flow/reports/nangate45/swerv_wrapper/place_batch_20260421_220319/dpl_evolve_baseline/openroad_dpl_hpwl_only_9case_bo_place_batch_20260421_220319_swerv_wrapper_nangate45_trial_1f21a2ed_77614fc1536c/metrics.json	57	128	0	0.41100281470149486	0.3878033317123451	1.9743358295569726	14.842234838473477	722	3938	1.4021793592805663	1.04
1f4af431	ok	3267528.8	3267528.8	3267840.1	-0.009526169900426871	39.814	1.172620976055135	-0.08370580550161581	0.009526169900426871	0.09323197540204269	0	<ORIGINAL_WORKSPACE>/OpenROAD-flow-scripts/flow/reports/nangate45/swerv_wrapper/place_batch_20260421_220319/dpl_evolve_baseline/openroad_dpl_hpwl_only_9case_bo_place_batch_20260421_220319_swerv_wrapper_nangate45_trial_1f4af431_a0c5db633f60/metrics.json	19	1024	1	0.40239251985773583	1.809372320687246	0.12226904351036993	116.0811514080628	194	2512	1.010364261335232	1.75 1.35 1.15 1.05
20709af9	ok	3266171.8	3266171.8	3267840.1	-0.05105206953058319	39.615	1.1667599328483491	-0.0347644876610403	0.051052069530583194	0.0858165571916235	0	<ORIGINAL_WORKSPACE>/OpenROAD-flow-scripts/flow/reports/nangate45/swerv_wrapper/place_batch_20260421_220319/dpl_evolve_baseline/openroad_dpl_hpwl_only_9case_bo_place_batch_20260421_220319_swerv_wrapper_nangate45_trial_20709af9_909bd82f6c5b/metrics.json	102	omit	0	0.703333952589778	0.4957715657165565	0.6883303961467062	1.921437106669437	141	2325	1.9178022964899775	1.25 1.10 1.04
2124f030	ok	3266008.6	3266008.6	3267840.1	-0.056046193937090136	38.571	1.136011545371543	0.009441498272215222	0.05604619393709013	0.04660469566487491	0	<ORIGINAL_WORKSPACE>/OpenROAD-flow-scripts/flow/reports/nangate45/swerv_wrapper/place_batch_20260421_220319/dpl_evolve_baseline/openroad_dpl_hpwl_only_9case_bo_place_batch_20260421_220319_swerv_wrapper_nangate45_trial_2124f030_9a44d7bd16bf/metrics.json	40	omit	0	0.29441300076977084	0.11128710980669113	1.8886389847969	27.72898087409183	154	3196	1.3745298991408608	omit
221fc6d9	ok	3266008.6	3266008.6	3267840.1	-0.056046193937090136	35.788	1.0540452979118191	0.05604619393709013	0.05604619393709013	0.0	0	<ORIGINAL_WORKSPACE>/OpenROAD-flow-scripts/flow/reports/nangate45/swerv_wrapper/place_batch_20260421_220319/dpl_evolve_baseline/openroad_dpl_hpwl_only_9case_bo_place_batch_20260421_220319_swerv_wrapper_nangate45_trial_221fc6d9_24b96e7d8e66/metrics.json	40	omit	1	0.2273868358990392	0.27657556476666967	1.9926948708483492	13.889762254373409	487	3706	1.1679640739878003	2.00 1.50 1.20 1.05
22257289	ok	3276431.5	3276431.5	3267840.1	0.2629076006503472	35.434	1.043619120548994	-0.2629076006503472	-0.2629076006503472	0.0	0	<ORIGINAL_WORKSPACE>/OpenROAD-flow-scripts/flow/reports/nangate45/swerv_wrapper/place_batch_20260421_220319/dpl_evolve_baseline/openroad_dpl_hpwl_only_9case_bo_place_batch_20260421_220319_swerv_wrapper_nangate45_trial_22257289_bbe3f5d6962a/metrics.json	81	128 16	1	0.9319720691968373	0.02790314595119403	0.50700606793677	92.51675355024864	1142	3806	1.5566531881951564	1.10 1.04
22364de7	ok	3266799.3	3266799.3	3267840.1	-0.03184978359254112	38.858	1.144464406679822	-0.02558676106393798	0.03184978359254112	0.0574365446564791	0	<ORIGINAL_WORKSPACE>/OpenROAD-flow-scripts/flow/reports/nangate45/swerv_wrapper/place_batch_20260421_220319/dpl_evolve_baseline/openroad_dpl_hpwl_only_9case_bo_place_batch_20260421_220319_swerv_wrapper_nangate45_trial_22364de7_52d46497747d/metrics.json	61	omit	1	0.3757004003702496	0.3471780907095729	1.8530101376150552	0.28747061642905236	70	2883	1.0995477433144143	1.50 1.25 1.10 1.04
238bb534	ok	3274804.8	3274804.8	3267840.1	0.21312854322338848	35.417	1.043118428415751	-0.21312854322338845	-0.21312854322338845	0.0	0	<ORIGINAL_WORKSPACE>/OpenROAD-flow-scripts/flow/reports/nangate45/swerv_wrapper/place_batch_20260421_220319/dpl_evolve_baseline/openroad_dpl_hpwl_only_9case_bo_place_batch_20260421_220319_swerv_wrapper_nangate45_trial_238bb534_f4e12c633f69/metrics.json	48	256 32	1	0.8843816479281384	1.2397055600062652	1.6284902218757835	59.43083625219286	65	2339	1.1674383606039573	2.00 1.50 1.20 1.05
23bc15c9	ok	3265902.8	3265902.8	3267840.1	-0.05928380645063629	35.426	1.0433835007215857	0.05928380645063629	0.05928380645063629	0.0	0	<ORIGINAL_WORKSPACE>/OpenROAD-flow-scripts/flow/reports/nangate45/swerv_wrapper/place_batch_20260421_220319/dpl_evolve_baseline/openroad_dpl_hpwl_only_9case_bo_place_batch_20260421_220319_swerv_wrapper_nangate45_trial_23bc15c9_6aa39ced708f/metrics.json	45	omit	1	0.3397424291554594	0.4289051790752193	1.6723272200596928	1.9457871606650308	69	2500	1.1279365501181586	1.50 1.25 1.10 1.04
248407f4	ok	3265379.8	3265379.8	3267840.1	-0.07528826150337893	40.577	1.1950932170942183	-0.046205362506092085	0.07528826150337892	0.121493624009471	0	<ORIGINAL_WORKSPACE>/OpenROAD-flow-scripts/flow/reports/nangate45/swerv_wrapper/place_batch_20260421_220319/dpl_evolve_baseline/openroad_dpl_hpwl_only_9case_bo_place_batch_20260421_220319_swerv_wrapper_nangate45_trial_248407f4_dc4cf23a956e/metrics.json	69	512	1	0.9648283655220916	0.6265853252465666	1.6608865419972882	109.48931561611305	988	3355	1.1156830854530675	omit
252c1275	ok	3271620.7	3271620.7	3267840.1	0.11569109516711337	35.113	1.034164874974229	-0.11569109516711337	-0.11569109516711337	0.0	0	<ORIGINAL_WORKSPACE>/OpenROAD-flow-scripts/flow/reports/nangate45/swerv_wrapper/place_batch_20260421_220319/dpl_evolve_baseline/openroad_dpl_hpwl_only_9case_bo_place_batch_20260421_220319_swerv_wrapper_nangate45_trial_252c1275_8513e3571f3f/metrics.json	31	64	1	0.669612822361586	0.3067041907890563	1.3835910228930435	67.5225374184625	1135	2192	1.7820721986410935	1.50 1.25 1.10 1.04
252c948b	ok	3269320.6	3269320.6	3267840.1	0.045305154312782925	37.827	1.1140989014225546	-0.06364095262581343	-0.04530515431278293	0.018335798313030505	0	<ORIGINAL_WORKSPACE>/OpenROAD-flow-scripts/flow/reports/nangate45/swerv_wrapper/place_batch_20260421_220319/dpl_evolve_baseline/openroad_dpl_hpwl_only_9case_bo_place_batch_20260421_220319_swerv_wrapper_nangate45_trial_252c948b_7522f22a2920/metrics.json	53	1024 128	1	0.5542329622061017	1.3319668771652866	1.752685028145164	51.25240910231161	83	2141	1.2387358653973712	1.25 1.10 1.04
25365e7b	ok	3269263.2	3269263.2	3267840.1	0.04354864241980791	39.897	1.1750655317644978	-0.13986800290765677	-0.04354864241980791	0.09631936048784885	0	<ORIGINAL_WORKSPACE>/OpenROAD-flow-scripts/flow/reports/nangate45/swerv_wrapper/place_batch_20260421_220319/dpl_evolve_baseline/openroad_dpl_hpwl_only_9case_bo_place_batch_20260421_220319_swerv_wrapper_nangate45_trial_25365e7b_c5cc25e753db/metrics.json	23	256	0	0.701500084481973	0.3598420544510863	1.870486679938289	64.56731507002296	1196	709	1.3617187038019927	omit
2613b2f1	ok	3267051.8	3267051.8	3267840.1	-0.024122967338587938	37.543	1.1057343975495537	0.016651215946311814	0.024122967338587938	0.0074717513922761235	0	<ORIGINAL_WORKSPACE>/OpenROAD-flow-scripts/flow/reports/nangate45/swerv_wrapper/place_batch_20260421_220319/dpl_evolve_baseline/openroad_dpl_hpwl_only_9case_bo_place_batch_20260421_220319_swerv_wrapper_nangate45_trial_2613b2f1_7bbdff23f0be/metrics.json	23	omit	1	0.5302470441097776	0.678383636593751	1.327697517564549	93.67987105104166	1156	2620	1.749864731363004	2.00 1.50 1.20 1.05
2648370b	ok	3267664.0	3267664.0	3267840.1	-0.005388880563650992	37.239	1.0967808441080316	0.005388880563650992	0.005388880563650992	0.0	0	<ORIGINAL_WORKSPACE>/OpenROAD-flow-scripts/flow/reports/nangate45/swerv_wrapper/place_batch_20260421_220319/dpl_evolve_baseline/openroad_dpl_hpwl_only_9case_bo_place_batch_20260421_220319_swerv_wrapper_nangate45_trial_2648370b_e93d5571ccbf/metrics.json	124	omit	1	0.6680436572552484	1.5141237642977945	1.966311733558615	9.256818242889096	701	2617	1.7255593535443436	2.00 1.50 1.20 1.05
265cccfe	ok	3267988.4	3267988.4	3267840.1	0.004538165744395318	44.988	1.325008099431567	-0.28445002604418984	-0.004538165744395319	0.27991186029979453	0	<ORIGINAL_WORKSPACE>/OpenROAD-flow-scripts/flow/reports/nangate45/swerv_wrapper/place_batch_20260421_220319/dpl_evolve_baseline/openroad_dpl_hpwl_only_9case_bo_place_batch_20260421_220319_swerv_wrapper_nangate45_trial_265cccfe_9ca429b68428/metrics.json	79	512	1	0.9388089183002455	0.5728846044956133	1.9539921578007735	35.41830635613142	1181	1919	1.3286394469799487	1.50 1.25 1.10 1.04
272bb31a	ok	3279502.5	3279502.5	3267840.1	0.35688404704991245	36.14	1.0644125703177922	-0.35688404704991245	-0.35688404704991245	0.0	0	<ORIGINAL_WORKSPACE>/OpenROAD-flow-scripts/flow/reports/nangate45/swerv_wrapper/place_batch_20260421_220319/dpl_evolve_baseline/openroad_dpl_hpwl_only_9case_bo_place_batch_20260421_220319_swerv_wrapper_nangate45_trial_272bb31a_1c32a2d79fe0/metrics.json	47	64 8	1	0.504533125720785	0.5172613345970175	1.7855220000302978	87.46366903743137	955	2867	1.530590489593992	1.04
2731ac19	ok	3271730.5	3271730.5	3267840.1	0.11905111269060892	34.569	1.0181427267104526	-0.1190511126906089	-0.1190511126906089	0.0	0	<ORIGINAL_WORKSPACE>/OpenROAD-flow-scripts/flow/reports/nangate45/swerv_wrapper/place_batch_20260421_220319/dpl_evolve_baseline/openroad_dpl_hpwl_only_9case_bo_place_batch_20260421_220319_swerv_wrapper_nangate45_trial_2731ac19_837bad46d3c7/metrics.json	49	64	1	0.6942803327765125	0.6487993657421007	1.8867367448592187	32.47826639529832	1164	3537	1.2485540971055065	1.10 1.04
27b5f655	ok	3268033.2	3268033.2	3267840.1	0.0059091018559963545	34.543	1.017376962271375	-0.0059091018559963545	-0.0059091018559963545	0.0	0	<ORIGINAL_WORKSPACE>/OpenROAD-flow-scripts/flow/reports/nangate45/swerv_wrapper/place_batch_20260421_220319/dpl_evolve_baseline/openroad_dpl_hpwl_only_9case_bo_place_batch_20260421_220319_swerv_wrapper_nangate45_trial_27b5f655_2658a49f03d5/metrics.json	22	512	0	0.7328689187416899	0.1412495545080078	1.9604470365484978	113.61649759850542	1137	824	1.7168876851529187	1.10 1.04
289df265	ok	3268777.6	3268777.6	3267840.1	0.02868867421022222	37.311	1.0989014225547078	-0.02868867421022222	-0.02868867421022222	0.0	0	<ORIGINAL_WORKSPACE>/OpenROAD-flow-scripts/flow/reports/nangate45/swerv_wrapper/place_batch_20260421_220319/dpl_evolve_baseline/openroad_dpl_hpwl_only_9case_bo_place_batch_20260421_220319_swerv_wrapper_nangate45_trial_289df265_07f3a2553d1b/metrics.json	110	128	1	0.7592052022254229	0.8297030321770223	1.223538795787986	9.473322220420116	382	1905	1.5010412511602926	2.00 1.50 1.20 1.05
2966e10e	ok	3266314.6	3266314.6	3267840.1	-0.046682210674873596	37.125	1.0934232615674608	0.046682210674873596	0.046682210674873596	0.0	0	<ORIGINAL_WORKSPACE>/OpenROAD-flow-scripts/flow/reports/nangate45/swerv_wrapper/place_batch_20260421_220319/dpl_evolve_baseline/openroad_dpl_hpwl_only_9case_bo_place_batch_20260421_220319_swerv_wrapper_nangate45_trial_2966e10e_ef113cf133db/metrics.json	121	omit	1	0.2841110036702049	0.3822717712864494	1.7354209896467625	23.289036973167935	545	3635	1.5373328676256746	2.00 1.50 1.20 1.05
2b1468ff	ok	3267055.2	3267055.2	3267840.1	-0.024018923080107463	38.045	1.1205195417194356	-0.0026285387840246782	0.024018923080107463	0.02664746186413214	0	<ORIGINAL_WORKSPACE>/OpenROAD-flow-scripts/flow/reports/nangate45/swerv_wrapper/place_batch_20260421_220319/dpl_evolve_baseline/openroad_dpl_hpwl_only_9case_bo_place_batch_20260421_220319_swerv_wrapper_nangate45_trial_2b1468ff_5d85f18b0384/metrics.json	88	omit	1	0.8573456650922783	0.666346772468742	1.8517309573372775	103.69743597175818	443	2137	1.517240194180704	1.50 1.25 1.10 1.04
2d287f83	ok	3268395.9	3268395.9	3267840.1	0.017008176134438578	39.864	1.174093599976438	-0.11210040701820087	-0.017008176134438578	0.0950922308837623	0	<ORIGINAL_WORKSPACE>/OpenROAD-flow-scripts/flow/reports/nangate45/swerv_wrapper/place_batch_20260421_220319/dpl_evolve_baseline/openroad_dpl_hpwl_only_9case_bo_place_batch_20260421_220319_swerv_wrapper_nangate45_trial_2d287f83_745c83e6c307/metrics.json	34	128	0	0.6747714848608661	0.06931569878639224	1.9676851997332439	73.50597328981277	1167	1856	1.6382622448585997	1.75 1.35 1.15 1.05
2e129dad	ok	3267840.1	3267840.1	3267840.1	0.0	36.709	1.0811710305422202	0.0	0.0	0.0	0	<ORIGINAL_WORKSPACE>/OpenROAD-flow-scripts/flow/reports/nangate45/swerv_wrapper/place_batch_20260421_220319/dpl_evolve_baseline/openroad_dpl_hpwl_only_9case_bo_place_batch_20260421_220319_swerv_wrapper_nangate45_trial_2e129dad_6d35be55b58b/metrics.json	1	omit	0	0.4	0.4	0.6	35.0	150	1000	1.1	1.50 1.25 1.10 1.04
2e19677f	ok	3275676.2	3275676.2	3267840.1	0.23979447464397333	35.89	1.0570494507112773	-0.23979447464397333	-0.23979447464397333	0.0	0	<ORIGINAL_WORKSPACE>/OpenROAD-flow-scripts/flow/reports/nangate45/swerv_wrapper/place_batch_20260421_220319/dpl_evolve_baseline/openroad_dpl_hpwl_only_9case_bo_place_batch_20260421_220319_swerv_wrapper_nangate45_trial_2e19677f_d1d4ecd9cfb9/metrics.json	38	256 32	0	0.5282258455297176	0.24099385813835159	1.7733661688266678	44.531855704991386	1028	750	1.6063616020868579	2.00 1.50 1.20 1.05
2f9fe997	ok	3274917.7	3274917.7	3267840.1	0.21658342462962288	35.226	1.0374930050363738	-0.21658342462962288	-0.21658342462962288	0.0	0	<ORIGINAL_WORKSPACE>/OpenROAD-flow-scripts/flow/reports/nangate45/swerv_wrapper/place_batch_20260421_220319/dpl_evolve_baseline/openroad_dpl_hpwl_only_9case_bo_place_batch_20260421_220319_swerv_wrapper_nangate45_trial_2f9fe997_97e93de6a4da/metrics.json	116	256 32	1	0.4234029361685859	0.7605880732354011	1.387321058537604	5.186167299585116	67	1788	1.7189886370877274	1.10 1.04
2fbb578c	ok	3266119.0	3266119.0	3267840.1	-0.05266781566209721	39.543	1.1646393544016729	-0.03046118929182131	0.05266781566209721	0.08312900495391852	0	<ORIGINAL_WORKSPACE>/OpenROAD-flow-scripts/flow/reports/nangate45/swerv_wrapper/place_batch_20260421_220319/dpl_evolve_baseline/openroad_dpl_hpwl_only_9case_bo_place_batch_20260421_220319_swerv_wrapper_nangate45_trial_2fbb578c_2e122e4d6d0e/metrics.json	69	omit	0	0.5004641164619927	0.5375604291828093	1.8177126294313597	23.916548741877186	459	2537	1.477809116048118	omit
302bc85a	ok	3276130.7	3276130.7	3267840.1	0.2537027439010891	36.924	1.0875033134038228	-0.25370274390108905	-0.25370274390108905	0.0	0	<ORIGINAL_WORKSPACE>/OpenROAD-flow-scripts/flow/reports/nangate45/swerv_wrapper/place_batch_20260421_220319/dpl_evolve_baseline/openroad_dpl_hpwl_only_9case_bo_place_batch_20260421_220319_swerv_wrapper_nangate45_trial_302bc85a_6bd3eb2062ee/metrics.json	74	128 16	0	0.032426325314457105	0.1871541916349615	0.17747484433234145	67.7599723037213	482	3904	1.1679832931996148	omit
30990053	ok	3266485.7	3266485.7	3267840.1	-0.041446336373677124	39.446	1.161782463994345	-0.0380580668978194	0.041446336373677124	0.07950440327149652	0	<ORIGINAL_WORKSPACE>/OpenROAD-flow-scripts/flow/reports/nangate45/swerv_wrapper/place_batch_20260421_220319/dpl_evolve_baseline/openroad_dpl_hpwl_only_9case_bo_place_batch_20260421_220319_swerv_wrapper_nangate45_trial_30990053_441874edaf5c/metrics.json	70	omit	1	0.8477984086578418	0.07619438628714642	1.950472956615888	100.32480748968007	416	2384	1.5286684380372704	1.04
30abf886	ok	3267708.2	3267708.2	3267840.1	-0.004036305203547349	37.338	1.0996966394722114	0.004036305203547348	0.004036305203547348	0.0	0	<ORIGINAL_WORKSPACE>/OpenROAD-flow-scripts/flow/reports/nangate45/swerv_wrapper/place_batch_20260421_220319/dpl_evolve_baseline/openroad_dpl_hpwl_only_9case_bo_place_batch_20260421_220319_swerv_wrapper_nangate45_trial_30abf886_447b6bffaf02/metrics.json	72	512	1	0.9383850257049341	1.3185857552648859	1.103281272563339	117.19230411714	632	3911	1.2014779566989418	omit
32e6ba80	ok	3276095.9	3276095.9	3267840.1	0.2526378203143971	33.717	0.9930492150914498	-0.2526378203143971	-0.2526378203143971	0.0	0	<ORIGINAL_WORKSPACE>/OpenROAD-flow-scripts/flow/reports/nangate45/swerv_wrapper/place_batch_20260421_220319/dpl_evolve_baseline/openroad_dpl_hpwl_only_9case_bo_place_batch_20260421_220319_swerv_wrapper_nangate45_trial_32e6ba80_fa18957e5e8f/metrics.json	90	128 16	0	0.7332061430687973	0.24491343442695598	1.6143906753418173	67.6556362529324	510	3891	1.337254416706331	2.00 1.50 1.20 1.05
332015c2	ok	3267412.7	3267412.7	3267840.1	-0.01307897531460939	35.943	1.0586104320678584	0.013078975314609392	0.013078975314609392	0.0	0	<ORIGINAL_WORKSPACE>/OpenROAD-flow-scripts/flow/reports/nangate45/swerv_wrapper/place_batch_20260421_220319/dpl_evolve_baseline/openroad_dpl_hpwl_only_9case_bo_place_batch_20260421_220319_swerv_wrapper_nangate45_trial_332015c2_fafa59b6a1e8/metrics.json	115	512	1	0.5172255564671354	0.5633140367086069	0.8953727407760711	30.16596776492382	55	1547	1.780504930345522	1.75 1.35 1.15 1.05
3441da45	ok	3276922.3	3276922.3	3267840.1	0.277926695372877	36.168	1.0652372397137218	-0.27792669537287706	-0.27792669537287706	0.0	0	<ORIGINAL_WORKSPACE>/OpenROAD-flow-scripts/flow/reports/nangate45/swerv_wrapper/place_batch_20260421_220319/dpl_evolve_baseline/openroad_dpl_hpwl_only_9case_bo_place_batch_20260421_220319_swerv_wrapper_nangate45_trial_3441da45_bc8f4322a94e/metrics.json	128	128 16	1	0.6492199730186599	0.35035722066380304	1.204143056406257	5.835231255286795	170	1125	1.5139993660791857	1.25 1.10 1.04
3461fcd6	ok	3267564.0	3267564.0	3267840.1	-0.008449005812741363	37.861	1.1151002856890406	-0.011184680427423965	0.008449005812741361	0.019633686240165326	0	<ORIGINAL_WORKSPACE>/OpenROAD-flow-scripts/flow/reports/nangate45/swerv_wrapper/place_batch_20260421_220319/dpl_evolve_baseline/openroad_dpl_hpwl_only_9case_bo_place_batch_20260421_220319_swerv_wrapper_nangate45_trial_3461fcd6_7b722c468292/metrics.json	66	512	1	0.9436863367983782	0.8367063408788358	1.8061708906813563	106.32531920124828	899	3596	1.094692884114333	1.25 1.10 1.04
3532dc3d	ok	3266432.1	3266432.1	3267840.1	-0.04308656350719241	38.64	1.138043766382941	-0.006125974454292235	0.04308656350719241	0.04921253796148464	0	<ORIGINAL_WORKSPACE>/OpenROAD-flow-scripts/flow/reports/nangate45/swerv_wrapper/place_batch_20260421_220319/dpl_evolve_baseline/openroad_dpl_hpwl_only_9case_bo_place_batch_20260421_220319_swerv_wrapper_nangate45_trial_3532dc3d_c276a037870c/metrics.json	47	omit	0	0.6226402639945852	0.048955182980822465	1.8564946435656824	68.60679786189937	368	1964	1.1747819719234682	2.50 1.75 1.25 1.08
359c9066	ok	3266464.6	3266464.6	3267840.1	-0.04209202280123804	40.288	1.186581450829087	-0.06872851493115786	0.04209202280123804	0.1108205377323959	0	<ORIGINAL_WORKSPACE>/OpenROAD-flow-scripts/flow/reports/nangate45/swerv_wrapper/place_batch_20260421_220319/dpl_evolve_baseline/openroad_dpl_hpwl_only_9case_bo_place_batch_20260421_220319_swerv_wrapper_nangate45_trial_359c9066_0063669dc513/metrics.json	14	omit	0	0.40278974365372	0.7749800141647831	1.8585057857119138	55.430190074502505	538	2898	1.343883109618476	1.50 1.25 1.10 1.04
368ae1af	ok	3268721.4	3268721.4	3267840.1	0.026968883820227732	39.019	1.1492062557064175	-0.0904643214482909	-0.026968883820227732	0.06349543762806317	0	<ORIGINAL_WORKSPACE>/OpenROAD-flow-scripts/flow/reports/nangate45/swerv_wrapper/place_batch_20260421_220319/dpl_evolve_baseline/openroad_dpl_hpwl_only_9case_bo_place_batch_20260421_220319_swerv_wrapper_nangate45_trial_368ae1af_a46e2c56b4fa/metrics.json	85	omit	1	0.930870973917707	0.03300659351120261	1.8378851882042753	107.7754342753765	603	2371	1.592455632479709	1.04
393684a4	ok	3269020.4	3269020.4	3267840.1	0.03611865831500794	38.626	1.137631431684976	-0.08480225726165654	-0.036118658315007934	0.0486835989466486	0	<ORIGINAL_WORKSPACE>/OpenROAD-flow-scripts/flow/reports/nangate45/swerv_wrapper/place_batch_20260421_220319/dpl_evolve_baseline/openroad_dpl_hpwl_only_9case_bo_place_batch_20260421_220319_swerv_wrapper_nangate45_trial_393684a4_d968de7d25a3/metrics.json	33	256	1	0.8209175213671779	0.9053724559615889	1.5157237822739928	75.26940967489514	793	3519	1.641063437482712	1.10 1.04
3a2d4c2b	ok	3271715.0	3271715.0	3267840.1	0.1185767932769999	35.918	1.0578741201072068	-0.1185767932769999	-0.1185767932769999	0.0	0	<ORIGINAL_WORKSPACE>/OpenROAD-flow-scripts/flow/reports/nangate45/swerv_wrapper/place_batch_20260421_220319/dpl_evolve_baseline/openroad_dpl_hpwl_only_9case_bo_place_batch_20260421_220319_swerv_wrapper_nangate45_trial_3a2d4c2b_91ed8d75955c/metrics.json	60	64	1	0.5364568972276069	0.8540278739591822	1.3845194181915759	19.096071513934156	348	2862	1.0438117123514414	omit
3aa53247	ok	3268095.1	3268095.1	3267840.1	0.007803319385180443	39.964	1.1770388478190439	-0.10661256464059841	-0.0078033193851804435	0.09880924525541797	0	<ORIGINAL_WORKSPACE>/OpenROAD-flow-scripts/flow/reports/nangate45/swerv_wrapper/place_batch_20260421_220319/dpl_evolve_baseline/openroad_dpl_hpwl_only_9case_bo_place_batch_20260421_220319_swerv_wrapper_nangate45_trial_3aa53247_b1162f096fad/metrics.json	54	512	1	0.9631934136455396	0.18870413778784356	1.4378409638993115	145.01951819201875	1018	3035	1.0079893501034092	1.50 1.25 1.10 1.04
3af673c8	ok	3268430.2	3268430.2	3267840.1	0.018057799094885123	38.198	1.1250257709186227	-0.050524463060945116	-0.018057799094885123	0.032466663966059996	0	<ORIGINAL_WORKSPACE>/OpenROAD-flow-scripts/flow/reports/nangate45/swerv_wrapper/place_batch_20260421_220319/dpl_evolve_baseline/openroad_dpl_hpwl_only_9case_bo_place_batch_20260421_220319_swerv_wrapper_nangate45_trial_3af673c8_3624e9f992db/metrics.json	5	omit	1	0.31137556978283254	0.14071004672223025	1.601338506806416	66.86479977369694	1091	1076	1.0495519667511208	omit
3b3c55d3	ok	3267067.5	3267067.5	3267840.1	-0.02364252767447505	37.853	1.1148646658616321	0.00431417438285801	0.02364252767447505	0.01932835329161704	0	<ORIGINAL_WORKSPACE>/OpenROAD-flow-scripts/flow/reports/nangate45/swerv_wrapper/place_batch_20260421_220319/dpl_evolve_baseline/openroad_dpl_hpwl_only_9case_bo_place_batch_20260421_220319_swerv_wrapper_nangate45_trial_3b3c55d3_24fcbcc897e2/metrics.json	51	omit	0	0.9401074823333672	1.16402835989416	1.763722369603096	126.71016680883328	1092	1893	1.5463468160203733	1.04
3b8a1397	ok	3275181.7	3275181.7	3267840.1	0.22466215528722144	34.141	1.005537065944099	-0.22466215528722144	-0.22466215528722144	0.0	0	<ORIGINAL_WORKSPACE>/OpenROAD-flow-scripts/flow/reports/nangate45/swerv_wrapper/place_batch_20260421_220319/dpl_evolve_baseline/openroad_dpl_hpwl_only_9case_bo_place_batch_20260421_220319_swerv_wrapper_nangate45_trial_3b8a1397_6b83e649745d/metrics.json	121	256 32	0	0.6217674146812344	0.34398488217528134	1.1949572674192654	34.879567333873496	296	2676	1.4229722711340573	2.00 1.50 1.20 1.05
3b937a34	ok	3267016.5	3267016.5	3267840.1	-0.025203191551511135	36.835	1.0848820428239037	0.02520319155151114	0.02520319155151114	0.0	0	<ORIGINAL_WORKSPACE>/OpenROAD-flow-scripts/flow/reports/nangate45/swerv_wrapper/place_batch_20260421_220319/dpl_evolve_baseline/openroad_dpl_hpwl_only_9case_bo_place_batch_20260421_220319_swerv_wrapper_nangate45_trial_3b937a34_c385b90c4da9/metrics.json	12	omit	0	0.110119931908257	0.6032543596618609	0.06181756921641335	3.544476799164374	145	1954	1.6311797567023765	1.50 1.25 1.10 1.04
3cba1b09	ok	3267305.5	3267305.5	3267840.1	-0.016359429581639967	37.637	1.1085029305216032	0.00528729639329523	0.016359429581639967	0.011072133188344737	0	<ORIGINAL_WORKSPACE>/OpenROAD-flow-scripts/flow/reports/nangate45/swerv_wrapper/place_batch_20260421_220319/dpl_evolve_baseline/openroad_dpl_hpwl_only_9case_bo_place_batch_20260421_220319_swerv_wrapper_nangate45_trial_3cba1b09_f7c39d08228c/metrics.json	39	omit	1	0.6770194986284237	1.0798354679965305	1.2555900557584014	17.911245937665832	251	3206	1.1161611789915153	1.10 1.04
3ce62075	ok	3266826.4	3266826.4	3267840.1	-0.03102048965003478	35.861	1.0561953288369215	0.03102048965003478	0.03102048965003478	0.0	0	<ORIGINAL_WORKSPACE>/OpenROAD-flow-scripts/flow/reports/nangate45/swerv_wrapper/place_batch_20260421_220319/dpl_evolve_baseline/openroad_dpl_hpwl_only_9case_bo_place_batch_20260421_220319_swerv_wrapper_nangate45_trial_3ce62075_ffe0c74f45c4/metrics.json	15	omit	0	0.618653305317381	1.1793990993523196	1.5057270441590425	24.389342833315816	248	2457	1.2335411285309243	1.25 1.10 1.04
3ceb308c	ok	3266754.2	3266754.2	3267840.1	-0.03322990007986948	42.129	1.2408034636114627	-0.14494167038916983	0.03322990007986948	0.1781715704690393	0	<ORIGINAL_WORKSPACE>/OpenROAD-flow-scripts/flow/reports/nangate45/swerv_wrapper/place_batch_20260421_220319/dpl_evolve_baseline/openroad_dpl_hpwl_only_9case_bo_place_batch_20260421_220319_swerv_wrapper_nangate45_trial_3ceb308c_513a76c5c51c/metrics.json	27	omit	1	0.7748101536979268	0.09903874112018693	1.937138899561028	96.42193196838284	982	1773	1.3049341525242895	omit
3cf82bc5	ok	3268898.0	3268898.0	3267840.1	0.03237306501012418	35.05	1.032309368833387	-0.03237306501012417	-0.03237306501012417	0.0	0	<ORIGINAL_WORKSPACE>/OpenROAD-flow-scripts/flow/reports/nangate45/swerv_wrapper/place_batch_20260421_220319/dpl_evolve_baseline/openroad_dpl_hpwl_only_9case_bo_place_batch_20260421_220319_swerv_wrapper_nangate45_trial_3cf82bc5_d208037e4afe/metrics.json	17	omit	1	0.6132470379905411	0.4768126411817892	1.9389506653424184	102.46610607096807	1158	221	1.2075214821766922	1.04
3d8896bc	ok	3267804.6	3267804.6	3267840.1	-0.0010863444634270814	40.079	1.1804258828380407	-0.10199172286018655	0.0010863444634270814	0.10307806732361363	0	<ORIGINAL_WORKSPACE>/OpenROAD-flow-scripts/flow/reports/nangate45/swerv_wrapper/place_batch_20260421_220319/dpl_evolve_baseline/openroad_dpl_hpwl_only_9case_bo_place_batch_20260421_220319_swerv_wrapper_nangate45_trial_3d8896bc_8fbc60aa7615/metrics.json	55	1024	0	0.5763925653250616	0.16717065101671913	1.9531825031801044	9.703063500286078	919	1952	1.3472059077101004	omit
3e0fbf06	ok	3269702.5	3269702.5	3267840.1	0.05699177263905621	36.778	1.083203251553618	-0.0569917726390562	-0.0569917726390562	0.0	0	<ORIGINAL_WORKSPACE>/OpenROAD-flow-scripts/flow/reports/nangate45/swerv_wrapper/place_batch_20260421_220319/dpl_evolve_baseline/openroad_dpl_hpwl_only_9case_bo_place_batch_20260421_220319_swerv_wrapper_nangate45_trial_3e0fbf06_0c58eb5495c9/metrics.json	125	1024 128	1	0.7668145302900541	0.11306625390079394	1.944411695446153	20.182438624352194	599	2923	1.517163330391611	1.25 1.10 1.04
3e6d9807	ok	3266443.1	3266443.1	3267840.1	-0.04274994972979247	40.76	1.2004830206461872	-0.08548241999861898	0.04274994972979247	0.12823236972841145	0	<ORIGINAL_WORKSPACE>/OpenROAD-flow-scripts/flow/reports/nangate45/swerv_wrapper/place_batch_20260421_220319/dpl_evolve_baseline/openroad_dpl_hpwl_only_9case_bo_place_batch_20260421_220319_swerv_wrapper_nangate45_trial_3e6d9807_a825448272ae/metrics.json	127	omit	1	0.6871847659961567	0.4066866336818822	1.7865595010096806	12.270133783827813	81	1192	1.5333158892677214	2.00 1.50 1.20 1.05
3f400fb2	ok	3267796.3	3267796.3	3267840.1	-0.0013403348591101319	38.426	1.1317409359997643	-0.03977650019395796	0.0013403348591101319	0.04111683505306809	0	<ORIGINAL_WORKSPACE>/OpenROAD-flow-scripts/flow/reports/nangate45/swerv_wrapper/place_batch_20260421_220319/dpl_evolve_baseline/openroad_dpl_hpwl_only_9case_bo_place_batch_20260421_220319_swerv_wrapper_nangate45_trial_3f400fb2_11a4956a7976/metrics.json	75	omit	0	0.5080820417902955	0.21157022378824522	1.6428421685009293	140.8008000092079	805	407	1.1073120779528123	1.10 1.04
40556af2	ok	3268242.0	3268242.0	3267840.1	0.012298643376091347	36.616	1.0784319500485964	-0.012298643376091347	-0.012298643376091347	0.0	0	<ORIGINAL_WORKSPACE>/OpenROAD-flow-scripts/flow/reports/nangate45/swerv_wrapper/place_batch_20260421_220319/dpl_evolve_baseline/openroad_dpl_hpwl_only_9case_bo_place_batch_20260421_220319_swerv_wrapper_nangate45_trial_40556af2_7839e07637a3/metrics.json	60	omit	0	0.285417749431932	0.6813473596444914	1.078923606290918	11.388923699767012	703	3618	1.6847047287095551	1.50 1.25 1.10 1.04
407c38c3	ok	3267490.5	3267490.5	3267840.1	-0.010698197870822783	37.098	1.0926280446499572	0.010698197870822783	0.010698197870822783	0.0	0	<ORIGINAL_WORKSPACE>/OpenROAD-flow-scripts/flow/reports/nangate45/swerv_wrapper/place_batch_20260421_220319/dpl_evolve_baseline/openroad_dpl_hpwl_only_9case_bo_place_batch_20260421_220319_swerv_wrapper_nangate45_trial_407c38c3_5bc2b02ed3b0/metrics.json	31	omit	0	0.42845943397659714	0.77835368633758	1.6030903001054062	7.298116397674297	360	3593	1.4773744475182151	2.50 1.75 1.25 1.08
4099ea62	ok	3266314.6	3266314.6	3267840.1	-0.046682210674873596	36.779	1.0832327040320444	0.046682210674873596	0.046682210674873596	0.0	0	<ORIGINAL_WORKSPACE>/OpenROAD-flow-scripts/flow/reports/nangate45/swerv_wrapper/place_batch_20260421_220319/dpl_evolve_baseline/openroad_dpl_hpwl_only_9case_bo_place_batch_20260421_220319_swerv_wrapper_nangate45_trial_4099ea62_ce46f2a41bf9/metrics.json	121	omit	1	0.6356681784383778	0.81198540100539	1.9365470090317423	34.49531841653295	61	3417	1.7573976534680213	2.00 1.50 1.20 1.05
41337b9a	ok	3275833.4	3275833.4	3267840.1	0.24460499153553483	37.228	1.096456866845345	-0.24460499153553486	-0.24460499153553486	0.0	0	<ORIGINAL_WORKSPACE>/OpenROAD-flow-scripts/flow/reports/nangate45/swerv_wrapper/place_batch_20260421_220319/dpl_evolve_baseline/openroad_dpl_hpwl_only_9case_bo_place_batch_20260421_220319_swerv_wrapper_nangate45_trial_41337b9a_7ac5ebd8978b/metrics.json	44	256 32	1	0.15708994797013098	0.5250299532494225	0.9141759529686792	44.13457761503399	506	2056	1.605278580732829	1.50 1.25 1.10 1.04
41776b71	ok	3268341.1	3268341.1	3267840.1	0.015331227497942752	37.04	1.0909198009012457	-0.015331227497942754	-0.015331227497942754	0.0	0	<ORIGINAL_WORKSPACE>/OpenROAD-flow-scripts/flow/reports/nangate45/swerv_wrapper/place_batch_20260421_220319/dpl_evolve_baseline/openroad_dpl_hpwl_only_9case_bo_place_batch_20260421_220319_swerv_wrapper_nangate45_trial_41776b71_0d563709ea19/metrics.json	81	omit	0	0.3340789725769958	0.5973587648065224	1.5440392995751955	32.501779252938796	677	2310	1.3259375660346429	omit
41c2e6d2	ok	3270146.0	3270146.0	3267840.1	0.07056342811877199	37.102	1.0927458545636612	-0.07056342811877199	-0.07056342811877199	0.0	0	<ORIGINAL_WORKSPACE>/OpenROAD-flow-scripts/flow/reports/nangate45/swerv_wrapper/place_batch_20260421_220319/dpl_evolve_baseline/openroad_dpl_hpwl_only_9case_bo_place_batch_20260421_220319_swerv_wrapper_nangate45_trial_41c2e6d2_85d73546717f/metrics.json	127	512 64	1	0.39125504238498743	0.7609645145161109	0.9350003649883243	5.794017633072426	127	1635	1.9757820496551555	1.25 1.10 1.04
4385f0bd	ok	3269320.6	3269320.6	3267840.1	0.045305154312782925	41.485	1.2218360675050803	-0.20008720166445584	-0.04530515431278293	0.15478204735167292	0	<ORIGINAL_WORKSPACE>/OpenROAD-flow-scripts/flow/reports/nangate45/swerv_wrapper/place_batch_20260421_220319/dpl_evolve_baseline/openroad_dpl_hpwl_only_9case_bo_place_batch_20260421_220319_swerv_wrapper_nangate45_trial_4385f0bd_31dca7a2fc37/metrics.json	53	1024 128	1	0.8093201831786789	0.03800059127322384	1.770844972319691	84.166133587822	790	1591	1.0104849838101821	1.04
44ab55c4	ok	3267643.4	3267643.4	3267840.1	-0.006019266364966458	36.338	1.070244161046152	0.006019266364966458	0.006019266364966458	0.0	0	<ORIGINAL_WORKSPACE>/OpenROAD-flow-scripts/flow/reports/nangate45/swerv_wrapper/place_batch_20260421_220319/dpl_evolve_baseline/openroad_dpl_hpwl_only_9case_bo_place_batch_20260421_220319_swerv_wrapper_nangate45_trial_44ab55c4_de68b7bff661/metrics.json	50	omit	0	0.33086043091257916	0.23964170643872704	1.7479174630116454	9.432156793872139	124	3979	1.3823208922425685	1.10 1.04
455971fa	ok	3266826.4	3266826.4	3267840.1	-0.03102048965003478	36.289	1.068800989603275	0.03102048965003478	0.03102048965003478	0.0	0	<ORIGINAL_WORKSPACE>/OpenROAD-flow-scripts/flow/reports/nangate45/swerv_wrapper/place_batch_20260421_220319/dpl_evolve_baseline/openroad_dpl_hpwl_only_9case_bo_place_batch_20260421_220319_swerv_wrapper_nangate45_trial_455971fa_6495108e625e/metrics.json	15	omit	1	0.6233601157918027	0.031642485693112565	1.8624026058003345	103.63453762753859	1197	772	1.1371357496288779	omit
4575de0d	ok	3266171.8	3266171.8	3267840.1	-0.05105206953058319	35.328	1.040497157835832	0.051052069530583194	0.051052069530583194	0.0	0	<ORIGINAL_WORKSPACE>/OpenROAD-flow-scripts/flow/reports/nangate45/swerv_wrapper/place_batch_20260421_220319/dpl_evolve_baseline/openroad_dpl_hpwl_only_9case_bo_place_batch_20260421_220319_swerv_wrapper_nangate45_trial_4575de0d_927a16bcac34/metrics.json	102	omit	0	0.5534599045305801	0.3673628977688449	1.0226527390745728	47.737340988107974	340	3719	1.2110361072245848	2.00 1.50 1.20 1.05
46066afc	ok	3275378.3	3275378.3	3267840.1	0.23067836152692173	38.109	1.1224045003387035	-0.2597614203992679	-0.23067836152692173	0.029083058872346176	0	<ORIGINAL_WORKSPACE>/OpenROAD-flow-scripts/flow/reports/nangate45/swerv_wrapper/place_batch_20260421_220319/dpl_evolve_baseline/openroad_dpl_hpwl_only_9case_bo_place_batch_20260421_220319_swerv_wrapper_nangate45_trial_46066afc_d43f4e62ccf0/metrics.json	55	256 32	1	0.5989285836712723	0.8334219415960187	1.712054706304084	146.53554642692103	923	2949	1.1589926825256291	omit
48be958b	ok	3266754.2	3266754.2	3267840.1	-0.03322990007986948	36.42	1.072659264277089	0.03322990007986948	0.03322990007986948	0.0	0	<ORIGINAL_WORKSPACE>/OpenROAD-flow-scripts/flow/reports/nangate45/swerv_wrapper/place_batch_20260421_220319/dpl_evolve_baseline/openroad_dpl_hpwl_only_9case_bo_place_batch_20260421_220319_swerv_wrapper_nangate45_trial_48be958b_736153b9bbe5/metrics.json	27	omit	0	0.8059492060946885	0.4073471077354725	1.9912587767695507	0.29713755854174906	327	2886	1.2786884803282905	omit
49d544f0	ok	3267840.1	3267840.1	3267840.1	0.0	38.306	1.1282066385886371	-0.03656732217008839	0.0	0.03656732217008839	0	<ORIGINAL_WORKSPACE>/OpenROAD-flow-scripts/flow/reports/nangate45/swerv_wrapper/place_batch_20260421_220319/dpl_evolve_baseline/openroad_dpl_hpwl_only_9case_bo_place_batch_20260421_220319_swerv_wrapper_nangate45_trial_49d544f0_e6a5c446a74e/metrics.json	1	omit	0	0.5079941512722235	0.7242221562502237	1.6466639221306512	20.161237393526143	676	2934	1.1933554470967638	1.50 1.25 1.10 1.04
4af9494b	ok	3266550.0	3266550.0	3267840.1	-0.03947867583851771	40.391	1.1896150561069712	-0.07515014160760175	0.03947867583851771	0.11462881744611947	0	<ORIGINAL_WORKSPACE>/OpenROAD-flow-scripts/flow/reports/nangate45/swerv_wrapper/place_batch_20260421_220319/dpl_evolve_baseline/openroad_dpl_hpwl_only_9case_bo_place_batch_20260421_220319_swerv_wrapper_nangate45_trial_4af9494b_a72325b24d2c/metrics.json	71	omit	1	0.6576453817260204	0.16628291643128057	1.6734257380045177	18.90943759519004	195	2760	1.1045783715000745	omit
4be4b865	ok	3268250.5	3268250.5	3267840.1	0.012558754022264028	34.732	1.0229434806939002	-0.01255875402226403	-0.01255875402226403	0.0	0	<ORIGINAL_WORKSPACE>/OpenROAD-flow-scripts/flow/reports/nangate45/swerv_wrapper/place_batch_20260421_220319/dpl_evolve_baseline/openroad_dpl_hpwl_only_9case_bo_place_batch_20260421_220319_swerv_wrapper_nangate45_trial_4be4b865_144ea1356ebf/metrics.json	78	omit	1	0.6677070030144323	0.017192227312654906	1.0048947899041318	49.035026081381396	1141	1415	1.5450172879017132	omit
4d574f9a	ok	3271028.7	3271028.7	3267840.1	0.09757515369249839	37.433	1.1024946249226872	-0.1008279641240664	-0.09757515369249839	0.003252810431568007	0	<ORIGINAL_WORKSPACE>/OpenROAD-flow-scripts/flow/reports/nangate45/swerv_wrapper/place_batch_20260421_220319/dpl_evolve_baseline/openroad_dpl_hpwl_only_9case_bo_place_batch_20260421_220319_swerv_wrapper_nangate45_trial_4d574f9a_becd834c295a/metrics.json	46	512 64	0	0.28205737702490585	1.019896862673264	1.804438255034265	5.864824322541263	279	1391	1.1528366523227893	omit
4eecc2d5	ok	3279667.0	3279667.0	3267840.1	0.3619179530846661	35.57	1.0476246576149382	-0.3619179530846661	-0.3619179530846661	0.0	0	<ORIGINAL_WORKSPACE>/OpenROAD-flow-scripts/flow/reports/nangate45/swerv_wrapper/place_batch_20260421_220319/dpl_evolve_baseline/openroad_dpl_hpwl_only_9case_bo_place_batch_20260421_220319_swerv_wrapper_nangate45_trial_4eecc2d5_475984d7356b/metrics.json	16	64 8	1	0.7382805004634592	1.2847252728632188	1.67559856022929	33.045969258268144	902	1881	1.9630153971242885	omit
4f11b218	ok	3267664.0	3267664.0	3267840.1	-0.005388880563650992	37.592	1.1071775689924306	-0.003960227270256714	0.005388880563650992	0.009349107833907706	0	<ORIGINAL_WORKSPACE>/OpenROAD-flow-scripts/flow/reports/nangate45/swerv_wrapper/place_batch_20260421_220319/dpl_evolve_baseline/openroad_dpl_hpwl_only_9case_bo_place_batch_20260421_220319_swerv_wrapper_nangate45_trial_4f11b218_e6d4b0cab874/metrics.json	124	omit	1	0.48490883658171113	0.4961669257520417	1.2305547071660217	9.025717956657312	109	3174	1.6886165724271274	1.25 1.10 1.04
50470047	ok	3266090.4	3266090.4	3267840.1	-0.053543011483339904	35.678	1.0508055252849526	0.053543011483339904	0.053543011483339904	0.0	0	<ORIGINAL_WORKSPACE>/OpenROAD-flow-scripts/flow/reports/nangate45/swerv_wrapper/place_batch_20260421_220319/dpl_evolve_baseline/openroad_dpl_hpwl_only_9case_bo_place_batch_20260421_220319_swerv_wrapper_nangate45_trial_50470047_e692a9b5b6d2/metrics.json	128	omit	0	0.5515120456435203	0.23854030397116793	1.259137658794251	28.52039724544715	341	3282	1.4645645294457794	2.00 1.50 1.20 1.05
506915eb	ok	3266574.4	3266574.4	3267840.1	-0.038732005277742516	34.297	1.0101316525785644	0.038732005277742516	0.038732005277742516	0.0	0	<ORIGINAL_WORKSPACE>/OpenROAD-flow-scripts/flow/reports/nangate45/swerv_wrapper/place_batch_20260421_220319/dpl_evolve_baseline/openroad_dpl_hpwl_only_9case_bo_place_batch_20260421_220319_swerv_wrapper_nangate45_trial_506915eb_1add724e0223/metrics.json	56	omit	0	0.6212656237950475	0.42487988712822267	1.8227296551392427	105.0244971077132	107	569	1.2622810899313783	omit
5144a328	ok	3269383.3	3269383.3	3267840.1	0.04722385284395404	37.963	1.1181044384884988	-0.07074771018925011	-0.04722385284395404	0.023523857345296065	0	<ORIGINAL_WORKSPACE>/OpenROAD-flow-scripts/flow/reports/nangate45/swerv_wrapper/place_batch_20260421_220319/dpl_evolve_baseline/openroad_dpl_hpwl_only_9case_bo_place_batch_20260421_220319_swerv_wrapper_nangate45_trial_5144a328_c7316e4590c2/metrics.json	22	256	1	0.19518044243657504	0.19648550158629252	1.8467580047135042	49.82695856294565	723	3495	1.1790537168389699	2.00 1.50 1.20 1.05
5146fee4	ok	3267067.5	3267067.5	3267840.1	-0.02364252767447505	37.531	1.105380967808441	0.01663072376758581	0.02364252767447505	0.007011803906889238	0	<ORIGINAL_WORKSPACE>/OpenROAD-flow-scripts/flow/reports/nangate45/swerv_wrapper/place_batch_20260421_220319/dpl_evolve_baseline/openroad_dpl_hpwl_only_9case_bo_place_batch_20260421_220319_swerv_wrapper_nangate45_trial_5146fee4_b89e75c1cf81/metrics.json	51	omit	1	0.27732958371502275	0.4805461518851649	1.8093502698668453	123.19879449776985	535	473	1.016058299975086	1.10 1.04
51c9a1eb	ok	3268863.3	3268863.3	3267840.1	0.031311201548684116	40.671	1.197861750066268	-0.1562681515009743	-0.031311201548684116	0.12495694995229019	0	<ORIGINAL_WORKSPACE>/OpenROAD-flow-scripts/flow/reports/nangate45/swerv_wrapper/place_batch_20260421_220319/dpl_evolve_baseline/openroad_dpl_hpwl_only_9case_bo_place_batch_20260421_220319_swerv_wrapper_nangate45_trial_51c9a1eb_c70efb50d5b3/metrics.json	26	1024	0	0.9299956625137726	1.11013246538787	1.6192937031658632	131.21652927470203	959	2231	1.6164159251292176	1.04
51e807a4	ok	3267371.1	3267371.1	3267840.1	-0.014351987418233835	37.231	1.096545224280623	0.014351987418233835	0.014351987418233835	0.0	0	<ORIGINAL_WORKSPACE>/OpenROAD-flow-scripts/flow/reports/nangate45/swerv_wrapper/place_batch_20260421_220319/dpl_evolve_baseline/openroad_dpl_hpwl_only_9case_bo_place_batch_20260421_220319_swerv_wrapper_nangate45_trial_51e807a4_394ec7b92276/metrics.json	87	omit	1	0.36460886497967226	0.5436381585863018	1.484409075424702	24.618672275318367	663	2265	1.696681259071887	1.04
5292c7e1	ok	3267203.3	3267203.3	3267840.1	-0.019486877586216023	34.922	1.0285394515948516	0.019486877586216027	0.019486877586216027	0.0	0	<ORIGINAL_WORKSPACE>/OpenROAD-flow-scripts/flow/reports/nangate45/swerv_wrapper/place_batch_20260421_220319/dpl_evolve_baseline/openroad_dpl_hpwl_only_9case_bo_place_batch_20260421_220319_swerv_wrapper_nangate45_trial_5292c7e1_d8187e3ba632/metrics.json	35	omit	1	0.44931788127877953	1.5769440623623332	1.9595952755051462	55.62024236234096	199	2331	1.1315939482671555	1.04
5345c541	ok	3270054.9	3270054.9	3267840.1	0.06777565401684782	36.649	1.0794038818366565	-0.06777565401684782	-0.06777565401684782	0.0	0	<ORIGINAL_WORKSPACE>/OpenROAD-flow-scripts/flow/reports/nangate45/swerv_wrapper/place_batch_20260421_220319/dpl_evolve_baseline/openroad_dpl_hpwl_only_9case_bo_place_batch_20260421_220319_swerv_wrapper_nangate45_trial_5345c541_e4cf2440f4da/metrics.json	38	1024 128	0	0.16640284855730086	0.004601452279043128	0.7506721357224887	2.6863065045739223	538	2477	1.5613518249434262	1.50 1.25 1.10 1.04
53992414	ok	3266778.9	3266778.9	3267840.1	-0.03247404914335271	35.039	1.0319853915707007	0.03247404914335271	0.03247404914335271	0.0	0	<ORIGINAL_WORKSPACE>/OpenROAD-flow-scripts/flow/reports/nangate45/swerv_wrapper/place_batch_20260421_220319/dpl_evolve_baseline/openroad_dpl_hpwl_only_9case_bo_place_batch_20260421_220319_swerv_wrapper_nangate45_trial_53992414_f5ab9cfde44a/metrics.json	107	512	1	0.7400186261202392	0.783392845465415	0.4419907605566631	7.080327312883087	356	2257	1.6270648336628162	2.00 1.50 1.20 1.05
54424021	ok	3267067.5	3267067.5	3267840.1	-0.02364252767447505	42.05	1.238476717815804	-0.15166949712258887	0.02364252767447505	0.17531202479706393	0	<ORIGINAL_WORKSPACE>/OpenROAD-flow-scripts/flow/reports/nangate45/swerv_wrapper/place_batch_20260421_220319/dpl_evolve_baseline/openroad_dpl_hpwl_only_9case_bo_place_batch_20260421_220319_swerv_wrapper_nangate45_trial_54424021_cb2cd8fbdebf/metrics.json	51	omit	0	0.992503415698945	0.8321792933267407	1.8002771777933169	121.69297397349833	1103	2197	1.287657388636907	2.50 1.75 1.25 1.08
546d1b49	ok	3266432.1	3266432.1	3267840.1	-0.04308656350719241	39.218	1.1550672989132036	-0.027880568727606442	0.04308656350719241	0.07096713223479885	0	<ORIGINAL_WORKSPACE>/OpenROAD-flow-scripts/flow/reports/nangate45/swerv_wrapper/place_batch_20260421_220319/dpl_evolve_baseline/openroad_dpl_hpwl_only_9case_bo_place_batch_20260421_220319_swerv_wrapper_nangate45_trial_546d1b49_510506ed7a18/metrics.json	47	omit	0	0.46307305797517195	0.20514751705429596	1.7871117046872382	115.49535336377592	542	952	1.2568613117625376	omit
55005f7f	ok	3267051.8	3267051.8	3267840.1	-0.024122967338587938	37.996	1.1190763702765587	-0.0006583555985007344	0.024122967338587938	0.024781322937088672	0	<ORIGINAL_WORKSPACE>/OpenROAD-flow-scripts/flow/reports/nangate45/swerv_wrapper/place_batch_20260421_220319/dpl_evolve_baseline/openroad_dpl_hpwl_only_9case_bo_place_batch_20260421_220319_swerv_wrapper_nangate45_trial_55005f7f_12b5c99f6737/metrics.json	23	omit	0	0.12462844891982833	0.36435181699122804	1.2981531938998687	10.256516809610957	299	3450	1.3170938622131407	2.00 1.50 1.20 1.05
555e9362	ok	3278915.2	3278915.2	3267840.1	0.33891193146201043	33.647	0.9909875416016256	-0.33891193146201043	-0.33891193146201043	0.0	0	<ORIGINAL_WORKSPACE>/OpenROAD-flow-scripts/flow/reports/nangate45/swerv_wrapper/place_batch_20260421_220319/dpl_evolve_baseline/openroad_dpl_hpwl_only_9case_bo_place_batch_20260421_220319_swerv_wrapper_nangate45_trial_555e9362_6196561a479f/metrics.json	33	64 8	1	0.9109878361405912	0.616656511640164	1.4297755591494667	122.74524816616588	782	3405	1.310051148769361	omit
56765032	ok	3266008.6	3266008.6	3267840.1	-0.056046193937090136	36.79	1.0835566812947308	0.05604619393709013	0.05604619393709013	0.0	0	<ORIGINAL_WORKSPACE>/OpenROAD-flow-scripts/flow/reports/nangate45/swerv_wrapper/place_batch_20260421_220319/dpl_evolve_baseline/openroad_dpl_hpwl_only_9case_bo_place_batch_20260421_220319_swerv_wrapper_nangate45_trial_56765032_4f0e3faeaf72/metrics.json	40	omit	0	0.3260334203878956	0.33874215740002517	1.7008252048514392	5.040963785602887	427	3180	1.4011756986977162	1.50 1.25 1.10 1.04
568c2762	ok	3267552.7	3267552.7	3267840.1	-0.008794799965882874	38.825	1.143492474891762	-0.047398310701486694	0.008794799965882873	0.05619311066736957	0	<ORIGINAL_WORKSPACE>/OpenROAD-flow-scripts/flow/reports/nangate45/swerv_wrapper/place_batch_20260421_220319/dpl_evolve_baseline/openroad_dpl_hpwl_only_9case_bo_place_batch_20260421_220319_swerv_wrapper_nangate45_trial_568c2762_be7747969648/metrics.json	77	omit	1	0.9279030256997616	1.2884038390266537	1.2723966179138946	45.19787137403084	1169	2154	1.31095355105354	1.10 1.04
56ab88cc	ok	3267101.6	3267101.6	3267840.1	-0.022599024964532383	38.286	1.1276175890201159	-0.013209352608239671	0.022599024964532383	0.035808377572772054	0	<ORIGINAL_WORKSPACE>/OpenROAD-flow-scripts/flow/reports/nangate45/swerv_wrapper/place_batch_20260421_220319/dpl_evolve_baseline/openroad_dpl_hpwl_only_9case_bo_place_batch_20260421_220319_swerv_wrapper_nangate45_trial_56ab88cc_1fabe321b948/metrics.json	65	omit	0	0.7383757019871819	0.3125373403099643	1.209726933996599	91.13389379665885	438	1179	1.1238526616930606	1.50 1.25 1.10 1.04
56abe152	ok	3266410.7	3266410.7	3267840.1	-0.0437414303104949	35.526	1.0463287485641917	0.0437414303104949	0.0437414303104949	0.0	0	<ORIGINAL_WORKSPACE>/OpenROAD-flow-scripts/flow/reports/nangate45/swerv_wrapper/place_batch_20260421_220319/dpl_evolve_baseline/openroad_dpl_hpwl_only_9case_bo_place_batch_20260421_220319_swerv_wrapper_nangate45_trial_56abe152_929e20e048e4/metrics.json	29	512	1	0.8705566744537524	0.601203306540198	1.5709327438529512	137.77128875305453	1190	3598	1.1502039407472506	omit
56de1a54	ok	3277642.4	3277642.4	3267840.1	0.29996265729157967	37.691	1.1100933643566107	-0.3131010618047948	-0.2999626572915796	0.013138404513215211	0	<ORIGINAL_WORKSPACE>/OpenROAD-flow-scripts/flow/reports/nangate45/swerv_wrapper/place_batch_20260421_220319/dpl_evolve_baseline/openroad_dpl_hpwl_only_9case_bo_place_batch_20260421_220319_swerv_wrapper_nangate45_trial_56de1a54_2403d91887b9/metrics.json	15	32	0	0.9086505702033494	1.0835003045479654	1.3646727747661953	91.79278557312489	848	2496	1.2386359298044378	2.50 1.75 1.25 1.08
579a75bd	ok	3277732.6	3277732.6	3267840.1	0.30272289026626487	34.409	1.0134303301622831	-0.30272289026626487	-0.30272289026626487	0.0	0	<ORIGINAL_WORKSPACE>/OpenROAD-flow-scripts/flow/reports/nangate45/swerv_wrapper/place_batch_20260421_220319/dpl_evolve_baseline/openroad_dpl_hpwl_only_9case_bo_place_batch_20260421_220319_swerv_wrapper_nangate45_trial_579a75bd_81ce374d0570/metrics.json	99	32	1	0.5974228759114397	0.26580212254576685	1.7962442605454803	11.2727640388896	229	3265	1.630242109418584	2.00 1.50 1.20 1.05
58a9c0b3	ok	3272420.1	3272420.1	3267840.1	0.14015373640833895	36.51	1.0753099873354341	-0.14015373640833895	-0.14015373640833895	0.0	0	<ORIGINAL_WORKSPACE>/OpenROAD-flow-scripts/flow/reports/nangate45/swerv_wrapper/place_batch_20260421_220319/dpl_evolve_baseline/openroad_dpl_hpwl_only_9case_bo_place_batch_20260421_220319_swerv_wrapper_nangate45_trial_58a9c0b3_bdacb2c28f71/metrics.json	24	64	0	0.04565796159376301	0.44286947270156124	1.829620514868413	9.957201576514375	347	3724	1.4861735290036808	1.25 1.10 1.04
58fd32b7	ok	3268677.3	3268677.3	3267840.1	0.02561936858537603	35.369	1.0417047094513003	-0.02561936858537603	-0.02561936858537603	0.0	0	<ORIGINAL_WORKSPACE>/OpenROAD-flow-scripts/flow/reports/nangate45/swerv_wrapper/place_batch_20260421_220319/dpl_evolve_baseline/openroad_dpl_hpwl_only_9case_bo_place_batch_20260421_220319_swerv_wrapper_nangate45_trial_58fd32b7_683cee46ff7a/metrics.json	118	omit	1	0.759476255891131	0.3927985328615692	1.1393031964252947	11.171906103958184	96	2273	1.9919926212258539	1.25 1.10 1.04
59a8b412	ok	3269329.7	3269329.7	3267840.1	0.045583625710453005	37.942	1.1174859364415515	-0.0683069931016985	-0.045583625710453005	0.02272336739124549	0	<ORIGINAL_WORKSPACE>/OpenROAD-flow-scripts/flow/reports/nangate45/swerv_wrapper/place_batch_20260421_220319/dpl_evolve_baseline/openroad_dpl_hpwl_only_9case_bo_place_batch_20260421_220319_swerv_wrapper_nangate45_trial_59a8b412_ca91e78048ab/metrics.json	118	256	1	0.5412700599612419	0.5529216472835788	1.8147058491519785	1.813137294170863	396	3327	1.9025097856263724	2.50 1.75 1.25 1.08
59e9970e	ok	3267066.2	3267066.2	3267840.1	-0.023682309302707524	39.636	1.1673784348952965	-0.06291765715224298	0.023682309302707524	0.08659996645495051	0	<ORIGINAL_WORKSPACE>/OpenROAD-flow-scripts/flow/reports/nangate45/swerv_wrapper/place_batch_20260421_220319/dpl_evolve_baseline/openroad_dpl_hpwl_only_9case_bo_place_batch_20260421_220319_swerv_wrapper_nangate45_trial_59e9970e_934111bf6861/metrics.json	49	omit	0	0.5040569271118358	0.809671584193667	1.7530319543237665	137.0838097866255	535	591	1.1309744881104975	1.50 1.25 1.10 1.04
5a4dac5f	ok	3266551.9	3266551.9	3267840.1	-0.03942053345878785	37.264	1.0975171560686832	0.03942053345878785	0.03942053345878785	0.0	0	<ORIGINAL_WORKSPACE>/OpenROAD-flow-scripts/flow/reports/nangate45/swerv_wrapper/place_batch_20260421_220319/dpl_evolve_baseline/openroad_dpl_hpwl_only_9case_bo_place_batch_20260421_220319_swerv_wrapper_nangate45_trial_5a4dac5f_75330503e8d3/metrics.json	112	omit	1	0.09103963014857328	0.3959968666697186	1.9587002200335357	18.40991137651536	330	2892	1.3846820025119295	2.00 1.50 1.20 1.05
5a7a7163	ok	3267614.2	3267614.2	3267840.1	-0.006912822937692297	37.855	1.1149235708184841	-0.01249186661567715	0.006912822937692296	0.019404689553369447	0	<ORIGINAL_WORKSPACE>/OpenROAD-flow-scripts/flow/reports/nangate45/swerv_wrapper/place_batch_20260421_220319/dpl_evolve_baseline/openroad_dpl_hpwl_only_9case_bo_place_batch_20260421_220319_swerv_wrapper_nangate45_trial_5a7a7163_b33f72a31dfc/metrics.json	18	omit	1	0.5187058183131025	0.1399283310889727	0.8585098908687593	41.301115321205295	1166	1124	1.7863072999989866	1.25 1.10 1.04
5bf1359a	ok	3271793.2	3271793.2	3267840.1	0.12096981122179427	36.361	1.0709215680499513	-0.12096981122179427	-0.12096981122179427	0.0	0	<ORIGINAL_WORKSPACE>/OpenROAD-flow-scripts/flow/reports/nangate45/swerv_wrapper/place_batch_20260421_220319/dpl_evolve_baseline/openroad_dpl_hpwl_only_9case_bo_place_batch_20260421_220319_swerv_wrapper_nangate45_trial_5bf1359a_3055599fb6a9/metrics.json	61	64	0	0.9286306668299303	0.658553283258604	1.987434429978029	67.18212629030893	730	519	1.287514372627316	2.00 1.50 1.20 1.05
5c9f7948	ok	3279218.5	3279218.5	3267840.1	0.3481932913424958	36.124	1.0639413306629752	-0.3481932913424958	-0.3481932913424958	0.0	0	<ORIGINAL_WORKSPACE>/OpenROAD-flow-scripts/flow/reports/nangate45/swerv_wrapper/place_batch_20260421_220319/dpl_evolve_baseline/openroad_dpl_hpwl_only_9case_bo_place_batch_20260421_220319_swerv_wrapper_nangate45_trial_5c9f7948_d4495f6ff467/metrics.json	14	64 8	0	0.16535419711693278	1.8550171607920678	0.7281434265037379	112.62181547042333	885	3545	1.6236722070556089	1.25 1.10 1.04
61a420fc	ok	3269020.4	3269020.4	3267840.1	0.03611865831500794	37.942	1.1174859364415515	-0.05884202570625342	-0.036118658315007934	0.02272336739124549	0	<ORIGINAL_WORKSPACE>/OpenROAD-flow-scripts/flow/reports/nangate45/swerv_wrapper/place_batch_20260421_220319/dpl_evolve_baseline/openroad_dpl_hpwl_only_9case_bo_place_batch_20260421_220319_swerv_wrapper_nangate45_trial_61a420fc_0cc2aaba0272/metrics.json	33	256	1	0.5734430718261188	0.44906041430072463	1.8970750696035334	80.10319535214278	1075	2058	1.5671572308920905	1.10 1.04
6269f262	ok	3268282.4	3268282.4	3267840.1	0.013534933976721007	36.846	1.08520602008659	-0.013534933976721007	-0.013534933976721007	0.0	0	<ORIGINAL_WORKSPACE>/OpenROAD-flow-scripts/flow/reports/nangate45/swerv_wrapper/place_batch_20260421_220319/dpl_evolve_baseline/openroad_dpl_hpwl_only_9case_bo_place_batch_20260421_220319_swerv_wrapper_nangate45_trial_6269f262_9c11ce67821d/metrics.json	54	omit	1	0.8591539959715864	0.9974928886845488	1.3566007615253843	24.640010466092786	66	1725	1.0090622026878466	omit
62f521cd	ok	3275152.4	3275152.4	3267840.1	0.2237655385892294	35.166	1.03572585633081	-0.22376553858922943	-0.22376553858922943	0.0	0	<ORIGINAL_WORKSPACE>/OpenROAD-flow-scripts/flow/reports/nangate45/swerv_wrapper/place_batch_20260421_220319/dpl_evolve_baseline/openroad_dpl_hpwl_only_9case_bo_place_batch_20260421_220319_swerv_wrapper_nangate45_trial_62f521cd_6c71e6f869a2/metrics.json	28	256 32	0	0.9475489413950998	0.4428654686469766	0.5707904383845133	12.2210947315893	543	525	1.6337867606119179	2.50 1.75 1.25 1.08
63292980	ok	3269385.3	3269385.3	3267840.1	0.04728505534893585	36.663	1.0798162165346212	-0.047285055348935845	-0.047285055348935845	0.0	0	<ORIGINAL_WORKSPACE>/OpenROAD-flow-scripts/flow/reports/nangate45/swerv_wrapper/place_batch_20260421_220319/dpl_evolve_baseline/openroad_dpl_hpwl_only_9case_bo_place_batch_20260421_220319_swerv_wrapper_nangate45_trial_63292980_ecf7fdbfde10/metrics.json	116	256	1	0.5218217884054414	0.0004628776609065799	0.9768188231263042	12.723462599564797	211	2225	1.9035507506463605	1.25 1.10 1.04
65155157	ok	3267552.7	3267552.7	3267840.1	-0.008794799965882874	37.738	1.1114776308426353	-0.0061408214042225455	0.008794799965882873	0.014935621370105418	0	<ORIGINAL_WORKSPACE>/OpenROAD-flow-scripts/flow/reports/nangate45/swerv_wrapper/place_batch_20260421_220319/dpl_evolve_baseline/openroad_dpl_hpwl_only_9case_bo_place_batch_20260421_220319_swerv_wrapper_nangate45_trial_65155157_33a17efdfa76/metrics.json	77	omit	1	0.9028157954751477	0.16118413240265217	1.7714128229715784	73.31227871500639	632	2561	1.0476755247668528	1.25 1.10 1.04
6579c4ab	ok	3265446.6	3265446.6	3267840.1	-0.07324409783697801	35.698	1.0513945748534739	0.07324409783697801	0.07324409783697801	0.0	0	<ORIGINAL_WORKSPACE>/OpenROAD-flow-scripts/flow/reports/nangate45/swerv_wrapper/place_batch_20260421_220319/dpl_evolve_baseline/openroad_dpl_hpwl_only_9case_bo_place_batch_20260421_220319_swerv_wrapper_nangate45_trial_6579c4ab_c35d8b1ee8fe/metrics.json	46	omit	0	0.32821329249616943	0.4210709114064812	0.6503801418970836	9.52134743006346	177	1783	1.539230945811746	1.50 1.25 1.10 1.04
66072041	ok	3266975.9	3266975.9	3267840.1	-0.02644560240264468	37.645	1.108738550349012	0.015067261454073241	0.026445602402644677	0.011378340948571436	0	<ORIGINAL_WORKSPACE>/OpenROAD-flow-scripts/flow/reports/nangate45/swerv_wrapper/place_batch_20260421_220319/dpl_evolve_baseline/openroad_dpl_hpwl_only_9case_bo_place_batch_20260421_220319_swerv_wrapper_nangate45_trial_66072041_666ea134d27c/metrics.json	108	1024	1	0.5464559023463665	0.08439796105868203	1.0924574512407286	50.75487660931285	796	1731	1.383294227730424	2.00 1.50 1.20 1.05
66edd42c	ok	3267144.1	3267144.1	3267840.1	-0.021298471733668976	37.613	1.107796071039378	0.011145157137521318	0.021298471733668976	0.010153314596147657	0	<ORIGINAL_WORKSPACE>/OpenROAD-flow-scripts/flow/reports/nangate45/swerv_wrapper/place_batch_20260421_220319/dpl_evolve_baseline/openroad_dpl_hpwl_only_9case_bo_place_batch_20260421_220319_swerv_wrapper_nangate45_trial_66edd42c_ed297ec74590/metrics.json	28	omit	0	0.030793675519086572	0.662488230835768	1.9338321212210199	4.113265277414111	410	1619	1.075465383693904	1.10 1.04
67971490	ok	3268359.6	3268359.6	3267840.1	0.015897350669024472	39.365	1.1593968132418342	-0.09237160876259207	-0.015897350669024472	0.07647425809356759	0	<ORIGINAL_WORKSPACE>/OpenROAD-flow-scripts/flow/reports/nangate45/swerv_wrapper/place_batch_20260421_220319/dpl_evolve_baseline/openroad_dpl_hpwl_only_9case_bo_place_batch_20260421_220319_swerv_wrapper_nangate45_trial_67971490_c4ce6784089b/metrics.json	13	omit	0	0.5647202170528868	0.009644762127407613	1.1067838731179644	144.04937675521091	433	206	1.1314809182459098	1.10 1.04
67c1274e	ok	3266008.6	3266008.6	3267840.1	-0.056046193937090136	40.011	1.1784231143050687	-0.04450844151252469	0.05604619393709013	0.10055463544961482	0	<ORIGINAL_WORKSPACE>/OpenROAD-flow-scripts/flow/reports/nangate45/swerv_wrapper/place_batch_20260421_220319/dpl_evolve_baseline/openroad_dpl_hpwl_only_9case_bo_place_batch_20260421_220319_swerv_wrapper_nangate45_trial_67c1274e_4912eff3ff7a/metrics.json	40	omit	0	0.5578411647753508	0.23732620658195108	1.8478657941518173	17.05539693162281	262	2127	1.1931784835835797	omit
6a55e325	ok	3267182.3	3267182.3	3267840.1	-0.020129503888525004	37.567	1.1064412570317792	0.011738077994560683	0.020129503888525004	0.00839142589396432	0	<ORIGINAL_WORKSPACE>/OpenROAD-flow-scripts/flow/reports/nangate45/swerv_wrapper/place_batch_20260421_220319/dpl_evolve_baseline/openroad_dpl_hpwl_only_9case_bo_place_batch_20260421_220319_swerv_wrapper_nangate45_trial_6a55e325_4fbb4fed1bd6/metrics.json	43	omit	0	0.8097238994344764	0.5317216194796573	1.885457696747762	67.98393606516066	1135	1357	1.4456273301915854	2.00 1.50 1.20 1.05
6b5c90e8	ok	3267310.2	3267310.2	3267840.1	-0.01621560369492702	39.203	1.1546255117368127	-0.054188997032269294	0.01621560369492702	0.07040460072719631	0	<ORIGINAL_WORKSPACE>/OpenROAD-flow-scripts/flow/reports/nangate45/swerv_wrapper/place_batch_20260421_220319/dpl_evolve_baseline/openroad_dpl_hpwl_only_9case_bo_place_batch_20260421_220319_swerv_wrapper_nangate45_trial_6b5c90e8_ffdedbe5ad34/metrics.json	66	omit	0	0.09585179388720866	0.8583734087796921	1.9723578171424396	7.202472879682921	516	3031	1.3212028360102623	1.50 1.25 1.10 1.04
6cefc4b7	ok	3267048.2	3267048.2	3267840.1	-0.02423313184754379	34.994	1.0306600300415278	0.02423313184754379	0.02423313184754379	0.0	0	<ORIGINAL_WORKSPACE>/OpenROAD-flow-scripts/flow/reports/nangate45/swerv_wrapper/place_batch_20260421_220319/dpl_evolve_baseline/openroad_dpl_hpwl_only_9case_bo_place_batch_20260421_220319_swerv_wrapper_nangate45_trial_6cefc4b7_11eab8ac5591/metrics.json	25	512	0	0.6021877657543969	0.9497105806577921	1.937906310510865	84.6121490656667	1140	1105	1.3546454062575726	2.00 1.50 1.20 1.05
6d860d85	ok	3277368.8	3277368.8	3267840.1	0.29159015461006554	34.227	1.0080699790887402	-0.29159015461006554	-0.29159015461006554	0.0	0	<ORIGINAL_WORKSPACE>/OpenROAD-flow-scripts/flow/reports/nangate45/swerv_wrapper/place_batch_20260421_220319/dpl_evolve_baseline/openroad_dpl_hpwl_only_9case_bo_place_batch_20260421_220319_swerv_wrapper_nangate45_trial_6d860d85_631a8bcdae24/metrics.json	68	32	1	0.2737606532271102	0.053706096276800674	1.31729176639625	52.10459485290053	382	2698	1.1867879509177617	1.50 1.25 1.10 1.04
6deb429b	ok	3279594.2	3279594.2	3267840.1	0.359690181903334	37.389	1.1011987158719405	-0.3612536805246422	-0.359690181903334	0.0015634986213081614	0	<ORIGINAL_WORKSPACE>/OpenROAD-flow-scripts/flow/reports/nangate45/swerv_wrapper/place_batch_20260421_220319/dpl_evolve_baseline/openroad_dpl_hpwl_only_9case_bo_place_batch_20260421_220319_swerv_wrapper_nangate45_trial_6deb429b_e28bab3eed47/metrics.json	68	64 8	1	0.5120756107171308	0.5427929431755502	1.9584508377577277	23.269593904514892	921	688	1.1002218116684517	omit
6e24e815	ok	3266335.3	3266335.3	3267840.1	-0.04604876474832044	37.324	1.0992843047742467	0.04604876474832044	0.04604876474832044	0.0	0	<ORIGINAL_WORKSPACE>/OpenROAD-flow-scripts/flow/reports/nangate45/swerv_wrapper/place_batch_20260421_220319/dpl_evolve_baseline/openroad_dpl_hpwl_only_9case_bo_place_batch_20260421_220319_swerv_wrapper_nangate45_trial_6e24e815_cac00c6f12ff/metrics.json	37	omit	0	0.18442884914031124	0.22023517861631653	1.2258568569453656	2.8454380354649746	347	2879	1.0299517618969227	1.25 1.10 1.04
6e31bc0e	ok	3267634.6	3267634.6	3267840.1	-0.006288557386880711	36.872	1.0859717845256678	0.006288557386880711	0.006288557386880711	0.0	0	<ORIGINAL_WORKSPACE>/OpenROAD-flow-scripts/flow/reports/nangate45/swerv_wrapper/place_batch_20260421_220319/dpl_evolve_baseline/openroad_dpl_hpwl_only_9case_bo_place_batch_20260421_220319_swerv_wrapper_nangate45_trial_6e31bc0e_dffeb7111460/metrics.json	113	1024	1	0.511272886477419	0.9362475468979934	0.45218883137087595	35.966362124345714	665	2405	1.3237321720312434	2.00 1.50 1.20 1.05
6e8fe838	ok	3277856.4	3277856.4	3267840.1	0.30651132532463304	36.513	1.0753983447707123	-0.30651132532463304	-0.30651132532463304	0.0	0	<ORIGINAL_WORKSPACE>/OpenROAD-flow-scripts/flow/reports/nangate45/swerv_wrapper/place_batch_20260421_220319/dpl_evolve_baseline/openroad_dpl_hpwl_only_9case_bo_place_batch_20260421_220319_swerv_wrapper_nangate45_trial_6e8fe838_baf6e74bd884/metrics.json	46	32	0	0.45252001915190554	0.4988460900186573	1.7152547722397582	143.32101299601848	824	901	1.0066004430185178	1.10 1.04
6eba9b18	ok	3267048.2	3267048.2	3267840.1	-0.02423313184754379	36.84	1.085029305216034	0.02423313184754379	0.02423313184754379	0.0	0	<ORIGINAL_WORKSPACE>/OpenROAD-flow-scripts/flow/reports/nangate45/swerv_wrapper/place_batch_20260421_220319/dpl_evolve_baseline/openroad_dpl_hpwl_only_9case_bo_place_batch_20260421_220319_swerv_wrapper_nangate45_trial_6eba9b18_e3a78fbf8f50/metrics.json	25	512	0	0.3075877220199185	0.13459718894620187	1.825990622808527	3.502708432502299	266	2551	1.2325215880740608	omit
6ecfd934	ok	3267280.2	3267280.2	3267840.1	-0.01713364126965413	38.286	1.1276175890201159	-0.018674736303117924	0.01713364126965413	0.035808377572772054	0	<ORIGINAL_WORKSPACE>/OpenROAD-flow-scripts/flow/reports/nangate45/swerv_wrapper/place_batch_20260421_220319/dpl_evolve_baseline/openroad_dpl_hpwl_only_9case_bo_place_batch_20260421_220319_swerv_wrapper_nangate45_trial_6ecfd934_d154ccc78426/metrics.json	48	omit	0	0.6380501153579015	0.055002042024836946	1.8408105274860713	94.95783531386918	260	2157	1.4193588563568151	2.50 1.75 1.25 1.08
6ef95e44	ok	3271143.0	3271143.0	3267840.1	0.101072876852203	39.109	1.151856978764763	-0.16794982706013542	-0.10107287685220298	0.06687695020793244	0	<ORIGINAL_WORKSPACE>/OpenROAD-flow-scripts/flow/reports/nangate45/swerv_wrapper/place_batch_20260421_220319/dpl_evolve_baseline/openroad_dpl_hpwl_only_9case_bo_place_batch_20260421_220319_swerv_wrapper_nangate45_trial_6ef95e44_4ca665defb37/metrics.json	42	512 64	1	0.9318611166365406	1.8737367626181873	1.6964433997031407	138.03097714584908	312	441	1.2273097362846888	2.50 1.75 1.25 1.08
6f2f78fa	ok	3268430.2	3268430.2	3267840.1	0.018057799094885123	37.692	1.1101228168350366	-0.031234453927936945	-0.018057799094885123	0.013176654833051823	0	<ORIGINAL_WORKSPACE>/OpenROAD-flow-scripts/flow/reports/nangate45/swerv_wrapper/place_batch_20260421_220319/dpl_evolve_baseline/openroad_dpl_hpwl_only_9case_bo_place_batch_20260421_220319_swerv_wrapper_nangate45_trial_6f2f78fa_5f844389fae3/metrics.json	5	omit	0	0.6376117424906442	0.15412988746140696	1.7108653079268037	36.35516576899819	218	1324	1.367241310871153	omit
6f8e0a82	ok	3266826.4	3266826.4	3267840.1	-0.03102048965003478	38.386	1.130562836862722	-0.008580631449032136	0.03102048965003478	0.03960112109906692	0	<ORIGINAL_WORKSPACE>/OpenROAD-flow-scripts/flow/reports/nangate45/swerv_wrapper/place_batch_20260421_220319/dpl_evolve_baseline/openroad_dpl_hpwl_only_9case_bo_place_batch_20260421_220319_swerv_wrapper_nangate45_trial_6f8e0a82_d80d1ea3e38a/metrics.json	15	1024	0	0.2277842009904102	0.8019214047684802	1.8144993962987201	12.682445357957349	478	3887	1.3091901625134186	1.50 1.25 1.10 1.04
71e0b7f2	ok	3266314.6	3266314.6	3267840.1	-0.046682210674873596	37.959	1.1179866285747946	0.02331081053361385	0.046682210674873596	0.023371400141259747	0	<ORIGINAL_WORKSPACE>/OpenROAD-flow-scripts/flow/reports/nangate45/swerv_wrapper/place_batch_20260421_220319/dpl_evolve_baseline/openroad_dpl_hpwl_only_9case_bo_place_batch_20260421_220319_swerv_wrapper_nangate45_trial_71e0b7f2_16c663284fa7/metrics.json	121	omit	1	0.6527422291006623	0.11365195545668638	1.7147825265429488	3.899926518989436	128	3000	1.8350744011720335	1.10 1.04
72559f6e	ok	3276635.1	3276635.1	3267840.1	0.26913801565749806	37.538	1.1055871351574234	-0.27641813119868514	-0.26913801565749806	0.007280115541187092	0	<ORIGINAL_WORKSPACE>/OpenROAD-flow-scripts/flow/reports/nangate45/swerv_wrapper/place_batch_20260421_220319/dpl_evolve_baseline/openroad_dpl_hpwl_only_9case_bo_place_batch_20260421_220319_swerv_wrapper_nangate45_trial_72559f6e_0ad30fa6af1d/metrics.json	71	32	1	0.8657496591449277	0.17421214665944568	1.4696311393198265	68.60316213007545	578	2282	1.3184761608842923	omit
73842c57	ok	3267846.3	3267846.3	3267840.1	0.00018972776543505304	38.371	1.130121049686331	-0.039222252544716174	-0.00018972776543505306	0.03903252477928112	0	<ORIGINAL_WORKSPACE>/OpenROAD-flow-scripts/flow/reports/nangate45/swerv_wrapper/place_batch_20260421_220319/dpl_evolve_baseline/openroad_dpl_hpwl_only_9case_bo_place_batch_20260421_220319_swerv_wrapper_nangate45_trial_73842c57_f2acefb1344f/metrics.json	52	512	0	0.5485399838313736	0.16923287715529933	1.6074705467283616	88.36622684121777	1157	1123	1.4800578145943681	omit
73a0f9cf	ok	3266314.6	3266314.6	3267840.1	-0.046682210674873596	35.175	1.0359909286366447	0.046682210674873596	0.046682210674873596	0.0	0	<ORIGINAL_WORKSPACE>/OpenROAD-flow-scripts/flow/reports/nangate45/swerv_wrapper/place_batch_20260421_220319/dpl_evolve_baseline/openroad_dpl_hpwl_only_9case_bo_place_batch_20260421_220319_swerv_wrapper_nangate45_trial_73a0f9cf_fd0c3d9ffb60/metrics.json	121	omit	1	0.8189022532523701	0.16720240748718113	0.08075103574986886	25.836469367740214	99	2477	1.6464542581739137	1.25 1.10 1.04
750c67ab	ok	3269053.7	3269053.7	3267840.1	0.03713768002296358	35.804	1.054516537566636	-0.03713768002296358	-0.03713768002296358	0.0	0	<ORIGINAL_WORKSPACE>/OpenROAD-flow-scripts/flow/reports/nangate45/swerv_wrapper/place_batch_20260421_220319/dpl_evolve_baseline/openroad_dpl_hpwl_only_9case_bo_place_batch_20260421_220319_swerv_wrapper_nangate45_trial_750c67ab_c1bd49776a66/metrics.json	38	omit	0	0.8650663732825951	1.7754415047213288	1.5874592220989423	99.30218945563607	1100	1429	1.3594813355229798	1.04
756da1d7	ok	3267614.2	3267614.2	3267840.1	-0.006912822937692297	36.598	1.0779018054369274	0.006912822937692296	0.006912822937692296	0.0	0	<ORIGINAL_WORKSPACE>/OpenROAD-flow-scripts/flow/reports/nangate45/swerv_wrapper/place_batch_20260421_220319/dpl_evolve_baseline/openroad_dpl_hpwl_only_9case_bo_place_batch_20260421_220319_swerv_wrapper_nangate45_trial_756da1d7_41b283bf4d23/metrics.json	18	omit	0	0.4005684634461303	0.9417128557273862	1.9963902344162356	7.018542053150782	290	352	1.0118725321812772	omit
77b76187	ok	3267278.1	3267278.1	3267840.1	-0.01719790389988788	37.819	1.1138632815951461	-0.000832424259873104	0.01719790389988788	0.018030328159760984	0	<ORIGINAL_WORKSPACE>/OpenROAD-flow-scripts/flow/reports/nangate45/swerv_wrapper/place_batch_20260421_220319/dpl_evolve_baseline/openroad_dpl_hpwl_only_9case_bo_place_batch_20260421_220319_swerv_wrapper_nangate45_trial_77b76187_0a72238f85ba/metrics.json	67	1024	1	0.8737835465681254	0.9463230029159394	1.7035815208156493	68.49933555548814	883	3455	1.5384533789466848	1.75 1.35 1.15 1.05
7819343b	ok	3268721.4	3268721.4	3267840.1	0.026968883820227732	35.474	1.0447972196860364	-0.026968883820227732	-0.026968883820227732	0.0	0	<ORIGINAL_WORKSPACE>/OpenROAD-flow-scripts/flow/reports/nangate45/swerv_wrapper/place_batch_20260421_220319/dpl_evolve_baseline/openroad_dpl_hpwl_only_9case_bo_place_batch_20260421_220319_swerv_wrapper_nangate45_trial_7819343b_4a71b7964f28/metrics.json	85	omit	0	0.7972568279878323	1.4502435777446205	1.9430495580793	132.99368102700114	1180	2650	1.7977357001150975	1.75 1.35 1.15 1.05
79ce2e72	ok	3268660.5	3268660.5	3267840.1	0.025105267543534544	40.839	1.202809766441846	-0.1562420377752626	-0.025105267543534544	0.13113677023172807	0	<ORIGINAL_WORKSPACE>/OpenROAD-flow-scripts/flow/reports/nangate45/swerv_wrapper/place_batch_20260421_220319/dpl_evolve_baseline/openroad_dpl_hpwl_only_9case_bo_place_batch_20260421_220319_swerv_wrapper_nangate45_trial_79ce2e72_2763eb9e908a/metrics.json	3	omit	0	0.6568554635426451	0.003995444714416048	1.880483841348024	82.79863358595226	1060	1600	1.0125831693859157	1.25 1.10 1.04
7a6b4173	ok	3268452.8	3268452.8	3267840.1	0.018749387401168147	36.904	1.0869142638353018	-0.018749387401168147	-0.018749387401168147	0.0	0	<ORIGINAL_WORKSPACE>/OpenROAD-flow-scripts/flow/reports/nangate45/swerv_wrapper/place_batch_20260421_220319/dpl_evolve_baseline/openroad_dpl_hpwl_only_9case_bo_place_batch_20260421_220319_swerv_wrapper_nangate45_trial_7a6b4173_87e5d5016c27/metrics.json	42	512	0	0.7093884255566855	0.09783795841246251	1.390525145038393	64.52467320431586	1139	585	1.3332553211899116	2.00 1.50 1.20 1.05
7b7e22db	ok	3267804.6	3267804.6	3267840.1	-0.0010863444634270814	36.859	1.085588902306129	0.0010863444634270814	0.0010863444634270814	0.0	0	<ORIGINAL_WORKSPACE>/OpenROAD-flow-scripts/flow/reports/nangate45/swerv_wrapper/place_batch_20260421_220319/dpl_evolve_baseline/openroad_dpl_hpwl_only_9case_bo_place_batch_20260421_220319_swerv_wrapper_nangate45_trial_7b7e22db_3617e9dc5491/metrics.json	55	omit	1	0.7187444097453147	0.061905073191311555	1.8643794441472734	108.35863134619314	80	2909	1.8712131059123949	2.00 1.50 1.20 1.05
7ba530b1	ok	3268364.1	3268364.1	3267840.1	0.01603505630523354	35.667	1.050481548022266	-0.01603505630523354	-0.01603505630523354	0.0	0	<ORIGINAL_WORKSPACE>/OpenROAD-flow-scripts/flow/reports/nangate45/swerv_wrapper/place_batch_20260421_220319/dpl_evolve_baseline/openroad_dpl_hpwl_only_9case_bo_place_batch_20260421_220319_swerv_wrapper_nangate45_trial_7ba530b1_2274519dc40f/metrics.json	1	256	0	0.25	0.3	0.9	25.0	100	1500	1.05	1.25 1.10 1.04
7c70e88c	ok	3276587.8	3276587.8	3267840.1	0.26769057641466976	33.715	0.9929903101345978	-0.26769057641466976	-0.26769057641466976	0.0	0	<ORIGINAL_WORKSPACE>/OpenROAD-flow-scripts/flow/reports/nangate45/swerv_wrapper/place_batch_20260421_220319/dpl_evolve_baseline/openroad_dpl_hpwl_only_9case_bo_place_batch_20260421_220319_swerv_wrapper_nangate45_trial_7c70e88c_c5f253680a51/metrics.json	63	128 16	1	0.5752417779121205	0.7580450405817319	1.1036325392122004	7.875888242098547	983	2401	1.888138202277109	omit
7cbef034	ok	3275171.9	3275171.9	3267840.1	0.22436226301280204	37.544	1.1057638500279796	-0.23187234004393412	-0.22436226301280204	0.007510077031132084	0	<ORIGINAL_WORKSPACE>/OpenROAD-flow-scripts/flow/reports/nangate45/swerv_wrapper/place_batch_20260421_220319/dpl_evolve_baseline/openroad_dpl_hpwl_only_9case_bo_place_batch_20260421_220319_swerv_wrapper_nangate45_trial_7cbef034_7789f27fd162/metrics.json	13	256 32	0	0.44789352617590517	1.8171910061861911	0.622547589328675	43.16630078795231	199	175	1.678835532939891	1.04
7cf32c3a	ok	3269036.6	3269036.6	3267840.1	0.03661439860536628	37.767	1.1123317527169911	-0.05265838274548344	-0.03661439860536628	0.016043984140117165	0	<ORIGINAL_WORKSPACE>/OpenROAD-flow-scripts/flow/reports/nangate45/swerv_wrapper/place_batch_20260421_220319/dpl_evolve_baseline/openroad_dpl_hpwl_only_9case_bo_place_batch_20260421_220319_swerv_wrapper_nangate45_trial_7cf32c3a_5c6889c81ffb/metrics.json	9	256	1	0.41666867468991264	1.1357090719704743	0.06599630474325162	113.25553972628984	498	2974	1.0278860642939136	1.75 1.35 1.15 1.05
7d5a197c	ok	3271643.1	3271643.1	3267840.1	0.11637656322290676	35.328	1.040497157835832	-0.11637656322290678	-0.11637656322290678	0.0	0	<ORIGINAL_WORKSPACE>/OpenROAD-flow-scripts/flow/reports/nangate45/swerv_wrapper/place_batch_20260421_220319/dpl_evolve_baseline/openroad_dpl_hpwl_only_9case_bo_place_batch_20260421_220319_swerv_wrapper_nangate45_trial_7d5a197c_dab3430bc883/metrics.json	74	64	0	0.5056225924651532	0.5578088670894393	1.9059222544875534	36.49909043774056	383	2377	1.5811270662365127	omit
7d84db0b	ok	3267916.0	3267916.0	3267840.1	0.002322635064056741	38.078	1.1214914735074957	-0.030226207242542068	-0.002322635064056741	0.027903572178485325	0	<ORIGINAL_WORKSPACE>/OpenROAD-flow-scripts/flow/reports/nangate45/swerv_wrapper/place_batch_20260421_220319/dpl_evolve_baseline/openroad_dpl_hpwl_only_9case_bo_place_batch_20260421_220319_swerv_wrapper_nangate45_trial_7d84db0b_2bfc1857ea55/metrics.json	46	128	1	0.684602221759846	0.11425600181644628	1.5239375682594278	78.72635695783733	1145	2531	1.2085564034711176	omit
7e15df09	ok	3277376.8	3277376.8	3267840.1	0.2918349646299928	37.638	1.1085323830000293	-0.3029453755679577	-0.29183496462999275	0.011110410937964929	0	<ORIGINAL_WORKSPACE>/OpenROAD-flow-scripts/flow/reports/nangate45/swerv_wrapper/place_batch_20260421_220319/dpl_evolve_baseline/openroad_dpl_hpwl_only_9case_bo_place_batch_20260421_220319_swerv_wrapper_nangate45_trial_7e15df09_389ed61cba47/metrics.json	31	32	0	0.28949931352341296	0.19461372033071725	1.694523834007157	64.24207719399402	124	3360	1.5467374382469736	omit
7e547f26	ok	3266171.8	3266171.8	3267840.1	-0.05105206953058319	38.565	1.1358348305009864	0.0046742529564831325	0.051052069530583194	0.04637781657410006	0	<ORIGINAL_WORKSPACE>/OpenROAD-flow-scripts/flow/reports/nangate45/swerv_wrapper/place_batch_20260421_220319/dpl_evolve_baseline/openroad_dpl_hpwl_only_9case_bo_place_batch_20260421_220319_swerv_wrapper_nangate45_trial_7e547f26_5b9dc7035cbc/metrics.json	102	omit	1	0.7934431890329227	0.3583673260734256	1.7685718521017273	11.691217819560709	460	2215	1.5411689567342497	2.00 1.50 1.20 1.05
7e820704	ok	3279277.3	3279277.3	3267840.1	0.34999264498895527	35.988	1.059935793597031	-0.34999264498895527	-0.34999264498895527	0.0	0	<ORIGINAL_WORKSPACE>/OpenROAD-flow-scripts/flow/reports/nangate45/swerv_wrapper/place_batch_20260421_220319/dpl_evolve_baseline/openroad_dpl_hpwl_only_9case_bo_place_batch_20260421_220319_swerv_wrapper_nangate45_trial_7e820704_5687c40aa767/metrics.json	93	64 8	0	0.6288885279839963	0.2575820128288545	1.8325653235743455	112.16965175062145	696	333	1.1178530519541254	1.50 1.25 1.10 1.04
8094e965	ok	3268196.7	3268196.7	3267840.1	0.01091240663825911	38.436	1.1320354607840248	-0.052408046898118885	-0.01091240663825911	0.04149564025985977	0	<ORIGINAL_WORKSPACE>/OpenROAD-flow-scripts/flow/reports/nangate45/swerv_wrapper/place_batch_20260421_220319/dpl_evolve_baseline/openroad_dpl_hpwl_only_9case_bo_place_batch_20260421_220319_swerv_wrapper_nangate45_trial_8094e965_52ae6972d1d9/metrics.json	10	omit	1	0.5013135527329062	1.4502891495494272	1.4583336598828949	24.172481326462236	1162	2106	1.6367409839875346	1.04
83bd19de	ok	3268282.4	3268282.4	3267840.1	0.013534933976721007	36.842	1.0850882101728858	-0.013534933976721007	-0.013534933976721007	0.0	0	<ORIGINAL_WORKSPACE>/OpenROAD-flow-scripts/flow/reports/nangate45/swerv_wrapper/place_batch_20260421_220319/dpl_evolve_baseline/openroad_dpl_hpwl_only_9case_bo_place_batch_20260421_220319_swerv_wrapper_nangate45_trial_83bd19de_842d738a1db5/metrics.json	54	omit	0	0.6704675101784022	0.8346096047342539	1.1394451654692157	21.058040789285066	278	3223	1.9682615757193975	2.00 1.50 1.20 1.05
83c248c5	ok	3266950.6	3266950.6	3267840.1	-0.02721981409065884	36.48	1.0744264129826524	0.02721981409065884	0.02721981409065884	0.0	0	<ORIGINAL_WORKSPACE>/OpenROAD-flow-scripts/flow/reports/nangate45/swerv_wrapper/place_batch_20260421_220319/dpl_evolve_baseline/openroad_dpl_hpwl_only_9case_bo_place_batch_20260421_220319_swerv_wrapper_nangate45_trial_83c248c5_31669838f73d/metrics.json	20	256	1	0.3691778507909243	0.05110107226328783	1.5108820074515272	74.57859157644815	1091	1744	1.77639582145543	omit
8475130f	ok	3266764.2	3266764.2	3267840.1	-0.032923887554960445	36.51	1.0753099873354341	0.032923887554960445	0.032923887554960445	0.0	0	<ORIGINAL_WORKSPACE>/OpenROAD-flow-scripts/flow/reports/nangate45/swerv_wrapper/place_batch_20260421_220319/dpl_evolve_baseline/openroad_dpl_hpwl_only_9case_bo_place_batch_20260421_220319_swerv_wrapper_nangate45_trial_8475130f_a81abca0b12c/metrics.json	57	omit	1	0.895981887689742	1.6266359778050834	1.9229653828837892	6.528737455698391	276	1620	1.155910649610762	1.25 1.10 1.04
84fbbf45	ok	3267067.5	3267067.5	3267840.1	-0.02364252767447505	37.565	1.106382352074927	0.01532773009980735	0.02364252767447505	0.0083147975746677	0	<ORIGINAL_WORKSPACE>/OpenROAD-flow-scripts/flow/reports/nangate45/swerv_wrapper/place_batch_20260421_220319/dpl_evolve_baseline/openroad_dpl_hpwl_only_9case_bo_place_batch_20260421_220319_swerv_wrapper_nangate45_trial_84fbbf45_151e9e3c1d48/metrics.json	51	omit	0	0.5799336477674314	0.10742369627901097	1.5368761013305723	76.31891154284634	804	347	1.3865406784442802	1.10 1.04
86770b8d	ok	3269383.3	3269383.3	3267840.1	0.04722385284395404	38.772	1.1419314935351808	-0.10141882675553271	-0.04722385284395404	0.05419497391157866	0	<ORIGINAL_WORKSPACE>/OpenROAD-flow-scripts/flow/reports/nangate45/swerv_wrapper/place_batch_20260421_220319/dpl_evolve_baseline/openroad_dpl_hpwl_only_9case_bo_place_batch_20260421_220319_swerv_wrapper_nangate45_trial_86770b8d_0ddbccf096f0/metrics.json	22	256	1	0.265601878822332	1.1288072660944308	0.6482022984429915	1.5561907782148303	1113	1938	1.9643840728595912	1.25 1.10 1.04
8745d828	ok	3267158.4	3267158.4	3267840.1	-0.02086087382305475	38.047	1.1205784466762876	-0.0058627314428681306	0.02086087382305475	0.026723605265922882	0	<ORIGINAL_WORKSPACE>/OpenROAD-flow-scripts/flow/reports/nangate45/swerv_wrapper/place_batch_20260421_220319/dpl_evolve_baseline/openroad_dpl_hpwl_only_9case_bo_place_batch_20260421_220319_swerv_wrapper_nangate45_trial_8745d828_b680d4034dd2/metrics.json	23	512	0	0.5263122905734064	0.1082422932335595	1.934960065903844	98.50745206938683	926	1747	1.1597426573818652	2.50 1.75 1.25 1.08
87bc3761	ok	3268430.2	3268430.2	3267840.1	0.018057799094885123	36.319	1.0696845639560568	-0.018057799094885123	-0.018057799094885123	0.0	0	<ORIGINAL_WORKSPACE>/OpenROAD-flow-scripts/flow/reports/nangate45/swerv_wrapper/place_batch_20260421_220319/dpl_evolve_baseline/openroad_dpl_hpwl_only_9case_bo_place_batch_20260421_220319_swerv_wrapper_nangate45_trial_87bc3761_2ea3ca211a5e/metrics.json	5	omit	1	0.7703351019158089	0.08637042530247854	1.7736142947235207	62.87168592987498	1149	1998	1.5103276889910002	1.10 1.04
890ef7bc	ok	3267229.7	3267229.7	3267840.1	-0.01867900452044477	35.85	1.0558713515742348	0.01867900452044477	0.01867900452044477	0.0	0	<ORIGINAL_WORKSPACE>/OpenROAD-flow-scripts/flow/reports/nangate45/swerv_wrapper/place_batch_20260421_220319/dpl_evolve_baseline/openroad_dpl_hpwl_only_9case_bo_place_batch_20260421_220319_swerv_wrapper_nangate45_trial_890ef7bc_af563b3de81f/metrics.json	64	512	0	0.9650653618910656	0.5045758720446106	1.3696884069937876	94.56190907373882	654	3512	1.026185561402527	omit
89158cee	ok	3266537.8	3266537.8	3267840.1	-0.03985201111891244	37.998	1.1191352752334107	0.014994495699518409	0.03985201111891244	0.024857515419394034	0	<ORIGINAL_WORKSPACE>/OpenROAD-flow-scripts/flow/reports/nangate45/swerv_wrapper/place_batch_20260421_220319/dpl_evolve_baseline/openroad_dpl_hpwl_only_9case_bo_place_batch_20260421_220319_swerv_wrapper_nangate45_trial_89158cee_9ce671d3abf8/metrics.json	126	omit	1	0.6834662663361601	1.3566323334950117	1.4519279711730753	12.210352361271338	176	1534	1.9192103703971055	1.25 1.10 1.04
8919c3dd	ok	3277186.1	3277186.1	3267840.1	0.285999305779986	37.623	1.1080905958236384	-0.296535497070287	-0.285999305779986	0.010536191290300994	0	<ORIGINAL_WORKSPACE>/OpenROAD-flow-scripts/flow/reports/nangate45/swerv_wrapper/place_batch_20260421_220319/dpl_evolve_baseline/openroad_dpl_hpwl_only_9case_bo_place_batch_20260421_220319_swerv_wrapper_nangate45_trial_8919c3dd_387dfb350617/metrics.json	42	32	0	0.4495884880666152	0.15467588284409534	1.5336194268945977	35.04876761423756	598	3023	1.2434636303070439	2.50 1.75 1.25 1.08
8b17e8a1	ok	3269333.2	3269333.2	3267840.1	0.04569073009417116	36.445	1.0733955762377403	-0.04569073009417116	-0.04569073009417116	0.0	0	<ORIGINAL_WORKSPACE>/OpenROAD-flow-scripts/flow/reports/nangate45/swerv_wrapper/place_batch_20260421_220319/dpl_evolve_baseline/openroad_dpl_hpwl_only_9case_bo_place_batch_20260421_220319_swerv_wrapper_nangate45_trial_8b17e8a1_eefd2a443493/metrics.json	23	1024 128	0	0.4926449548595382	0.38002532633614605	1.9943100710358799	8.04975432569376	292	2873	1.2020496037867183	1.50 1.25 1.10 1.04
8b50a7f5	ok	3278119.1	3278119.1	3267840.1	0.3145502743539991	35.159	1.0355196889818277	-0.3145502743539991	-0.3145502743539991	0.0	0	<ORIGINAL_WORKSPACE>/OpenROAD-flow-scripts/flow/reports/nangate45/swerv_wrapper/place_batch_20260421_220319/dpl_evolve_baseline/openroad_dpl_hpwl_only_9case_bo_place_batch_20260421_220319_swerv_wrapper_nangate45_trial_8b50a7f5_8c42a81b8e95/metrics.json	16	32	1	0.7473637599198073	0.01987790101333757	1.2638214878213874	127.95386267027715	969	1355	1.073567489566208	omit
8b56264d	ok	3267564.5	3267564.5	3267840.1	-0.008433705186495909	38.53	1.1348039937560745	-0.03662029812250389	0.00843370518649591	0.0450540033089998	0	<ORIGINAL_WORKSPACE>/OpenROAD-flow-scripts/flow/reports/nangate45/swerv_wrapper/place_batch_20260421_220319/dpl_evolve_baseline/openroad_dpl_hpwl_only_9case_bo_place_batch_20260421_220319_swerv_wrapper_nangate45_trial_8b56264d_9418e7cd683b/metrics.json	63	512	1	0.9600698580492976	0.27727864029802324	1.6876696024517408	89.16807146095093	1174	2385	1.0075786942707514	omit
8c7d0a90	ok	3267051.8	3267051.8	3267840.1	-0.024122967338587938	43.629	1.284982181250552	-0.20784365451932094	0.024122967338587938	0.23196662185790887	0	<ORIGINAL_WORKSPACE>/OpenROAD-flow-scripts/flow/reports/nangate45/swerv_wrapper/place_batch_20260421_220319/dpl_evolve_baseline/openroad_dpl_hpwl_only_9case_bo_place_batch_20260421_220319_swerv_wrapper_nangate45_trial_8c7d0a90_c6fac095cda3/metrics.json	23	omit	1	0.7062426472446561	0.07221264581947325	1.694337785187286	79.68150562763145	1042	1664	1.7956556810542714	omit
8d00e2fd	ok	3269264.4	3269264.4	3267840.1	0.043585363922788445	36.184	1.0657084793685387	-0.04358536392278844	-0.04358536392278844	0.0	0	<ORIGINAL_WORKSPACE>/OpenROAD-flow-scripts/flow/reports/nangate45/swerv_wrapper/place_batch_20260421_220319/dpl_evolve_baseline/openroad_dpl_hpwl_only_9case_bo_place_batch_20260421_220319_swerv_wrapper_nangate45_trial_8d00e2fd_84682c3074b9/metrics.json	38	256	0	0.31497090469185113	0.004983977264639616	0.5818743640422541	19.489644588097274	304	1259	1.7123203251660566	1.50 1.25 1.10 1.04
8e474298	ok	3275064.5	3275064.5	3267840.1	0.22107568849528184	38.133	1.123111359820929	-0.2510715689217163	-0.22107568849528184	0.02999588042643444	0	<ORIGINAL_WORKSPACE>/OpenROAD-flow-scripts/flow/reports/nangate45/swerv_wrapper/place_batch_20260421_220319/dpl_evolve_baseline/openroad_dpl_hpwl_only_9case_bo_place_batch_20260421_220319_swerv_wrapper_nangate45_trial_8e474298_3144706ef506/metrics.json	29	256 32	0	0.28583869335494433	0.3616529296429949	1.5157869483725133	36.63776980501608	504	3413	1.5504429567773945	1.50 1.25 1.10 1.04
8f100311	ok	3267634.6	3267634.6	3267840.1	-0.006288557386880711	36.651	1.0794627867935087	0.006288557386880711	0.006288557386880711	0.0	0	<ORIGINAL_WORKSPACE>/OpenROAD-flow-scripts/flow/reports/nangate45/swerv_wrapper/place_batch_20260421_220319/dpl_evolve_baseline/openroad_dpl_hpwl_only_9case_bo_place_batch_20260421_220319_swerv_wrapper_nangate45_trial_8f100311_32df29f0affe/metrics.json	113	1024	1	0.11640634410615097	0.4115432363636136	1.73037537040504	42.661646643157425	759	2580	1.5667383358896885	2.00 1.50 1.20 1.05
8f61c97b	ok	3267490.5	3267490.5	3267840.1	-0.010698197870822783	38.582	1.1363355226342295	-0.03632239696707083	0.010698197870822783	0.047020594837893614	0	<ORIGINAL_WORKSPACE>/OpenROAD-flow-scripts/flow/reports/nangate45/swerv_wrapper/place_batch_20260421_220319/dpl_evolve_baseline/openroad_dpl_hpwl_only_9case_bo_place_batch_20260421_220319_swerv_wrapper_nangate45_trial_8f61c97b_50b09bb07ca2/metrics.json	31	omit	0	0.31462763390413045	0.08870262712293797	1.7100208799703098	56.910196122559704	200	3912	1.2331869315405466	omit
8fa95012	ok	3267728.4	3267728.4	3267840.1	-0.0034181599032396433	37.284	1.0981062056372042	0.0034181599032396433	0.0034181599032396433	0.0	0	<ORIGINAL_WORKSPACE>/OpenROAD-flow-scripts/flow/reports/nangate45/swerv_wrapper/place_batch_20260421_220319/dpl_evolve_baseline/openroad_dpl_hpwl_only_9case_bo_place_batch_20260421_220319_swerv_wrapper_nangate45_trial_8fa95012_322b8c419331/metrics.json	39	512	0	0.36654309724374434	1.7246925056760882	1.400721549139341	103.64132130992529	267	1823	1.5815774073442912	omit
9151fe3b	ok	3267416.3	3267416.3	3267840.1	-0.012968810805653538	38.188	1.1247312461343622	-0.019117869522691486	0.012968810805653538	0.032086680328345024	0	<ORIGINAL_WORKSPACE>/OpenROAD-flow-scripts/flow/reports/nangate45/swerv_wrapper/place_batch_20260421_220319/dpl_evolve_baseline/openroad_dpl_hpwl_only_9case_bo_place_batch_20260421_220319_swerv_wrapper_nangate45_trial_9151fe3b_28c5760304c0/metrics.json	7	omit	1	0.831521274896448	0.3549779565947656	1.0685186898531418	65.9752559870994	1072	1451	1.440125495102351	1.04
92d3260b	ok	3277909.1	3277909.1	3267840.1	0.3081240113309094	32.072	0.9445998880805819	-0.30812401133090933	-0.30812401133090933	0.0	0	<ORIGINAL_WORKSPACE>/OpenROAD-flow-scripts/flow/reports/nangate45/swerv_wrapper/place_batch_20260421_220319/dpl_evolve_baseline/openroad_dpl_hpwl_only_9case_bo_place_batch_20260421_220319_swerv_wrapper_nangate45_trial_92d3260b_e43263c836a0/metrics.json	20	32	0	0.9801194627990988	0.013859418084710704	1.9134912660469579	68.77534058528884	1182	820	1.380394697419035	2.50 1.75 1.25 1.08
93126052	ok	3270395.7	3270395.7	3267840.1	0.07820456086575635	36.72	1.0814950078049066	-0.07820456086575635	-0.07820456086575635	0.0	0	<ORIGINAL_WORKSPACE>/OpenROAD-flow-scripts/flow/reports/nangate45/swerv_wrapper/place_batch_20260421_220319/dpl_evolve_baseline/openroad_dpl_hpwl_only_9case_bo_place_batch_20260421_220319_swerv_wrapper_nangate45_trial_93126052_0356e8b4b178/metrics.json	87	512 64	0	0.9760435504677476	0.3196673006881867	0.445074144178342	64.67726327405565	515	672	1.7293189193611234	1.75 1.35 1.15 1.05
935c0eec	ok	3267203.3	3267203.3	3267840.1	-0.019486877586216023	35.712	1.0518069095514389	0.019486877586216027	0.019486877586216027	0.0	0	<ORIGINAL_WORKSPACE>/OpenROAD-flow-scripts/flow/reports/nangate45/swerv_wrapper/place_batch_20260421_220319/dpl_evolve_baseline/openroad_dpl_hpwl_only_9case_bo_place_batch_20260421_220319_swerv_wrapper_nangate45_trial_935c0eec_eaa8732407d9/metrics.json	35	omit	0	0.049108516925718965	0.4038747791088479	1.1366076476201805	8.317021693400983	711	2068	1.5501187688163178	1.04
93782804	ok	3268095.1	3268095.1	3267840.1	0.007803319385180443	36.765	1.0828203693340794	-0.0078033193851804435	-0.0078033193851804435	0.0	0	<ORIGINAL_WORKSPACE>/OpenROAD-flow-scripts/flow/reports/nangate45/swerv_wrapper/place_batch_20260421_220319/dpl_evolve_baseline/openroad_dpl_hpwl_only_9case_bo_place_batch_20260421_220319_swerv_wrapper_nangate45_trial_93782804_cdbafeb688a9/metrics.json	54	512	0	0.6271042718281514	0.13931969198192762	1.9902266410190828	67.70041432536907	939	371	1.5208885162747672	1.50 1.25 1.10 1.04
939c4e17	ok	3266942.0	3266942.0	3267840.1	-0.027482984862083462	37.001	1.0897711542426294	0.027482984862083462	0.027482984862083462	0.0	0	<ORIGINAL_WORKSPACE>/OpenROAD-flow-scripts/flow/reports/nangate45/swerv_wrapper/place_batch_20260421_220319/dpl_evolve_baseline/openroad_dpl_hpwl_only_9case_bo_place_batch_20260421_220319_swerv_wrapper_nangate45_trial_939c4e17_e587fb2704ae/metrics.json	73	omit	0	0.5535823334695551	0.18824892730078702	1.804626846043418	54.302075261174124	627	2896	1.1662000962761325	1.25 1.10 1.04
9483c5fc	ok	3267840.1	3267840.1	3267840.1	0.0	39.371	1.1595735281123907	-0.07669882013943151	0.0	0.07669882013943151	0	<ORIGINAL_WORKSPACE>/OpenROAD-flow-scripts/flow/reports/nangate45/swerv_wrapper/place_batch_20260421_220319/dpl_evolve_baseline/openroad_dpl_hpwl_only_9case_bo_place_batch_20260421_220319_swerv_wrapper_nangate45_trial_9483c5fc_9939d995f2bb/metrics.json	1	1024	0	0.4	0.4	0.6	35.0	150	1000	1.1	omit
94e720b8	ok	3268635.5	3268635.5	3267840.1	0.024340236231261952	38.253	1.126645657232056	-0.05889592170717496	-0.024340236231261952	0.03455568547591301	0	<ORIGINAL_WORKSPACE>/OpenROAD-flow-scripts/flow/reports/nangate45/swerv_wrapper/place_batch_20260421_220319/dpl_evolve_baseline/openroad_dpl_hpwl_only_9case_bo_place_batch_20260421_220319_swerv_wrapper_nangate45_trial_94e720b8_8cb895f05d30/metrics.json	76	omit	1	0.4442610107885761	0.3547627943800288	1.192564487646079	97.69517642188966	357	2715	1.0161490587772715	1.04
95788b7e	ok	3267634.6	3267634.6	3267840.1	-0.006288557386880711	33.808	0.9957293906282213	0.006288557386880711	0.006288557386880711	0.0	0	<ORIGINAL_WORKSPACE>/OpenROAD-flow-scripts/flow/reports/nangate45/swerv_wrapper/place_batch_20260421_220319/dpl_evolve_baseline/openroad_dpl_hpwl_only_9case_bo_place_batch_20260421_220319_swerv_wrapper_nangate45_trial_95788b7e_8db437b5a281/metrics.json	113	omit	1	0.1690116840660917	0.688939853427485	1.102844335513718	18.84762027584038	649	1432	1.3402949509368787	2.00 1.50 1.20 1.05
964b5a59	ok	3266650.6	3266650.6	3267840.1	-0.036400189837929954	40.105	1.1811916472771182	-0.0676421533008146	0.036400189837929954	0.10404234313874455	0	<ORIGINAL_WORKSPACE>/OpenROAD-flow-scripts/flow/reports/nangate45/swerv_wrapper/place_batch_20260421_220319/dpl_evolve_baseline/openroad_dpl_hpwl_only_9case_bo_place_batch_20260421_220319_swerv_wrapper_nangate45_trial_964b5a59_25c5a6e8121c/metrics.json	68	512	1	0.9361252838478284	0.11224417364529758	1.8088533920176713	89.3235590321859	1105	2604	1.2420239236846216	omit
966c98c0	ok	3268009.9	3268009.9	3267840.1	0.005196092672949749	37.238	1.0967513916296054	-0.005196092672949748	-0.005196092672949748	0.0	0	<ORIGINAL_WORKSPACE>/OpenROAD-flow-scripts/flow/reports/nangate45/swerv_wrapper/place_batch_20260421_220319/dpl_evolve_baseline/openroad_dpl_hpwl_only_9case_bo_place_batch_20260421_220319_swerv_wrapper_nangate45_trial_966c98c0_0f1a9dabe9a1/metrics.json	89	omit	1	0.4743728372114393	0.922751284992577	1.066214814306423	7.664984854845129	332	2693	1.7879760901859232	2.00 1.50 1.20 1.05
984fe580	ok	3269090.0	3269090.0	3267840.1	0.03824850548837768	39.427	1.16122286690425	-0.11704241346936023	-0.03824850548837769	0.07879390798098254	0	<ORIGINAL_WORKSPACE>/OpenROAD-flow-scripts/flow/reports/nangate45/swerv_wrapper/place_batch_20260421_220319/dpl_evolve_baseline/openroad_dpl_hpwl_only_9case_bo_place_batch_20260421_220319_swerv_wrapper_nangate45_trial_984fe580_f5feab7996cf/metrics.json	59	128	1	0.21100390935736021	0.8759948208292391	0.6618338171581203	38.60970127899658	1070	1844	1.9750183259238987	omit
98578225	ok	3277095.2	3277095.2	3267840.1	0.2832176519285657	34.514	1.0165228403970195	-0.2832176519285657	-0.2832176519285657	0.0	0	<ORIGINAL_WORKSPACE>/OpenROAD-flow-scripts/flow/reports/nangate45/swerv_wrapper/place_batch_20260421_220319/dpl_evolve_baseline/openroad_dpl_hpwl_only_9case_bo_place_batch_20260421_220319_swerv_wrapper_nangate45_trial_98578225_711b394f789e/metrics.json	123	32	0	0.6806105693817459	0.05819059467955803	0.8261343297165853	43.183622211732875	302	3733	1.5790223244503379	1.50 1.25 1.10 1.04
993f2ab9	ok	3266499.3	3266499.3	3267840.1	-0.04103015933981223	37.29	1.0982829205077607	0.04103015933981223	0.04103015933981223	0.0	0	<ORIGINAL_WORKSPACE>/OpenROAD-flow-scripts/flow/reports/nangate45/swerv_wrapper/place_batch_20260421_220319/dpl_evolve_baseline/openroad_dpl_hpwl_only_9case_bo_place_batch_20260421_220319_swerv_wrapper_nangate45_trial_993f2ab9_9a58873961a0/metrics.json	74	omit	1	0.6248574653036986	0.15384789363464463	1.8149789270221657	100.90541757713396	570	2783	1.0969321401185337	1.04
9a2f469c	ok	3271692.1	3271692.1	3267840.1	0.11787602459496105	35.126	1.0345477571937678	-0.11787602459496105	-0.11787602459496105	0.0	0	<ORIGINAL_WORKSPACE>/OpenROAD-flow-scripts/flow/reports/nangate45/swerv_wrapper/place_batch_20260421_220319/dpl_evolve_baseline/openroad_dpl_hpwl_only_9case_bo_place_batch_20260421_220319_swerv_wrapper_nangate45_trial_9a2f469c_269b530ebb14/metrics.json	41	64	1	0.747132398344379	1.1001051036852174	1.0895858931161888	15.577202934798548	1096	1963	1.4044612661102027	omit
9a43aea3	ok	3265902.8	3265902.8	3267840.1	-0.05928380645063629	38.765	1.1417253261861986	0.00535283946669303	0.05928380645063629	0.05393096698394326	0	<ORIGINAL_WORKSPACE>/OpenROAD-flow-scripts/flow/reports/nangate45/swerv_wrapper/place_batch_20260421_220319/dpl_evolve_baseline/openroad_dpl_hpwl_only_9case_bo_place_batch_20260421_220319_swerv_wrapper_nangate45_trial_9a43aea3_0b27d3823598/metrics.json	45	omit	0	0.3228522200192851	0.2709113030973777	1.7416861923646705	4.782565594474146	367	3063	1.40538410313421	1.50 1.25 1.10 1.04
9a52fe56	ok	3267051.8	3267051.8	3267840.1	-0.024122967338587938	40.109	1.1813094571908225	-0.08006769817962356	0.024122967338587938	0.1041906655182115	0	<ORIGINAL_WORKSPACE>/OpenROAD-flow-scripts/flow/reports/nangate45/swerv_wrapper/place_batch_20260421_220319/dpl_evolve_baseline/openroad_dpl_hpwl_only_9case_bo_place_batch_20260421_220319_swerv_wrapper_nangate45_trial_9a52fe56_034842967b7a/metrics.json	23	omit	0	0.19181451613843778	0.2335327695835768	1.8524112121028677	4.315521702373933	325	2445	1.654948334482067	1.50 1.25 1.10 1.04
9b2e24cd	ok	3268863.3	3268863.3	3267840.1	0.031311201548684116	35.998	1.0602303183812916	-0.031311201548684116	-0.031311201548684116	0.0	0	<ORIGINAL_WORKSPACE>/OpenROAD-flow-scripts/flow/reports/nangate45/swerv_wrapper/place_batch_20260421_220319/dpl_evolve_baseline/openroad_dpl_hpwl_only_9case_bo_place_batch_20260421_220319_swerv_wrapper_nangate45_trial_9b2e24cd_4333ba20a027/metrics.json	26	1024	1	0.9305896184428825	0.8293512166735413	1.879138356278239	96.32401287651757	897	2533	1.0994261680408275	1.10 1.04
9be6e78c	ok	3269236.1	3269236.1	3267840.1	0.042719348477301564	38.36	1.1297970724236444	-0.08133483198454008	-0.042719348477301564	0.038615483507238514	0	<ORIGINAL_WORKSPACE>/OpenROAD-flow-scripts/flow/reports/nangate45/swerv_wrapper/place_batch_20260421_220319/dpl_evolve_baseline/openroad_dpl_hpwl_only_9case_bo_place_batch_20260421_220319_swerv_wrapper_nangate45_trial_9be6e78c_d3de4ca81848/metrics.json	9	512	0	0.4764003678545183	0.41243766150151007	1.7683030213771986	85.21836988658184	970	424	1.47185470429558	1.75 1.35 1.15 1.05
9c64791c	ok	3266942.0	3266942.0	3267840.1	-0.027482984862083462	38.551	1.1354224958030217	-0.018365378521723742	0.027482984862083462	0.045848363383807204	0	<ORIGINAL_WORKSPACE>/OpenROAD-flow-scripts/flow/reports/nangate45/swerv_wrapper/place_batch_20260421_220319/dpl_evolve_baseline/openroad_dpl_hpwl_only_9case_bo_place_batch_20260421_220319_swerv_wrapper_nangate45_trial_9c64791c_2de8064dad25/metrics.json	73	1024	1	0.8423764690098083	0.1706878926872817	1.9474435234816991	123.3550954489529	1156	2456	1.3118077309665646	2.00 1.50 1.20 1.05
9ccae2ea	ok	3268942.1	3268942.1	3267840.1	0.03372258024497588	39.403	1.1605160074220244	-0.11161877574577521	-0.033722580244975875	0.07789619550079933	0	<ORIGINAL_WORKSPACE>/OpenROAD-flow-scripts/flow/reports/nangate45/swerv_wrapper/place_batch_20260421_220319/dpl_evolve_baseline/openroad_dpl_hpwl_only_9case_bo_place_batch_20260421_220319_swerv_wrapper_nangate45_trial_9ccae2ea_14724ee5c971/metrics.json	3	1024 128	0	0.565887393830327	0.45181574337109076	1.9511396454756182	119.40579021201499	696	343	1.360716463673036	1.10 1.04
9ce56b84	ok	3266498.6	3266498.6	3267840.1	-0.04105158021654731	35.979	1.0596707212911964	0.04105158021654731	0.04105158021654731	0.0	0	<ORIGINAL_WORKSPACE>/OpenROAD-flow-scripts/flow/reports/nangate45/swerv_wrapper/place_batch_20260421_220319/dpl_evolve_baseline/openroad_dpl_hpwl_only_9case_bo_place_batch_20260421_220319_swerv_wrapper_nangate45_trial_9ce56b84_1a34a07ef78c/metrics.json	123	omit	0	0.5492475743673151	0.08366668698259777	0.8034303279320902	58.16446360317488	183	3991	1.2202564041355484	2.00 1.50 1.20 1.05
9d19f8d1	ok	3267164.3	3267164.3	3267840.1	-0.02068032643336127	37.66	1.1091803375254026	0.008727933617197727	0.02068032643336127	0.011952392816163542	0	<ORIGINAL_WORKSPACE>/OpenROAD-flow-scripts/flow/reports/nangate45/swerv_wrapper/place_batch_20260421_220319/dpl_evolve_baseline/openroad_dpl_hpwl_only_9case_bo_place_batch_20260421_220319_swerv_wrapper_nangate45_trial_9d19f8d1_0bc3a9bb6f82/metrics.json	34	omit	0	0.21066623145491148	0.4096507693260406	0.5207333340726441	12.487244101383817	912	1978	1.9055845978919173	omit
9df43d8b	ok	3267101.6	3267101.6	3267840.1	-0.022599024964532383	35.033	1.0318086767001442	0.022599024964532383	0.022599024964532383	0.0	0	<ORIGINAL_WORKSPACE>/OpenROAD-flow-scripts/flow/reports/nangate45/swerv_wrapper/place_batch_20260421_220319/dpl_evolve_baseline/openroad_dpl_hpwl_only_9case_bo_place_batch_20260421_220319_swerv_wrapper_nangate45_trial_9df43d8b_75cc14fc7f62/metrics.json	65	omit	0	0.8882354434384765	0.9528049393231504	1.7569921728607032	129.23565053726165	1156	1788	1.5320817070662311	2.50 1.75 1.25 1.08
9e4b134f	ok	3267840.1	3267840.1	3267840.1	0.0	38.591	1.1366005949400642	-0.047360831883022765	0.0	0.047360831883022765	0	<ORIGINAL_WORKSPACE>/OpenROAD-flow-scripts/flow/reports/nangate45/swerv_wrapper/place_batch_20260421_220319/dpl_evolve_baseline/openroad_dpl_hpwl_only_9case_bo_place_batch_20260421_220319_swerv_wrapper_nangate45_trial_9e4b134f_dce7bb395b69/metrics.json	1	omit	0	0.4	0.4	0.6	35.0	150	1000	1.1	omit
9edc3999	ok	3272420.1	3272420.1	3267840.1	0.14015373640833895	37.228	1.096456866845345	-0.14015373640833895	-0.14015373640833895	0.0	0	<ORIGINAL_WORKSPACE>/OpenROAD-flow-scripts/flow/reports/nangate45/swerv_wrapper/place_batch_20260421_220319/dpl_evolve_baseline/openroad_dpl_hpwl_only_9case_bo_place_batch_20260421_220319_swerv_wrapper_nangate45_trial_9edc3999_ec85fd82a89b/metrics.json	24	64	0	0.4873358433928362	0.18304492731686609	1.586686152349548	121.41128858477956	553	1028	1.413284964192033	omit
9f8da9b8	ok	3279758.0	3279758.0	3267840.1	0.36470266706133836	36.746	1.0822607722439843	-0.36470266706133836	-0.36470266706133836	0.0	0	<ORIGINAL_WORKSPACE>/OpenROAD-flow-scripts/flow/reports/nangate45/swerv_wrapper/place_batch_20260421_220319/dpl_evolve_baseline/openroad_dpl_hpwl_only_9case_bo_place_batch_20260421_220319_swerv_wrapper_nangate45_trial_9f8da9b8_e3577c9603e4/metrics.json	38	64 8	0	0.3012194935205966	0.38386516541849225	1.865502747482316	22.708348405884426	107	1453	1.452811081709774	2.50 1.75 1.25 1.08
a12f0a8d	ok	3267490.5	3267490.5	3267840.1	-0.010698197870822783	37.875	1.1155126203870054	-0.009469743417996746	0.010698197870822783	0.02016794128881953	0	<ORIGINAL_WORKSPACE>/OpenROAD-flow-scripts/flow/reports/nangate45/swerv_wrapper/place_batch_20260421_220319/dpl_evolve_baseline/openroad_dpl_hpwl_only_9case_bo_place_batch_20260421_220319_swerv_wrapper_nangate45_trial_a12f0a8d_777e21debc51/metrics.json	31	omit	1	0.2635829923921909	0.4101089144639941	1.7997328243410335	18.8257577810056	119	3505	1.4967859506776084	omit
a20d31ab	ok	3270596.7	3270596.7	3267840.1	0.084355412616428	34.952	1.0294230259476334	-0.084355412616428	-0.084355412616428	0.0	0	<ORIGINAL_WORKSPACE>/OpenROAD-flow-scripts/flow/reports/nangate45/swerv_wrapper/place_batch_20260421_220319/dpl_evolve_baseline/openroad_dpl_hpwl_only_9case_bo_place_batch_20260421_220319_swerv_wrapper_nangate45_trial_a20d31ab_826f9758c45f/metrics.json	80	512 64	1	0.7400358985262234	0.6156157977404273	1.9418906689749043	16.35896050379393	464	1743	1.5314057483201813	1.25 1.10 1.04
a38b921e	ok	3268692.9	3268692.9	3267840.1	0.026096748124236978	37.487	1.1040850587576945	-0.031421448502378914	-0.026096748124236974	0.005324700378141937	0	<ORIGINAL_WORKSPACE>/OpenROAD-flow-scripts/flow/reports/nangate45/swerv_wrapper/place_batch_20260421_220319/dpl_evolve_baseline/openroad_dpl_hpwl_only_9case_bo_place_batch_20260421_220319_swerv_wrapper_nangate45_trial_a38b921e_3bc729c76591/metrics.json	33	omit	0	0.48553425023603625	1.114537544666945	1.6633576650637385	97.87669090469956	319	3110	1.2588858894800594	1.50 1.25 1.10 1.04
a48bdec9	ok	3266335.3	3266335.3	3267840.1	-0.04604876474832044	37.981	1.1186345831001678	0.021838949358483597	0.04604876474832044	0.024209815389836842	0	<ORIGINAL_WORKSPACE>/OpenROAD-flow-scripts/flow/reports/nangate45/swerv_wrapper/place_batch_20260421_220319/dpl_evolve_baseline/openroad_dpl_hpwl_only_9case_bo_place_batch_20260421_220319_swerv_wrapper_nangate45_trial_a48bdec9_83df54d8ae29/metrics.json	37	omit	0	0.49174745943584797	0.30329601685316615	1.7388992650326456	132.84788233264197	666	173	1.0418982478062437	1.10 1.04
a4a6fe6c	ok	3266574.4	3266574.4	3267840.1	-0.038732005277742516	37.572	1.1065885194239096	0.03014901750908701	0.038732005277742516	0.008582987768655508	0	<ORIGINAL_WORKSPACE>/OpenROAD-flow-scripts/flow/reports/nangate45/swerv_wrapper/place_batch_20260421_220319/dpl_evolve_baseline/openroad_dpl_hpwl_only_9case_bo_place_batch_20260421_220319_swerv_wrapper_nangate45_trial_a4a6fe6c_5305cf4111b8/metrics.json	56	omit	0	0.5882421536610213	0.4859984774778593	1.8132354221412472	103.76549793923702	602	580	1.119547177944966	1.50 1.25 1.10 1.04
a4c46970	ok	3270267.0	3270267.0	3267840.1	0.07426617967017134	39.278	1.156834447618767	-0.14748236287671176	-0.07426617967017134	0.07321618320654043	0	<ORIGINAL_WORKSPACE>/OpenROAD-flow-scripts/flow/reports/nangate45/swerv_wrapper/place_batch_20260421_220319/dpl_evolve_baseline/openroad_dpl_hpwl_only_9case_bo_place_batch_20260421_220319_swerv_wrapper_nangate45_trial_a4c46970_01015f09b10d/metrics.json	3	512 64	1	0.23297427384102043	1.6142103912375583	0.8063282559251349	129.5312781839143	909	2269	1.136455225660685	1.25 1.10 1.04
a4f7fd82	ok	3271406.1	3271406.1	3267840.1	0.1091240663825626	36.486	1.0746031278532087	-0.1091240663825626	-0.1091240663825626	0.0	0	<ORIGINAL_WORKSPACE>/OpenROAD-flow-scripts/flow/reports/nangate45/swerv_wrapper/place_batch_20260421_220319/dpl_evolve_baseline/openroad_dpl_hpwl_only_9case_bo_place_batch_20260421_220319_swerv_wrapper_nangate45_trial_a4f7fd82_1b0b2740d134/metrics.json	108	64	1	0.6900827149179671	0.5871361274864478	1.9528583157982164	111.28858156488899	779	3513	1.0394671651382614	omit
a5166a46	ok	3267584.4	3267584.4	3267840.1	-0.007824740261929777	38.098	1.1220805230760167	-0.020839846004887756	0.007824740261929777	0.028664586266817532	0	<ORIGINAL_WORKSPACE>/OpenROAD-flow-scripts/flow/reports/nangate45/swerv_wrapper/place_batch_20260421_220319/dpl_evolve_baseline/openroad_dpl_hpwl_only_9case_bo_place_batch_20260421_220319_swerv_wrapper_nangate45_trial_a5166a46_2b958f0acc88/metrics.json	79	omit	0	0.21844738404583403	0.13376256231458608	1.6768575497109988	25.66986583527927	63	2868	1.4474135940636466	omit
a73c2d81	ok	3270709.5	3270709.5	3267840.1	0.08780723389739623	36.677	1.0802285512325862	-0.08780723389739623	-0.08780723389739623	0.0	0	<ORIGINAL_WORKSPACE>/OpenROAD-flow-scripts/flow/reports/nangate45/swerv_wrapper/place_batch_20260421_220319/dpl_evolve_baseline/openroad_dpl_hpwl_only_9case_bo_place_batch_20260421_220319_swerv_wrapper_nangate45_trial_a73c2d81_7841efb1f39e/metrics.json	26	512 64	1	0.6860598082655331	0.32855314616967335	1.9180942901643372	64.12322919885248	1009	1707	1.380841792822201	2.00 1.50 1.20 1.05
a7976817	ok	3268726.2	3268726.2	3267840.1	0.02711576983219262	37.989	1.118870202927576	-0.05163040328841506	-0.02711576983219262	0.02451463345622244	0	<ORIGINAL_WORKSPACE>/OpenROAD-flow-scripts/flow/reports/nangate45/swerv_wrapper/place_batch_20260421_220319/dpl_evolve_baseline/openroad_dpl_hpwl_only_9case_bo_place_batch_20260421_220319_swerv_wrapper_nangate45_trial_a7976817_9023d0dcc817/metrics.json	43	256	0	0.3063739765557279	0.27577387681802884	1.8909046025363996	18.499760745449645	84	761	1.1526550222508345	omit
a7bb1a84	ok	3267101.6	3267101.6	3267840.1	-0.022599024964532383	35.094	1.0336052778841338	0.022599024964532383	0.022599024964532383	0.0	0	<ORIGINAL_WORKSPACE>/OpenROAD-flow-scripts/flow/reports/nangate45/swerv_wrapper/place_batch_20260421_220319/dpl_evolve_baseline/openroad_dpl_hpwl_only_9case_bo_place_batch_20260421_220319_swerv_wrapper_nangate45_trial_a7bb1a84_c8d32c4111d0/metrics.json	65	omit	1	0.9457897839933427	0.37907627389892545	1.6029029286903922	8.326434559645985	581	2119	1.331794055004298	2.00 1.50 1.20 1.05
a8403108	ok	3266653.1	3266653.1	3267840.1	-0.03632368670670269	42.0	1.237004093894501	-0.13717711083812825	0.03632368670670269	0.17350079754483094	0	<ORIGINAL_WORKSPACE>/OpenROAD-flow-scripts/flow/reports/nangate45/swerv_wrapper/place_batch_20260421_220319/dpl_evolve_baseline/openroad_dpl_hpwl_only_9case_bo_place_batch_20260421_220319_swerv_wrapper_nangate45_trial_a8403108_945d40ac402a/metrics.json	40	256	1	0.6871473623031354	0.35336919699518987	1.9092180921638646	69.1655504688149	1122	2925	1.4930334995206203	1.10 1.04
a85c1472	ok	3279695.1	3279695.1	3267840.1	0.36277784827966336	34.507	1.0163166730480369	-0.36277784827966336	-0.36277784827966336	0.0	0	<ORIGINAL_WORKSPACE>/OpenROAD-flow-scripts/flow/reports/nangate45/swerv_wrapper/place_batch_20260421_220319/dpl_evolve_baseline/openroad_dpl_hpwl_only_9case_bo_place_batch_20260421_220319_swerv_wrapper_nangate45_trial_a85c1472_7b717ca5cd59/metrics.json	57	64 8	0	0.3926880474662398	0.10229338111479733	1.9197227809301607	6.672772982138614	613	3533	1.1807640666484818	1.50 1.25 1.10 1.04
a914611a	ok	3266286.7	3266286.7	3267840.1	-0.047535985619366956	33.625	0.9903395870762524	0.047535985619366956	0.047535985619366956	0.0	0	<ORIGINAL_WORKSPACE>/OpenROAD-flow-scripts/flow/reports/nangate45/swerv_wrapper/place_batch_20260421_220319/dpl_evolve_baseline/openroad_dpl_hpwl_only_9case_bo_place_batch_20260421_220319_swerv_wrapper_nangate45_trial_a914611a_fd132494abda/metrics.json	125	1024	1	0.3468866640576926	0.1311277331368324	1.5851542898060218	48.20382966429515	405	2997	1.3226280661875633	2.00 1.50 1.20 1.05
a920cd3b	ok	3268100.2	3268100.2	3267840.1	0.007959385772886901	38.477	1.1332430123994932	-0.0510076124265173	-0.007959385772886903	0.043048226653630395	0	<ORIGINAL_WORKSPACE>/OpenROAD-flow-scripts/flow/reports/nangate45/swerv_wrapper/place_batch_20260421_220319/dpl_evolve_baseline/openroad_dpl_hpwl_only_9case_bo_place_batch_20260421_220319_swerv_wrapper_nangate45_trial_a920cd3b_d300a24bc556/metrics.json	53	omit	1	0.7879555031873324	0.06827908354916075	1.7874709846386283	93.65297296483998	137	1489	1.3723148503899554	1.04
a9bcbf96	ok	3267066.2	3267066.2	3267840.1	-0.023682309302707524	35.565	1.0474773952228078	0.023682309302707524	0.023682309302707524	0.0	0	<ORIGINAL_WORKSPACE>/OpenROAD-flow-scripts/flow/reports/nangate45/swerv_wrapper/place_batch_20260421_220319/dpl_evolve_baseline/openroad_dpl_hpwl_only_9case_bo_place_batch_20260421_220319_swerv_wrapper_nangate45_trial_a9bcbf96_7badb048d646/metrics.json	49	omit	0	0.3387810399502051	0.6267090295458593	0.8623942265105883	5.5893086279599276	287	2074	1.308832235459111	1.50 1.25 1.10 1.04
aa419262	ok	3264951.9	3264951.9	3267840.1	-0.08838253744423377	35.981	1.0597296262480487	0.08838253744423377	0.08838253744423377	0.0	0	<ORIGINAL_WORKSPACE>/OpenROAD-flow-scripts/flow/reports/nangate45/swerv_wrapper/place_batch_20260421_220319/dpl_evolve_baseline/openroad_dpl_hpwl_only_9case_bo_place_batch_20260421_220319_swerv_wrapper_nangate45_trial_aa419262_594684b7dd5b/metrics.json	119	omit	1	0.4698307386246217	0.6021927771325614	1.544081782335124	1.151752911966387	499	2578	1.6418296810220891	2.00 1.50 1.20 1.05
aac5000f	ok	3265665.3	3265665.3	3267840.1	-0.06655160391722592	39.927	1.1759491061172798	-0.03088288862179303	0.06655160391722592	0.09743449253901895	0	<ORIGINAL_WORKSPACE>/OpenROAD-flow-scripts/flow/reports/nangate45/swerv_wrapper/place_batch_20260421_220319/dpl_evolve_baseline/openroad_dpl_hpwl_only_9case_bo_place_batch_20260421_220319_swerv_wrapper_nangate45_trial_aac5000f_9f048af08dbd/metrics.json	20	512	0	0.7143177304353908	0.02305468027532255	1.968696728929064	78.20818282930175	1168	1162	1.5072361039248134	omit
abf0f43d	ok	3276909.7	3276909.7	3267840.1	0.27754111959150307	34.118	1.0048596589402998	-0.27754111959150307	-0.27754111959150307	0.0	0	<ORIGINAL_WORKSPACE>/OpenROAD-flow-scripts/flow/reports/nangate45/swerv_wrapper/place_batch_20260421_220319/dpl_evolve_baseline/openroad_dpl_hpwl_only_9case_bo_place_batch_20260421_220319_swerv_wrapper_nangate45_trial_abf0f43d_3f95b11e9822/metrics.json	49	32	1	0.3226971666867516	0.2836353544866495	1.9010398023321553	6.045531050612978	459	2797	1.2541422678278664	omit
ac110a18	ok	3267715.7	3267715.7	3267840.1	-0.0038067958098655704	33.869	0.9975259918122109	0.0038067958098655704	0.0038067958098655704	0.0	0	<ORIGINAL_WORKSPACE>/OpenROAD-flow-scripts/flow/reports/nangate45/swerv_wrapper/place_batch_20260421_220319/dpl_evolve_baseline/openroad_dpl_hpwl_only_9case_bo_place_batch_20260421_220319_swerv_wrapper_nangate45_trial_ac110a18_57f7bf0f5903/metrics.json	62	omit	0	0.14500038279117686	0.17765136258206066	0.8014969399860544	34.72109082374269	214	1660	1.66329447378013	2.00 1.50 1.20 1.05
ad6b9db1	ok	3268744.6	3268744.6	3267840.1	0.027678832878022395	36.346	1.0704797808735602	-0.0276788328780224	-0.0276788328780224	0.0	0	<ORIGINAL_WORKSPACE>/OpenROAD-flow-scripts/flow/reports/nangate45/swerv_wrapper/place_batch_20260421_220319/dpl_evolve_baseline/openroad_dpl_hpwl_only_9case_bo_place_batch_20260421_220319_swerv_wrapper_nangate45_trial_ad6b9db1_b8db5f30fcb2/metrics.json	99	omit	0	0.5774298111226646	0.05665748242674945	0.8884145901348361	45.28051776706663	525	3225	1.8068131452328435	2.00 1.50 1.20 1.05
ae201d0c	ok	3275152.4	3275152.4	3267840.1	0.2237655385892294	36.536	1.0760757517745119	-0.22376553858922943	-0.22376553858922943	0.0	0	<ORIGINAL_WORKSPACE>/OpenROAD-flow-scripts/flow/reports/nangate45/swerv_wrapper/place_batch_20260421_220319/dpl_evolve_baseline/openroad_dpl_hpwl_only_9case_bo_place_batch_20260421_220319_swerv_wrapper_nangate45_trial_ae201d0c_9b6fb41030d3/metrics.json	28	256 32	0	0.7222137710331422	0.7238352160698687	1.5890069386300314	21.560335573263977	395	1153	1.0761701644849824	2.50 1.75 1.25 1.08
aee105d5	ok	3268561.0	3268561.0	3267840.1	0.022060442920689628	36.798	1.0837923011221393	-0.022060442920689628	-0.022060442920689628	0.0	0	<ORIGINAL_WORKSPACE>/OpenROAD-flow-scripts/flow/reports/nangate45/swerv_wrapper/place_batch_20260421_220319/dpl_evolve_baseline/openroad_dpl_hpwl_only_9case_bo_place_batch_20260421_220319_swerv_wrapper_nangate45_trial_aee105d5_87ecdafd1056/metrics.json	52	omit	1	0.315157010686428	0.3909546907327039	1.7532825150799227	30.07095839946537	468	3518	1.0936552846888115	2.00 1.50 1.20 1.05
b04f50b6	ok	3267144.1	3267144.1	3267840.1	-0.021298471733668976	35.595	1.0483609695755896	0.021298471733668976	0.021298471733668976	0.0	0	<ORIGINAL_WORKSPACE>/OpenROAD-flow-scripts/flow/reports/nangate45/swerv_wrapper/place_batch_20260421_220319/dpl_evolve_baseline/openroad_dpl_hpwl_only_9case_bo_place_batch_20260421_220319_swerv_wrapper_nangate45_trial_b04f50b6_0612dc0eff4d/metrics.json	28	omit	1	0.2394394863008517	0.34365278207388894	1.8554022860702029	10.619755175050466	744	3963	1.3620170927130666	2.50 1.75 1.25 1.08
b0aaa14e	ok	3267099.9	3267099.9	3267840.1	-0.02265104709377262	38.046	1.1205489941978617	-0.004034486721424046	0.02265104709377262	0.026685533815196665	0	<ORIGINAL_WORKSPACE>/OpenROAD-flow-scripts/flow/reports/nangate45/swerv_wrapper/place_batch_20260421_220319/dpl_evolve_baseline/openroad_dpl_hpwl_only_9case_bo_place_batch_20260421_220319_swerv_wrapper_nangate45_trial_b0aaa14e_b8156394a72d/metrics.json	126	512	0	0.7280707656000208	0.967557995082137	0.9606270889151007	10.211994124420535	337	1406	1.7237311267591007	2.50 1.75 1.25 1.08
b114acb9	ok	3267409.2	3267409.2	3267840.1	-0.013186079698327555	36.593	1.0777545430447972	0.013186079698327555	0.013186079698327555	0.0	0	<ORIGINAL_WORKSPACE>/OpenROAD-flow-scripts/flow/reports/nangate45/swerv_wrapper/place_batch_20260421_220319/dpl_evolve_baseline/openroad_dpl_hpwl_only_9case_bo_place_batch_20260421_220319_swerv_wrapper_nangate45_trial_b114acb9_297918ae796d/metrics.json	104	omit	1	0.8744518639971802	0.6869948731486004	1.899826241271127	14.936650688936652	613	1560	1.7131407269179333	2.00 1.50 1.20 1.05
b1c66d62	ok	3268466.0	3268466.0	3267840.1	0.019153323934053775	40.375	1.1891438164521544	-0.1331908827717708	-0.019153323934053775	0.11403755883771703	0	<ORIGINAL_WORKSPACE>/OpenROAD-flow-scripts/flow/reports/nangate45/swerv_wrapper/place_batch_20260421_220319/dpl_evolve_baseline/openroad_dpl_hpwl_only_9case_bo_place_batch_20260421_220319_swerv_wrapper_nangate45_trial_b1c66d62_bd8d740aa932/metrics.json	57	256	0	0.2853028368821607	0.2993377332868479	1.4831777755060778	13.462126764743335	187	2652	1.585931271372544	1.50 1.25 1.10 1.04
b1e04450	ok	3279708.8	3279708.8	3267840.1	0.36319708543878015	33.721	0.993167025005154	-0.3631970854387802	-0.3631970854387802	0.0	0	<ORIGINAL_WORKSPACE>/OpenROAD-flow-scripts/flow/reports/nangate45/swerv_wrapper/place_batch_20260421_220319/dpl_evolve_baseline/openroad_dpl_hpwl_only_9case_bo_place_batch_20260421_220319_swerv_wrapper_nangate45_trial_b1e04450_b6795265b8aa/metrics.json	19	64 8	1	0.2526939685663284	0.15763673383778148	1.289269843386919	9.877549901073493	416	3341	1.1486631760645272	2.00 1.50 1.20 1.05
b2b910eb	ok	3279500.4	3279500.4	3267840.1	0.3568197844196787	35.455	1.0442376225959413	-0.3568197844196787	-0.3568197844196787	0.0	0	<ORIGINAL_WORKSPACE>/OpenROAD-flow-scripts/flow/reports/nangate45/swerv_wrapper/place_batch_20260421_220319/dpl_evolve_baseline/openroad_dpl_hpwl_only_9case_bo_place_batch_20260421_220319_swerv_wrapper_nangate45_trial_b2b910eb_ee8aa1b8e937/metrics.json	127	64 8	1	0.42913864834079263	0.7683689842627376	1.662372933467936	12.103498055415045	412	1417	1.7797735952596963	1.50 1.25 1.10 1.04
b30f5f0c	ok	3268635.5	3268635.5	3267840.1	0.024340236231261952	37.72	1.1109474862309663	-0.03858769408788833	-0.024340236231261952	0.014247457856626379	0	<ORIGINAL_WORKSPACE>/OpenROAD-flow-scripts/flow/reports/nangate45/swerv_wrapper/place_batch_20260421_220319/dpl_evolve_baseline/openroad_dpl_hpwl_only_9case_bo_place_batch_20260421_220319_swerv_wrapper_nangate45_trial_b30f5f0c_717d5ee8efb8/metrics.json	76	1024	1	0.6174643283309276	0.23987909926751735	1.349228123377501	64.34025443884391	1110	693	1.3163919572689249	omit
b4afe43f	ok	3277044.9	3277044.9	3267840.1	0.2816784089282647	37.656	1.1090625276116983	-0.2934777324263201	-0.2816784089282647	0.01179932349805541	0	<ORIGINAL_WORKSPACE>/OpenROAD-flow-scripts/flow/reports/nangate45/swerv_wrapper/place_batch_20260421_220319/dpl_evolve_baseline/openroad_dpl_hpwl_only_9case_bo_place_batch_20260421_220319_swerv_wrapper_nangate45_trial_b4afe43f_2246c3834abd/metrics.json	59	128 16	0	0.2733151923086979	0.5830669658293687	1.91054886338005	41.086419780226066	182	3353	1.1874731095723954	omit
b51a47ca	ok	3267281.7	3267281.7	3267840.1	-0.017087739390917775	39.827	1.1730038582746736	-0.07662801475316447	0.017087739390917775	0.09371575414408224	0	<ORIGINAL_WORKSPACE>/OpenROAD-flow-scripts/flow/reports/nangate45/swerv_wrapper/place_batch_20260421_220319/dpl_evolve_baseline/openroad_dpl_hpwl_only_9case_bo_place_batch_20260421_220319_swerv_wrapper_nangate45_trial_b51a47ca_c50ad67970f2/metrics.json	82	512	1	0.5320130376409731	0.09407295126407708	1.7940301117020856	129.45451645445777	574	2310	1.2381032180326388	2.00 1.50 1.20 1.05
b5956397	ok	3280276.1	3280276.1	3267840.1	0.38055717597687844	40.36	1.1887020292757635	-0.4940403234608994	-0.38055717597687844	0.11348314748402093	0	<ORIGINAL_WORKSPACE>/OpenROAD-flow-scripts/flow/reports/nangate45/swerv_wrapper/place_batch_20260421_220319/dpl_evolve_baseline/openroad_dpl_hpwl_only_9case_bo_place_batch_20260421_220319_swerv_wrapper_nangate45_trial_b5956397_1865528be975/metrics.json	49	64 8	1	0.3196871605040647	0.026656630629821865	1.9933984714075663	138.1868232972172	1118	998	1.209610740341426	omit
b68e87ca	ok	3279755.4	3279755.4	3267840.1	0.3646231038048591	34.087	1.003946632109092	-0.3646231038048592	-0.3646231038048592	0.0	0	<ORIGINAL_WORKSPACE>/OpenROAD-flow-scripts/flow/reports/nangate45/swerv_wrapper/place_batch_20260421_220319/dpl_evolve_baseline/openroad_dpl_hpwl_only_9case_bo_place_batch_20260421_220319_swerv_wrapper_nangate45_trial_b68e87ca_a43066f7a01e/metrics.json	51	64 8	1	0.21458247467054758	0.8098625923020284	1.4882150893347714	41.01513394911112	176	2412	1.1118883688293901	omit
b6e236f3	ok	3267564.5	3267564.5	3267840.1	-0.008433705186495909	36.855	1.0854710923924247	0.00843370518649591	0.00843370518649591	0.0	0	<ORIGINAL_WORKSPACE>/OpenROAD-flow-scripts/flow/reports/nangate45/swerv_wrapper/place_batch_20260421_220319/dpl_evolve_baseline/openroad_dpl_hpwl_only_9case_bo_place_batch_20260421_220319_swerv_wrapper_nangate45_trial_b6e236f3_011989f54a62/metrics.json	63	512	0	0.5227978476593191	0.49371490861509765	0.847619202749443	54.026831931246484	368	3890	1.0920983259986377	2.00 1.50 1.20 1.05
b6eb1664	ok	3279851.2	3279851.2	3267840.1	0.3675547037934963	32.66	0.9619179453951048	-0.3675547037934963	-0.3675547037934963	0.0	0	<ORIGINAL_WORKSPACE>/OpenROAD-flow-scripts/flow/reports/nangate45/swerv_wrapper/place_batch_20260421_220319/dpl_evolve_baseline/openroad_dpl_hpwl_only_9case_bo_place_batch_20260421_220319_swerv_wrapper_nangate45_trial_b6eb1664_9704531580e2/metrics.json	92	64 8	0	0.27474419728226834	0.17675682807831897	1.166762877337676	65.93707910566906	609	3583	1.3386552964643659	2.00 1.50 1.20 1.05
b821e83a	ok	3266286.7	3266286.7	3267840.1	-0.047535985619366956	34.85	1.0264188731481754	0.047535985619366956	0.047535985619366956	0.0	0	<ORIGINAL_WORKSPACE>/OpenROAD-flow-scripts/flow/reports/nangate45/swerv_wrapper/place_batch_20260421_220319/dpl_evolve_baseline/openroad_dpl_hpwl_only_9case_bo_place_batch_20260421_220319_swerv_wrapper_nangate45_trial_b821e83a_77333ff71714/metrics.json	125	1024	1	0.3960196322344088	0.5716408477996362	1.0450850223132064	25.618221363854197	576	2480	1.3504883893962913	2.00 1.50 1.20 1.05
b85c3f3a	ok	3268252.5	3268252.5	3267840.1	0.012619956527245835	38.606	1.137042382116455	-0.06054776199927171	-0.012619956527245835	0.04792780547202588	0	<ORIGINAL_WORKSPACE>/OpenROAD-flow-scripts/flow/reports/nangate45/swerv_wrapper/place_batch_20260421_220319/dpl_evolve_baseline/openroad_dpl_hpwl_only_9case_bo_place_batch_20260421_220319_swerv_wrapper_nangate45_trial_b85c3f3a_d47de6d7b055/metrics.json	16	omit	1	0.9870088002873888	1.6526749644779741	1.1558249238588738	11.353190249631163	952	2033	1.2225770560106701	omit
b9848f78	ok	3267016.5	3267016.5	3267840.1	-0.025203191551511135	34.844	1.026242158277619	0.02520319155151114	0.02520319155151114	0.0	0	<ORIGINAL_WORKSPACE>/OpenROAD-flow-scripts/flow/reports/nangate45/swerv_wrapper/place_batch_20260421_220319/dpl_evolve_baseline/openroad_dpl_hpwl_only_9case_bo_place_batch_20260421_220319_swerv_wrapper_nangate45_trial_b9848f78_a33c527f5e46/metrics.json	12	omit	0	0.31821120705530115	0.14099507894228122	1.6469334394250819	34.79463913186585	699	3940	1.0095401257663421	1.50 1.25 1.10 1.04
b9e1ca02	ok	3267305.5	3267305.5	3267840.1	-0.016359429581639967	35.229	1.037581362471652	0.016359429581639967	0.016359429581639967	0.0	0	<ORIGINAL_WORKSPACE>/OpenROAD-flow-scripts/flow/reports/nangate45/swerv_wrapper/place_batch_20260421_220319/dpl_evolve_baseline/openroad_dpl_hpwl_only_9case_bo_place_batch_20260421_220319_swerv_wrapper_nangate45_trial_b9e1ca02_b1aa6dc7d500/metrics.json	39	omit	1	0.2638380424609473	0.29824797757353916	1.7986519003997776	12.791511516975127	171	1023	1.158947294897852	omit
b9e8ddeb	ok	3270513.7	3270513.7	3267840.1	0.08181550865968298	36.773	1.083055989161488	-0.08181550865968298	-0.08181550865968298	0.0	0	<ORIGINAL_WORKSPACE>/OpenROAD-flow-scripts/flow/reports/nangate45/swerv_wrapper/place_batch_20260421_220319/dpl_evolve_baseline/openroad_dpl_hpwl_only_9case_bo_place_batch_20260421_220319_swerv_wrapper_nangate45_trial_b9e8ddeb_969f97d859f5/metrics.json	81	512 64	0	0.885670332636616	0.6652054344818141	1.983123680636803	149.86657093034654	879	1477	1.5470181988183431	1.04
b9f73df3	ok	3279570.2	3279570.2	3267840.1	0.35895575184355233	35.524	1.0462698436073394	-0.35895575184355233	-0.35895575184355233	0.0	0	<ORIGINAL_WORKSPACE>/OpenROAD-flow-scripts/flow/reports/nangate45/swerv_wrapper/place_batch_20260421_220319/dpl_evolve_baseline/openroad_dpl_hpwl_only_9case_bo_place_batch_20260421_220319_swerv_wrapper_nangate45_trial_b9f73df3_b071109b14a0/metrics.json	10	64 8	1	0.5050510484836312	0.5085615884582233	1.0050639227654206	51.065722948478395	1154	2290	1.6413444037097507	omit
ba21b32b	ok	3277186.1	3277186.1	3267840.1	0.285999305779986	36.2	1.0661797190233557	-0.285999305779986	-0.285999305779986	0.0	0	<ORIGINAL_WORKSPACE>/OpenROAD-flow-scripts/flow/reports/nangate45/swerv_wrapper/place_batch_20260421_220319/dpl_evolve_baseline/openroad_dpl_hpwl_only_9case_bo_place_batch_20260421_220319_swerv_wrapper_nangate45_trial_ba21b32b_07e2f57d94dd/metrics.json	42	32	0	0.27496260108154025	0.8794840708957776	1.8769650661748338	107.77082416990086	630	975	1.3915207433985048	omit
ba9166d8	ok	3268677.3	3268677.3	3267840.1	0.02561936858537603	37.494	1.1042912261066768	-0.031212538001025785	-0.02561936858537603	0.005593169415649756	0	<ORIGINAL_WORKSPACE>/OpenROAD-flow-scripts/flow/reports/nangate45/swerv_wrapper/place_batch_20260421_220319/dpl_evolve_baseline/openroad_dpl_hpwl_only_9case_bo_place_batch_20260421_220319_swerv_wrapper_nangate45_trial_ba9166d8_a4ef479b965a/metrics.json	118	omit	1	0.6948451867614107	0.8177784534841527	1.4786857513192915	9.893067430950934	134	998	1.441536214744045	2.00 1.50 1.20 1.05
bb74aadd	ok	3270406.9	3270406.9	3267840.1	0.07854729489364592	32.319	0.9518746502518187	-0.07854729489364592	-0.07854729489364592	0.0	0	<ORIGINAL_WORKSPACE>/OpenROAD-flow-scripts/flow/reports/nangate45/swerv_wrapper/place_batch_20260421_220319/dpl_evolve_baseline/openroad_dpl_hpwl_only_9case_bo_place_batch_20260421_220319_swerv_wrapper_nangate45_trial_bb74aadd_6730d47f2787/metrics.json	101	512 64	0	0.40981940762564784	0.062440906000371804	1.3032771845021371	34.50844988243719	110	2699	1.5834478221662096	2.00 1.50 1.20 1.05
bb8048cc	ok	3267832.0	3267832.0	3267840.1	-0.0002478701451791699	44.193	1.3015933790828496	-0.2517059288198158	0.0002478701451791699	0.251953798964995	0	<ORIGINAL_WORKSPACE>/OpenROAD-flow-scripts/flow/reports/nangate45/swerv_wrapper/place_batch_20260421_220319/dpl_evolve_baseline/openroad_dpl_hpwl_only_9case_bo_place_batch_20260421_220319_swerv_wrapper_nangate45_trial_bb8048cc_f494b667264d/metrics.json	13	512	0	0.7650850170018936	0.006159723969184704	1.6620978414457641	45.96328570201653	1153	1767	1.4145764823882863	omit
bbb061cd	ok	3268406.4	3268406.4	3267840.1	0.017329489285593067	36.821	1.0844697081259387	-0.017329489285593067	-0.017329489285593067	0.0	0	<ORIGINAL_WORKSPACE>/OpenROAD-flow-scripts/flow/reports/nangate45/swerv_wrapper/place_batch_20260421_220319/dpl_evolve_baseline/openroad_dpl_hpwl_only_9case_bo_place_batch_20260421_220319_swerv_wrapper_nangate45_trial_bbb061cd_03e7c4e34e79/metrics.json	11	512	0	0.7320454075513257	0.25469061612487737	1.9113595319183898	100.81319003835644	1163	398	1.5240998217016344	omit
bbd378ee	ok	3268252.5	3268252.5	3267840.1	0.012619956527245835	38.176	1.1243778163932494	-0.04425059081205916	-0.012619956527245835	0.03163063428481333	0	<ORIGINAL_WORKSPACE>/OpenROAD-flow-scripts/flow/reports/nangate45/swerv_wrapper/place_batch_20260421_220319/dpl_evolve_baseline/openroad_dpl_hpwl_only_9case_bo_place_batch_20260421_220319_swerv_wrapper_nangate45_trial_bbd378ee_a0650259087c/metrics.json	16	omit	0	0.303689772554564	0.43593019175248315	1.9176473990610934	17.520464023781344	875	2629	1.281741577923152	1.25 1.10 1.04
bbfe92f7	ok	3265446.6	3265446.6	3267840.1	-0.07324409783697801	36.865	1.0857656171766854	0.07324409783697801	0.07324409783697801	0.0	0	<ORIGINAL_WORKSPACE>/OpenROAD-flow-scripts/flow/reports/nangate45/swerv_wrapper/place_batch_20260421_220319/dpl_evolve_baseline/openroad_dpl_hpwl_only_9case_bo_place_batch_20260421_220319_swerv_wrapper_nangate45_trial_bbfe92f7_47899470b02c/metrics.json	46	omit	0	0.3920477857081793	0.2799076981428749	1.5643610674065038	13.352933809464172	579	3341	1.189455470433109	1.25 1.10 1.04
bc9e1318	ok	3268283.6	3268283.6	3267840.1	0.013571655479715792	39.46	1.1621947986923098	-0.09359947211003007	-0.013571655479715792	0.08002781663031427	0	<ORIGINAL_WORKSPACE>/OpenROAD-flow-scripts/flow/reports/nangate45/swerv_wrapper/place_batch_20260421_220319/dpl_evolve_baseline/openroad_dpl_hpwl_only_9case_bo_place_batch_20260421_220319_swerv_wrapper_nangate45_trial_bc9e1318_27293d9bf8d4/metrics.json	78	512	0	0.9657841645800291	0.07783176032923214	1.767692904974692	56.767842135477295	1086	2816	1.2227409942551248	1.10 1.04
bcb93e00	ok	3276346.9	3276346.9	3267840.1	0.26031873468961386	34.284	1.0097487703590255	-0.2603187346896139	-0.2603187346896139	0.0	0	<ORIGINAL_WORKSPACE>/OpenROAD-flow-scripts/flow/reports/nangate45/swerv_wrapper/place_batch_20260421_220319/dpl_evolve_baseline/openroad_dpl_hpwl_only_9case_bo_place_batch_20260421_220319_swerv_wrapper_nangate45_trial_bcb93e00_b41e9ff45f73/metrics.json	88	128 16	1	0.9865626672200846	0.6317218628626936	1.320604005355515	76.21114462456417	952	3878	1.0834411393885477	omit
bd24f26f	ok	3269835.5	3269835.5	3267840.1	0.0610617392203464	41.007	1.207757782817424	-0.19836563174103017	-0.06106173922034639	0.13730389252068378	0	<ORIGINAL_WORKSPACE>/OpenROAD-flow-scripts/flow/reports/nangate45/swerv_wrapper/place_batch_20260421_220319/dpl_evolve_baseline/openroad_dpl_hpwl_only_9case_bo_place_batch_20260421_220319_swerv_wrapper_nangate45_trial_bd24f26f_bb060207d3b6/metrics.json	79	1024 128	0	0.13783826987927053	0.6126134874552465	1.7832947311576755	46.503943515947256	430	3799	1.308412148473519	1.50 1.25 1.10 1.04
bdb9ad10	ok	3267051.8	3267051.8	3267840.1	-0.024122967338587938	38.51	1.1342149441875533	-0.020174301283094644	0.024122967338587938	0.04429726862168258	0	<ORIGINAL_WORKSPACE>/OpenROAD-flow-scripts/flow/reports/nangate45/swerv_wrapper/place_batch_20260421_220319/dpl_evolve_baseline/openroad_dpl_hpwl_only_9case_bo_place_batch_20260421_220319_swerv_wrapper_nangate45_trial_bdb9ad10_b2605dcea3f4/metrics.json	23	omit	0	0.7346228034057387	1.4215261121972507	1.234805741094319	36.1653242594282	1195	1752	1.4502679744296803	1.50 1.25 1.10 1.04
be3e6c92	ok	3267424.3	3267424.3	3267840.1	-0.012724000785726308	36.401	1.0720996671869938	0.012724000785726308	0.012724000785726308	0.0	0	<ORIGINAL_WORKSPACE>/OpenROAD-flow-scripts/flow/reports/nangate45/swerv_wrapper/place_batch_20260421_220319/dpl_evolve_baseline/openroad_dpl_hpwl_only_9case_bo_place_batch_20260421_220319_swerv_wrapper_nangate45_trial_be3e6c92_ad29e01938a9/metrics.json	25	omit	1	0.48691275446952864	0.34912352956974413	1.6851217197321826	36.541622767311694	322	3088	1.6594257936242531	1.50 1.25 1.10 1.04
c06ba030	ok	3267401.1	3267401.1	3267840.1	-0.013433949843506725	36.949	1.0882396253644742	0.013433949843506725	0.013433949843506725	0.0	0	<ORIGINAL_WORKSPACE>/OpenROAD-flow-scripts/flow/reports/nangate45/swerv_wrapper/place_batch_20260421_220319/dpl_evolve_baseline/openroad_dpl_hpwl_only_9case_bo_place_batch_20260421_220319_swerv_wrapper_nangate45_trial_c06ba030_d0fd1ccbacb4/metrics.json	109	1024	1	0.24148124444708172	0.365217446968287	1.0230240198370582	4.565845482902116	1015	3253	1.0641515972561442	2.00 1.50 1.20 1.05
c1541260	ok	3267657.3	3267657.3	3267840.1	-0.005593908955345747	35.95	1.0588165994168408	0.005593908955345746	0.005593908955345746	0.0	0	<ORIGINAL_WORKSPACE>/OpenROAD-flow-scripts/flow/reports/nangate45/swerv_wrapper/place_batch_20260421_220319/dpl_evolve_baseline/openroad_dpl_hpwl_only_9case_bo_place_batch_20260421_220319_swerv_wrapper_nangate45_trial_c1541260_37d913ccb176/metrics.json	117	omit	1	0.3032753605711403	0.27177768024396887	1.483425242957713	11.496674407520848	689	3564	1.7089380623391122	2.00 1.50 1.20 1.05
c3e44a96	ok	3269029.9	3269029.9	3267840.1	0.03640937021367152	40.472	1.1920007068594822	-0.1540296388975081	-0.03640937021367152	0.11762026868383657	0	<ORIGINAL_WORKSPACE>/OpenROAD-flow-scripts/flow/reports/nangate45/swerv_wrapper/place_batch_20260421_220319/dpl_evolve_baseline/openroad_dpl_hpwl_only_9case_bo_place_batch_20260421_220319_swerv_wrapper_nangate45_trial_c3e44a96_08ef8cec32a6/metrics.json	1	512	0	0.5	0.6	0.8	45.0	200	1000	1.15	1.50 1.25 1.10 1.04
c47e4a7d	ok	3267709.4	3267709.4	3267840.1	-0.003999583700566814	37.959	1.1179866285747946	-0.019371816440692934	0.003999583700566814	0.023371400141259747	0	<ORIGINAL_WORKSPACE>/OpenROAD-flow-scripts/flow/reports/nangate45/swerv_wrapper/place_batch_20260421_220319/dpl_evolve_baseline/openroad_dpl_hpwl_only_9case_bo_place_batch_20260421_220319_swerv_wrapper_nangate45_trial_c47e4a7d_ef06c88e0940/metrics.json	38	512	1	0.9262043755728682	0.9944059201715825	1.155373832288756	24.547155779999695	1035	1974	1.8988685113615948	1.50 1.25 1.10 1.04
c4e923e4	ok	3267296.8	3267296.8	3267840.1	-0.01662566047831653	37.808	1.1135393043324595	-0.0009845934618574297	0.01662566047831653	0.01761025394017396	0	<ORIGINAL_WORKSPACE>/OpenROAD-flow-scripts/flow/reports/nangate45/swerv_wrapper/place_batch_20260421_220319/dpl_evolve_baseline/openroad_dpl_hpwl_only_9case_bo_place_batch_20260421_220319_swerv_wrapper_nangate45_trial_c4e923e4_113b86cd8fd5/metrics.json	45	256	0	0.4197148358310574	0.41489365321306204	1.8387022507666797	15.046482042865279	580	3046	1.1244786165672593	omit
c58f4df3	ok	3267099.9	3267099.9	3267840.1	-0.02265104709377262	38.753	1.1413718964450859	-0.030827281123084072	0.02265104709377262	0.05347832821685669	0	<ORIGINAL_WORKSPACE>/OpenROAD-flow-scripts/flow/reports/nangate45/swerv_wrapper/place_batch_20260421_220319/dpl_evolve_baseline/openroad_dpl_hpwl_only_9case_bo_place_batch_20260421_220319_swerv_wrapper_nangate45_trial_c58f4df3_356b23adb23d/metrics.json	126	512	1	0.6442364467387973	0.5793248806430245	1.2001951277538772	2.9517744563565023	673	2931	1.473857493462105	1.50 1.25 1.10 1.04
c59bdabb	ok	3269510.4	3269510.4	3267840.1	0.05111327203555075	34.306	1.0103967248843988	-0.05111327203555075	-0.05111327203555075	0.0	0	<ORIGINAL_WORKSPACE>/OpenROAD-flow-scripts/flow/reports/nangate45/swerv_wrapper/place_batch_20260421_220319/dpl_evolve_baseline/openroad_dpl_hpwl_only_9case_bo_place_batch_20260421_220319_swerv_wrapper_nangate45_trial_c59bdabb_36c3194de633/metrics.json	95	omit	0	0.451217154906113	0.29310097753129655	0.862723187378799	53.577135910629494	658	2993	1.0944104726223836	2.50 1.75 1.25 1.08
c7bc6912	ok	3268815.7	3268815.7	3267840.1	0.0298545819301285	38.47	1.1330368450505108	-0.07263779143712559	-0.0298545819301285	0.0427832095069971	0	<ORIGINAL_WORKSPACE>/OpenROAD-flow-scripts/flow/reports/nangate45/swerv_wrapper/place_batch_20260421_220319/dpl_evolve_baseline/openroad_dpl_hpwl_only_9case_bo_place_batch_20260421_220319_swerv_wrapper_nangate45_trial_c7bc6912_ca5ae74ce98a/metrics.json	90	omit	1	0.6123876509525862	0.03034656432131666	1.6000834715809003	125.64823463320703	952	2771	1.209442572262563	1.75 1.35 1.15 1.05
c8db619c	ok	3268086.5	3268086.5	3267840.1	0.007540148613755822	38.119	1.122699025122964	-0.03700358472155701	-0.007540148613755822	0.029463436107801187	0	<ORIGINAL_WORKSPACE>/OpenROAD-flow-scripts/flow/reports/nangate45/swerv_wrapper/place_batch_20260421_220319/dpl_evolve_baseline/openroad_dpl_hpwl_only_9case_bo_place_batch_20260421_220319_swerv_wrapper_nangate45_trial_c8db619c_45a1de3012ff/metrics.json	54	256	1	0.8507454377172593	0.1155458665124092	1.7702241173118425	52.34931493788827	904	2363	1.4984244114661054	1.25 1.10 1.04
c9b4ba84	ok	3266498.6	3266498.6	3267840.1	-0.04105158021654731	37.753	1.1119194180190262	0.025542614609558895	0.04105158021654731	0.015508965606988417	0	<ORIGINAL_WORKSPACE>/OpenROAD-flow-scripts/flow/reports/nangate45/swerv_wrapper/place_batch_20260421_220319/dpl_evolve_baseline/openroad_dpl_hpwl_only_9case_bo_place_batch_20260421_220319_swerv_wrapper_nangate45_trial_c9b4ba84_c589d69aa08f/metrics.json	123	1024	1	0.39619178536951466	0.4881020987552901	1.1963813312779883	16.21669131288918	261	3005	1.4169467687314414	2.00 1.50 1.20 1.05
ca85395b	ok	3271883.1	3271883.1	3267840.1	0.12372086382072367	41.953	1.2356198274084764	-0.295518124468655	-0.12372086382072366	0.17179726064793133	0	<ORIGINAL_WORKSPACE>/OpenROAD-flow-scripts/flow/reports/nangate45/swerv_wrapper/place_batch_20260421_220319/dpl_evolve_baseline/openroad_dpl_hpwl_only_9case_bo_place_batch_20260421_220319_swerv_wrapper_nangate45_trial_ca85395b_0cc3fae6ad9e/metrics.json	26	64	0	0.6905078286805982	0.16658445180587306	1.3137437874647562	48.52098690732231	1187	386	1.5734068890698414	2.00 1.50 1.20 1.05
cad3f5e1	ok	3265902.8	3265902.8	3267840.1	-0.05928380645063629	36.427	1.0728654316260713	0.05928380645063629	0.05928380645063629	0.0	0	<ORIGINAL_WORKSPACE>/OpenROAD-flow-scripts/flow/reports/nangate45/swerv_wrapper/place_batch_20260421_220319/dpl_evolve_baseline/openroad_dpl_hpwl_only_9case_bo_place_batch_20260421_220319_swerv_wrapper_nangate45_trial_cad3f5e1_1d733be1d6ee/metrics.json	45	omit	0	0.278320229263804	0.2929119412567135	1.0278673004495484	12.099201832725303	414	2182	1.382623407622476	1.50 1.25 1.10 1.04
cb0c596c	ok	3268394.1	3268394.1	3267840.1	0.016953093879960652	37.193	1.0954260301004328	-0.01695309387996065	-0.01695309387996065	0.0	0	<ORIGINAL_WORKSPACE>/OpenROAD-flow-scripts/flow/reports/nangate45/swerv_wrapper/place_batch_20260421_220319/dpl_evolve_baseline/openroad_dpl_hpwl_only_9case_bo_place_batch_20260421_220319_swerv_wrapper_nangate45_trial_cb0c596c_6f54f8dd3b70/metrics.json	11	1024	1	0.29393336221219835	1.9642539249567057	0.1556129934826888	118.08495698989098	176	2412	1.026184593084948	2.50 1.75 1.25 1.08
cb68fe62	ok	3276813.8	3276813.8	3267840.1	0.274606459477614	35.074	1.0330162283156126	-0.274606459477614	-0.274606459477614	0.0	0	<ORIGINAL_WORKSPACE>/OpenROAD-flow-scripts/flow/reports/nangate45/swerv_wrapper/place_batch_20260421_220319/dpl_evolve_baseline/openroad_dpl_hpwl_only_9case_bo_place_batch_20260421_220319_swerv_wrapper_nangate45_trial_cb68fe62_d03182201978/metrics.json	4	128 16	0	0.7937372691797211	0.12862900853343737	1.8502737782775036	64.12893226830664	522	3972	1.208046128186601	1.50 1.25 1.10 1.04
cc027eea	ok	3268562.3	3268562.3	3267840.1	0.022100224548922104	37.348	1.0999911642564721	-0.022100224548922104	-0.022100224548922104	0.0	0	<ORIGINAL_WORKSPACE>/OpenROAD-flow-scripts/flow/reports/nangate45/swerv_wrapper/place_batch_20260421_220319/dpl_evolve_baseline/openroad_dpl_hpwl_only_9case_bo_place_batch_20260421_220319_swerv_wrapper_nangate45_trial_cc027eea_adc3e322c0de/metrics.json	99	512	1	0.6208962094501227	1.0730727469922823	1.5377935255617725	21.869102375994665	158	3461	1.751896526822334	1.04
cc284484	ok	3270039.4	3270039.4	3267840.1	0.06730133460323881	34.381	1.0126056607663534	-0.06730133460323881	-0.06730133460323881	0.0	0	<ORIGINAL_WORKSPACE>/OpenROAD-flow-scripts/flow/reports/nangate45/swerv_wrapper/place_batch_20260421_220319/dpl_evolve_baseline/openroad_dpl_hpwl_only_9case_bo_place_batch_20260421_220319_swerv_wrapper_nangate45_trial_cc284484_007081ecf112/metrics.json	105	512 64	1	0.920748325931125	0.8785244271144638	1.456654749234965	22.668738105918273	252	3107	1.7886260579150635	1.75 1.35 1.15 1.05
cc2ee3d7	ok	3267228.3	3267228.3	3267840.1	-0.018721846273943434	36.09	1.0629399463964893	0.018721846273943434	0.018721846273943434	0.0	0	<ORIGINAL_WORKSPACE>/OpenROAD-flow-scripts/flow/reports/nangate45/swerv_wrapper/place_batch_20260421_220319/dpl_evolve_baseline/openroad_dpl_hpwl_only_9case_bo_place_batch_20260421_220319_swerv_wrapper_nangate45_trial_cc2ee3d7_de24e0dbc23a/metrics.json	100	1024	1	0.33712613325238056	0.05112523790498866	1.5294368569094299	60.598666635946856	327	3522	1.061647286853991	2.00 1.50 1.20 1.05
ccb77fc3	ok	3267634.6	3267634.6	3267840.1	-0.006288557386880711	35.122	1.0344299472800635	0.006288557386880711	0.006288557386880711	0.0	0	<ORIGINAL_WORKSPACE>/OpenROAD-flow-scripts/flow/reports/nangate45/swerv_wrapper/place_batch_20260421_220319/dpl_evolve_baseline/openroad_dpl_hpwl_only_9case_bo_place_batch_20260421_220319_swerv_wrapper_nangate45_trial_ccb77fc3_a6ce89c79005/metrics.json	113	omit	1	0.8592988748898209	0.31288553180324363	1.3422028196613112	34.560686522791485	341	2865	1.4659572803477174	2.00 1.50 1.20 1.05
cdba2639	ok	3268282.4	3268282.4	3267840.1	0.013534933976721007	36.925	1.087532765882249	-0.013534933976721007	-0.013534933976721007	0.0	0	<ORIGINAL_WORKSPACE>/OpenROAD-flow-scripts/flow/reports/nangate45/swerv_wrapper/place_batch_20260421_220319/dpl_evolve_baseline/openroad_dpl_hpwl_only_9case_bo_place_batch_20260421_220319_swerv_wrapper_nangate45_trial_cdba2639_dfd633ed28ba/metrics.json	54	omit	1	0.42178166315642945	0.5198553064531996	0.08061227998917175	14.7070550748846	168	837	1.5767089244975432	1.50 1.25 1.10 1.04
ce4c28f0	ok	3265902.8	3265902.8	3267840.1	-0.05928380645063629	37.077	1.0920095426030099	0.05928380645063629	0.05928380645063629	0.0	0	<ORIGINAL_WORKSPACE>/OpenROAD-flow-scripts/flow/reports/nangate45/swerv_wrapper/place_batch_20260421_220319/dpl_evolve_baseline/openroad_dpl_hpwl_only_9case_bo_place_batch_20260421_220319_swerv_wrapper_nangate45_trial_ce4c28f0_736f1dc81bc4/metrics.json	45	omit	0	0.36397412418274755	0.5335501043081987	1.82877172343699	7.900930562759301	230	1484	1.1101122641660466	omit
d0842a51	ok	3268196.7	3268196.7	3267840.1	0.01091240663825911	39.161	1.153388507642918	-0.07974134635917544	-0.01091240663825911	0.06882893972091633	0	<ORIGINAL_WORKSPACE>/OpenROAD-flow-scripts/flow/reports/nangate45/swerv_wrapper/place_batch_20260421_220319/dpl_evolve_baseline/openroad_dpl_hpwl_only_9case_bo_place_batch_20260421_220319_swerv_wrapper_nangate45_trial_d0842a51_89a9f2a8fdfa/metrics.json	10	omit	1	0.09053840166237254	0.11642986021492249	1.8684043875547622	31.953240239993054	433	3389	1.0071888392457933	1.25 1.10 1.04
d0ae42b8	ok	3266353.1	3266353.1	3267840.1	-0.04550406245397381	38.431	1.1318881983918945	0.004197818637034098	0.0455040624539738	0.0413062438169397	0	<ORIGINAL_WORKSPACE>/OpenROAD-flow-scripts/flow/reports/nangate45/swerv_wrapper/place_batch_20260421_220319/dpl_evolve_baseline/openroad_dpl_hpwl_only_9case_bo_place_batch_20260421_220319_swerv_wrapper_nangate45_trial_d0ae42b8_c9013e30a13e/metrics.json	30	omit	1	0.7937642130405276	1.2094592088124791	1.131395109840021	9.660244316592296	1161	2021	1.432421489752272	omit
d0b73279	ok	3267601.2	3267601.2	3267840.1	-0.007310639220074045	38.373	1.130179954643183	-0.031797704822351315	0.007310639220074044	0.03910834404242536	0	<ORIGINAL_WORKSPACE>/OpenROAD-flow-scripts/flow/reports/nangate45/swerv_wrapper/place_batch_20260421_220319/dpl_evolve_baseline/openroad_dpl_hpwl_only_9case_bo_place_batch_20260421_220319_swerv_wrapper_nangate45_trial_d0b73279_c37c3c452a4c/metrics.json	56	128	0	0.6819074655356337	0.1832739706725405	1.5435062586310857	21.891799096004295	296	2842	1.0372996692561762	omit
d1c920e4	ok	3279793.2	3279793.2	3267840.1	0.3657798311490239	36.394	1.0718934998380112	-0.36577983114902385	-0.36577983114902385	0.0	0	<ORIGINAL_WORKSPACE>/OpenROAD-flow-scripts/flow/reports/nangate45/swerv_wrapper/place_batch_20260421_220319/dpl_evolve_baseline/openroad_dpl_hpwl_only_9case_bo_place_batch_20260421_220319_swerv_wrapper_nangate45_trial_d1c920e4_ef29ca9ec6a5/metrics.json	65	64 8	0	0.6619210621011916	0.8759834371021442	1.57958544035964	7.599141305172308	248	1021	1.0749622292057603	omit
d1e47cab	ok	3266499.3	3266499.3	3267840.1	-0.04103015933981223	41.132	1.2114393426206813	-0.10085417332760609	0.04103015933981223	0.14188433266741832	0	<ORIGINAL_WORKSPACE>/OpenROAD-flow-scripts/flow/reports/nangate45/swerv_wrapper/place_batch_20260421_220319/dpl_evolve_baseline/openroad_dpl_hpwl_only_9case_bo_place_batch_20260421_220319_swerv_wrapper_nangate45_trial_d1e47cab_9a9d5cfe5778/metrics.json	74	omit	1	0.7533282282949694	0.16286995790226022	1.9275235078852357	113.12168570792426	719	2525	1.2096327927197028	1.04
d31800a8	ok	3266718.2	3266718.2	3267840.1	-0.03433154516954201	37.974	1.1184284157511852	0.01038847192263874	0.03433154516954201	0.02394307324690327	0	<ORIGINAL_WORKSPACE>/OpenROAD-flow-scripts/flow/reports/nangate45/swerv_wrapper/place_batch_20260421_220319/dpl_evolve_baseline/openroad_dpl_hpwl_only_9case_bo_place_batch_20260421_220319_swerv_wrapper_nangate45_trial_d31800a8_9b9fb97dfecf/metrics.json	120	1024	1	0.012068929572954856	0.5165991814183379	1.4811043214552435	25.819441591042374	516	2999	1.1886331179449492	1.10 1.04
d3a9ba49	ok	3279793.2	3279793.2	3267840.1	0.3657798311490239	36.67	1.0800223838836038	-0.36577983114902385	-0.36577983114902385	0.0	0	<ORIGINAL_WORKSPACE>/OpenROAD-flow-scripts/flow/reports/nangate45/swerv_wrapper/place_batch_20260421_220319/dpl_evolve_baseline/openroad_dpl_hpwl_only_9case_bo_place_batch_20260421_220319_swerv_wrapper_nangate45_trial_d3a9ba49_0d17a4ecb97a/metrics.json	65	64 8	1	0.5963509535359057	0.9128556090186829	0.6071416680444656	48.855641775313515	1067	2173	1.8260032028069861	2.50 1.75 1.25 1.08
d45f8dc2	ok	3266063.4	3266063.4	3267840.1	-0.0543692453005943	40.753	1.2002768532972048	-0.07360563679108081	0.0543692453005943	0.12797488209167512	0	<ORIGINAL_WORKSPACE>/OpenROAD-flow-scripts/flow/reports/nangate45/swerv_wrapper/place_batch_20260421_220319/dpl_evolve_baseline/openroad_dpl_hpwl_only_9case_bo_place_batch_20260421_220319_swerv_wrapper_nangate45_trial_d45f8dc2_3b5fcb0f7fb6/metrics.json	128	512	1	0.766369966991435	0.663907037276122	1.3434208727669625	3.5931534472662303	396	2580	1.5884679250417997	2.00 1.50 1.20 1.05
d47c1c7f	ok	3268282.4	3268282.4	3267840.1	0.013534933976721007	36.504	1.0751332724648777	-0.013534933976721007	-0.013534933976721007	0.0	0	<ORIGINAL_WORKSPACE>/OpenROAD-flow-scripts/flow/reports/nangate45/swerv_wrapper/place_batch_20260421_220319/dpl_evolve_baseline/openroad_dpl_hpwl_only_9case_bo_place_batch_20260421_220319_swerv_wrapper_nangate45_trial_d47c1c7f_9b6170534422/metrics.json	54	omit	0	0.4682550311709965	0.5714802071131625	1.761355205322714	7.895899508616842	265	1736	1.2393114424280622	omit
d84e44b7	ok	3266353.1	3266353.1	3267840.1	-0.04550406245397381	38.581	1.1363060701558036	-0.0014787258183105723	0.0455040624539738	0.04698278827228437	0	<ORIGINAL_WORKSPACE>/OpenROAD-flow-scripts/flow/reports/nangate45/swerv_wrapper/place_batch_20260421_220319/dpl_evolve_baseline/openroad_dpl_hpwl_only_9case_bo_place_batch_20260421_220319_swerv_wrapper_nangate45_trial_d84e44b7_4bf4aec72790/metrics.json	30	omit	1	0.47717327599297216	1.0843957115402842	1.5794256913327664	6.418965453156783	1145	2334	1.3388908706047005	omit
d858ddf1	ok	3276276.7	3276276.7	3267840.1	0.258170526764761	37.037	1.0908314434659676	-0.258170526764761	-0.258170526764761	0.0	0	<ORIGINAL_WORKSPACE>/OpenROAD-flow-scripts/flow/reports/nangate45/swerv_wrapper/place_batch_20260421_220319/dpl_evolve_baseline/openroad_dpl_hpwl_only_9case_bo_place_batch_20260421_220319_swerv_wrapper_nangate45_trial_d858ddf1_3b358a474020/metrics.json	55	128 16	0	0.8927720106366703	0.563998009290333	1.646914270702259	116.34699693519988	948	1697	1.0277156959440887	1.75 1.35 1.15 1.05
d88abe83	ok	3268869.7	3268869.7	3267840.1	0.0315070495646373	37.563	1.106323447118075	-0.03974521678009499	-0.0315070495646373	0.00823816721545769	0	<ORIGINAL_WORKSPACE>/OpenROAD-flow-scripts/flow/reports/nangate45/swerv_wrapper/place_batch_20260421_220319/dpl_evolve_baseline/openroad_dpl_hpwl_only_9case_bo_place_batch_20260421_220319_swerv_wrapper_nangate45_trial_d88abe83_c93961767f79/metrics.json	41	128	0	0.24243435288887139	0.2777956834534129	1.0040234144573865	10.395748827059279	143	1839	1.3790014346882717	1.25 1.10 1.04
d8906d19	ok	3276432.8	3276432.8	3267840.1	0.26294738227857967	36.656	1.0796100491856389	-0.26294738227857967	-0.26294738227857967	0.0	0	<ORIGINAL_WORKSPACE>/OpenROAD-flow-scripts/flow/reports/nangate45/swerv_wrapper/place_batch_20260421_220319/dpl_evolve_baseline/openroad_dpl_hpwl_only_9case_bo_place_batch_20260421_220319_swerv_wrapper_nangate45_trial_d8906d19_69f11f79f782/metrics.json	30	128 16	0	0.44290718078507985	0.2974871412229213	1.6909797491423861	101.47090216706187	428	1292	1.0222621778513366	2.50 1.75 1.25 1.08
dac37645	ok	3266498.6	3266498.6	3267840.1	-0.04105158021654731	34.641	1.0202633051571288	0.04105158021654731	0.04105158021654731	0.0	0	<ORIGINAL_WORKSPACE>/OpenROAD-flow-scripts/flow/reports/nangate45/swerv_wrapper/place_batch_20260421_220319/dpl_evolve_baseline/openroad_dpl_hpwl_only_9case_bo_place_batch_20260421_220319_swerv_wrapper_nangate45_trial_dac37645_0d251c5e119f/metrics.json	123	omit	0	0.6293752065331423	0.7587085974483165	1.0185559827272281	15.484550269144057	330	3680	1.4295390943041373	2.00 1.50 1.20 1.05
daf2e357	ok	3266705.3	3266705.3	3267840.1	-0.03472630132668607	35.668	1.0505110005006921	0.03472630132668607	0.03472630132668607	0.0	0	<ORIGINAL_WORKSPACE>/OpenROAD-flow-scripts/flow/reports/nangate45/swerv_wrapper/place_batch_20260421_220319/dpl_evolve_baseline/openroad_dpl_hpwl_only_9case_bo_place_batch_20260421_220319_swerv_wrapper_nangate45_trial_daf2e357_dadaef35eaf5/metrics.json	64	1024	1	0.975492945364622	0.7634542447769743	1.7302358940286338	81.76429552988229	1103	2742	1.2839005793730955	1.75 1.35 1.15 1.05
dcd845ba	ok	3266603.5	3266603.5	3267840.1	-0.03784150883025437	39.099	1.1515624539805023	-0.028659910034719828	0.03784150883025437	0.0665014188649742	0	<ORIGINAL_WORKSPACE>/OpenROAD-flow-scripts/flow/reports/nangate45/swerv_wrapper/place_batch_20260421_220319/dpl_evolve_baseline/openroad_dpl_hpwl_only_9case_bo_place_batch_20260421_220319_swerv_wrapper_nangate45_trial_dcd845ba_4ebace8b5fab/metrics.json	29	omit	1	0.7723070739808847	0.7327036883728824	1.5844471860283267	9.203193892335193	1134	1378	1.8175049738481326	omit
ddb1a263	ok	3267877.5	3267877.5	3267840.1	0.0011444868431569485	39.251	1.1560392307012632	-0.07334880984385339	-0.0011444868431569485	0.07220432300069644	0	<ORIGINAL_WORKSPACE>/OpenROAD-flow-scripts/flow/reports/nangate45/swerv_wrapper/place_batch_20260421_220319/dpl_evolve_baseline/openroad_dpl_hpwl_only_9case_bo_place_batch_20260421_220319_swerv_wrapper_nangate45_trial_ddb1a263_b823442ac959/metrics.json	60	512	0	0.8411862446775321	1.1159819913646698	1.2726481152993638	121.81001759629243	1156	1126	1.5581602277855309	1.25 1.10 1.04
de3c1585	ok	3267439.9	3267439.9	3267840.1	-0.012246621246865359	39.2	1.1545371543015344	-0.05804546026527592	0.01224662124686536	0.07029208151214128	0	<ORIGINAL_WORKSPACE>/OpenROAD-flow-scripts/flow/reports/nangate45/swerv_wrapper/place_batch_20260421_220319/dpl_evolve_baseline/openroad_dpl_hpwl_only_9case_bo_place_batch_20260421_220319_swerv_wrapper_nangate45_trial_de3c1585_88db12f0661c/metrics.json	59	omit	0	0.10747320567575797	0.1889751819580914	1.7728047947177499	140.14777391409922	698	2926	1.4675995718383046	omit
de46babc	ok	3267870.2	3267870.2	3267840.1	0.0009210976999790512	37.17	1.0947486230966335	-0.0009210976999790513	-0.0009210976999790513	0.0	0	<ORIGINAL_WORKSPACE>/OpenROAD-flow-scripts/flow/reports/nangate45/swerv_wrapper/place_batch_20260421_220319/dpl_evolve_baseline/openroad_dpl_hpwl_only_9case_bo_place_batch_20260421_220319_swerv_wrapper_nangate45_trial_de46babc_56201fecb824/metrics.json	19	256	0	0.060589918033339574	0.09607663727830928	1.8519233075239618	57.9432742764472	533	3098	1.1737357279111404	1.50 1.25 1.10 1.04
de68abf4	ok	3272058.0	3272058.0	3267840.1	0.12907302288137987	35.222	1.0373751951226695	-0.12907302288137987	-0.12907302288137987	0.0	0	<ORIGINAL_WORKSPACE>/OpenROAD-flow-scripts/flow/reports/nangate45/swerv_wrapper/place_batch_20260421_220319/dpl_evolve_baseline/openroad_dpl_hpwl_only_9case_bo_place_batch_20260421_220319_swerv_wrapper_nangate45_trial_de68abf4_8c6ebf11ea10/metrics.json	34	64	0	0.4013656383646463	0.3599052760976608	1.228169386633526	53.233434088452825	661	1381	1.2978173594524551	1.50 1.25 1.10 1.04
de79e7de	ok	3275974.5	3275974.5	3267840.1	0.2489228282620042	42.944	1.2648072335287015	-0.45643969487220765	-0.2489228282620042	0.20751686661020344	0	<ORIGINAL_WORKSPACE>/OpenROAD-flow-scripts/flow/reports/nangate45/swerv_wrapper/place_batch_20260421_220319/dpl_evolve_baseline/openroad_dpl_hpwl_only_9case_bo_place_batch_20260421_220319_swerv_wrapper_nangate45_trial_de79e7de_cde992bae551/metrics.json	80	128 16	1	0.8202383507843882	0.32760497608644834	1.6849835309807573	128.40970687847522	664	3189	1.0980947704027293	1.04
de8e0a34	ok	3266574.4	3266574.4	3267840.1	-0.038732005277742516	37.268	1.0976349659823874	0.038732005277742516	0.038732005277742516	0.0	0	<ORIGINAL_WORKSPACE>/OpenROAD-flow-scripts/flow/reports/nangate45/swerv_wrapper/place_batch_20260421_220319/dpl_evolve_baseline/openroad_dpl_hpwl_only_9case_bo_place_batch_20260421_220319_swerv_wrapper_nangate45_trial_de8e0a34_0f253d34a689/metrics.json	56	omit	1	0.6924235192878112	0.9927179010047095	1.1523282538993573	26.494856983241583	1087	2083	1.952867265602495	omit
decaa748	ok	3267657.3	3267657.3	3267840.1	-0.005593908955345747	37.777	1.1126262775012516	-0.010832170569572495	0.005593908955345746	0.01642607952491824	0	<ORIGINAL_WORKSPACE>/OpenROAD-flow-scripts/flow/reports/nangate45/swerv_wrapper/place_batch_20260421_220319/dpl_evolve_baseline/openroad_dpl_hpwl_only_9case_bo_place_batch_20260421_220319_swerv_wrapper_nangate45_trial_decaa748_b8219a4e4311/metrics.json	117	omit	0	0.41653650131450515	0.8259720832587226	1.698739087081766	12.368915710824052	222	1945	1.5965722107128575	omit
e0cb707f	ok	3270950.2	3270950.2	3267840.1	0.09517295537196245	36.899	1.0867670014431714	-0.09517295537196245	-0.09517295537196245	0.0	0	<ORIGINAL_WORKSPACE>/OpenROAD-flow-scripts/flow/reports/nangate45/swerv_wrapper/place_batch_20260421_220319/dpl_evolve_baseline/openroad_dpl_hpwl_only_9case_bo_place_batch_20260421_220319_swerv_wrapper_nangate45_trial_e0cb707f_22b8133cfaf9/metrics.json	8	64	1	0.31920236261321216	0.2582174765374693	1.769543908181184	2.6265138306899125	442	3763	1.1174909253789747	1.04
e17641fa	ok	3274423.9	3274423.9	3267840.1	0.20147252614960606	37.264	1.0975171560686832	-0.2014725261496061	-0.2014725261496061	0.0	0	<ORIGINAL_WORKSPACE>/OpenROAD-flow-scripts/flow/reports/nangate45/swerv_wrapper/place_batch_20260421_220319/dpl_evolve_baseline/openroad_dpl_hpwl_only_9case_bo_place_batch_20260421_220319_swerv_wrapper_nangate45_trial_e17641fa_ba5f59857514/metrics.json	21	256 32	0	0.35113657662979725	0.18358875752736092	1.7231422465281938	139.17582830036025	494	454	1.1402808653581968	2.00 1.50 1.20 1.05
e1818ae4	ok	3279570.2	3279570.2	3267840.1	0.35895575184355233	36.628	1.0787853797897091	-0.35895575184355233	-0.35895575184355233	0.0	0	<ORIGINAL_WORKSPACE>/OpenROAD-flow-scripts/flow/reports/nangate45/swerv_wrapper/place_batch_20260421_220319/dpl_evolve_baseline/openroad_dpl_hpwl_only_9case_bo_place_batch_20260421_220319_swerv_wrapper_nangate45_trial_e1818ae4_9036830ab689/metrics.json	10	64 8	0	0.018576202177409518	0.14004428743844466	0.9983729663272121	90.94941924799956	704	1338	1.988616154412449	2.00 1.50 1.20 1.05
e1d0e70f	ok	3271417.4	3271417.4	3267840.1	0.10946986053570411	36.638	1.0790799045739699	-0.10946986053570411	-0.10946986053570411	0.0	0	<ORIGINAL_WORKSPACE>/OpenROAD-flow-scripts/flow/reports/nangate45/swerv_wrapper/place_batch_20260421_220319/dpl_evolve_baseline/openroad_dpl_hpwl_only_9case_bo_place_batch_20260421_220319_swerv_wrapper_nangate45_trial_e1d0e70f_c287499c2450/metrics.json	118	64	1	0.32415900691792504	0.7579980329994236	1.8375941016123611	49.15130919793601	476	3834	1.3610473068796518	2.00 1.50 1.20 1.05
e270d770	ok	3267144.1	3267144.1	3267840.1	-0.021298471733668976	41.431	1.220245633670073	-0.131514119127189	0.021298471733668976	0.15281259086085797	0	<ORIGINAL_WORKSPACE>/OpenROAD-flow-scripts/flow/reports/nangate45/swerv_wrapper/place_batch_20260421_220319/dpl_evolve_baseline/openroad_dpl_hpwl_only_9case_bo_place_batch_20260421_220319_swerv_wrapper_nangate45_trial_e270d770_8d09c82b64f1/metrics.json	28	omit	1	0.4096535533776954	1.0605951467010628	1.8863954794779785	8.939053056958493	1107	2824	1.2321972208207457	omit
e2b811c6	ok	3271490.6	3271490.6	3267840.1	0.11170987221804396	37.546	1.1058227549848318	-0.1192965989956908	-0.11170987221804396	0.00758672677764684	0	<ORIGINAL_WORKSPACE>/OpenROAD-flow-scripts/flow/reports/nangate45/swerv_wrapper/place_batch_20260421_220319/dpl_evolve_baseline/openroad_dpl_hpwl_only_9case_bo_place_batch_20260421_220319_swerv_wrapper_nangate45_trial_e2b811c6_5b7a9f9cd75c/metrics.json	41	512 64	0	0.828845807980693	1.1494230094162046	1.2747485866993333	42.83644225435409	725	3025	1.8583138364290424	1.75 1.35 1.15 1.05
e2d3fb90	ok	3272421.1	3272421.1	3267840.1	0.14018433766082986	35.819	1.0549583247430272	-0.14018433766082986	-0.14018433766082986	0.0	0	<ORIGINAL_WORKSPACE>/OpenROAD-flow-scripts/flow/reports/nangate45/swerv_wrapper/place_batch_20260421_220319/dpl_evolve_baseline/openroad_dpl_hpwl_only_9case_bo_place_batch_20260421_220319_swerv_wrapper_nangate45_trial_e2d3fb90_7688c93b148c/metrics.json	77	64	1	0.687509736466256	0.31920334999691524	1.7771042770448455	111.90106966216797	263	1666	1.6506985145117539	1.25 1.10 1.04
e4579562	ok	3266576.2	3266576.2	3267840.1	-0.03867692302325034	37.967	1.1182222484022029	0.01500061650559003	0.038676923023250334	0.023676306517660305	0	<ORIGINAL_WORKSPACE>/OpenROAD-flow-scripts/flow/reports/nangate45/swerv_wrapper/place_batch_20260421_220319/dpl_evolve_baseline/openroad_dpl_hpwl_only_9case_bo_place_batch_20260421_220319_swerv_wrapper_nangate45_trial_e4579562_b3c612c62e40/metrics.json	94	omit	0	0.7033554440726085	0.4539276213802291	1.9288637942328744	27.10251347813923	361	2669	1.6752987696149801	omit
e5cd90bf	ok	3266799.3	3266799.3	3267840.1	-0.03184978359254112	36.657	1.0796395016640647	0.03184978359254112	0.03184978359254112	0.0	0	<ORIGINAL_WORKSPACE>/OpenROAD-flow-scripts/flow/reports/nangate45/swerv_wrapper/place_batch_20260421_220319/dpl_evolve_baseline/openroad_dpl_hpwl_only_9case_bo_place_batch_20260421_220319_swerv_wrapper_nangate45_trial_e5cd90bf_23a99a91d240/metrics.json	61	omit	0	0.31815325918716314	0.16901752800893471	0.8977442017775839	7.195560962280671	80	1409	1.3812121670232618	2.50 1.75 1.25 1.08
e79b7b26	ok	3267278.1	3267278.1	3267840.1	-0.01719790389988788	38.592	1.13663004741849	-0.030200729650124762	0.01719790389988788	0.04739863355001264	0	<ORIGINAL_WORKSPACE>/OpenROAD-flow-scripts/flow/reports/nangate45/swerv_wrapper/place_batch_20260421_220319/dpl_evolve_baseline/openroad_dpl_hpwl_only_9case_bo_place_batch_20260421_220319_swerv_wrapper_nangate45_trial_e79b7b26_e4fc9d965c67/metrics.json	67	omit	1	0.4212895073771239	0.04838110571434598	1.9110024928125784	71.90981862033473	700	3115	1.3424455284709125	1.04
e79e0994	ok	3271143.0	3271143.0	3267840.1	0.101072876852203	41.463	1.221188112979707	-0.25505270786228285	-0.10107287685220298	0.15397983101007987	0	<ORIGINAL_WORKSPACE>/OpenROAD-flow-scripts/flow/reports/nangate45/swerv_wrapper/place_batch_20260421_220319/dpl_evolve_baseline/openroad_dpl_hpwl_only_9case_bo_place_batch_20260421_220319_swerv_wrapper_nangate45_trial_e79e0994_fffe9a17550e/metrics.json	42	512 64	1	0.6460416909527965	0.20124907170985185	1.7601513985421495	92.99303422131536	299	2711	1.4814843755412062	1.04
e7ba52e8	ok	3279268.4	3279268.4	3267840.1	0.3497202938417891	36.034	1.0612906076046298	-0.34972029384178904	-0.34972029384178904	0.0	0	<ORIGINAL_WORKSPACE>/OpenROAD-flow-scripts/flow/reports/nangate45/swerv_wrapper/place_batch_20260421_220319/dpl_evolve_baseline/openroad_dpl_hpwl_only_9case_bo_place_batch_20260421_220319_swerv_wrapper_nangate45_trial_e7ba52e8_019a47c56758/metrics.json	30	64 8	0	0.34008375635904686	0.5984904529845485	0.667304837485779	26.883223130116917	187	2076	1.391348337925893	1.50 1.25 1.10 1.04
e7c689f6	ok	3268282.4	3268282.4	3267840.1	0.013534933976721007	36.73	1.081789532589167	-0.013534933976721007	-0.013534933976721007	0.0	0	<ORIGINAL_WORKSPACE>/OpenROAD-flow-scripts/flow/reports/nangate45/swerv_wrapper/place_batch_20260421_220319/dpl_evolve_baseline/openroad_dpl_hpwl_only_9case_bo_place_batch_20260421_220319_swerv_wrapper_nangate45_trial_e7c689f6_52179405e7b7/metrics.json	54	omit	0	0.29081094295532006	0.7094088233845055	0.18562553066453436	22.92647379873556	59	1972	1.5688041154044492	1.04
e8bc4a4a	ok	3279439.2	3279439.2	3267840.1	0.3549469877672439	35.683	1.050952787677083	-0.354946987767244	-0.354946987767244	0.0	0	<ORIGINAL_WORKSPACE>/OpenROAD-flow-scripts/flow/reports/nangate45/swerv_wrapper/place_batch_20260421_220319/dpl_evolve_baseline/openroad_dpl_hpwl_only_9case_bo_place_batch_20260421_220319_swerv_wrapper_nangate45_trial_e8bc4a4a_591a52bfe2a6/metrics.json	123	64 8	1	0.33214321096586896	0.16566859742988918	1.6439085405321798	43.13117210618951	460	3035	1.5332990760782117	2.00 1.50 1.20 1.05
e91aac8f	ok	3271719.6	3271719.6	3267840.1	0.1187175590384609	37.853	1.1148646658616321	-0.13804591233007793	-0.1187175590384609	0.01932835329161704	0	<ORIGINAL_WORKSPACE>/OpenROAD-flow-scripts/flow/reports/nangate45/swerv_wrapper/place_batch_20260421_220319/dpl_evolve_baseline/openroad_dpl_hpwl_only_9case_bo_place_batch_20260421_220319_swerv_wrapper_nangate45_trial_e91aac8f_ddabbf46879e/metrics.json	17	64	1	0.6631973745476177	0.10962275414416502	1.8671475770108652	127.4381452794267	930	967	1.5249930640598177	2.00 1.50 1.20 1.05
e9ea3514	ok	3274804.8	3274804.8	3267840.1	0.21312854322338848	35.664	1.0503931905869879	-0.21312854322338845	-0.21312854322338845	0.0	0	<ORIGINAL_WORKSPACE>/OpenROAD-flow-scripts/flow/reports/nangate45/swerv_wrapper/place_batch_20260421_220319/dpl_evolve_baseline/openroad_dpl_hpwl_only_9case_bo_place_batch_20260421_220319_swerv_wrapper_nangate45_trial_e9ea3514_b3e6ecaa3b2e/metrics.json	48	256 32	1	0.7850704785652027	0.2561637915100918	1.685644703556989	15.483121098861755	956	2020	1.6330924645163716	omit
e9f2f4a4	ok	3267099.9	3267099.9	3267840.1	-0.02265104709377262	38.435	1.132006008305599	-0.018806714863064147	0.02265104709377262	0.041457761956836765	0	<ORIGINAL_WORKSPACE>/OpenROAD-flow-scripts/flow/reports/nangate45/swerv_wrapper/place_batch_20260421_220319/dpl_evolve_baseline/openroad_dpl_hpwl_only_9case_bo_place_batch_20260421_220319_swerv_wrapper_nangate45_trial_e9f2f4a4_5fce9c867cab/metrics.json	126	512	1	0.6999754420848378	0.4972236064183664	1.19906499285065	17.579907921626358	468	2652	1.5613915385130337	2.00 1.50 1.20 1.05
ea4d38a5	ok	3266764.2	3266764.2	3267840.1	-0.032923887554960445	39.761	1.1710599946985538	-0.05833494126537186	0.032923887554960445	0.0912588288203323	0	<ORIGINAL_WORKSPACE>/OpenROAD-flow-scripts/flow/reports/nangate45/swerv_wrapper/place_batch_20260421_220319/dpl_evolve_baseline/openroad_dpl_hpwl_only_9case_bo_place_batch_20260421_220319_swerv_wrapper_nangate45_trial_ea4d38a5_4d74a01513f9/metrics.json	57	omit	1	0.3921613771312286	1.1946013796361274	0.6931487176586084	24.14738031214078	1079	1652	1.8075138883637405	omit
ead76d35	ok	3277126.5	3277126.5	3267840.1	0.28417547113152525	34.13	1.0052130886814126	-0.28417547113152525	-0.28417547113152525	0.0	0	<ORIGINAL_WORKSPACE>/OpenROAD-flow-scripts/flow/reports/nangate45/swerv_wrapper/place_batch_20260421_220319/dpl_evolve_baseline/openroad_dpl_hpwl_only_9case_bo_place_batch_20260421_220319_swerv_wrapper_nangate45_trial_ead76d35_ed839bea06be/metrics.json	121	32	1	0.8094868687219723	0.4385923796935238	1.6205782186142093	24.729425843518538	178	2222	1.8996615394392793	1.25 1.10 1.04
eb09f397	ok	3269972.0	3269972.0	3267840.1	0.06523881018535474	39.269	1.1565693753129325	-0.13811774530993573	-0.06523881018535475	0.07287893512458098	0	<ORIGINAL_WORKSPACE>/OpenROAD-flow-scripts/flow/reports/nangate45/swerv_wrapper/place_batch_20260421_220319/dpl_evolve_baseline/openroad_dpl_hpwl_only_9case_bo_place_batch_20260421_220319_swerv_wrapper_nangate45_trial_eb09f397_429439f84719/metrics.json	16	1024 128	1	0.7970431842544642	0.90146648076997	0.9342626438711733	43.59802708926118	1121	279	1.887254412131869	omit
ebc5f4af	ok	3265814.9	3265814.9	3267840.1	-0.06197365654458388	40.044	1.1793950460931286	-0.039805853134816625	0.06197365654458387	0.1017795096794005	0	<ORIGINAL_WORKSPACE>/OpenROAD-flow-scripts/flow/reports/nangate45/swerv_wrapper/place_batch_20260421_220319/dpl_evolve_baseline/openroad_dpl_hpwl_only_9case_bo_place_batch_20260421_220319_swerv_wrapper_nangate45_trial_ebc5f4af_19f3b6a0a7e6/metrics.json	21	omit	1	0.7085551106311927	0.17448196475422934	1.5271787257124976	62.6947704611474	1169	1827	1.7387551087253406	omit
ec430df8	ok	3266987.4	3266987.4	3267840.1	-0.026093687998999283	38.439	1.132123818219303	-0.01551558421355555	0.026093687998999287	0.04160927221255484	0	<ORIGINAL_WORKSPACE>/OpenROAD-flow-scripts/flow/reports/nangate45/swerv_wrapper/place_batch_20260421_220319/dpl_evolve_baseline/openroad_dpl_hpwl_only_9case_bo_place_batch_20260421_220319_swerv_wrapper_nangate45_trial_ec430df8_03d20dd1a21a/metrics.json	8	omit	1	0.6398320134969433	0.2286729329958217	1.8296772988938934	3.879949956673099	970	2202	1.5568353342775154	1.75 1.35 1.15 1.05
ec5b43eb	ok	3266090.4	3266090.4	3267840.1	-0.053543011483339904	39.23	1.155420728654316	-0.01787406850596373	0.053543011483339904	0.07141707998930363	0	<ORIGINAL_WORKSPACE>/OpenROAD-flow-scripts/flow/reports/nangate45/swerv_wrapper/place_batch_20260421_220319/dpl_evolve_baseline/openroad_dpl_hpwl_only_9case_bo_place_batch_20260421_220319_swerv_wrapper_nangate45_trial_ec5b43eb_d640851f1604/metrics.json	128	omit	1	0.6252905641252017	0.4709126505422774	1.0853619833925823	0.45833562108493275	95	2388	1.8552008040181927	1.25 1.10 1.04
ec947e52	ok	3266890.3	3266890.3	3267840.1	-0.029065069615868886	37.64	1.1085912879568816	0.017878104704129216	0.029065069615868886	0.01118696491173967	0	<ORIGINAL_WORKSPACE>/OpenROAD-flow-scripts/flow/reports/nangate45/swerv_wrapper/place_batch_20260421_220319/dpl_evolve_baseline/openroad_dpl_hpwl_only_9case_bo_place_batch_20260421_220319_swerv_wrapper_nangate45_trial_ec947e52_6d2a2f8756da/metrics.json	122	omit	0	0.582933105156707	0.23723124222169553	1.5748912970036846	67.03427572277522	507	3566	1.6489732277029923	1.04
ed46413c	ok	3276954.4	3276954.4	3267840.1	0.2789089955778379	37.713	1.110741318881984	-0.2928887899484631	-0.2789089955778379	0.013979794370625244	0	<ORIGINAL_WORKSPACE>/OpenROAD-flow-scripts/flow/reports/nangate45/swerv_wrapper/place_batch_20260421_220319/dpl_evolve_baseline/openroad_dpl_hpwl_only_9case_bo_place_batch_20260421_220319_swerv_wrapper_nangate45_trial_ed46413c_0b8406576f28/metrics.json	32	128 16	1	0.6121052238751605	0.03848329563681047	1.9715858135764723	86.47198825810219	1184	1104	1.1655878207883437	2.50 1.75 1.25 1.08
efa0920a	ok	3271028.7	3271028.7	3267840.1	0.09757515369249839	33.777	0.9948163637970134	-0.09757515369249839	-0.09757515369249839	0.0	0	<ORIGINAL_WORKSPACE>/OpenROAD-flow-scripts/flow/reports/nangate45/swerv_wrapper/place_batch_20260421_220319/dpl_evolve_baseline/openroad_dpl_hpwl_only_9case_bo_place_batch_20260421_220319_swerv_wrapper_nangate45_trial_efa0920a_9ef98d52969d/metrics.json	46	512 64	1	0.5168776013273556	0.5481382229714925	1.9027736968844398	29.13510748812734	161	2245	1.0925000404035403	2.50 1.75 1.25 1.08
f0621dc5	ok	3267584.4	3267584.4	3267840.1	-0.007824740261929777	39.499	1.1633434453509262	-0.07366066703916624	0.007824740261929777	0.08148540730109602	0	<ORIGINAL_WORKSPACE>/OpenROAD-flow-scripts/flow/reports/nangate45/swerv_wrapper/place_batch_20260421_220319/dpl_evolve_baseline/openroad_dpl_hpwl_only_9case_bo_place_batch_20260421_220319_swerv_wrapper_nangate45_trial_f0621dc5_c3750bb4b147/metrics.json	79	1024	0	0.14320631622767413	0.13129314206656936	1.2564340479423057	15.256655878548182	363	2031	1.2530058007100189	1.50 1.25 1.10 1.04
f0b774cb	ok	3268914.5	3268914.5	3267840.1	0.03287798567622409	38.99	1.148352133832062	-0.09528299421287725	-0.03287798567622409	0.06240500853665316	0	<ORIGINAL_WORKSPACE>/OpenROAD-flow-scripts/flow/reports/nangate45/swerv_wrapper/place_batch_20260421_220319/dpl_evolve_baseline/openroad_dpl_hpwl_only_9case_bo_place_batch_20260421_220319_swerv_wrapper_nangate45_trial_f0b774cb_a62d4c0040cc/metrics.json	42	256	1	0.8676196725760007	0.5841387776804841	1.9874694728261277	7.721753899226485	235	2741	1.170434268023753	1.25 1.10 1.04
f11b8276	ok	3267164.3	3267164.3	3267840.1	-0.02068032643336127	41.206	1.21361882602421	-0.123912347494824	0.02068032643336127	0.14459267392818526	0	<ORIGINAL_WORKSPACE>/OpenROAD-flow-scripts/flow/reports/nangate45/swerv_wrapper/place_batch_20260421_220319/dpl_evolve_baseline/openroad_dpl_hpwl_only_9case_bo_place_batch_20260421_220319_swerv_wrapper_nangate45_trial_f11b8276_2063575cd1bc/metrics.json	34	omit	0	0.3389141769396606	0.0488916794330011	1.9710695894430263	70.3145442529148	634	3861	1.4503305977647654	1.50 1.25 1.10 1.04
f1ecaded	ok	3267082.6	3267082.6	3267840.1	-0.02318044876185955	38.881	1.1451418136836213	-0.03512241949439565	0.023180448761859554	0.058302868256255205	0	<ORIGINAL_WORKSPACE>/OpenROAD-flow-scripts/flow/reports/nangate45/swerv_wrapper/place_batch_20260421_220319/dpl_evolve_baseline/openroad_dpl_hpwl_only_9case_bo_place_batch_20260421_220319_swerv_wrapper_nangate45_trial_f1ecaded_0e1597c35637/metrics.json	58	omit	0	0.1705872670253118	0.016985933174326784	1.5117589753681835	24.349747529267063	186	1837	1.3416939809198756	1.75 1.35 1.15 1.05
f29ba5e5	ok	3267280.2	3267280.2	3267840.1	-0.01713364126965413	36.195	1.0660324566312254	0.01713364126965413	0.01713364126965413	0.0	0	<ORIGINAL_WORKSPACE>/OpenROAD-flow-scripts/flow/reports/nangate45/swerv_wrapper/place_batch_20260421_220319/dpl_evolve_baseline/openroad_dpl_hpwl_only_9case_bo_place_batch_20260421_220319_swerv_wrapper_nangate45_trial_f29ba5e5_07e03c414a70/metrics.json	48	omit	0	0.9449604949055257	0.48373127859731535	1.990091795420913	107.11740911863309	1123	2829	1.285733896478816	1.50 1.25 1.10 1.04
f30d711d	ok	3274144.5	3274144.5	3267840.1	0.19292253620365044	35.711	1.0517774570730125	-0.19292253620365044	-0.19292253620365044	0.0	0	<ORIGINAL_WORKSPACE>/OpenROAD-flow-scripts/flow/reports/nangate45/swerv_wrapper/place_batch_20260421_220319/dpl_evolve_baseline/openroad_dpl_hpwl_only_9case_bo_place_batch_20260421_220319_swerv_wrapper_nangate45_trial_f30d711d_edb824868cf6/metrics.json	47	256 32	0	0.9916056277446051	0.09070844358272809	1.7201276836791233	104.23961848071966	542	2873	1.3122733702699927	1.04
f314cba9	ok	3266443.1	3266443.1	3267840.1	-0.04274994972979247	37.61	1.1077077136040996	0.032711508066514364	0.04274994972979247	0.010038441663278112	0	<ORIGINAL_WORKSPACE>/OpenROAD-flow-scripts/flow/reports/nangate45/swerv_wrapper/place_batch_20260421_220319/dpl_evolve_baseline/openroad_dpl_hpwl_only_9case_bo_place_batch_20260421_220319_swerv_wrapper_nangate45_trial_f314cba9_1a00cbbffe6a/metrics.json	127	1024	1	0.28262803213747445	0.04520506756290968	1.8221224986292979	67.51485194399369	528	1969	1.1231581429470947	omit
f3be8c00	ok	3267278.1	3267278.1	3267840.1	-0.01719790389988788	36.552	1.0765469914293286	0.01719790389988788	0.01719790389988788	0.0	0	<ORIGINAL_WORKSPACE>/OpenROAD-flow-scripts/flow/reports/nangate45/swerv_wrapper/place_batch_20260421_220319/dpl_evolve_baseline/openroad_dpl_hpwl_only_9case_bo_place_batch_20260421_220319_swerv_wrapper_nangate45_trial_f3be8c00_7828ad3ad07a/metrics.json	67	omit	1	0.7528256280300075	1.23513438420987	1.252263954380212	21.611885812573803	687	2854	1.7842901700455125	omit
f3e1c07d	ok	3269053.7	3269053.7	3267840.1	0.03713768002296358	38.516	1.1343916590581096	-0.08166198967941554	-0.03713768002296358	0.04452430965645197	0	<ORIGINAL_WORKSPACE>/OpenROAD-flow-scripts/flow/reports/nangate45/swerv_wrapper/place_batch_20260421_220319/dpl_evolve_baseline/openroad_dpl_hpwl_only_9case_bo_place_batch_20260421_220319_swerv_wrapper_nangate45_trial_f3e1c07d_f3bf738728e8/metrics.json	38	omit	0	0.631166889182774	0.25789045460922866	1.9645769272906577	5.530647472147415	339	1701	1.0673448099056548	1.04
f41b2d7b	ok	3268009.9	3268009.9	3267840.1	0.005196092672949749	36.09	1.0629399463964893	-0.005196092672949748	-0.005196092672949748	0.0	0	<ORIGINAL_WORKSPACE>/OpenROAD-flow-scripts/flow/reports/nangate45/swerv_wrapper/place_batch_20260421_220319/dpl_evolve_baseline/openroad_dpl_hpwl_only_9case_bo_place_batch_20260421_220319_swerv_wrapper_nangate45_trial_f41b2d7b_c0a6cb183ceb/metrics.json	89	omit	0	0.40294535985785196	0.1635189802292718	0.6592918258247503	16.850546022633257	189	1799	1.7539798807491027	1.50 1.25 1.10 1.04
f46d6035	ok	3267796.3	3267796.3	3267840.1	-0.0013403348591101319	36.77	1.0829676317262098	0.0013403348591101319	0.0013403348591101319	0.0	0	<ORIGINAL_WORKSPACE>/OpenROAD-flow-scripts/flow/reports/nangate45/swerv_wrapper/place_batch_20260421_220319/dpl_evolve_baseline/openroad_dpl_hpwl_only_9case_bo_place_batch_20260421_220319_swerv_wrapper_nangate45_trial_f46d6035_09cea07cf9b4/metrics.json	75	omit	1	0.9045435590342339	1.0291833547815012	1.0667612792466925	23.191218124172917	1087	1556	1.8633768347709645	2.00 1.50 1.20 1.05
f53e6cd3	ok	3266537.8	3266537.8	3267840.1	-0.03985201111891244	39.956	1.1768032279916354	-0.058660044247795334	0.03985201111891244	0.09851205536670778	0	<ORIGINAL_WORKSPACE>/OpenROAD-flow-scripts/flow/reports/nangate45/swerv_wrapper/place_batch_20260421_220319/dpl_evolve_baseline/openroad_dpl_hpwl_only_9case_bo_place_batch_20260421_220319_swerv_wrapper_nangate45_trial_f53e6cd3_04e0a6fee1b8/metrics.json	126	omit	1	0.6835482780405433	0.29679269049395507	1.2311879448798153	15.06236752097036	508	1311	1.9855955098914786	1.25 1.10 1.04
f566fd0e	ok	3269204.3	3269204.3	3267840.1	0.04174622864808228	38.027	1.1199893971077666	-0.06770830981280603	-0.04174622864808228	0.025962081164723746	0	<ORIGINAL_WORKSPACE>/OpenROAD-flow-scripts/flow/reports/nangate45/swerv_wrapper/place_batch_20260421_220319/dpl_evolve_baseline/openroad_dpl_hpwl_only_9case_bo_place_batch_20260421_220319_swerv_wrapper_nangate45_trial_f566fd0e_ffcf7a1def53/metrics.json	126	128	1	0.5712832542347114	0.06917684988886047	1.9724140279021127	23.573528449091917	292	1301	1.6279431834971385	2.00 1.50 1.20 1.05
f57c5a91	ok	3267840.1	3267840.1	3267840.1	0.0	38.385	1.1305333843842957	-0.03956321813440256	0.0	0.03956321813440256	0	<ORIGINAL_WORKSPACE>/OpenROAD-flow-scripts/flow/reports/nangate45/swerv_wrapper/place_batch_20260421_220319/dpl_evolve_baseline/openroad_dpl_hpwl_only_9case_bo_place_batch_20260421_220319_swerv_wrapper_nangate45_trial_f57c5a91_4abf36186b0d/metrics.json	1	1024	1	0.65	0.8	0.9	55.0	400	800	1.2	1.75 1.35 1.15 1.05
f9b4ac58	ok	3277896.2	3277896.2	3267840.1	0.3077292551737795	34.19	1.006980237386976	-0.3077292551737795	-0.3077292551737795	0.0	0	<ORIGINAL_WORKSPACE>/OpenROAD-flow-scripts/flow/reports/nangate45/swerv_wrapper/place_batch_20260421_220319/dpl_evolve_baseline/openroad_dpl_hpwl_only_9case_bo_place_batch_20260421_220319_swerv_wrapper_nangate45_trial_f9b4ac58_f14074d89cc8/metrics.json	28	32	1	0.7379224141545444	1.0443488614550356	1.3380580821032853	35.06873171962572	269	2770	1.308667841013056	1.25 1.10 1.04
fa27ae9d	ok	3267165.4	3267165.4	3267840.1	-0.020646665055618428	37.334	1.0995788295585074	0.020646665055618428	0.020646665055618428	0.0	0	<ORIGINAL_WORKSPACE>/OpenROAD-flow-scripts/flow/reports/nangate45/swerv_wrapper/place_batch_20260421_220319/dpl_evolve_baseline/openroad_dpl_hpwl_only_9case_bo_place_batch_20260421_220319_swerv_wrapper_nangate45_trial_fa27ae9d_6f6fc8b902a9/metrics.json	120	512	1	0.8342552011323029	0.3651222069487271	1.9032524460805214	23.004354675726077	498	2293	1.3789703219188836	2.00 1.50 1.20 1.05
fa95e63d	ok	3268677.3	3268677.3	3267840.1	0.02561936858537603	37.501	1.1044973934556592	-0.031480981978583775	-0.02561936858537603	0.005861613393207743	0	<ORIGINAL_WORKSPACE>/OpenROAD-flow-scripts/flow/reports/nangate45/swerv_wrapper/place_batch_20260421_220319/dpl_evolve_baseline/openroad_dpl_hpwl_only_9case_bo_place_batch_20260421_220319_swerv_wrapper_nangate45_trial_fa95e63d_fbc60812c433/metrics.json	118	omit	1	0.8091019152588593	0.24657188165338895	1.3779679830375895	34.040520298977455	498	3254	1.5059230501990817	2.50 1.75 1.25 1.08
fb5da839	ok	3268341.1	3268341.1	3267840.1	0.015331227497942752	36.115	1.0636762583571406	-0.015331227497942754	-0.015331227497942754	0.0	0	<ORIGINAL_WORKSPACE>/OpenROAD-flow-scripts/flow/reports/nangate45/swerv_wrapper/place_batch_20260421_220319/dpl_evolve_baseline/openroad_dpl_hpwl_only_9case_bo_place_batch_20260421_220319_swerv_wrapper_nangate45_trial_fb5da839_b418716f776d/metrics.json	81	omit	0	0.7909387113573386	0.7214123880580594	1.5842479432625853	13.495205730745484	1116	1804	1.8553909719375086	omit
fb6dba20	ok	3271183.5	3271183.5	3267840.1	0.10231222757808459	36.291	1.068859894560127	-0.10231222757808459	-0.10231222757808459	0.0	0	<ORIGINAL_WORKSPACE>/OpenROAD-flow-scripts/flow/reports/nangate45/swerv_wrapper/place_batch_20260421_220319/dpl_evolve_baseline/openroad_dpl_hpwl_only_9case_bo_place_batch_20260421_220319_swerv_wrapper_nangate45_trial_fb6dba20_1372b1df120a/metrics.json	128	64	1	0.6456277726622744	1.1449136137473472	0.8991279137709367	4.831779000260971	151	2911	1.8599531797693172	1.25 1.10 1.04
fc1eac8b	ok	3269690.8	3269690.8	3267840.1	0.05663373798490693	36.069	1.062321444349542	-0.05663373798490693	-0.05663373798490693	0.0	0	<ORIGINAL_WORKSPACE>/OpenROAD-flow-scripts/flow/reports/nangate45/swerv_wrapper/place_batch_20260421_220319/dpl_evolve_baseline/openroad_dpl_hpwl_only_9case_bo_place_batch_20260421_220319_swerv_wrapper_nangate45_trial_fc1eac8b_081853bf7877/metrics.json	37	1024 128	1	0.41671249934384547	0.09108314914375323	1.8608193305608487	6.053491560779319	474	2423	1.4394360903925074	2.00 1.50 1.20 1.05
fc415800	ok	3270565.6	3270565.6	3267840.1	0.08340371366395803	36.267	1.0681530350779018	-0.08340371366395803	-0.08340371366395803	0.0	0	<ORIGINAL_WORKSPACE>/OpenROAD-flow-scripts/flow/reports/nangate45/swerv_wrapper/place_batch_20260421_220319/dpl_evolve_baseline/openroad_dpl_hpwl_only_9case_bo_place_batch_20260421_220319_swerv_wrapper_nangate45_trial_fc415800_3a4896f3298b/metrics.json	30	64	1	0.04755978733856994	0.4072991759939474	1.9070917507337732	38.58737540061033	242	3775	1.305774229710343	2.00 1.50 1.20 1.05
fd1cfbb2	ok	3265814.9	3265814.9	3267840.1	-0.06197365654458388	37.76	1.1121255853680085	0.04619716927322326	0.06197365654458387	0.015776487271360613	0	<ORIGINAL_WORKSPACE>/OpenROAD-flow-scripts/flow/reports/nangate45/swerv_wrapper/place_batch_20260421_220319/dpl_evolve_baseline/openroad_dpl_hpwl_only_9case_bo_place_batch_20260421_220319_swerv_wrapper_nangate45_trial_fd1cfbb2_1f07ba450b41/metrics.json	21	omit	0	0.382396722697737	0.34273033629185323	1.7288684994021475	36.46976207297186	563	3746	1.24253754204271	1.50 1.25 1.10 1.04
fdf1e848	ok	3266550.0	3266550.0	3267840.1	-0.03947867583851771	35.639	1.0496568786263365	0.03947867583851771	0.03947867583851771	0.0	0	<ORIGINAL_WORKSPACE>/OpenROAD-flow-scripts/flow/reports/nangate45/swerv_wrapper/place_batch_20260421_220319/dpl_evolve_baseline/openroad_dpl_hpwl_only_9case_bo_place_batch_20260421_220319_swerv_wrapper_nangate45_trial_fdf1e848_5a25989ff40f/metrics.json	71	1024	1	0.24265430089369797	0.8050246772875892	0.9117794938790236	9.115492737997226	426	3340	1.6102310769457207	2.00 1.50 1.20 1.05
fdf57d28	ok	3271451.1	3271451.1	3267840.1	0.11050112274465326	38.917	1.1462021029069596	-0.17015946151773823	-0.11050112274465326	0.05965833877308496	0	<ORIGINAL_WORKSPACE>/OpenROAD-flow-scripts/flow/reports/nangate45/swerv_wrapper/place_batch_20260421_220319/dpl_evolve_baseline/openroad_dpl_hpwl_only_9case_bo_place_batch_20260421_220319_swerv_wrapper_nangate45_trial_fdf57d28_ee8b0465a9a2/metrics.json	25	64	1	0.31058725179421	1.9648348985858857	0.5699454691956887	80.04800174568172	411	3652	1.3665566438512344	1.75 1.35 1.15 1.05
fdfea542	ok	3267164.3	3267164.3	3267840.1	-0.02068032643336127	39.164	1.1534768650781964	-0.04826118851483397	0.02068032643336127	0.06894151494819524	0	<ORIGINAL_WORKSPACE>/OpenROAD-flow-scripts/flow/reports/nangate45/swerv_wrapper/place_batch_20260421_220319/dpl_evolve_baseline/openroad_dpl_hpwl_only_9case_bo_place_batch_20260421_220319_swerv_wrapper_nangate45_trial_fdfea542_8ac61061aafe/metrics.json	34	omit	0	0.5040552332821059	0.052708719412323975	1.921471002605902	100.41732772556425	757	2843	1.0118719204517745	omit
feb410f9	ok	3267715.7	3267715.7	3267840.1	-0.0038067958098655704	38.335	1.129060760462993	-0.033860644190795805	0.0038067958098655704	0.03766744000066138	0	<ORIGINAL_WORKSPACE>/OpenROAD-flow-scripts/flow/reports/nangate45/swerv_wrapper/place_batch_20260421_220319/dpl_evolve_baseline/openroad_dpl_hpwl_only_9case_bo_place_batch_20260421_220319_swerv_wrapper_nangate45_trial_feb410f9_ddc1982795c1/metrics.json	62	1024	1	0.3674150962487739	0.860566096431976	1.7267413942230074	45.53034255000262	649	1105	1.0215134875315808	1.50 1.25 1.10 1.04
fed5d8f9	ok	3266440.5	3266440.5	3267840.1	-0.04282951298627167	35.469	1.0446499572939063	0.04282951298627167	0.04282951298627167	0.0	0	<ORIGINAL_WORKSPACE>/OpenROAD-flow-scripts/flow/reports/nangate45/swerv_wrapper/place_batch_20260421_220319/dpl_evolve_baseline/openroad_dpl_hpwl_only_9case_bo_place_batch_20260421_220319_swerv_wrapper_nangate45_trial_fed5d8f9_086ffb94cee3/metrics.json	107	omit	0	0.5896707818266658	0.2598779789686369	1.5643999331434675	29.714610838830197	500	2186	1.3566231233400166	2.00 1.50 1.20 1.05
fef3f6a9	ok	3269950.1	3269950.1	3267840.1	0.0645686427558068	38.483	1.1334197272700497	-0.10784400777721823	-0.0645686427558068	0.043275365021411424	0	<ORIGINAL_WORKSPACE>/OpenROAD-flow-scripts/flow/reports/nangate45/swerv_wrapper/place_batch_20260421_220319/dpl_evolve_baseline/openroad_dpl_hpwl_only_9case_bo_place_batch_20260421_220319_swerv_wrapper_nangate45_trial_fef3f6a9_85eff4457713/metrics.json	4	512 64	0	0.30747621679797	0.11293407297958721	1.3461815273271276	3.5908032688423717	349	3674	1.1524099985152332	1.50 1.25 1.10 1.04
ff5b8d54	ok	3267664.0	3267664.0	3267840.1	-0.005388880563650992	36.286	1.068712632167997	0.005388880563650992	0.005388880563650992	0.0	0	<ORIGINAL_WORKSPACE>/OpenROAD-flow-scripts/flow/reports/nangate45/swerv_wrapper/place_batch_20260421_220319/dpl_evolve_baseline/openroad_dpl_hpwl_only_9case_bo_place_batch_20260421_220319_swerv_wrapper_nangate45_trial_ff5b8d54_85725264da0f/metrics.json	124	1024	1	0.2896492385098621	0.32163377724246606	1.3133632777476876	77.62475909714989	227	2094	1.7160856309388541	2.00 1.50 1.20 1.05
ff97b5e2	ok	3266090.4	3266090.4	3267840.1	-0.053543011483339904	38.189	1.1247606986127883	0.021418330552572362	0.053543011483339904	0.03212468093076754	0	<ORIGINAL_WORKSPACE>/OpenROAD-flow-scripts/flow/reports/nangate45/swerv_wrapper/place_batch_20260421_220319/dpl_evolve_baseline/openroad_dpl_hpwl_only_9case_bo_place_batch_20260421_220319_swerv_wrapper_nangate45_trial_ff97b5e2_8073f3d470b4/metrics.json	128	omit	1	0.7958452815682082	0.3481067694610186	1.7896306895276783	9.961956060805143	207	2805	1.6856540200909536	2.00 1.50 1.20 1.05
ffc2ec1e	ok	3275632.7	3275632.7	3267840.1	0.23846332016061902	36.994	1.089564986893647	-0.23846332016061902	-0.23846332016061902	0.0	0	<ORIGINAL_WORKSPACE>/OpenROAD-flow-scripts/flow/reports/nangate45/swerv_wrapper/place_batch_20260421_220319/dpl_evolve_baseline/openroad_dpl_hpwl_only_9case_bo_place_batch_20260421_220319_swerv_wrapper_nangate45_trial_ffc2ec1e_0477f1be8bd8/metrics.json	104	256 32	1	0.49958417067888605	1.4571713359491925	0.45597915489714336	37.20503375658461	1030	1722	1.6166850671552362	1.04
