trial	status	score	hpwl_final	hpwl_ref	hpwl_delta_percent	runtime	runtime_ratio	gain_hr	hpwl_gain_percent	runtime_penalty_pp	legalize_exit_status	metrics_path	improve_random_seed	improve_max_displacement	improve_enable_extra_dpl	global_swap_tradeoff	global_swap_area_weight	global_swap_pin_weight	global_swap_congestion_user_weight	global_swap_sampling_moves	global_swap_normalization_interval	global_swap_profiling_excess	global_swap_budget_multipliers
002048b6	ok	915927.5	915927.5	913899.8	0.22187333884961494	56.967	0.9930446606003556	-0.22187333884961494	-0.22187333884961494	0.0	0	<ORIGINAL_WORKSPACE>/OpenROAD-flow-scripts/flow/reports/asap7/swerv_wrapper/place_batch_20260421_220319/dpl_evolve_baseline/openroad_dpl_hpwl_only_9case_bo_place_batch_20260421_220319_swerv_wrapper_asap7_trial_002048b6_d084289fe04d/metrics.json	26	256 32	1	0.7039233482652326	1.7242324642167886	1.5648612031544606	48.82000019377509	796	186	1.7501942490770028	omit
013998b7	ok	913811.1	913811.1	913899.8	-0.009705659198094786	61.779	1.0769270996757663	0.009705659198094786	0.009705659198094786	0.0	0	<ORIGINAL_WORKSPACE>/OpenROAD-flow-scripts/flow/reports/asap7/swerv_wrapper/place_batch_20260421_220319/dpl_evolve_baseline/openroad_dpl_hpwl_only_9case_bo_place_batch_20260421_220319_swerv_wrapper_asap7_trial_013998b7_bc8dd8c881ce/metrics.json	19	1024	1	0.17863279735028045	0.8220703935559827	0.9195311251640249	98.34834780196434	556	1841	1.007084378195485	omit
01c9f6a7	ok	913911.7	913911.7	913899.8	0.0013021121133746684	57.97	1.010528884705226	-0.0013021121133746684	-0.0013021121133746684	0.0	0	<ORIGINAL_WORKSPACE>/OpenROAD-flow-scripts/flow/reports/asap7/swerv_wrapper/place_batch_20260421_220319/dpl_evolve_baseline/openroad_dpl_hpwl_only_9case_bo_place_batch_20260421_220319_swerv_wrapper_asap7_trial_01c9f6a7_006a748b6b95/metrics.json	35	512	1	0.6292622976475146	1.280786142011524	0.05766073531298089	132.95223415592065	78	3883	1.1608168536107824	1.75 1.35 1.15 1.05
01e16dea	ok	914080.1	914080.1	913899.8	0.01972863983556295	57.124	0.9957814733465816	-0.01972863983556295	-0.01972863983556295	0.0	0	<ORIGINAL_WORKSPACE>/OpenROAD-flow-scripts/flow/reports/asap7/swerv_wrapper/place_batch_20260421_220319/dpl_evolve_baseline/openroad_dpl_hpwl_only_9case_bo_place_batch_20260421_220319_swerv_wrapper_asap7_trial_01e16dea_c703cec07d9a/metrics.json	83	512	1	0.486259563739746	0.7989622151755247	0.08214746369055984	120.2628175573253	711	3593	1.238111567368026	1.25 1.10 1.04
01e6d2c2	ok	913838.3	913838.3	913899.8	-0.00672940293892175	63.372	1.104696161489384	0.0006090037027104197	0.00672940293892175	0.00612039923621133	0	<ORIGINAL_WORKSPACE>/OpenROAD-flow-scripts/flow/reports/asap7/swerv_wrapper/place_batch_20260421_220319/dpl_evolve_baseline/openroad_dpl_hpwl_only_9case_bo_place_batch_20260421_220319_swerv_wrapper_asap7_trial_01e6d2c2_80e2c1af8588/metrics.json	14	1024	1	0.5058685475826816	1.460580520389851	0.5354928778085888	124.65206431523559	81	2403	1.2409249244203537	2.00 1.50 1.20 1.05
03168cfd	ok	913983.7	913983.7	913899.8	0.00918043750528306	57.689	1.005630512847331	-0.009180437505283058	-0.009180437505283058	0.0	0	<ORIGINAL_WORKSPACE>/OpenROAD-flow-scripts/flow/reports/asap7/swerv_wrapper/place_batch_20260421_220319/dpl_evolve_baseline/openroad_dpl_hpwl_only_9case_bo_place_batch_20260421_220319_swerv_wrapper_asap7_trial_03168cfd_2dc517b8c004/metrics.json	19	512 64	0	0.651304332340991	1.407033976305306	1.2399695846609278	119.94228926040421	89	3104	1.731728600739527	1.04
051436f4	ok	915907.4	915907.4	913899.8	0.21967397301104305	60.169	1.0488616950807097	-0.21967397301104308	-0.21967397301104308	0.0	0	<ORIGINAL_WORKSPACE>/OpenROAD-flow-scripts/flow/reports/asap7/swerv_wrapper/place_batch_20260421_220319/dpl_evolve_baseline/openroad_dpl_hpwl_only_9case_bo_place_batch_20260421_220319_swerv_wrapper_asap7_trial_051436f4_d68c4a2295dc/metrics.json	16	256 32	1	0.7314288020527508	1.2890967853725304	1.7364602452086768	41.44819368557824	267	2053	1.2176278313467894	omit
05aa95a8	ok	914545.2	914545.2	913899.8	0.07062043344356862	67.139	1.1703622354704877	-0.1609968397477633	-0.07062043344356864	0.09037640630419466	0	<ORIGINAL_WORKSPACE>/OpenROAD-flow-scripts/flow/reports/asap7/swerv_wrapper/place_batch_20260421_220319/dpl_evolve_baseline/openroad_dpl_hpwl_only_9case_bo_place_batch_20260421_220319_swerv_wrapper_asap7_trial_05aa95a8_2b7e9be9fd53/metrics.json	3	128	1	0.6412835469327307	1.551595026993422	0.07697500671241135	121.10813540353575	238	1733	1.1802566259693488	1.50 1.25 1.10 1.04
087e2a63	ok	913811.1	913811.1	913899.8	-0.009705659198094786	58.336	1.0169089704703134	0.009705659198094786	0.009705659198094786	0.0	0	<ORIGINAL_WORKSPACE>/OpenROAD-flow-scripts/flow/reports/asap7/swerv_wrapper/place_batch_20260421_220319/dpl_evolve_baseline/openroad_dpl_hpwl_only_9case_bo_place_batch_20260421_220319_swerv_wrapper_asap7_trial_087e2a63_2ab737b64f2a/metrics.json	19	1024	1	0.7380814359544697	1.3203073477119662	0.6586996007905567	104.26079258040807	399	2894	1.1581777642815916	1.50 1.25 1.10 1.04
0892b8e1	ok	914128.2	914128.2	913899.8	0.024991798882099205	60.878	1.0612209322595265	-0.024991798882099202	-0.024991798882099202	0.0	0	<ORIGINAL_WORKSPACE>/OpenROAD-flow-scripts/flow/reports/asap7/swerv_wrapper/place_batch_20260421_220319/dpl_evolve_baseline/openroad_dpl_hpwl_only_9case_bo_place_batch_20260421_220319_swerv_wrapper_asap7_trial_0892b8e1_5a3c7acf954e/metrics.json	30	1024	0	0.46280678316421564	1.810459352306792	0.5258294740408864	134.93742167200693	97	3471	1.0099943284356891	1.75 1.35 1.15 1.05
08b3276b	ok	913915.0	913915.0	913899.8	0.0016632020271755649	61.369	1.0697800090646028	-0.0016632020271755649	-0.0016632020271755649	0.0	0	<ORIGINAL_WORKSPACE>/OpenROAD-flow-scripts/flow/reports/asap7/swerv_wrapper/place_batch_20260421_220319/dpl_evolve_baseline/openroad_dpl_hpwl_only_9case_bo_place_batch_20260421_220319_swerv_wrapper_asap7_trial_08b3276b_723221f9da1f/metrics.json	2	1024	1	0.6576974391095751	1.7826702994573322	0.34554980306716765	107.51005862922815	149	3909	1.3467256616691796	2.00 1.50 1.20 1.05
08dc048a	ok	914073.2	914073.2	913899.8	0.018973633652169183	63.443	1.1059338284000977	-0.026704888537890582	-0.018973633652169183	0.007731254885721397	0	<ORIGINAL_WORKSPACE>/OpenROAD-flow-scripts/flow/reports/asap7/swerv_wrapper/place_batch_20260421_220319/dpl_evolve_baseline/openroad_dpl_hpwl_only_9case_bo_place_batch_20260421_220319_swerv_wrapper_asap7_trial_08dc048a_ef796f8a1614/metrics.json	12	omit	1	0.8562003904431807	0.9663975895917092	0.768739919728139	58.665808111686104	275	934	1.7684263654111043	1.50 1.25 1.10 1.04
08f4f320	ok	914039.7	914039.7	913899.8	0.015308023921211807	55.023	0.9591569919464492	-0.015308023921211807	-0.015308023921211807	0.0	0	<ORIGINAL_WORKSPACE>/OpenROAD-flow-scripts/flow/reports/asap7/swerv_wrapper/place_batch_20260421_220319/dpl_evolve_baseline/openroad_dpl_hpwl_only_9case_bo_place_batch_20260421_220319_swerv_wrapper_asap7_trial_08f4f320_8db694a00188/metrics.json	9	1024 128	1	0.7664121519429993	1.152690269855202	1.1117959838681426	109.72885186821813	102	1651	1.6229201477892905	1.10 1.04
09179606	ok	914008.1	914008.1	913899.8	0.011850314443654562	68.61	1.1960046020290764	-0.13448448768877622	-0.011850314443654562	0.12263417324512164	0	<ORIGINAL_WORKSPACE>/OpenROAD-flow-scripts/flow/reports/asap7/swerv_wrapper/place_batch_20260421_220319/dpl_evolve_baseline/openroad_dpl_hpwl_only_9case_bo_place_batch_20260421_220319_swerv_wrapper_asap7_trial_09179606_a35849463894/metrics.json	3	1024	1	0.45521458309940893	1.3239030725845198	0.3377441848979408	96.84443846310472	191	2161	1.1575932338348485	1.04
092a6a7b	ok	913770.5	913770.5	913899.8	-0.014148159349640579	58.377	1.0176236795314297	0.014148159349640579	0.014148159349640579	0.0	0	<ORIGINAL_WORKSPACE>/OpenROAD-flow-scripts/flow/reports/asap7/swerv_wrapper/place_batch_20260421_220319/dpl_evolve_baseline/openroad_dpl_hpwl_only_9case_bo_place_batch_20260421_220319_swerv_wrapper_asap7_trial_092a6a7b_e2408bf5e395/metrics.json	9	1024	1	0.6348488818168385	1.5575925481350306	0.17920875066228328	128.78966617093062	347	3216	1.0637734126007876	1.25 1.10 1.04
092c68a5	ok	915715.0	915715.0	913899.8	0.19862133682488534	59.734	1.0412788062615488	-0.19862133682488534	-0.19862133682488534	0.0	0	<ORIGINAL_WORKSPACE>/OpenROAD-flow-scripts/flow/reports/asap7/swerv_wrapper/place_batch_20260421_220319/dpl_evolve_baseline/openroad_dpl_hpwl_only_9case_bo_place_batch_20260421_220319_swerv_wrapper_asap7_trial_092c68a5_88fb282cdf8d/metrics.json	32	64	1	0.10047324469720875	1.1621226357736834	0.39084980623753307	119.22475806672654	182	3527	1.5215339341668745	1.50 1.25 1.10 1.04
0ae9decb	ok	914531.6	914531.6	913899.8	0.06913230531398848	56.36	0.9824634801101698	-0.06913230531398848	-0.06913230531398848	0.0	0	<ORIGINAL_WORKSPACE>/OpenROAD-flow-scripts/flow/reports/asap7/swerv_wrapper/place_batch_20260421_220319/dpl_evolve_baseline/openroad_dpl_hpwl_only_9case_bo_place_batch_20260421_220319_swerv_wrapper_asap7_trial_0ae9decb_26c7aa9486d6/metrics.json	17	128	1	0.7171003527060827	1.8289434402686278	1.7025645985045055	81.95127300047005	215	1894	1.9624119666980795	2.00 1.50 1.20 1.05
0b6eae75	ok	913965.8	913965.8	913899.8	0.007221798275916024	63.386	1.1049402084858628	-0.013659902416535514	-0.007221798275916024	0.00643810414061949	0	<ORIGINAL_WORKSPACE>/OpenROAD-flow-scripts/flow/reports/asap7/swerv_wrapper/place_batch_20260421_220319/dpl_evolve_baseline/openroad_dpl_hpwl_only_9case_bo_place_batch_20260421_220319_swerv_wrapper_asap7_trial_0b6eae75_074d75e0976d/metrics.json	23	1024	1	0.5391127969381625	1.4903348869620994	1.1650161282409124	134.48746189845232	431	455	1.9720422842913874	1.10 1.04
0c5026f9	ok	914370.6	914370.6	913899.8	0.05151549436819334	56.371	0.9826552313216889	-0.05151549436819333	-0.05151549436819333	0.0	0	<ORIGINAL_WORKSPACE>/OpenROAD-flow-scripts/flow/reports/asap7/swerv_wrapper/place_batch_20260421_220319/dpl_evolve_baseline/openroad_dpl_hpwl_only_9case_bo_place_batch_20260421_220319_swerv_wrapper_asap7_trial_0c5026f9_112779a4046d/metrics.json	112	512 64	1	0.2280230253181148	0.09537550601116355	0.4052233494134365	62.132375696459135	817	2956	1.0836907793806745	omit
0c60b37d	ok	917493.6	917493.6	913899.8	0.39323785824221974	59.27	1.03319039152111	-0.39323785824221974	-0.39323785824221974	0.0	0	<ORIGINAL_WORKSPACE>/OpenROAD-flow-scripts/flow/reports/asap7/swerv_wrapper/place_batch_20260421_220319/dpl_evolve_baseline/openroad_dpl_hpwl_only_9case_bo_place_batch_20260421_220319_swerv_wrapper_asap7_trial_0c60b37d_a5a2a322224e/metrics.json	48	128 16	0	0.8783794421361847	1.8717296846276315	0.3966260837107015	86.07490724007428	736	138	1.8746656888513373	1.50 1.25 1.10 1.04
0da3f48c	ok	914549.2	914549.2	913899.8	0.07105811818756354	57.361	0.9999128403584004	-0.07105811818756354	-0.07105811818756354	0.0	0	<ORIGINAL_WORKSPACE>/OpenROAD-flow-scripts/flow/reports/asap7/swerv_wrapper/place_batch_20260421_220319/dpl_evolve_baseline/openroad_dpl_hpwl_only_9case_bo_place_batch_20260421_220319_swerv_wrapper_asap7_trial_0da3f48c_aed8075778c5/metrics.json	58	128	1	0.42860754696417336	0.392449218546567	0.06726107236642014	143.13750682175186	197	3768	1.1548168820216866	1.75 1.35 1.15 1.05
0f604fae	ok	913975.8	913975.8	913899.8	0.008316010135903301	58.315	1.0165428999755952	-0.008316010135903301	-0.008316010135903301	0.0	0	<ORIGINAL_WORKSPACE>/OpenROAD-flow-scripts/flow/reports/asap7/swerv_wrapper/place_batch_20260421_220319/dpl_evolve_baseline/openroad_dpl_hpwl_only_9case_bo_place_batch_20260421_220319_swerv_wrapper_asap7_trial_0f604fae_ee28df32352a/metrics.json	119	1024	0	0.6390741364153272	0.16987157114582102	0.44947113231778907	90.65553670077144	613	3681	1.0104664469541533	1.50 1.25 1.10 1.04
107d8d35	ok	913825.6	913825.6	913899.8	-0.008119052001113234	62.262	1.085346721054283	0.008119052001113234	0.008119052001113234	0.0	0	<ORIGINAL_WORKSPACE>/OpenROAD-flow-scripts/flow/reports/asap7/swerv_wrapper/place_batch_20260421_220319/dpl_evolve_baseline/openroad_dpl_hpwl_only_9case_bo_place_batch_20260421_220319_swerv_wrapper_asap7_trial_107d8d35_cabab1ce4c41/metrics.json	56	512	1	0.42554018338365096	0.7732364420702534	0.6391450239864308	105.63514015783117	441	3812	1.2465769313108646	1.75 1.35 1.15 1.05
10b658c0	ok	917887.0	917887.0	913899.8	0.43628415281412175	58.853	1.0259212774117072	-0.43628415281412175	-0.43628415281412175	0.0	0	<ORIGINAL_WORKSPACE>/OpenROAD-flow-scripts/flow/reports/asap7/swerv_wrapper/place_batch_20260421_220319/dpl_evolve_baseline/openroad_dpl_hpwl_only_9case_bo_place_batch_20260421_220319_swerv_wrapper_asap7_trial_10b658c0_b9b1fdca4d25/metrics.json	126	32	1	0.9344219049924902	0.09481989309591485	0.5533036574299156	67.39151069027766	836	2871	1.1347287864652604	omit
136c7618	ok	914294.0	914294.0	913899.8	0.04313383152069335	61.592	1.0736673290799428	-0.04313383152069334	-0.04313383152069334	0.0	0	<ORIGINAL_WORKSPACE>/OpenROAD-flow-scripts/flow/reports/asap7/swerv_wrapper/place_batch_20260421_220319/dpl_evolve_baseline/openroad_dpl_hpwl_only_9case_bo_place_batch_20260421_220319_swerv_wrapper_asap7_trial_136c7618_a30704d57ee1/metrics.json	122	1024	1	0.7968786811363184	0.42597772838109843	0.26850563608062905	32.674274371633715	534	3169	1.210983928632131	omit
1393acf4	ok	913949.2	913949.2	913899.8	0.0054054065883269555	59.298	1.0336784855140677	-0.005405406588326955	-0.005405406588326955	0.0	0	<ORIGINAL_WORKSPACE>/OpenROAD-flow-scripts/flow/reports/asap7/swerv_wrapper/place_batch_20260421_220319/dpl_evolve_baseline/openroad_dpl_hpwl_only_9case_bo_place_batch_20260421_220319_swerv_wrapper_asap7_trial_1393acf4_b443e63edc60/metrics.json	4	omit	1	0.4083280639692018	0.8228694310399618	1.6470069459929992	57.64172295518312	61	3015	1.3960665294366865	omit
13b20fb9	ok	913813.2	913813.2	913899.8	-0.009475874707500005	67.376	1.1744936024823067	-0.08612144786784198	0.009475874707500005	0.095597322575342	0	<ORIGINAL_WORKSPACE>/OpenROAD-flow-scripts/flow/reports/asap7/swerv_wrapper/place_batch_20260421_220319/dpl_evolve_baseline/openroad_dpl_hpwl_only_9case_bo_place_batch_20260421_220319_swerv_wrapper_asap7_trial_13b20fb9_7699db795402/metrics.json	57	1024	1	0.05574821898376065	0.44555961673259514	1.453985150734729	128.645695754946	373	1528	1.033425935305288	1.75 1.35 1.15 1.05
142441b5	ok	919053.2	919053.2	913899.8	0.5638911399258328	56.381	0.982829550604888	-0.5638911399258328	-0.5638911399258328	0.0	0	<ORIGINAL_WORKSPACE>/OpenROAD-flow-scripts/flow/reports/asap7/swerv_wrapper/place_batch_20260421_220319/dpl_evolve_baseline/openroad_dpl_hpwl_only_9case_bo_place_batch_20260421_220319_swerv_wrapper_asap7_trial_142441b5_31cbb162501a/metrics.json	17	64 8	1	0.6913794765787533	1.7700745280574721	0.1818462158356862	118.99732324924321	633	2617	1.2432912691348679	1.50 1.25 1.10 1.04
146c8fe7	ok	914446.8	914446.8	913899.8	0.059853388741304026	65.297	1.1382526235052122	-0.10933381006527976	-0.05985338874130402	0.04948042132397574	0	<ORIGINAL_WORKSPACE>/OpenROAD-flow-scripts/flow/reports/asap7/swerv_wrapper/place_batch_20260421_220319/dpl_evolve_baseline/openroad_dpl_hpwl_only_9case_bo_place_batch_20260421_220319_swerv_wrapper_asap7_trial_146c8fe7_91195796192f/metrics.json	12	512 64	1	0.274706334305816	1.7523129234022035	0.10118456302622558	124.94478262484502	212	3172	1.1358625257100379	1.50 1.25 1.10 1.04
14da056f	ok	913954.7	913954.7	913899.8	0.0060072231113199575	61.332	1.069135027716766	-0.006007223111319957	-0.006007223111319957	0.0	0	<ORIGINAL_WORKSPACE>/OpenROAD-flow-scripts/flow/reports/asap7/swerv_wrapper/place_batch_20260421_220319/dpl_evolve_baseline/openroad_dpl_hpwl_only_9case_bo_place_batch_20260421_220319_swerv_wrapper_asap7_trial_14da056f_a3da223c7f5b/metrics.json	1	1024	1	0.6995470957664227	1.900918103276903	0.6369586095049106	147.89858972060568	239	2555	1.3510286083903706	1.04
154981dd	ok	913617.6	913617.6	913899.8	-0.030878658688848586	64.134	1.117979290869156	0.0075167545004874645	0.030878658688848586	0.02336190418836112	0	<ORIGINAL_WORKSPACE>/OpenROAD-flow-scripts/flow/reports/asap7/swerv_wrapper/place_batch_20260421_220319/dpl_evolve_baseline/openroad_dpl_hpwl_only_9case_bo_place_batch_20260421_220319_swerv_wrapper_asap7_trial_154981dd_7f859660ab10/metrics.json	5	1024	1	0.5588320989095646	1.6579112550311765	0.351155189432966	135.26064205787895	167	2346	1.2830493079564866	1.04
1596ce6f	ok	913944.4	913944.4	913899.8	0.004880184895540705	61.18	1.0664853746121397	-0.004880184895540705	-0.004880184895540705	0.0	0	<ORIGINAL_WORKSPACE>/OpenROAD-flow-scripts/flow/reports/asap7/swerv_wrapper/place_batch_20260421_220319/dpl_evolve_baseline/openroad_dpl_hpwl_only_9case_bo_place_batch_20260421_220319_swerv_wrapper_asap7_trial_1596ce6f_b3521ce951ce/metrics.json	49	512	0	0.19498362987613369	1.6457057991100226	0.1482486117097404	114.50387248511076	231	3896	1.6608848296306367	2.00 1.50 1.20 1.05
15d3d299	ok	914108.7	914108.7	913899.8	0.022858085755124016	63.955	1.114858975699892	-0.04217906493103085	-0.022858085755124016	0.019320979175906833	0	<ORIGINAL_WORKSPACE>/OpenROAD-flow-scripts/flow/reports/asap7/swerv_wrapper/place_batch_20260421_220319/dpl_evolve_baseline/openroad_dpl_hpwl_only_9case_bo_place_batch_20260421_220319_swerv_wrapper_asap7_trial_15d3d299_c6068c8dfcf3/metrics.json	42	1024	0	0.11077134390641413	1.711557879300764	0.08980204299175448	112.26639574160484	335	1754	1.4624764560788728	1.10 1.04
18110f17	ok	913945.3	913945.3	913899.8	0.0049786639629421075	59.434	1.0360492277655753	-0.0049786639629421075	-0.0049786639629421075	0.0	0	<ORIGINAL_WORKSPACE>/OpenROAD-flow-scripts/flow/reports/asap7/swerv_wrapper/place_batch_20260421_220319/dpl_evolve_baseline/openroad_dpl_hpwl_only_9case_bo_place_batch_20260421_220319_swerv_wrapper_asap7_trial_18110f17_62f69259cddd/metrics.json	123	1024	1	0.7579466195398936	0.8852572572778236	0.8266313459372239	121.7148216449626	211	3284	1.1105935489495513	1.50 1.25 1.10 1.04
186a4d3e	ok	913813.2	913813.2	913899.8	-0.009475874707500005	59.501	1.0372171669630095	0.009475874707500005	0.009475874707500005	0.0	0	<ORIGINAL_WORKSPACE>/OpenROAD-flow-scripts/flow/reports/asap7/swerv_wrapper/place_batch_20260421_220319/dpl_evolve_baseline/openroad_dpl_hpwl_only_9case_bo_place_batch_20260421_220319_swerv_wrapper_asap7_trial_186a4d3e_e5f284bc5e63/metrics.json	57	1024	0	0.8941554834310186	1.4375047355780135	0.14244789355667326	69.265653290237	300	684	1.765601529805759	2.00 1.50 1.20 1.05
18753470	ok	913851.2	913851.2	913899.8	-0.005317869639548354	59.224	1.0323885228183942	0.005317869639548354	0.005317869639548354	0.0	0	<ORIGINAL_WORKSPACE>/OpenROAD-flow-scripts/flow/reports/asap7/swerv_wrapper/place_batch_20260421_220319/dpl_evolve_baseline/openroad_dpl_hpwl_only_9case_bo_place_batch_20260421_220319_swerv_wrapper_asap7_trial_18753470_f4bd28d5928e/metrics.json	38	omit	1	0.8762691639478499	0.7083549759843678	1.383911046324766	148.90279299207089	129	1766	1.3222237456923285	omit
19e65f2e	ok	913802.4	913802.4	913899.8	-0.01065762351627862	59.736	1.0413136701181884	0.01065762351627862	0.01065762351627862	0.0	0	<ORIGINAL_WORKSPACE>/OpenROAD-flow-scripts/flow/reports/asap7/swerv_wrapper/place_batch_20260421_220319/dpl_evolve_baseline/openroad_dpl_hpwl_only_9case_bo_place_batch_20260421_220319_swerv_wrapper_asap7_trial_19e65f2e_cdf6e991c21b/metrics.json	20	512	1	0.6949134843071563	1.4143108866097112	0.4874765346172827	97.33516794509734	701	102	1.8792101259595384	omit
19fc080c	ok	914498.0	914498.0	913899.8	0.06545575346443379	59.486	1.0369556880382107	-0.06545575346443379	-0.06545575346443379	0.0	0	<ORIGINAL_WORKSPACE>/OpenROAD-flow-scripts/flow/reports/asap7/swerv_wrapper/place_batch_20260421_220319/dpl_evolve_baseline/openroad_dpl_hpwl_only_9case_bo_place_batch_20260421_220319_swerv_wrapper_asap7_trial_19fc080c_aeaf92b598ad/metrics.json	71	512 64	1	0.7440294721860655	1.6281593931009115	0.5434907064086972	84.18377343432736	200	886	1.78852289661703	omit
1ad28ce8	ok	913955.6	913955.6	913899.8	0.00610570217872136	57.981	1.010720635916745	-0.00610570217872136	-0.00610570217872136	0.0	0	<ORIGINAL_WORKSPACE>/OpenROAD-flow-scripts/flow/reports/asap7/swerv_wrapper/place_batch_20260421_220319/dpl_evolve_baseline/openroad_dpl_hpwl_only_9case_bo_place_batch_20260421_220319_swerv_wrapper_asap7_trial_1ad28ce8_ec0d7d5bfe7f/metrics.json	128	1024	1	0.9332590420846449	0.1679635361231194	0.4004977893421474	136.80016136149163	493	3187	1.1750835623367624	omit
1ae0dfee	ok	913770.5	913770.5	913899.8	-0.014148159349640579	60.432	1.0534462922288463	0.014148159349640579	0.014148159349640579	0.0	0	<ORIGINAL_WORKSPACE>/OpenROAD-flow-scripts/flow/reports/asap7/swerv_wrapper/place_batch_20260421_220319/dpl_evolve_baseline/openroad_dpl_hpwl_only_9case_bo_place_batch_20260421_220319_swerv_wrapper_asap7_trial_1ae0dfee_14b8e5564bfe/metrics.json	9	1024	1	0.7058475300007897	1.5838387343550402	1.4799093333269555	105.10328817132702	588	571	1.92111744351137	omit
1b2f4df8	ok	913875.0	913875.0	913899.8	-0.002713645412773541	57.5	1.0023358783948682	0.002713645412773541	0.002713645412773541	0.0	0	<ORIGINAL_WORKSPACE>/OpenROAD-flow-scripts/flow/reports/asap7/swerv_wrapper/place_batch_20260421_220319/dpl_evolve_baseline/openroad_dpl_hpwl_only_9case_bo_place_batch_20260421_220319_swerv_wrapper_asap7_trial_1b2f4df8_a43bb9ede7b2/metrics.json	28	omit	1	0.8891720914732912	1.8837627941543262	1.5745290025907053	74.11109219872174	715	1439	1.8682160521775628	2.00 1.50 1.20 1.05
1bbc8810	ok	913967.9	913967.9	913899.8	0.007451582766510805	61.009	1.0635045148694349	-0.007451582766510805	-0.007451582766510805	0.0	0	<ORIGINAL_WORKSPACE>/OpenROAD-flow-scripts/flow/reports/asap7/swerv_wrapper/place_batch_20260421_220319/dpl_evolve_baseline/openroad_dpl_hpwl_only_9case_bo_place_batch_20260421_220319_swerv_wrapper_asap7_trial_1bbc8810_5d5469143d7e/metrics.json	60	512	1	0.4717734235150348	1.5396931697578826	0.439875673744766	139.88113974774745	387	3228	1.2738948684715918	2.50 1.75 1.25 1.08
1c329ffb	ok	914000.1	914000.1	913899.8	0.01097494495566474	65.632	1.1440923194923824	-0.06793552492530705	-0.01097494495566474	0.05696057996964231	0	<ORIGINAL_WORKSPACE>/OpenROAD-flow-scripts/flow/reports/asap7/swerv_wrapper/place_batch_20260421_220319/dpl_evolve_baseline/openroad_dpl_hpwl_only_9case_bo_place_batch_20260421_220319_swerv_wrapper_asap7_trial_1c329ffb_2d6125b09c9e/metrics.json	6	1024	1	0.28828001141760806	1.8482811011622422	0.398202291247625	130.52506801098085	568	2283	1.36080866088262	1.50 1.25 1.10 1.04
1c34461a	ok	919053.7	919053.7	913899.8	0.5639458505188323	54.362	0.9476344873269882	-0.5639458505188322	-0.5639458505188322	0.0	0	<ORIGINAL_WORKSPACE>/OpenROAD-flow-scripts/flow/reports/asap7/swerv_wrapper/place_batch_20260421_220319/dpl_evolve_baseline/openroad_dpl_hpwl_only_9case_bo_place_batch_20260421_220319_swerv_wrapper_asap7_trial_1c34461a_d696d1c707b5/metrics.json	19	64 8	1	0.5374292719745406	1.6450463380319027	0.7198707976378131	132.44794113868986	123	3361	1.4382576053349159	1.75 1.35 1.15 1.05
1c865751	ok	913912.0	913912.0	913899.8	0.001334938469179382	61.22	1.067182651744936	-0.001334938469179382	-0.001334938469179382	0.0	0	<ORIGINAL_WORKSPACE>/OpenROAD-flow-scripts/flow/reports/asap7/swerv_wrapper/place_batch_20260421_220319/dpl_evolve_baseline/openroad_dpl_hpwl_only_9case_bo_place_batch_20260421_220319_swerv_wrapper_asap7_trial_1c865751_ccfac11644cb/metrics.json	21	omit	1	0.26307833051063945	1.7868576313389202	0.1844138804126274	137.7131163804376	51	2312	1.2255844867314427	1.25 1.10 1.04
1e129b96	ok	918124.2	918124.2	913899.8	0.4622388581330149	52.605	0.9170065892689049	-0.46223885813301485	-0.46223885813301485	0.0	0	<ORIGINAL_WORKSPACE>/OpenROAD-flow-scripts/flow/reports/asap7/swerv_wrapper/place_batch_20260421_220319/dpl_evolve_baseline/openroad_dpl_hpwl_only_9case_bo_place_batch_20260421_220319_swerv_wrapper_asap7_trial_1e129b96_b82b24ade532/metrics.json	128	32	1	0.7262869070766012	0.4365722760682088	0.833119507165245	134.24123258063366	564	3839	1.2737086142280498	1.75 1.35 1.15 1.05
1e58ea6c	ok	918944.1	918944.1	913899.8	0.5519532885333742	58.277	1.0158804866994386	-0.5519532885333742	-0.5519532885333742	0.0	0	<ORIGINAL_WORKSPACE>/OpenROAD-flow-scripts/flow/reports/asap7/swerv_wrapper/place_batch_20260421_220319/dpl_evolve_baseline/openroad_dpl_hpwl_only_9case_bo_place_batch_20260421_220319_swerv_wrapper_asap7_trial_1e58ea6c_9382bf9d2f32/metrics.json	63	64 8	0	0.3125013784920495	1.0090383394019893	1.364005565632892	115.52249344681383	200	189	1.5190823222119896	1.25 1.10 1.04
1fda9ac6	ok	913949.2	913949.2	913899.8	0.0054054065883269555	59.981	1.0455844925565667	-0.005405406588326955	-0.005405406588326955	0.0	0	<ORIGINAL_WORKSPACE>/OpenROAD-flow-scripts/flow/reports/asap7/swerv_wrapper/place_batch_20260421_220319/dpl_evolve_baseline/openroad_dpl_hpwl_only_9case_bo_place_batch_20260421_220319_swerv_wrapper_asap7_trial_1fda9ac6_8c63c3c5d199/metrics.json	4	omit	1	0.9175460474146152	1.4762765359440442	1.2003046224030514	144.6210146746008	380	2258	1.6445762445817849	1.50 1.25 1.10 1.04
2000b053	ok	915672.1	915672.1	913899.8	0.19392716794553738	57.634	1.004671756789736	-0.19392716794553735	-0.19392716794553735	0.0	0	<ORIGINAL_WORKSPACE>/OpenROAD-flow-scripts/flow/reports/asap7/swerv_wrapper/place_batch_20260421_220319/dpl_evolve_baseline/openroad_dpl_hpwl_only_9case_bo_place_batch_20260421_220319_swerv_wrapper_asap7_trial_2000b053_14069ab0c740/metrics.json	49	64	1	0.5895329342564035	0.27706198458003306	0.7672147463081818	131.27913055197013	179	3850	1.152302703881163	2.00 1.50 1.20 1.05
202c6d17	ok	913899.8	913899.8	913899.8	0.0	62.51	1.089669839277621	0.0	0.0	0.0	0	<ORIGINAL_WORKSPACE>/OpenROAD-flow-scripts/flow/reports/asap7/swerv_wrapper/place_batch_20260421_220319/dpl_evolve_baseline/openroad_dpl_hpwl_only_9case_bo_place_batch_20260421_220319_swerv_wrapper_asap7_trial_202c6d17_c657d6b39dc0/metrics.json	1	omit	0	0.05576597537503408	0.6080481736217359	0.48192907623858705	139.66874258883914	89	3790	1.0958804554969666	omit
20a71093	ok	913811.1	913811.1	913899.8	-0.009705659198094786	59.407	1.0355785657009378	0.009705659198094786	0.009705659198094786	0.0	0	<ORIGINAL_WORKSPACE>/OpenROAD-flow-scripts/flow/reports/asap7/swerv_wrapper/place_batch_20260421_220319/dpl_evolve_baseline/openroad_dpl_hpwl_only_9case_bo_place_batch_20260421_220319_swerv_wrapper_asap7_trial_20a71093_f4f9fb8e9de7/metrics.json	19	1024	0	0.4219901063864736	1.3857489128725304	0.8199706194078975	146.70016414607858	278	1573	1.6632269481668118	1.04
210a0849	ok	913945.6	913945.6	913899.8	0.005011490318734083	66.879	1.165829934107311	-0.08964969825126651	-0.005011490318734083	0.08463820793253242	0	<ORIGINAL_WORKSPACE>/OpenROAD-flow-scripts/flow/reports/asap7/swerv_wrapper/place_batch_20260421_220319/dpl_evolve_baseline/openroad_dpl_hpwl_only_9case_bo_place_batch_20260421_220319_swerv_wrapper_asap7_trial_210a0849_08b83c72a06f/metrics.json	10	512	1	0.38475913581865845	0.7623847405874464	0.8053531481005765	111.96808416569422	300	1803	1.476174085829705	1.50 1.25 1.10 1.04
2145b117	ok	914089.5	914089.5	913899.8	0.020757198983953538	64.538	1.1250217899103998	-0.05321872715026513	-0.020757198983953538	0.032461528166311586	0	<ORIGINAL_WORKSPACE>/OpenROAD-flow-scripts/flow/reports/asap7/swerv_wrapper/place_batch_20260421_220319/dpl_evolve_baseline/openroad_dpl_hpwl_only_9case_bo_place_batch_20260421_220319_swerv_wrapper_asap7_trial_2145b117_95dc8257842c/metrics.json	33	512	1	0.18073314370846222	1.9769942286008702	0.9305191961591701	89.31930578105509	187	3413	1.400921370942487	1.04
218772db	ok	916016.4	916016.4	913899.8	0.23160088228490439	59.657	1.0399365477809155	-0.23160088228490439	-0.23160088228490439	0.0	0	<ORIGINAL_WORKSPACE>/OpenROAD-flow-scripts/flow/reports/asap7/swerv_wrapper/place_batch_20260421_220319/dpl_evolve_baseline/openroad_dpl_hpwl_only_9case_bo_place_batch_20260421_220319_swerv_wrapper_asap7_trial_218772db_e91b6ba49cb4/metrics.json	50	256 32	1	0.776883049527799	1.147282906276873	0.5431974511710416	102.71040621477044	287	1000	1.5446649571708828	1.50 1.25 1.10 1.04
2222cc33	ok	913954.7	913954.7	913899.8	0.0060072231113199575	59.994	1.0458111076247254	-0.006007223111319957	-0.006007223111319957	0.0	0	<ORIGINAL_WORKSPACE>/OpenROAD-flow-scripts/flow/reports/asap7/swerv_wrapper/place_batch_20260421_220319/dpl_evolve_baseline/openroad_dpl_hpwl_only_9case_bo_place_batch_20260421_220319_swerv_wrapper_asap7_trial_2222cc33_4abf36186b0d/metrics.json	1	1024	1	0.65	0.8	0.9	55.0	400	800	1.2	1.75 1.35 1.15 1.05
229c9723	ok	916300.2	916300.2	913899.8	0.2626546148713356	57.137	0.9960080884147404	-0.2626546148713356	-0.2626546148713356	0.0	0	<ORIGINAL_WORKSPACE>/OpenROAD-flow-scripts/flow/reports/asap7/swerv_wrapper/place_batch_20260421_220319/dpl_evolve_baseline/openroad_dpl_hpwl_only_9case_bo_place_batch_20260421_220319_swerv_wrapper_asap7_trial_229c9723_3227454a8107/metrics.json	1	256 32	1	0.7568499050417615	1.859988993875188	0.10995968314717795	147.55859647394632	77	2863	1.498761874480161	1.75 1.35 1.15 1.05
229edb29	ok	913873.1	913873.1	913899.8	-0.002921545666173671	61.194	1.0667294216086185	0.002921545666173671	0.002921545666173671	0.0	0	<ORIGINAL_WORKSPACE>/OpenROAD-flow-scripts/flow/reports/asap7/swerv_wrapper/place_batch_20260421_220319/dpl_evolve_baseline/openroad_dpl_hpwl_only_9case_bo_place_batch_20260421_220319_swerv_wrapper_asap7_trial_229edb29_84d015007366/metrics.json	28	512	1	0.24865664494940426	1.7949741683991725	0.44560841896828773	122.18634084714122	789	2370	1.3689554668631414	2.00 1.50 1.20 1.05
2308c4b6	ok	917820.1	917820.1	913899.8	0.42896387547080433	54.299	0.9465362758428337	-0.42896387547080433	-0.42896387547080433	0.0	0	<ORIGINAL_WORKSPACE>/OpenROAD-flow-scripts/flow/reports/asap7/swerv_wrapper/place_batch_20260421_220319/dpl_evolve_baseline/openroad_dpl_hpwl_only_9case_bo_place_batch_20260421_220319_swerv_wrapper_asap7_trial_2308c4b6_1027dbf62e05/metrics.json	66	32	1	0.9129639170565412	1.699410657325221	0.30978770294334873	75.83032227704376	461	1090	1.8936277569349147	1.25 1.10 1.04
23b118e6	ok	913915.0	913915.0	913899.8	0.0016632020271755649	61.449	1.0711745633301955	-0.0016632020271755649	-0.0016632020271755649	0.0	0	<ORIGINAL_WORKSPACE>/OpenROAD-flow-scripts/flow/reports/asap7/swerv_wrapper/place_batch_20260421_220319/dpl_evolve_baseline/openroad_dpl_hpwl_only_9case_bo_place_batch_20260421_220319_swerv_wrapper_asap7_trial_23b118e6_dfe6c92d047f/metrics.json	2	1024	0	0.40715092103407213	1.791860469382844	0.5673212401130755	134.87551014812516	55	1439	1.1831320766857258	1.04
23f281e3	ok	913911.7	913911.7	913899.8	0.0013021121133746684	60.38	1.0525398319562111	-0.0013021121133746684	-0.0013021121133746684	0.0	0	<ORIGINAL_WORKSPACE>/OpenROAD-flow-scripts/flow/reports/asap7/swerv_wrapper/place_batch_20260421_220319/dpl_evolve_baseline/openroad_dpl_hpwl_only_9case_bo_place_batch_20260421_220319_swerv_wrapper_asap7_trial_23f281e3_4452dfead035/metrics.json	20	1024	0	0.081778281149744	1.1268033146735474	0.10762102911249971	139.2564530022405	440	2921	1.4622384788371696	1.04
245375a2	ok	913945.6	913945.6	913899.8	0.005011490318734083	60.41	1.0530627898058083	-0.005011490318734083	-0.005011490318734083	0.0	0	<ORIGINAL_WORKSPACE>/OpenROAD-flow-scripts/flow/reports/asap7/swerv_wrapper/place_batch_20260421_220319/dpl_evolve_baseline/openroad_dpl_hpwl_only_9case_bo_place_batch_20260421_220319_swerv_wrapper_asap7_trial_245375a2_641066b7e82a/metrics.json	10	512	1	0.18545781386599552	1.0808499602075265	0.3713791799848358	98.46688010208607	126	1520	1.6464850978310361	1.04
255fa3b9	ok	914176.6	914176.6	913899.8	0.03028778428444017	61.208	1.0669734686050971	-0.030287784284440167	-0.030287784284440167	0.0	0	<ORIGINAL_WORKSPACE>/OpenROAD-flow-scripts/flow/reports/asap7/swerv_wrapper/place_batch_20260421_220319/dpl_evolve_baseline/openroad_dpl_hpwl_only_9case_bo_place_batch_20260421_220319_swerv_wrapper_asap7_trial_255fa3b9_959dc8367b41/metrics.json	70	1024	1	0.781813221456804	1.8212907099648388	0.5110674109344626	44.7720699989813	377	135	1.834175087225433	1.04
256ab156	ok	914089.5	914089.5	913899.8	0.020757198983953538	61.386	1.0700763518460412	-0.020757198983953538	-0.020757198983953538	0.0	0	<ORIGINAL_WORKSPACE>/OpenROAD-flow-scripts/flow/reports/asap7/swerv_wrapper/place_batch_20260421_220319/dpl_evolve_baseline/openroad_dpl_hpwl_only_9case_bo_place_batch_20260421_220319_swerv_wrapper_asap7_trial_256ab156_1841e92cab3d/metrics.json	33	512	1	0.2999433562815483	0.8843195389845068	0.07366835795129306	146.52421228826444	668	3389	1.7881421210373782	1.25 1.10 1.04
2662c0f1	ok	914150.8	914150.8	913899.8	0.027464717685680637	62.166	1.0836732559355715	-0.02746471768568064	-0.02746471768568064	0.0	0	<ORIGINAL_WORKSPACE>/OpenROAD-flow-scripts/flow/reports/asap7/swerv_wrapper/place_batch_20260421_220319/dpl_evolve_baseline/openroad_dpl_hpwl_only_9case_bo_place_batch_20260421_220319_swerv_wrapper_asap7_trial_2662c0f1_6d48e03ecc30/metrics.json	11	1024	1	0.9495377593091863	1.3730171671541227	0.19565276769077186	82.18127210502368	305	289	1.899596605218298	1.50 1.25 1.10 1.04
2680ebbe	ok	914103.0	914103.0	913899.8	0.022234384994936362	61.181	1.0665028065404594	-0.022234384994936362	-0.022234384994936362	0.0	0	<ORIGINAL_WORKSPACE>/OpenROAD-flow-scripts/flow/reports/asap7/swerv_wrapper/place_batch_20260421_220319/dpl_evolve_baseline/openroad_dpl_hpwl_only_9case_bo_place_batch_20260421_220319_swerv_wrapper_asap7_trial_2680ebbe_d99e8c09935f/metrics.json	16	512	1	0.6417571972704601	0.6057694018034263	0.3967559354080423	136.11570870598618	797	2157	1.742501677897398	1.50 1.25 1.10 1.04
27b19cc0	ok	913902.7	913902.7	913899.8	0.0003173214393861195	63.204	1.101767597531639	-0.0026225210603368653	-0.0003173214393861195	0.0023051996209507456	0	<ORIGINAL_WORKSPACE>/OpenROAD-flow-scripts/flow/reports/asap7/swerv_wrapper/place_batch_20260421_220319/dpl_evolve_baseline/openroad_dpl_hpwl_only_9case_bo_place_batch_20260421_220319_swerv_wrapper_asap7_trial_27b19cc0_7967728c732d/metrics.json	63	omit	1	0.4277373293360762	1.615396818224419	0.7393929822025813	32.05398564443717	933	1304	1.7332450677264275	omit
28b9ce62	ok	914442.7	914442.7	913899.8	0.05940476187869905	60.216	1.0496809957117457	-0.059404761878699044	-0.059404761878699044	0.0	0	<ORIGINAL_WORKSPACE>/OpenROAD-flow-scripts/flow/reports/asap7/swerv_wrapper/place_batch_20260421_220319/dpl_evolve_baseline/openroad_dpl_hpwl_only_9case_bo_place_batch_20260421_220319_swerv_wrapper_asap7_trial_28b9ce62_e8744244f994/metrics.json	34	128	1	0.5329485297746321	0.7569861202498587	1.8247880420210318	108.37856638498783	157	2567	1.2192993611879603	1.50 1.25 1.10 1.04
2903b725	ok	917460.7	917460.7	913899.8	0.3896379012228591	58.59	1.0213366802635708	-0.3896379012228591	-0.3896379012228591	0.0	0	<ORIGINAL_WORKSPACE>/OpenROAD-flow-scripts/flow/reports/asap7/swerv_wrapper/place_batch_20260421_220319/dpl_evolve_baseline/openroad_dpl_hpwl_only_9case_bo_place_batch_20260421_220319_swerv_wrapper_asap7_trial_2903b725_0e86aaf704d5/metrics.json	2	128 16	1	0.7233813752312831	1.8811908795361612	0.8670606645068654	39.00279678823647	797	1450	1.9231378515422404	omit
29714346	ok	913862.9	913862.9	913899.8	-0.004037641763355598	64.675	1.1274099640902275	-0.031503179972982076	0.004037641763355598	0.03554082173633767	0	<ORIGINAL_WORKSPACE>/OpenROAD-flow-scripts/flow/reports/asap7/swerv_wrapper/place_batch_20260421_220319/dpl_evolve_baseline/openroad_dpl_hpwl_only_9case_bo_place_batch_20260421_220319_swerv_wrapper_asap7_trial_29714346_558b7e64457d/metrics.json	79	512	1	0.013699953946915568	1.6879802962670718	0.3831709370571107	120.5288091614087	150	3477	1.2429104811774452	1.50 1.25 1.10 1.04
29ccb51c	ok	913807.6	913807.6	913899.8	-0.010088633349090333	69.599	1.2132447791374683	-0.13403940312243667	0.010088633349090333	0.144128036471527	0	<ORIGINAL_WORKSPACE>/OpenROAD-flow-scripts/flow/reports/asap7/swerv_wrapper/place_batch_20260421_220319/dpl_evolve_baseline/openroad_dpl_hpwl_only_9case_bo_place_batch_20260421_220319_swerv_wrapper_asap7_trial_29ccb51c_4ad2be638f0b/metrics.json	22	1024	1	0.5148361855159171	1.5624337204629106	0.2775304436995059	116.28896242727672	511	2563	1.1453353190213105	1.75 1.35 1.15 1.05
2a0982d9	ok	914442.7	914442.7	913899.8	0.05940476187869905	61.196	1.0667642854652581	-0.059404761878699044	-0.059404761878699044	0.0	0	<ORIGINAL_WORKSPACE>/OpenROAD-flow-scripts/flow/reports/asap7/swerv_wrapper/place_batch_20260421_220319/dpl_evolve_baseline/openroad_dpl_hpwl_only_9case_bo_place_batch_20260421_220319_swerv_wrapper_asap7_trial_2a0982d9_cd206c17a5c1/metrics.json	34	128	1	0.3739653420412077	1.4232170108923463	0.15067352846993526	128.88999316124733	183	3267	1.4010922604249914	1.10 1.04
2c037af3	ok	913915.9	913915.9	913899.8	0.0017616810945769675	61.644	1.0745737893525782	-0.0017616810945769673	-0.0017616810945769673	0.0	0	<ORIGINAL_WORKSPACE>/OpenROAD-flow-scripts/flow/reports/asap7/swerv_wrapper/place_batch_20260421_220319/dpl_evolve_baseline/openroad_dpl_hpwl_only_9case_bo_place_batch_20260421_220319_swerv_wrapper_asap7_trial_2c037af3_6516546dc546/metrics.json	6	omit	1	0.8824919795628655	1.3704562117303825	0.15639633072280434	113.74182855446222	206	2616	1.1225675417484504	1.25 1.10 1.04
2c213e8b	ok	917969.7	917969.7	913899.8	0.44533328489621143	60.966	1.0627549419516786	-0.44533328489621143	-0.44533328489621143	0.0	0	<ORIGINAL_WORKSPACE>/OpenROAD-flow-scripts/flow/reports/asap7/swerv_wrapper/place_batch_20260421_220319/dpl_evolve_baseline/openroad_dpl_hpwl_only_9case_bo_place_batch_20260421_220319_swerv_wrapper_asap7_trial_2c213e8b_7646587155b7/metrics.json	14	32	1	0.32888465390920824	1.0184633430623005	0.4506442803208031	146.81349100807898	165	2716	1.9528961177277755	1.50 1.25 1.10 1.04
2f4703d9	ok	914271.1	914271.1	913899.8	0.04062808636131993	61.473	1.0715929296098734	-0.04062808636131993	-0.04062808636131993	0.0	0	<ORIGINAL_WORKSPACE>/OpenROAD-flow-scripts/flow/reports/asap7/swerv_wrapper/place_batch_20260421_220319/dpl_evolve_baseline/openroad_dpl_hpwl_only_9case_bo_place_batch_20260421_220319_swerv_wrapper_asap7_trial_2f4703d9_01015f09b10d/metrics.json	3	512 64	1	0.23297427384102043	1.6142103912375583	0.8063282559251349	129.5312781839143	909	2269	1.136455225660685	1.25 1.10 1.04
3092171c	ok	913920.5	913920.5	913899.8	0.002265018550168567	62.037	1.081424537182303	-0.002265018550168567	-0.002265018550168567	0.0	0	<ORIGINAL_WORKSPACE>/OpenROAD-flow-scripts/flow/reports/asap7/swerv_wrapper/place_batch_20260421_220319/dpl_evolve_baseline/openroad_dpl_hpwl_only_9case_bo_place_batch_20260421_220319_swerv_wrapper_asap7_trial_3092171c_c1c122044a51/metrics.json	47	1024	1	0.9822275037525869	1.9489381417629077	0.3560068648539016	76.62674154102537	518	1479	1.7676664637290327	1.50 1.25 1.10 1.04
30ff5211	ok	914217.6	914217.6	913899.8	0.034774052910388	60.925	1.0620402328905623	-0.034774052910388	-0.034774052910388	0.0	0	<ORIGINAL_WORKSPACE>/OpenROAD-flow-scripts/flow/reports/asap7/swerv_wrapper/place_batch_20260421_220319/dpl_evolve_baseline/openroad_dpl_hpwl_only_9case_bo_place_batch_20260421_220319_swerv_wrapper_asap7_trial_30ff5211_6a0b1b01c13c/metrics.json	29	512	1	0.2873062401078663	0.21405566087692296	0.7667137714353309	112.98672055644687	254	3798	1.4143166464058596	1.50 1.25 1.10 1.04
3272b706	ok	913789.9	913789.9	913899.8	-0.012025388341262716	62.232	1.0848237632046858	0.012025388341262716	0.012025388341262716	0.0	0	<ORIGINAL_WORKSPACE>/OpenROAD-flow-scripts/flow/reports/asap7/swerv_wrapper/place_batch_20260421_220319/dpl_evolve_baseline/openroad_dpl_hpwl_only_9case_bo_place_batch_20260421_220319_swerv_wrapper_asap7_trial_3272b706_8b9e40316a17/metrics.json	3	omit	1	0.8119589507310488	1.5381599354362585	0.779038560238105	111.44290009422795	505	767	1.5815012150630143	1.10 1.04
32b06fd8	ok	914264.6	914264.6	913899.8	0.0399168486523282	61.857	1.078286790084719	-0.0399168486523282	-0.0399168486523282	0.0	0	<ORIGINAL_WORKSPACE>/OpenROAD-flow-scripts/flow/reports/asap7/swerv_wrapper/place_batch_20260421_220319/dpl_evolve_baseline/openroad_dpl_hpwl_only_9case_bo_place_batch_20260421_220319_swerv_wrapper_asap7_trial_32b06fd8_d66b328108c1/metrics.json	26	512 64	0	0.6976346831987656	1.3427397257793638	0.12837523894845504	145.74199340741052	636	3462	1.267019525576364	1.75 1.35 1.15 1.05
32f81674	ok	913971.2	913971.2	913899.8	0.007812672680298964	60.759	1.0591465327894571	-0.007812672680298963	-0.007812672680298963	0.0	0	<ORIGINAL_WORKSPACE>/OpenROAD-flow-scripts/flow/reports/asap7/swerv_wrapper/place_batch_20260421_220319/dpl_evolve_baseline/openroad_dpl_hpwl_only_9case_bo_place_batch_20260421_220319_swerv_wrapper_asap7_trial_32f81674_50bace506899/metrics.json	62	1024	1	0.053387986122226824	1.0444235294742414	0.05992550200383873	120.96135766007492	771	914	1.738473627029328	1.04
336102ed	ok	914078.9	914078.9	913899.8	0.019597334412369573	63.034	1.0988041697172541	-0.019597334412369573	-0.019597334412369573	0.0	0	<ORIGINAL_WORKSPACE>/OpenROAD-flow-scripts/flow/reports/asap7/swerv_wrapper/place_batch_20260421_220319/dpl_evolve_baseline/openroad_dpl_hpwl_only_9case_bo_place_batch_20260421_220319_swerv_wrapper_asap7_trial_336102ed_17f527b1e36e/metrics.json	41	256	0	0.30310700779036065	0.7727742425752542	0.8832611973842877	121.28253093650355	288	3756	1.0787561500817449	1.75 1.35 1.15 1.05
33d3efcd	ok	913617.6	913617.6	913899.8	-0.030878658688848586	64.285	1.1206115120454625	0.004112312401363609	0.030878658688848586	0.026766346287484977	0	<ORIGINAL_WORKSPACE>/OpenROAD-flow-scripts/flow/reports/asap7/swerv_wrapper/place_batch_20260421_220319/dpl_evolve_baseline/openroad_dpl_hpwl_only_9case_bo_place_batch_20260421_220319_swerv_wrapper_asap7_trial_33d3efcd_ce50dc575f04/metrics.json	5	1024	1	0.432707989384944	1.8545069706576234	0.2586505958676741	135.73916952607257	103	2011	1.1849990594288466	1.04
33e44ac6	ok	914001.7	914001.7	913899.8	0.011150018853260156	61.236	1.0674615625980546	-0.011150018853260156	-0.011150018853260156	0.0	0	<ORIGINAL_WORKSPACE>/OpenROAD-flow-scripts/flow/reports/asap7/swerv_wrapper/place_batch_20260421_220319/dpl_evolve_baseline/openroad_dpl_hpwl_only_9case_bo_place_batch_20260421_220319_swerv_wrapper_asap7_trial_33e44ac6_7df2e9e89f52/metrics.json	68	1024	1	0.15677847491748131	0.7004358881109262	1.3213509126184804	110.44197620051209	905	1930	1.1535797015172375	2.50 1.75 1.25 1.08
341fb9a4	ok	913890.3	913890.3	913899.8	-0.0010395012669879126	62.711	1.0931736568699228	0.0010395012669879126	0.0010395012669879126	0.0	0	<ORIGINAL_WORKSPACE>/OpenROAD-flow-scripts/flow/reports/asap7/swerv_wrapper/place_batch_20260421_220319/dpl_evolve_baseline/openroad_dpl_hpwl_only_9case_bo_place_batch_20260421_220319_swerv_wrapper_asap7_trial_341fb9a4_81f7724d5e99/metrics.json	52	1024	1	0.03424211715625938	1.6181765943880178	0.46111285444713623	132.99631165771197	863	3490	1.0186420773805283	1.75 1.35 1.15 1.05
34957d96	ok	913923.4	913923.4	913899.8	0.0025823399895674244	62.142	1.0832548896558938	-0.002582339989567425	-0.002582339989567425	0.0	0	<ORIGINAL_WORKSPACE>/OpenROAD-flow-scripts/flow/reports/asap7/swerv_wrapper/place_batch_20260421_220319/dpl_evolve_baseline/openroad_dpl_hpwl_only_9case_bo_place_batch_20260421_220319_swerv_wrapper_asap7_trial_34957d96_763d7aa6cb9c/metrics.json	31	512	0	0.6415215721325179	1.0092938762078418	0.07515639125999601	79.51790679946353	370	3561	1.079802731552117	1.75 1.35 1.15 1.05
358a34bd	ok	914031.9	914031.9	913899.8	0.014454538670429375	60.197	1.0493497890736674	-0.014454538670429375	-0.014454538670429375	0.0	0	<ORIGINAL_WORKSPACE>/OpenROAD-flow-scripts/flow/reports/asap7/swerv_wrapper/place_batch_20260421_220319/dpl_evolve_baseline/openroad_dpl_hpwl_only_9case_bo_place_batch_20260421_220319_swerv_wrapper_asap7_trial_358a34bd_da7bc805efd4/metrics.json	38	512	1	0.006522253156203896	1.2126466175185278	1.0034229207439094	71.93150094113301	203	3626	1.3542107272228032	1.50 1.25 1.10 1.04
35987cd9	ok	913949.2	913949.2	913899.8	0.0054054065883269555	57.25	0.9979778963148903	-0.005405406588326955	-0.005405406588326955	0.0	0	<ORIGINAL_WORKSPACE>/OpenROAD-flow-scripts/flow/reports/asap7/swerv_wrapper/place_batch_20260421_220319/dpl_evolve_baseline/openroad_dpl_hpwl_only_9case_bo_place_batch_20260421_220319_swerv_wrapper_asap7_trial_35987cd9_4432f23fe4f3/metrics.json	4	omit	1	0.6920919094197083	1.3255270692995893	0.0937717612533544	81.79772396291727	622	896	1.8226818495748465	1.10 1.04
3666f835	ok	917960.2	917960.2	913899.8	0.4442937836292235	51.276	0.8938395565317436	-0.44429378362922356	-0.44429378362922356	0.0	0	<ORIGINAL_WORKSPACE>/OpenROAD-flow-scripts/flow/reports/asap7/swerv_wrapper/place_batch_20260421_220319/dpl_evolve_baseline/openroad_dpl_hpwl_only_9case_bo_place_batch_20260421_220319_swerv_wrapper_asap7_trial_3666f835_d4296c07b000/metrics.json	11	32	1	0.5804570542946059	1.9696002203924219	1.903870775536654	107.56124150708129	471	1443	1.977942635570857	2.00 1.50 1.20 1.05
36faf6db	ok	913915.0	913915.0	913899.8	0.0016632020271755649	59.81	1.042603632813862	-0.0016632020271755649	-0.0016632020271755649	0.0	0	<ORIGINAL_WORKSPACE>/OpenROAD-flow-scripts/flow/reports/asap7/swerv_wrapper/place_batch_20260421_220319/dpl_evolve_baseline/openroad_dpl_hpwl_only_9case_bo_place_batch_20260421_220319_swerv_wrapper_asap7_trial_36faf6db_8db10101a388/metrics.json	2	1024	0	0.10568436460663722	1.864436477023605	0.7945590180849114	143.90367709123376	328	2568	1.6604838068232812	omit
383ae31f	ok	913968.6	913968.6	913899.8	0.007528177596704819	61.163	1.066189031830701	-0.007528177596704819	-0.007528177596704819	0.0	0	<ORIGINAL_WORKSPACE>/OpenROAD-flow-scripts/flow/reports/asap7/swerv_wrapper/place_batch_20260421_220319/dpl_evolve_baseline/openroad_dpl_hpwl_only_9case_bo_place_batch_20260421_220319_swerv_wrapper_asap7_trial_383ae31f_98075d753656/metrics.json	13	512	1	0.5209833890405109	1.7864243231929953	0.1725500730584465	80.1225704657489	140	1033	1.2718809545586032	1.04
383eef1d	ok	913930.2	913930.2	913899.8	0.0033264040543511298	60.355	1.0521040337482133	-0.0033264040543511298	-0.0033264040543511298	0.0	0	<ORIGINAL_WORKSPACE>/OpenROAD-flow-scripts/flow/reports/asap7/swerv_wrapper/place_batch_20260421_220319/dpl_evolve_baseline/openroad_dpl_hpwl_only_9case_bo_place_batch_20260421_220319_swerv_wrapper_asap7_trial_383eef1d_330c4a55bf9a/metrics.json	60	1024	1	0.09514411073467383	1.2080334801677224	0.24431530914157662	134.16721941633082	163	495	1.1719902861494447	2.50 1.75 1.25 1.08
38f7f361	ok	914015.9	914015.9	913899.8	0.012703799694449732	59.383	1.03516019942126	-0.012703799694449732	-0.012703799694449732	0.0	0	<ORIGINAL_WORKSPACE>/OpenROAD-flow-scripts/flow/reports/asap7/swerv_wrapper/place_batch_20260421_220319/dpl_evolve_baseline/openroad_dpl_hpwl_only_9case_bo_place_batch_20260421_220319_swerv_wrapper_asap7_trial_38f7f361_3307cb2a250c/metrics.json	51	1024	0	0.7269295612456694	0.3770566190135213	0.55206812758328	139.61219947099377	122	3711	1.1127140258315529	2.00 1.50 1.20 1.05
399c1227	ok	913995.1	913995.1	913899.8	0.010427839025671102	60.887	1.0613778196144057	-0.010427839025671102	-0.010427839025671102	0.0	0	<ORIGINAL_WORKSPACE>/OpenROAD-flow-scripts/flow/reports/asap7/swerv_wrapper/place_batch_20260421_220319/dpl_evolve_baseline/openroad_dpl_hpwl_only_9case_bo_place_batch_20260421_220319_swerv_wrapper_asap7_trial_399c1227_1b6758797efe/metrics.json	16	1024	1	0.7386044123508576	0.5378533420714333	1.2614295155678514	101.37256051849727	533	1559	1.0914537756434166	2.50 1.75 1.25 1.08
39cdb614	ok	913747.1	913747.1	913899.8	-0.016708615102013352	60.007	1.0460377226928843	0.016708615102013356	0.016708615102013356	0.0	0	<ORIGINAL_WORKSPACE>/OpenROAD-flow-scripts/flow/reports/asap7/swerv_wrapper/place_batch_20260421_220319/dpl_evolve_baseline/openroad_dpl_hpwl_only_9case_bo_place_batch_20260421_220319_swerv_wrapper_asap7_trial_39cdb614_b5bf19672991/metrics.json	4	1024 128	1	0.7452102181952815	0.7826630781250186	1.39689230560909	109.2679506016735	444	1485	1.0653422891559547	omit
3ac87856	ok	913862.8	913862.8	913899.8	-0.004048583881952923	63.951	1.1147892479866124	-0.015182030740983555	0.004048583881952923	0.019230614622936477	0	<ORIGINAL_WORKSPACE>/OpenROAD-flow-scripts/flow/reports/asap7/swerv_wrapper/place_batch_20260421_220319/dpl_evolve_baseline/openroad_dpl_hpwl_only_9case_bo_place_batch_20260421_220319_swerv_wrapper_asap7_trial_3ac87856_e4ed5eeff384/metrics.json	18	1024	0	0.38311317128537803	1.192737018658021	0.637811858077241	143.86070682375922	223	3810	1.0129214984071955	1.75 1.35 1.15 1.05
3b0e8eca	ok	913617.6	913617.6	913899.8	-0.030878658688848586	57.642	1.0048112122162953	0.030878658688848586	0.030878658688848586	0.0	0	<ORIGINAL_WORKSPACE>/OpenROAD-flow-scripts/flow/reports/asap7/swerv_wrapper/place_batch_20260421_220319/dpl_evolve_baseline/openroad_dpl_hpwl_only_9case_bo_place_batch_20260421_220319_swerv_wrapper_asap7_trial_3b0e8eca_c0957b40cd3e/metrics.json	5	1024	0	0.32186053585762947	1.6777962552419428	0.25330809148515926	143.14808450369455	124	2160	1.5253020608312156	1.04
3c7fe761	ok	914124.4	914124.4	913899.8	0.02457599837531168	60.608	1.0565143116131506	-0.024575998375311683	-0.024575998375311683	0.0	0	<ORIGINAL_WORKSPACE>/OpenROAD-flow-scripts/flow/reports/asap7/swerv_wrapper/place_batch_20260421_220319/dpl_evolve_baseline/openroad_dpl_hpwl_only_9case_bo_place_batch_20260421_220319_swerv_wrapper_asap7_trial_3c7fe761_b85352cfe2b0/metrics.json	5	1024 128	1	0.7432060180789131	0.3993322491298012	1.3731718016444845	99.07593255589919	294	983	1.1144041237423452	1.75 1.35 1.15 1.05
3dc143d3	ok	914000.1	914000.1	913899.8	0.01097494495566474	59.031	1.0290241606526513	-0.01097494495566474	-0.01097494495566474	0.0	0	<ORIGINAL_WORKSPACE>/OpenROAD-flow-scripts/flow/reports/asap7/swerv_wrapper/place_batch_20260421_220319/dpl_evolve_baseline/openroad_dpl_hpwl_only_9case_bo_place_batch_20260421_220319_swerv_wrapper_asap7_trial_3dc143d3_ab9943364882/metrics.json	6	1024	1	0.7340606396025411	1.4151413121773773	1.4278716340596933	43.51497899457429	104	2111	1.100274297036715	2.50 1.75 1.25 1.08
3de85664	ok	914126.2	914126.2	913899.8	0.024772956510101748	56.968	0.9930620925286756	-0.024772956510101748	-0.024772956510101748	0.0	0	<ORIGINAL_WORKSPACE>/OpenROAD-flow-scripts/flow/reports/asap7/swerv_wrapper/place_batch_20260421_220319/dpl_evolve_baseline/openroad_dpl_hpwl_only_9case_bo_place_batch_20260421_220319_swerv_wrapper_asap7_trial_3de85664_d3846a1198b2/metrics.json	44	omit	1	0.5846377476132621	1.9092565717265504	1.7290077755315896	119.86430742581854	223	1270	1.7997469267937725	2.00 1.50 1.20 1.05
3e1d4b2f	ok	913949.2	913949.2	913899.8	0.0054054065883269555	60.706	1.058222640588502	-0.005405406588326955	-0.005405406588326955	0.0	0	<ORIGINAL_WORKSPACE>/OpenROAD-flow-scripts/flow/reports/asap7/swerv_wrapper/place_batch_20260421_220319/dpl_evolve_baseline/openroad_dpl_hpwl_only_9case_bo_place_batch_20260421_220319_swerv_wrapper_asap7_trial_3e1d4b2f_0164a35dc37b/metrics.json	4	omit	1	0.8441654837881339	1.6153268853851146	1.281027414245507	71.8529747144066	866	1277	1.7093355129284225	1.50 1.25 1.10 1.04
3e3ada67	ok	914150.8	914150.8	913899.8	0.027464717685680637	57.975	1.0106160443468257	-0.02746471768568064	-0.02746471768568064	0.0	0	<ORIGINAL_WORKSPACE>/OpenROAD-flow-scripts/flow/reports/asap7/swerv_wrapper/place_batch_20260421_220319/dpl_evolve_baseline/openroad_dpl_hpwl_only_9case_bo_place_batch_20260421_220319_swerv_wrapper_asap7_trial_3e3ada67_37f58218aee1/metrics.json	11	1024	1	0.886171197874586	1.2012138830021426	0.8784160970467993	68.98186733295717	138	492	1.7531966414973565	omit
3e907a89	ok	914157.9	914157.9	913899.8	0.028241608106269057	64.034	1.116236098037165	-0.04934670851134074	-0.028241608106269057	0.021105100405071676	0	<ORIGINAL_WORKSPACE>/OpenROAD-flow-scripts/flow/reports/asap7/swerv_wrapper/place_batch_20260421_220319/dpl_evolve_baseline/openroad_dpl_hpwl_only_9case_bo_place_batch_20260421_220319_swerv_wrapper_asap7_trial_3e907a89_502cbbefeb6c/metrics.json	38	1024 128	1	0.042730987975448574	1.631435659641075	1.443826443441745	143.56056856905238	603	3897	1.2262353229434781	1.75 1.35 1.15 1.05
3fd70a8c	ok	913983.6	913983.6	913899.8	0.009169495386685734	62.188	1.0840567583586096	-0.009169495386685734	-0.009169495386685734	0.0	0	<ORIGINAL_WORKSPACE>/OpenROAD-flow-scripts/flow/reports/asap7/swerv_wrapper/place_batch_20260421_220319/dpl_evolve_baseline/openroad_dpl_hpwl_only_9case_bo_place_batch_20260421_220319_swerv_wrapper_asap7_trial_3fd70a8c_7702bff76414/metrics.json	23	512	1	0.9161370775425975	1.751803117493819	1.2349090169713743	97.00118519798987	62	1860	1.7475500247354872	1.10 1.04
4075d88c	ok	914215.2	914215.2	913899.8	0.03451144206398851	66.47	1.1587002754244675	-0.11010040161147797	-0.034511442063988505	0.07558895954748947	0	<ORIGINAL_WORKSPACE>/OpenROAD-flow-scripts/flow/reports/asap7/swerv_wrapper/place_batch_20260421_220319/dpl_evolve_baseline/openroad_dpl_hpwl_only_9case_bo_place_batch_20260421_220319_swerv_wrapper_asap7_trial_4075d88c_d9b901f608b7/metrics.json	61	1024	1	0.024139219926687307	1.0715384616993946	0.8319847153676997	149.97096666044968	337	2189	1.0683157242222114	2.00 1.50 1.20 1.05
41157ef8	ok	913856.3	913856.3	913899.8	-0.004759821590944653	64.029	1.1161489383955652	-0.016232392383668564	0.004759821590944653	0.020992213974613216	0	<ORIGINAL_WORKSPACE>/OpenROAD-flow-scripts/flow/reports/asap7/swerv_wrapper/place_batch_20260421_220319/dpl_evolve_baseline/openroad_dpl_hpwl_only_9case_bo_place_batch_20260421_220319_swerv_wrapper_asap7_trial_41157ef8_3dfc964f29e5/metrics.json	3	512	1	0.625124517132559	1.8098674679178544	0.6331633936510771	140.1037809077395	204	2203	1.1808870923370915	1.75 1.35 1.15 1.05
415756bf	ok	917820.1	917820.1	913899.8	0.42896387547080433	53.502	0.9326430289718649	-0.42896387547080433	-0.42896387547080433	0.0	0	<ORIGINAL_WORKSPACE>/OpenROAD-flow-scripts/flow/reports/asap7/swerv_wrapper/place_batch_20260421_220319/dpl_evolve_baseline/openroad_dpl_hpwl_only_9case_bo_place_batch_20260421_220319_swerv_wrapper_asap7_trial_415756bf_2cfec379b19f/metrics.json	66	32	1	0.47581291279870597	0.7474054403768043	0.15720574894828904	130.21145829938644	374	3748	1.2638942565196436	1.50 1.25 1.10 1.04
42644ce4	ok	914528.1	914528.1	913899.8	0.06874933116299294	59.547	1.0380190356657253	-0.06874933116299294	-0.06874933116299294	0.0	0	<ORIGINAL_WORKSPACE>/OpenROAD-flow-scripts/flow/reports/asap7/swerv_wrapper/place_batch_20260421_220319/dpl_evolve_baseline/openroad_dpl_hpwl_only_9case_bo_place_batch_20260421_220319_swerv_wrapper_asap7_trial_42644ce4_12d9d75f21b9/metrics.json	13	128	0	0.8301128639640332	1.0027428642574308	1.115036531917305	137.20279378419477	237	2047	1.2674855658651971	1.10 1.04
428619ad	ok	913807.1	913807.1	913899.8	-0.010143343942089695	65.408	1.1401875675487223	-0.0418176987995572	0.010143343942089695	0.051961042741646896	0	<ORIGINAL_WORKSPACE>/OpenROAD-flow-scripts/flow/reports/asap7/swerv_wrapper/place_batch_20260421_220319/dpl_evolve_baseline/openroad_dpl_hpwl_only_9case_bo_place_batch_20260421_220319_swerv_wrapper_asap7_trial_428619ad_487ff0ddd5b8/metrics.json	8	1024	1	0.5542699176109351	1.604490911898748	0.43207762628552726	142.6163144307573	312	2403	1.3419724163967928	1.75 1.35 1.15 1.05
42a28209	ok	915994.7	915994.7	913899.8	0.22922644254872435	58.172	1.014050134225848	-0.22922644254872435	-0.22922644254872435	0.0	0	<ORIGINAL_WORKSPACE>/OpenROAD-flow-scripts/flow/reports/asap7/swerv_wrapper/place_batch_20260421_220319/dpl_evolve_baseline/openroad_dpl_hpwl_only_9case_bo_place_batch_20260421_220319_swerv_wrapper_asap7_trial_42a28209_6c71e6f869a2/metrics.json	28	256 32	0	0.9475489413950998	0.4428654686469766	0.5707904383845133	12.2210947315893	543	525	1.6337867606119179	2.50 1.75 1.25 1.08
42b1b559	ok	913915.0	913915.0	913899.8	0.0016632020271755649	58.7	1.023254192378761	-0.0016632020271755649	-0.0016632020271755649	0.0	0	<ORIGINAL_WORKSPACE>/OpenROAD-flow-scripts/flow/reports/asap7/swerv_wrapper/place_batch_20260421_220319/dpl_evolve_baseline/openroad_dpl_hpwl_only_9case_bo_place_batch_20260421_220319_swerv_wrapper_asap7_trial_42b1b559_6e27602dd088/metrics.json	2	1024	1	0.045795997149587236	1.3993789446386886	0.2853242818242794	85.25000665359039	360	1485	1.8697377923451883	1.04
434b8247	ok	914004.3	914004.3	913899.8	0.011434513936867039	57.25	0.9979778963148903	-0.011434513936867039	-0.011434513936867039	0.0	0	<ORIGINAL_WORKSPACE>/OpenROAD-flow-scripts/flow/reports/asap7/swerv_wrapper/place_batch_20260421_220319/dpl_evolve_baseline/openroad_dpl_hpwl_only_9case_bo_place_batch_20260421_220319_swerv_wrapper_asap7_trial_434b8247_fd22c5b8a137/metrics.json	102	1024	0	0.9959462038796936	0.15131830633190124	0.13110776839507038	149.3181819968663	178	3126	1.0721823306683567	1.25 1.10 1.04
440ccfdc	ok	917592.9	917592.9	913899.8	0.4041033820118985	59.843	1.043178886448419	-0.4041033820118985	-0.4041033820118985	0.0	0	<ORIGINAL_WORKSPACE>/OpenROAD-flow-scripts/flow/reports/asap7/swerv_wrapper/place_batch_20260421_220319/dpl_evolve_baseline/openroad_dpl_hpwl_only_9case_bo_place_batch_20260421_220319_swerv_wrapper_asap7_trial_440ccfdc_b3a67bb2479e/metrics.json	92	128 16	1	0.9256288713218613	1.3664487120045095	0.07348924679389116	87.4377268489933	188	446	1.8435030907419836	1.50 1.25 1.10 1.04
442bc9a3	ok	913811.1	913811.1	913899.8	-0.009705659198094786	60.795	1.059774082208974	0.009705659198094786	0.009705659198094786	0.0	0	<ORIGINAL_WORKSPACE>/OpenROAD-flow-scripts/flow/reports/asap7/swerv_wrapper/place_batch_20260421_220319/dpl_evolve_baseline/openroad_dpl_hpwl_only_9case_bo_place_batch_20260421_220319_swerv_wrapper_asap7_trial_442bc9a3_3143fc90f78b/metrics.json	19	1024	1	0.7344179075451943	1.7869407560282546	0.16266545735804946	70.37308862546914	758	3075	1.3869669405275515	1.04
4522c0e1	ok	914067.2	914067.2	913899.8	0.018317106536176818	62.129	1.0830282745877349	-0.018317106536176818	-0.018317106536176818	0.0	0	<ORIGINAL_WORKSPACE>/OpenROAD-flow-scripts/flow/reports/asap7/swerv_wrapper/place_batch_20260421_220319/dpl_evolve_baseline/openroad_dpl_hpwl_only_9case_bo_place_batch_20260421_220319_swerv_wrapper_asap7_trial_4522c0e1_a9ae4ebca1eb/metrics.json	84	512	1	0.8031468093395107	0.42896895873142954	0.35881434716018346	72.33651418893308	238	3687	1.1098311633119449	omit
45890ecd	ok	913890.9	913890.9	913899.8	-0.0009738485553912236	57.602	1.0041139350834989	0.0009738485553912237	0.0009738485553912237	0.0	0	<ORIGINAL_WORKSPACE>/OpenROAD-flow-scripts/flow/reports/asap7/swerv_wrapper/place_batch_20260421_220319/dpl_evolve_baseline/openroad_dpl_hpwl_only_9case_bo_place_batch_20260421_220319_swerv_wrapper_asap7_trial_45890ecd_ad49022482cd/metrics.json	109	1024	1	0.4932818061632292	0.543739846976587	0.5487082071695878	70.28472233904336	778	1549	1.0610599473512625	omit
45d6c1ec	ok	914295.4	914295.4	913899.8	0.04328702118109411	57.973	1.0105811804901859	-0.04328702118109411	-0.04328702118109411	0.0	0	<ORIGINAL_WORKSPACE>/OpenROAD-flow-scripts/flow/reports/asap7/swerv_wrapper/place_batch_20260421_220319/dpl_evolve_baseline/openroad_dpl_hpwl_only_9case_bo_place_batch_20260421_220319_swerv_wrapper_asap7_trial_45d6c1ec_7f70fcb2fdd0/metrics.json	37	1024 128	1	0.6526708156736402	1.3040324652231314	0.07566862894818978	125.6997993977945	551	3582	1.129863608518905	1.25 1.10 1.04
45fc1f8d	ok	917517.1	917517.1	913899.8	0.39580925611318984	54.91	0.9571871840462991	-0.39580925611318984	-0.39580925611318984	0.0	0	<ORIGINAL_WORKSPACE>/OpenROAD-flow-scripts/flow/reports/asap7/swerv_wrapper/place_batch_20260421_220319/dpl_evolve_baseline/openroad_dpl_hpwl_only_9case_bo_place_batch_20260421_220319_swerv_wrapper_asap7_trial_45fc1f8d_faf2f8f3c0b6/metrics.json	51	128 16	1	0.5923224743103725	1.3187079801667054	0.522443747140209	145.88033483227207	249	3596	1.073817193657554	1.50 1.25 1.10 1.04
47078425	ok	913921.0	913921.0	913899.8	0.0023197291431679306	67.128	1.1701704842589686	-0.09245359084471375	-0.0023197291431679306	0.09013386170154582	0	<ORIGINAL_WORKSPACE>/OpenROAD-flow-scripts/flow/reports/asap7/swerv_wrapper/place_batch_20260421_220319/dpl_evolve_baseline/openroad_dpl_hpwl_only_9case_bo_place_batch_20260421_220319_swerv_wrapper_asap7_trial_47078425_50b18d879af4/metrics.json	66	1024	1	0.11365735292613943	0.8982293576323639	1.344742976381947	84.9715782824036	243	3101	1.0697096936792165	2.50 1.75 1.25 1.08
480efc71	ok	914307.4	914307.4	913899.8	0.04460007541307884	65.757	1.1462713105323712	-0.10434686720318158	-0.04460007541307884	0.05974679179010274	0	<ORIGINAL_WORKSPACE>/OpenROAD-flow-scripts/flow/reports/asap7/swerv_wrapper/place_batch_20260421_220319/dpl_evolve_baseline/openroad_dpl_hpwl_only_9case_bo_place_batch_20260421_220319_swerv_wrapper_asap7_trial_480efc71_6de15764fd90/metrics.json	12	1024 128	1	0.4950322285011532	1.7538648495992606	0.42677409757358786	146.7729743057061	141	2251	1.2091590739405176	1.04
481275f2	ok	914000.1	914000.1	913899.8	0.01097494495566474	61.47	1.0715406338249136	-0.01097494495566474	-0.01097494495566474	0.0	0	<ORIGINAL_WORKSPACE>/OpenROAD-flow-scripts/flow/reports/asap7/swerv_wrapper/place_batch_20260421_220319/dpl_evolve_baseline/openroad_dpl_hpwl_only_9case_bo_place_batch_20260421_220319_swerv_wrapper_asap7_trial_481275f2_2a15a44c21a7/metrics.json	6	1024	1	0.8875035350409721	1.5050761534328196	1.4648140174935758	56.45450150133971	911	1270	1.9671991810105722	1.04
48c127dd	ok	913794.3	913794.3	913899.8	-0.011543935122865766	63.105	1.1000418366279678	0.011489352794285491	0.011543935122865766	5.4582328580275286e-05	0	<ORIGINAL_WORKSPACE>/OpenROAD-flow-scripts/flow/reports/asap7/swerv_wrapper/place_batch_20260421_220319/dpl_evolve_baseline/openroad_dpl_hpwl_only_9case_bo_place_batch_20260421_220319_swerv_wrapper_asap7_trial_48c127dd_8c6907ccefb8/metrics.json	22	omit	1	0.9382261566581036	0.5811884435929033	0.854258539720356	138.42040708951723	319	2937	1.024803313368467	1.25 1.10 1.04
48c7192a	ok	913898.2	913898.2	913899.8	-0.00017507389760815486	55.308	0.9641250915176237	0.0001750738976081549	0.0001750738976081549	0.0	0	<ORIGINAL_WORKSPACE>/OpenROAD-flow-scripts/flow/reports/asap7/swerv_wrapper/place_batch_20260421_220319/dpl_evolve_baseline/openroad_dpl_hpwl_only_9case_bo_place_batch_20260421_220319_swerv_wrapper_asap7_trial_48c7192a_38c135f03202/metrics.json	106	omit	1	0.9282046530457734	0.061177959231527135	0.9137748695020763	113.36011481078516	877	3621	1.331790545562178	omit
493bfc32	ok	913922.3	913922.3	913899.8	0.002461976684971372	56.846	0.9909353972736463	-0.002461976684971372	-0.002461976684971372	0.0	0	<ORIGINAL_WORKSPACE>/OpenROAD-flow-scripts/flow/reports/asap7/swerv_wrapper/place_batch_20260421_220319/dpl_evolve_baseline/openroad_dpl_hpwl_only_9case_bo_place_batch_20260421_220319_swerv_wrapper_asap7_trial_493bfc32_ec148625862d/metrics.json	22	256	1	0.987889299463702	1.6067167937337725	1.011833360545122	105.09888220515403	328	228	1.952630068106173	omit
49fcd2f0	ok	913782.4	913782.4	913899.8	-0.012846047236253174	64.15	1.1182582017222746	-0.010876782237700059	0.012846047236253173	0.02372282947395323	0	<ORIGINAL_WORKSPACE>/OpenROAD-flow-scripts/flow/reports/asap7/swerv_wrapper/place_batch_20260421_220319/dpl_evolve_baseline/openroad_dpl_hpwl_only_9case_bo_place_batch_20260421_220319_swerv_wrapper_asap7_trial_49fcd2f0_34d65ff7e349/metrics.json	2	512	1	0.3776527940373814	0.9185721838515928	0.2726705570798	97.41960858476989	573	2563	1.751150444034463	1.50 1.25 1.10 1.04
4bd0ba9a	ok	913930.2	913930.2	913899.8	0.0033264040543511298	62.537	1.0901405013422585	-0.0033264040543511298	-0.0033264040543511298	0.0	0	<ORIGINAL_WORKSPACE>/OpenROAD-flow-scripts/flow/reports/asap7/swerv_wrapper/place_batch_20260421_220319/dpl_evolve_baseline/openroad_dpl_hpwl_only_9case_bo_place_batch_20260421_220319_swerv_wrapper_asap7_trial_4bd0ba9a_3aa1ea2f7869/metrics.json	19	1024 128	1	0.9222843224647492	1.4885574690942127	0.17930006151951583	106.63880970779125	662	1438	1.6119751218553087	1.10 1.04
4d0f0a42	ok	913777.1	913777.1	913899.8	-0.013425979522051525	60.861	1.060924589478088	0.013425979522051525	0.013425979522051525	0.0	0	<ORIGINAL_WORKSPACE>/OpenROAD-flow-scripts/flow/reports/asap7/swerv_wrapper/place_batch_20260421_220319/dpl_evolve_baseline/openroad_dpl_hpwl_only_9case_bo_place_batch_20260421_220319_swerv_wrapper_asap7_trial_4d0f0a42_c29157664d3f/metrics.json	7	1024	1	0.24265966481528967	1.2947699001424462	0.14965979647323452	117.10790388086423	441	317	1.417166101309026	2.50 1.75 1.25 1.08
4d74f2de	ok	914567.9	914567.9	913899.8	0.07310429436574739	58.93	1.0272635358923403	-0.07310429436574739	-0.07310429436574739	0.0	0	<ORIGINAL_WORKSPACE>/OpenROAD-flow-scripts/flow/reports/asap7/swerv_wrapper/place_batch_20260421_220319/dpl_evolve_baseline/openroad_dpl_hpwl_only_9case_bo_place_batch_20260421_220319_swerv_wrapper_asap7_trial_4d74f2de_24388339545b/metrics.json	48	128	1	0.045049403790700854	0.774682218789312	1.2462386182040759	124.69358780246836	479	3475	1.313363546775379	1.04
4e69ae38	ok	914194.7	914194.7	913899.8	0.032268307751014594	57.017	0.9939162570163512	-0.032268307751014594	-0.032268307751014594	0.0	0	<ORIGINAL_WORKSPACE>/OpenROAD-flow-scripts/flow/reports/asap7/swerv_wrapper/place_batch_20260421_220319/dpl_evolve_baseline/openroad_dpl_hpwl_only_9case_bo_place_batch_20260421_220319_swerv_wrapper_asap7_trial_4e69ae38_41b1af0b33ac/metrics.json	39	256	0	0.5482234419278553	1.7934721027992666	0.2656049695771425	114.43357236771037	412	3301	1.25072007538424	1.75 1.35 1.15 1.05
4ec44cf5	ok	914008.1	914008.1	913899.8	0.011850314443654562	66.623	1.161367360457414	-0.09082769579118258	-0.011850314443654562	0.07897738134752802	0	<ORIGINAL_WORKSPACE>/OpenROAD-flow-scripts/flow/reports/asap7/swerv_wrapper/place_batch_20260421_220319/dpl_evolve_baseline/openroad_dpl_hpwl_only_9case_bo_place_batch_20260421_220319_swerv_wrapper_asap7_trial_4ec44cf5_a06984eb2668/metrics.json	3	1024	1	0.5568574732681348	1.6616537712201385	0.5003531569964333	118.67133988384413	285	2173	1.7284373566426217	1.75 1.35 1.15 1.05
4f429b43	ok	913899.8	913899.8	913899.8	0.0	62.657	1.0922323327406478	0.0	0.0	0.0	0	<ORIGINAL_WORKSPACE>/OpenROAD-flow-scripts/flow/reports/asap7/swerv_wrapper/place_batch_20260421_220319/dpl_evolve_baseline/openroad_dpl_hpwl_only_9case_bo_place_batch_20260421_220319_swerv_wrapper_asap7_trial_4f429b43_dce7bb395b69/metrics.json	1	omit	0	0.4	0.4	0.6	35.0	150	1000	1.1	omit
4f89c1db	ok	913807.6	913807.6	913899.8	-0.010088633349090333	64.668	1.1272879405919884	-0.025294931329033425	0.010088633349090333	0.03538356467812376	0	<ORIGINAL_WORKSPACE>/OpenROAD-flow-scripts/flow/reports/asap7/swerv_wrapper/place_batch_20260421_220319/dpl_evolve_baseline/openroad_dpl_hpwl_only_9case_bo_place_batch_20260421_220319_swerv_wrapper_asap7_trial_4f89c1db_fb796ae90787/metrics.json	22	1024	0	0.7368750916972464	0.927466869829373	0.08651930119243388	138.7126216952063	403	2686	1.0901291835014375	1.75 1.35 1.15 1.05
4ff89c03	ok	918978.1	918978.1	913899.8	0.555673608857331	62.88	1.096119652755988	-0.555673608857331	-0.555673608857331	0.0	0	<ORIGINAL_WORKSPACE>/OpenROAD-flow-scripts/flow/reports/asap7/swerv_wrapper/place_batch_20260421_220319/dpl_evolve_baseline/openroad_dpl_hpwl_only_9case_bo_place_batch_20260421_220319_swerv_wrapper_asap7_trial_4ff89c03_873aa9113e87/metrics.json	10	64 8	1	0.8404786707918169	1.4427936936785035	1.5301761719333602	149.89907087058492	232	1618	1.3387193264961985	1.10 1.04
501dc1f4	ok	913857.8	913857.8	913899.8	-0.004595689811946561	62.476	1.089077153714744	0.004595689811946561	0.004595689811946561	0.0	0	<ORIGINAL_WORKSPACE>/OpenROAD-flow-scripts/flow/reports/asap7/swerv_wrapper/place_batch_20260421_220319/dpl_evolve_baseline/openroad_dpl_hpwl_only_9case_bo_place_batch_20260421_220319_swerv_wrapper_asap7_trial_501dc1f4_4b06a28bd5d9/metrics.json	7	512	1	0.06251586834213851	1.7246342157687367	0.5073382637991286	92.80192635117115	548	3991	1.5879241140077909	1.50 1.25 1.10 1.04
5039ecf1	ok	913825.6	913825.6	913899.8	-0.008119052001113234	60.441	1.0536031795837255	0.008119052001113234	0.008119052001113234	0.0	0	<ORIGINAL_WORKSPACE>/OpenROAD-flow-scripts/flow/reports/asap7/swerv_wrapper/place_batch_20260421_220319/dpl_evolve_baseline/openroad_dpl_hpwl_only_9case_bo_place_batch_20260421_220319_swerv_wrapper_asap7_trial_5039ecf1_b68bc8cde7aa/metrics.json	56	512	0	0.29273769905384706	0.6054978211349972	0.052617615907235876	122.55620314046335	429	3997	1.3827392409650778	1.50 1.25 1.10 1.04
504208c4	ok	914112.0	914112.0	913899.8	0.02321917566892491	59.062	1.0295645504305686	-0.02321917566892491	-0.02321917566892491	0.0	0	<ORIGINAL_WORKSPACE>/OpenROAD-flow-scripts/flow/reports/asap7/swerv_wrapper/place_batch_20260421_220319/dpl_evolve_baseline/openroad_dpl_hpwl_only_9case_bo_place_batch_20260421_220319_swerv_wrapper_asap7_trial_504208c4_f806ba995dba/metrics.json	1	1024 128	0	0.3149387968597478	1.622055458829026	0.6935908376922051	139.9232795252375	403	2793	1.5072074290149475	1.04
50a02134	ok	915811.6	915811.6	913899.8	0.20919142339235985	67.439	1.175591813966461	-0.30617503895122566	-0.20919142339235988	0.09698361555886578	0	<ORIGINAL_WORKSPACE>/OpenROAD-flow-scripts/flow/reports/asap7/swerv_wrapper/place_batch_20260421_220319/dpl_evolve_baseline/openroad_dpl_hpwl_only_9case_bo_place_batch_20260421_220319_swerv_wrapper_asap7_trial_50a02134_97f739cf311d/metrics.json	3	256 32	1	0.3860333883930338	1.6168133640286515	0.29297941501524505	143.06239379043234	584	3879	1.400254775016918	1.50 1.25 1.10 1.04
50c7217f	ok	913853.3	913853.3	913899.8	-0.005088085148940835	67.974	1.1849178956176134	-0.10364201792404992	0.005088085148940835	0.10873010307299076	0	<ORIGINAL_WORKSPACE>/OpenROAD-flow-scripts/flow/reports/asap7/swerv_wrapper/place_batch_20260421_220319/dpl_evolve_baseline/openroad_dpl_hpwl_only_9case_bo_place_batch_20260421_220319_swerv_wrapper_asap7_trial_50c7217f_73333597c33e/metrics.json	28	1024	1	0.08170677880585477	1.425670784188404	1.1079876684172982	111.34428856541166	729	1907	1.1852122876666766	1.75 1.35 1.15 1.05
531be02d	ok	913703.1	913703.1	913899.8	-0.021523147285957372	64.04	1.1163406896070844	0.0002825889817923144	0.021523147285957372	0.021240558304165057	0	<ORIGINAL_WORKSPACE>/OpenROAD-flow-scripts/flow/reports/asap7/swerv_wrapper/place_batch_20260421_220319/dpl_evolve_baseline/openroad_dpl_hpwl_only_9case_bo_place_batch_20260421_220319_swerv_wrapper_asap7_trial_531be02d_083eac5d5fc5/metrics.json	25	1024	0	0.649540277467973	1.4326453979043574	0.20555696071282292	149.68973092985811	363	3309	1.0573274135288213	1.75 1.35 1.15 1.05
55248db2	ok	914215.2	914215.2	913899.8	0.03451144206398851	70.783	1.2338841822682425	-0.20417139549723812	-0.034511442063988505	0.1696599534332496	0	<ORIGINAL_WORKSPACE>/OpenROAD-flow-scripts/flow/reports/asap7/swerv_wrapper/place_batch_20260421_220319/dpl_evolve_baseline/openroad_dpl_hpwl_only_9case_bo_place_batch_20260421_220319_swerv_wrapper_asap7_trial_55248db2_4579f6ae9f75/metrics.json	61	1024	0	0.01799211925913355	1.3301903937063735	1.5309412813704604	140.05014356561114	908	2455	1.0682081376403738	1.75 1.35 1.15 1.05
56dedb1b	ok	915514.8	915514.8	913899.8	0.17671521538794513	57.812	1.0077746400306802	-0.17671521538794516	-0.17671521538794516	0.0	0	<ORIGINAL_WORKSPACE>/OpenROAD-flow-scripts/flow/reports/asap7/swerv_wrapper/place_batch_20260421_220319/dpl_evolve_baseline/openroad_dpl_hpwl_only_9case_bo_place_batch_20260421_220319_swerv_wrapper_asap7_trial_56dedb1b_920094cd259f/metrics.json	1	64	1	0.03677540338617816	1.52192132141527	0.24269910878947057	119.95395217541306	157	1346	1.580504767090232	1.10 1.04
56f6865e	ok	913915.9	913915.9	913899.8	0.0017616810945769675	61.671	1.0750444514172157	-0.0017616810945769673	-0.0017616810945769673	0.0	0	<ORIGINAL_WORKSPACE>/OpenROAD-flow-scripts/flow/reports/asap7/swerv_wrapper/place_batch_20260421_220319/dpl_evolve_baseline/openroad_dpl_hpwl_only_9case_bo_place_batch_20260421_220319_swerv_wrapper_asap7_trial_56f6865e_3aeb2cb408cd/metrics.json	6	omit	1	0.6916911614439678	1.3173086942765204	0.2748722540487071	134.1723346185187	791	495	1.6237031323596463	1.75 1.35 1.15 1.05
58d389ca	ok	913980.8	913980.8	913899.8	0.00886311606589694	57.883	1.0090123069413939	-0.00886311606589694	-0.00886311606589694	0.0	0	<ORIGINAL_WORKSPACE>/OpenROAD-flow-scripts/flow/reports/asap7/swerv_wrapper/place_batch_20260421_220319/dpl_evolve_baseline/openroad_dpl_hpwl_only_9case_bo_place_batch_20260421_220319_swerv_wrapper_asap7_trial_58d389ca_af4dacb6df37/metrics.json	15	1024	1	0.026612419350776743	1.0092761737941631	0.9746233456717667	138.3662087924024	669	3160	1.0037295696437845	1.25 1.10 1.04
59485e8f	ok	915910.5	915910.5	913899.8	0.2200131786876366	59.059	1.0295122546456088	-0.2200131786876366	-0.2200131786876366	0.0	0	<ORIGINAL_WORKSPACE>/OpenROAD-flow-scripts/flow/reports/asap7/swerv_wrapper/place_batch_20260421_220319/dpl_evolve_baseline/openroad_dpl_hpwl_only_9case_bo_place_batch_20260421_220319_swerv_wrapper_asap7_trial_59485e8f_1012e511e8d6/metrics.json	22	256 32	1	0.27010960925157135	1.7921328432041506	0.09792290729994169	146.4490118513011	95	3621	1.3102987340656587	1.75 1.35 1.15 1.05
59891e88	ok	913746.4	913746.4	913899.8	-0.01678520993220737	59.155	1.0311857197643204	0.01678520993220737	0.01678520993220737	0.0	0	<ORIGINAL_WORKSPACE>/OpenROAD-flow-scripts/flow/reports/asap7/swerv_wrapper/place_batch_20260421_220319/dpl_evolve_baseline/openroad_dpl_hpwl_only_9case_bo_place_batch_20260421_220319_swerv_wrapper_asap7_trial_59891e88_67cd3b816b11/metrics.json	49	1024	1	0.8857849062338887	1.6079651549196003	0.27227385677973553	78.2416261569699	391	639	1.8283953654483458	1.50 1.25 1.10 1.04
59e44faf	ok	913943.6	913943.6	913899.8	0.004792647946736628	62.372	1.0872642331694733	-0.004792647946736628	-0.004792647946736628	0.0	0	<ORIGINAL_WORKSPACE>/OpenROAD-flow-scripts/flow/reports/asap7/swerv_wrapper/place_batch_20260421_220319/dpl_evolve_baseline/openroad_dpl_hpwl_only_9case_bo_place_batch_20260421_220319_swerv_wrapper_asap7_trial_59e44faf_c8950fbd51e6/metrics.json	47	512	1	0.5691479638758287	1.7937586933545784	0.1753159405876849	140.09963388295634	109	2790	1.5727635511462086	1.75 1.35 1.15 1.05
5b680482	ok	914096.5	914096.5	913899.8	0.021523147285944632	61.852	1.0781996304431196	-0.021523147285944632	-0.021523147285944632	0.0	0	<ORIGINAL_WORKSPACE>/OpenROAD-flow-scripts/flow/reports/asap7/swerv_wrapper/place_batch_20260421_220319/dpl_evolve_baseline/openroad_dpl_hpwl_only_9case_bo_place_batch_20260421_220319_swerv_wrapper_asap7_trial_5b680482_77de136921ff/metrics.json	27	1024	1	0.7533386431179447	0.653561136671067	0.17995103012416253	69.65168979288359	368	3712	1.2492399325178793	1.25 1.10 1.04
5d4708d3	ok	914113.7	914113.7	913899.8	0.023405191685117652	63.355	1.1043998187079453	-0.02913975921178471	-0.023405191685117652	0.005734567526667056	0	<ORIGINAL_WORKSPACE>/OpenROAD-flow-scripts/flow/reports/asap7/swerv_wrapper/place_batch_20260421_220319/dpl_evolve_baseline/openroad_dpl_hpwl_only_9case_bo_place_batch_20260421_220319_swerv_wrapper_asap7_trial_5d4708d3_5a53d4bec07b/metrics.json	68	512	1	0.675242676283739	0.7281822865199469	1.0679822138951935	116.6314130305655	606	2865	1.2852183424890018	1.50 1.25 1.10 1.04
5d4ced4b	ok	915955.7	915955.7	913899.8	0.22495901629477397	55.617	0.969511557368476	-0.22495901629477397	-0.22495901629477397	0.0	0	<ORIGINAL_WORKSPACE>/OpenROAD-flow-scripts/flow/reports/asap7/swerv_wrapper/place_batch_20260421_220319/dpl_evolve_baseline/openroad_dpl_hpwl_only_9case_bo_place_batch_20260421_220319_swerv_wrapper_asap7_trial_5d4ced4b_82d2532435f5/metrics.json	7	256 32	1	0.8101652354301618	1.6676963022747602	1.092764079965562	106.17453030273606	607	1008	1.9787342618694082	1.25 1.10 1.04
5fb8493c	ok	913617.6	913617.6	913899.8	-0.030878658688848586	60.506	1.0547362549245198	0.030878658688848586	0.030878658688848586	0.0	0	<ORIGINAL_WORKSPACE>/OpenROAD-flow-scripts/flow/reports/asap7/swerv_wrapper/place_batch_20260421_220319/dpl_evolve_baseline/openroad_dpl_hpwl_only_9case_bo_place_batch_20260421_220319_swerv_wrapper_asap7_trial_5fb8493c_fab4ebf66ae1/metrics.json	5	1024	1	0.19067094497689713	1.4230044817005645	0.07962076184876427	117.18881200438749	227	1647	1.6431410130205268	1.04
5fc7bda6	ok	913965.0	913965.0	913899.8	0.007134261327111947	59.727	1.0411567827633093	-0.007134261327111947	-0.007134261327111947	0.0	0	<ORIGINAL_WORKSPACE>/OpenROAD-flow-scripts/flow/reports/asap7/swerv_wrapper/place_batch_20260421_220319/dpl_evolve_baseline/openroad_dpl_hpwl_only_9case_bo_place_batch_20260421_220319_swerv_wrapper_asap7_trial_5fc7bda6_88c8fc294f57/metrics.json	14	omit	1	0.448307554372753	1.8977963935148776	1.0545041803627906	141.7221845324563	109	1940	1.7401269680444773	1.10 1.04
60181f12	ok	913685.5	913685.5	913899.8	-0.02344896015953243	65.327	1.1387755813548095	-0.026702107166700562	0.02344896015953243	0.05015106732623299	0	<ORIGINAL_WORKSPACE>/OpenROAD-flow-scripts/flow/reports/asap7/swerv_wrapper/place_batch_20260421_220319/dpl_evolve_baseline/openroad_dpl_hpwl_only_9case_bo_place_batch_20260421_220319_swerv_wrapper_asap7_trial_60181f12_33dbde0e0a66/metrics.json	21	512	1	0.2918959205205798	1.3958593282288732	0.1433739425499433	123.72332783932796	492	3693	1.6669854356248828	1.50 1.25 1.10 1.04
60843651	ok	915723.1	915723.1	913899.8	0.19950764843147248	54.555	0.9509988494927308	-0.19950764843147248	-0.19950764843147248	0.0	0	<ORIGINAL_WORKSPACE>/OpenROAD-flow-scripts/flow/reports/asap7/swerv_wrapper/place_batch_20260421_220319/dpl_evolve_baseline/openroad_dpl_hpwl_only_9case_bo_place_batch_20260421_220319_swerv_wrapper_asap7_trial_60843651_72ef5d811a75/metrics.json	4	256 32	0	0.5395123127550056	1.5890977787397877	0.28274581447911307	120.47200925310662	50	2555	1.3586076844329875	1.04
60a6e9ff	ok	914221.2	914221.2	913899.8	0.03516796917998088	61.239	1.0675138583830144	-0.03516796917998088	-0.03516796917998088	0.0	0	<ORIGINAL_WORKSPACE>/OpenROAD-flow-scripts/flow/reports/asap7/swerv_wrapper/place_batch_20260421_220319/dpl_evolve_baseline/openroad_dpl_hpwl_only_9case_bo_place_batch_20260421_220319_swerv_wrapper_asap7_trial_60a6e9ff_17e1b6ce81cf/metrics.json	33	1024	1	0.7765617332245185	0.8847780935740707	0.6492767178851563	109.5090531163622	222	2050	1.213257004010626	2.00 1.50 1.20 1.05
60cfc02b	ok	913729.1	913729.1	913899.8	-0.018678196449990452	60.763	1.0592162605027369	0.018678196449990452	0.018678196449990452	0.0	0	<ORIGINAL_WORKSPACE>/OpenROAD-flow-scripts/flow/reports/asap7/swerv_wrapper/place_batch_20260421_220319/dpl_evolve_baseline/openroad_dpl_hpwl_only_9case_bo_place_batch_20260421_220319_swerv_wrapper_asap7_trial_60cfc02b_c95a9d0537d0/metrics.json	34	1024	1	0.7355369983672452	0.8551686785608871	1.437770036286152	45.229891432711625	163	2750	1.310505445176965	2.50 1.75 1.25 1.08
61402e1a	ok	913807.1	913807.1	913899.8	-0.010143343942089695	59.831	1.04296970330858	0.010143343942089695	0.010143343942089695	0.0	0	<ORIGINAL_WORKSPACE>/OpenROAD-flow-scripts/flow/reports/asap7/swerv_wrapper/place_batch_20260421_220319/dpl_evolve_baseline/openroad_dpl_hpwl_only_9case_bo_place_batch_20260421_220319_swerv_wrapper_asap7_trial_61402e1a_d0d0a44fe72b/metrics.json	8	1024	1	0.4975305110153754	1.803784315481977	0.32684765744423283	145.83523111137595	352	3351	1.164761079938659	1.25 1.10 1.04
62152ccf	ok	913965.8	913965.8	913899.8	0.007221798275916024	61.139	1.0657706655510233	-0.007221798275916024	-0.007221798275916024	0.0	0	<ORIGINAL_WORKSPACE>/OpenROAD-flow-scripts/flow/reports/asap7/swerv_wrapper/place_batch_20260421_220319/dpl_evolve_baseline/openroad_dpl_hpwl_only_9case_bo_place_batch_20260421_220319_swerv_wrapper_asap7_trial_62152ccf_6986cd372252/metrics.json	23	1024	1	0.003714950518270116	0.8617603857868754	0.06336300091541058	126.93979669271181	169	342	1.530980262018233	1.04
632179e1	ok	917493.6	917493.6	913899.8	0.39323785824221974	55.727	0.9714290694836663	-0.39323785824221974	-0.39323785824221974	0.0	0	<ORIGINAL_WORKSPACE>/OpenROAD-flow-scripts/flow/reports/asap7/swerv_wrapper/place_batch_20260421_220319/dpl_evolve_baseline/openroad_dpl_hpwl_only_9case_bo_place_batch_20260421_220319_swerv_wrapper_asap7_trial_632179e1_6d91ca7683d1/metrics.json	48	128 16	0	0.9828024450546807	0.16291910803902632	0.2824617399052504	127.31326881917103	479	3639	1.019690953015408	2.50 1.75 1.25 1.08
63583d95	ok	916159.6	916159.6	913899.8	0.24726999611991707	57.777	1.0071645225394834	-0.2472699961199171	-0.2472699961199171	0.0	0	<ORIGINAL_WORKSPACE>/OpenROAD-flow-scripts/flow/reports/asap7/swerv_wrapper/place_batch_20260421_220319/dpl_evolve_baseline/openroad_dpl_hpwl_only_9case_bo_place_batch_20260421_220319_swerv_wrapper_asap7_trial_63583d95_0477f1be8bd8/metrics.json	104	256 32	1	0.49958417067888605	1.4571713359491925	0.45597915489714336	37.20503375658461	1030	1722	1.6166850671552362	1.04
6360a94f	ok	913889.5	913889.5	913899.8	-0.00112703821579199	62.549	1.0903496844820975	0.00112703821579199	0.00112703821579199	0.0	0	<ORIGINAL_WORKSPACE>/OpenROAD-flow-scripts/flow/reports/asap7/swerv_wrapper/place_batch_20260421_220319/dpl_evolve_baseline/openroad_dpl_hpwl_only_9case_bo_place_batch_20260421_220319_swerv_wrapper_asap7_trial_6360a94f_55d668609435/metrics.json	80	1024 128	1	0.05324237338237575	0.7767606897918838	1.1465536151337137	146.60936760992917	765	1279	1.0200421636989883	1.75 1.35 1.15 1.05
64b42084	ok	914100.1	914100.1	913899.8	0.021917063555537505	61.46	1.0713663145417147	-0.021917063555537505	-0.021917063555537505	0.0	0	<ORIGINAL_WORKSPACE>/OpenROAD-flow-scripts/flow/reports/asap7/swerv_wrapper/place_batch_20260421_220319/dpl_evolve_baseline/openroad_dpl_hpwl_only_9case_bo_place_batch_20260421_220319_swerv_wrapper_asap7_trial_64b42084_35f774da2dee/metrics.json	36	1024	0	0.3666453008561013	1.7722348483703334	0.2765810647990783	147.26274364623978	592	1639	1.0290976395029938	1.75 1.35 1.15 1.05
65932d53	ok	914041.8	914041.8	913899.8	0.015537808411819325	57.068	0.9948052853606666	-0.015537808411819325	-0.015537808411819325	0.0	0	<ORIGINAL_WORKSPACE>/OpenROAD-flow-scripts/flow/reports/asap7/swerv_wrapper/place_batch_20260421_220319/dpl_evolve_baseline/openroad_dpl_hpwl_only_9case_bo_place_batch_20260421_220319_swerv_wrapper_asap7_trial_65932d53_8beef1a584ee/metrics.json	13	omit	1	0.3253005613889486	1.213054347466795	1.4741515403837155	90.45418844256041	183	1611	1.2541913305812555	1.75 1.35 1.15 1.05
66fafd7d	ok	913922.6	913922.6	913899.8	0.002494803040763347	61.498	1.0720287278178713	-0.0024948030407633474	-0.0024948030407633474	0.0	0	<ORIGINAL_WORKSPACE>/OpenROAD-flow-scripts/flow/reports/asap7/swerv_wrapper/place_batch_20260421_220319/dpl_evolve_baseline/openroad_dpl_hpwl_only_9case_bo_place_batch_20260421_220319_swerv_wrapper_asap7_trial_66fafd7d_bf7153780ef0/metrics.json	69	1024	1	0.04121136932220748	0.9307153194578439	1.0245819554839917	138.3468626931701	640	2314	1.108160841146299	1.75 1.35 1.15 1.05
673d2178	ok	914047.5	914047.5	913899.8	0.01616150917200698	55.294	0.9638810445211449	-0.01616150917200698	-0.01616150917200698	0.0	0	<ORIGINAL_WORKSPACE>/OpenROAD-flow-scripts/flow/reports/asap7/swerv_wrapper/place_batch_20260421_220319/dpl_evolve_baseline/openroad_dpl_hpwl_only_9case_bo_place_batch_20260421_220319_swerv_wrapper_asap7_trial_673d2178_07439f3f491a/metrics.json	98	1024	1	0.570311282085799	0.2948861718125184	0.5425957441281162	111.45425189277339	464	3755	1.141732152623557	1.50 1.25 1.10 1.04
67f22dfc	ok	914339.5	914339.5	913899.8	0.04811249548363545	64.291	1.1207161036153819	-0.0750140349770809	-0.04811249548363545	0.026901539493445453	0	<ORIGINAL_WORKSPACE>/OpenROAD-flow-scripts/flow/reports/asap7/swerv_wrapper/place_batch_20260421_220319/dpl_evolve_baseline/openroad_dpl_hpwl_only_9case_bo_place_batch_20260421_220319_swerv_wrapper_asap7_trial_67f22dfc_c4f70415043f/metrics.json	33	512 64	1	0.13073808143556287	0.3860794723808263	0.8034117936745053	139.45669997195387	829	2420	1.2376241434695627	1.75 1.35 1.15 1.05
680105bf	ok	916196.7	916196.7	913899.8	0.25132952212046733	59.258	1.0329812083812713	-0.25132952212046733	-0.25132952212046733	0.0	0	<ORIGINAL_WORKSPACE>/OpenROAD-flow-scripts/flow/reports/asap7/swerv_wrapper/place_batch_20260421_220319/dpl_evolve_baseline/openroad_dpl_hpwl_only_9case_bo_place_batch_20260421_220319_swerv_wrapper_asap7_trial_680105bf_ff406b9e8dc0/metrics.json	11	256 32	1	0.0829654427528308	1.2044294317076862	0.2775106496997304	88.01298744067493	298	540	1.5000368544191736	1.25 1.10 1.04
6818c8e1	ok	913945.1	913945.1	913899.8	0.004956779725734719	62.121	1.0828888191611756	-0.004956779725734719	-0.004956779725734719	0.0	0	<ORIGINAL_WORKSPACE>/OpenROAD-flow-scripts/flow/reports/asap7/swerv_wrapper/place_batch_20260421_220319/dpl_evolve_baseline/openroad_dpl_hpwl_only_9case_bo_place_batch_20260421_220319_swerv_wrapper_asap7_trial_6818c8e1_e2357c99b623/metrics.json	21	1024	1	0.14687614942398505	1.4078096961787179	0.5844125924307665	72.17570894029797	544	133	1.26087681681389	2.50 1.75 1.25 1.08
68747a02	ok	915873.1	915873.1	913899.8	0.21592082633128162	56.95	0.9927483178189171	-0.21592082633128162	-0.21592082633128162	0.0	0	<ORIGINAL_WORKSPACE>/OpenROAD-flow-scripts/flow/reports/asap7/swerv_wrapper/place_batch_20260421_220319/dpl_evolve_baseline/openroad_dpl_hpwl_only_9case_bo_place_batch_20260421_220319_swerv_wrapper_asap7_trial_68747a02_a24cfa2753e2/metrics.json	105	256 32	1	0.7090190326075132	0.7712719015478248	0.8501491572318939	62.30496129207388	538	3236	1.0332594548857756	1.50 1.25 1.10 1.04
68ec67f1	ok	913870.1	913870.1	913899.8	-0.003249809224169854	60.196	1.0493323571453474	0.003249809224169854	0.003249809224169854	0.0	0	<ORIGINAL_WORKSPACE>/OpenROAD-flow-scripts/flow/reports/asap7/swerv_wrapper/place_batch_20260421_220319/dpl_evolve_baseline/openroad_dpl_hpwl_only_9case_bo_place_batch_20260421_220319_swerv_wrapper_asap7_trial_68ec67f1_2efce4b20d5e/metrics.json	48	512	1	0.10270290800897752	1.0386741552849867	0.4860433104734523	93.67272095623183	466	1843	1.0424528523065761	1.75 1.35 1.15 1.05
69944336	ok	913915.0	913915.0	913899.8	0.0016632020271755649	55.785	0.972440121326221	-0.0016632020271755649	-0.0016632020271755649	0.0	0	<ORIGINAL_WORKSPACE>/OpenROAD-flow-scripts/flow/reports/asap7/swerv_wrapper/place_batch_20260421_220319/dpl_evolve_baseline/openroad_dpl_hpwl_only_9case_bo_place_batch_20260421_220319_swerv_wrapper_asap7_trial_69944336_08ea01ea400f/metrics.json	2	1024	1	0.480640536011762	0.801960281365475	1.2831646982921496	67.79374277432937	393	1821	1.4007086675473648	1.25 1.10 1.04
69dcad20	ok	914150.8	914150.8	913899.8	0.027464717685680637	55.226	0.962695673395391	-0.02746471768568064	-0.02746471768568064	0.0	0	<ORIGINAL_WORKSPACE>/OpenROAD-flow-scripts/flow/reports/asap7/swerv_wrapper/place_batch_20260421_220319/dpl_evolve_baseline/openroad_dpl_hpwl_only_9case_bo_place_batch_20260421_220319_swerv_wrapper_asap7_trial_69dcad20_db99f3f5cea3/metrics.json	11	1024	1	0.060540445063567705	1.8826573685467054	0.6733129517083754	141.5294169054877	319	2208	1.115877834160809	1.04
6a21a7ac	ok	913766.4	913766.4	913899.8	-0.014596786212232817	59.173	1.0314994944740787	0.014596786212232815	0.014596786212232815	0.0	0	<ORIGINAL_WORKSPACE>/OpenROAD-flow-scripts/flow/reports/asap7/swerv_wrapper/place_batch_20260421_220319/dpl_evolve_baseline/openroad_dpl_hpwl_only_9case_bo_place_batch_20260421_220319_swerv_wrapper_asap7_trial_6a21a7ac_1e504e887363/metrics.json	41	1024	1	0.9292395317750244	1.5796199474710055	0.3107504495517613	90.6950083828716	438	782	1.828990068836541	1.50 1.25 1.10 1.04
6b64066a	ok	917945.1	917945.1	913899.8	0.4426415237206453	57.014	0.9938639612313914	-0.4426415237206453	-0.4426415237206453	0.0	0	<ORIGINAL_WORKSPACE>/OpenROAD-flow-scripts/flow/reports/asap7/swerv_wrapper/place_batch_20260421_220319/dpl_evolve_baseline/openroad_dpl_hpwl_only_9case_bo_place_batch_20260421_220319_swerv_wrapper_asap7_trial_6b64066a_c754afd4ac9a/metrics.json	34	32	1	0.07194716072243601	1.1491291269676565	0.11138421871407203	121.87128517622635	812	3830	1.6162796207409749	1.50 1.25 1.10 1.04
6bea9f8c	ok	919086.4	919086.4	913899.8	0.5675239233009982	54.764	0.9546421225115923	-0.5675239233009982	-0.5675239233009982	0.0	0	<ORIGINAL_WORKSPACE>/OpenROAD-flow-scripts/flow/reports/asap7/swerv_wrapper/place_batch_20260421_220319/dpl_evolve_baseline/openroad_dpl_hpwl_only_9case_bo_place_batch_20260421_220319_swerv_wrapper_asap7_trial_6bea9f8c_4f3e9f699e9b/metrics.json	30	64 8	1	0.41960704365076396	1.7197685148644157	0.07388497797222177	108.9585195362964	292	3780	1.2694429144058665	1.04
6c83861d	ok	913928.2	913928.2	913899.8	0.0031075616823536744	61.444	1.071087403688596	-0.0031075616823536744	-0.0031075616823536744	0.0	0	<ORIGINAL_WORKSPACE>/OpenROAD-flow-scripts/flow/reports/asap7/swerv_wrapper/place_batch_20260421_220319/dpl_evolve_baseline/openroad_dpl_hpwl_only_9case_bo_place_batch_20260421_220319_swerv_wrapper_asap7_trial_6c83861d_3d9b8e60df31/metrics.json	9	512	0	0.7334411808900544	1.6860310622084536	0.3364591490331473	149.68291320559405	275	2250	1.489429654093105	omit
6cbd98cc	ok	913685.5	913685.5	913899.8	-0.02344896015953243	63.029	1.0987170100756547	0.02344896015953243	0.02344896015953243	0.0	0	<ORIGINAL_WORKSPACE>/OpenROAD-flow-scripts/flow/reports/asap7/swerv_wrapper/place_batch_20260421_220319/dpl_evolve_baseline/openroad_dpl_hpwl_only_9case_bo_place_batch_20260421_220319_swerv_wrapper_asap7_trial_6cbd98cc_0c2a882a6b97/metrics.json	21	512	1	0.5563425733860529	1.878909234758622	0.10450857586786755	146.1041357304767	78	2952	1.3930805435762206	1.75 1.35 1.15 1.05
6d26d9e1	ok	914149.6	914149.6	913899.8	0.027333412262474523	64.645	1.1268870062406302	-0.06220021524334189	-0.027333412262474523	0.03486680298086737	0	<ORIGINAL_WORKSPACE>/OpenROAD-flow-scripts/flow/reports/asap7/swerv_wrapper/place_batch_20260421_220319/dpl_evolve_baseline/openroad_dpl_hpwl_only_9case_bo_place_batch_20260421_220319_swerv_wrapper_asap7_trial_6d26d9e1_b1466f4596b3/metrics.json	50	1024	1	0.25444792006314243	0.48977529999741437	0.7428525397866536	144.5958808319682	514	3726	1.2883637465340705	1.75 1.35 1.15 1.05
6e277de1	ok	914073.2	914073.2	913899.8	0.018973633652169183	61.776	1.0768748038908065	-0.018973633652169183	-0.018973633652169183	0.0	0	<ORIGINAL_WORKSPACE>/OpenROAD-flow-scripts/flow/reports/asap7/swerv_wrapper/place_batch_20260421_220319/dpl_evolve_baseline/openroad_dpl_hpwl_only_9case_bo_place_batch_20260421_220319_swerv_wrapper_asap7_trial_6e277de1_ca775eb64b66/metrics.json	12	omit	1	0.8390912915823826	1.5548380299801858	0.937342150703462	114.30423543483496	472	410	1.4890712186029684	1.10 1.04
6fef1878	ok	914168.0	914168.0	913899.8	0.029346762084853657	68.912	1.2012690443816896	-0.15856061403236282	-0.02934676208485366	0.12921385194750917	0	<ORIGINAL_WORKSPACE>/OpenROAD-flow-scripts/flow/reports/asap7/swerv_wrapper/place_batch_20260421_220319/dpl_evolve_baseline/openroad_dpl_hpwl_only_9case_bo_place_batch_20260421_220319_swerv_wrapper_asap7_trial_6fef1878_6d6bca750dc3/metrics.json	36	omit	1	0.7691573653245453	1.3548023738582182	1.2853047129038135	110.84118217151106	410	2126	1.5269570273977557	1.04
70780c0d	ok	917565.6	917565.6	913899.8	0.4011161836341282	61.356	1.069553393996444	-0.40111618363412815	-0.40111618363412815	0.0	0	<ORIGINAL_WORKSPACE>/OpenROAD-flow-scripts/flow/reports/asap7/swerv_wrapper/place_batch_20260421_220319/dpl_evolve_baseline/openroad_dpl_hpwl_only_9case_bo_place_batch_20260421_220319_swerv_wrapper_asap7_trial_70780c0d_6b2f0930277d/metrics.json	13	128 16	1	0.62789772024471	1.394914330960455	0.181926417396085	123.24076949438518	151	2253	1.4113321228602262	2.50 1.75 1.25 1.08
70de6926	ok	914015.3	914015.3	913899.8	0.012638146982853041	59.124	1.0306453299864031	-0.012638146982853043	-0.012638146982853043	0.0	0	<ORIGINAL_WORKSPACE>/OpenROAD-flow-scripts/flow/reports/asap7/swerv_wrapper/place_batch_20260421_220319/dpl_evolve_baseline/openroad_dpl_hpwl_only_9case_bo_place_batch_20260421_220319_swerv_wrapper_asap7_trial_70de6926_68f5f7ea1fbc/metrics.json	10	omit	1	0.6840000867455245	0.8689917061473549	1.293557898527884	54.13692210617534	163	930	1.4925871477740018	omit
71473fbf	ok	915900.0	915900.0	913899.8	0.21886425623464995	59.371	1.034951016281421	-0.21886425623464995	-0.21886425623464995	0.0	0	<ORIGINAL_WORKSPACE>/OpenROAD-flow-scripts/flow/reports/asap7/swerv_wrapper/place_batch_20260421_220319/dpl_evolve_baseline/openroad_dpl_hpwl_only_9case_bo_place_batch_20260421_220319_swerv_wrapper_asap7_trial_71473fbf_8b090f98328e/metrics.json	68	64	1	0.16081751641261421	1.0861107489355017	1.1231615393756667	112.19165901898369	714	3793	1.0309104272372687	1.75 1.35 1.15 1.05
71e6c933	ok	917976.0	917976.0	913899.8	0.44602263836800854	55.364	0.9651012795035386	-0.44602263836800854	-0.44602263836800854	0.0	0	<ORIGINAL_WORKSPACE>/OpenROAD-flow-scripts/flow/reports/asap7/swerv_wrapper/place_batch_20260421_220319/dpl_evolve_baseline/openroad_dpl_hpwl_only_9case_bo_place_batch_20260421_220319_swerv_wrapper_asap7_trial_71e6c933_74509355766e/metrics.json	76	32	0	0.5946490145991989	1.2810102034259392	0.3056489700507817	133.91466013631734	612	3192	1.0035744189560136	1.75 1.35 1.15 1.05
7245c8e7	ok	915873.0	915873.0	913899.8	0.2159098842126843	58.651	1.0224000278910854	-0.21590988421268428	-0.21590988421268428	0.0	0	<ORIGINAL_WORKSPACE>/OpenROAD-flow-scripts/flow/reports/asap7/swerv_wrapper/place_batch_20260421_220319/dpl_evolve_baseline/openroad_dpl_hpwl_only_9case_bo_place_batch_20260421_220319_swerv_wrapper_asap7_trial_7245c8e7_7789f27fd162/metrics.json	13	256 32	0	0.44789352617590517	1.8171910061861911	0.622547589328675	43.16630078795231	199	175	1.678835532939891	1.04
727a321a	ok	913833.0	913833.0	913899.8	-0.007309335224720103	63.907	1.1140222431405362	-0.010927082734567559	0.007309335224720102	0.01823641795928766	0	<ORIGINAL_WORKSPACE>/OpenROAD-flow-scripts/flow/reports/asap7/swerv_wrapper/place_batch_20260421_220319/dpl_evolve_baseline/openroad_dpl_hpwl_only_9case_bo_place_batch_20260421_220319_swerv_wrapper_asap7_trial_727a321a_1c31b8735997/metrics.json	17	1024	1	0.3117597290783847	1.0879724916121085	0.3448023979853492	138.80684976409577	176	2508	1.4424169283928032	1.50 1.25 1.10 1.04
7292316a	ok	915693.7	915693.7	913899.8	0.1962906655631073	61.012	1.0635568106543947	-0.19629066556310734	-0.19629066556310734	0.0	0	<ORIGINAL_WORKSPACE>/OpenROAD-flow-scripts/flow/reports/asap7/swerv_wrapper/place_batch_20260421_220319/dpl_evolve_baseline/openroad_dpl_hpwl_only_9case_bo_place_batch_20260421_220319_swerv_wrapper_asap7_trial_7292316a_ecac79b4c8e6/metrics.json	47	64	1	0.5825474139271078	1.5756857816215606	1.2919099125570521	118.64594607005877	560	821	1.827259587150342	omit
72a24e81	ok	914045.5	914045.5	913899.8	0.015942666800009525	60.055	1.04687445525224	-0.01594266680000952	-0.01594266680000952	0.0	0	<ORIGINAL_WORKSPACE>/OpenROAD-flow-scripts/flow/reports/asap7/swerv_wrapper/place_batch_20260421_220319/dpl_evolve_baseline/openroad_dpl_hpwl_only_9case_bo_place_batch_20260421_220319_swerv_wrapper_asap7_trial_72a24e81_5238d12afe0c/metrics.json	68	omit	0	0.8578238279831291	0.6824094254569084	0.19496597956774153	114.43019423677023	72	3240	1.0620567145576547	1.50 1.25 1.10 1.04
73717797	ok	917643.1	917643.1	913899.8	0.4095963255490296	55.472	0.9669839277620891	-0.4095963255490295	-0.4095963255490295	0.0	0	<ORIGINAL_WORKSPACE>/OpenROAD-flow-scripts/flow/reports/asap7/swerv_wrapper/place_batch_20260421_220319/dpl_evolve_baseline/openroad_dpl_hpwl_only_9case_bo_place_batch_20260421_220319_swerv_wrapper_asap7_trial_73717797_e6f36e7e2503/metrics.json	72	128 16	1	0.22916440137062166	1.328798984639412	0.5114843889018885	120.5727878818221	953	3624	1.0266045003171345	1.75 1.35 1.15 1.05
73ce93de	ok	914008.1	914008.1	913899.8	0.011850314443654562	62.87	1.0959453334727887	-0.011850314443654562	-0.011850314443654562	0.0	0	<ORIGINAL_WORKSPACE>/OpenROAD-flow-scripts/flow/reports/asap7/swerv_wrapper/place_batch_20260421_220319/dpl_evolve_baseline/openroad_dpl_hpwl_only_9case_bo_place_batch_20260421_220319_swerv_wrapper_asap7_trial_73ce93de_ec81dcb1e74e/metrics.json	3	1024	0	0.30405517284946454	1.3682554709282726	0.18627702929069465	145.47494708889977	235	1675	1.5955806803689374	1.50 1.25 1.10 1.04
7415ce01	ok	913929.7	913929.7	913899.8	0.003271693461351766	59.7	1.0406861206986717	-0.003271693461351766	-0.003271693461351766	0.0	0	<ORIGINAL_WORKSPACE>/OpenROAD-flow-scripts/flow/reports/asap7/swerv_wrapper/place_batch_20260421_220319/dpl_evolve_baseline/openroad_dpl_hpwl_only_9case_bo_place_batch_20260421_220319_swerv_wrapper_asap7_trial_7415ce01_842d738a1db5/metrics.json	54	omit	0	0.6704675101784022	0.8346096047342539	1.1394451654692157	21.058040789285066	278	3223	1.9682615757193975	2.00 1.50 1.20 1.05
767e18e6	ok	914154.2	914154.2	913899.8	0.027836749718066125	64.249	1.1199839626259456	-0.0537918042449546	-0.02783674971806612	0.025955054526888472	0	<ORIGINAL_WORKSPACE>/OpenROAD-flow-scripts/flow/reports/asap7/swerv_wrapper/place_batch_20260421_220319/dpl_evolve_baseline/openroad_dpl_hpwl_only_9case_bo_place_batch_20260421_220319_swerv_wrapper_asap7_trial_767e18e6_c8bba8a2f749/metrics.json	16	omit	0	0.05480950031898335	1.8252130584097415	0.49685097197647216	143.47730784962624	170	2057	1.6250724773729255	1.04
7807b388	ok	915796.8	915796.8	913899.8	0.20757198983958636	62.341	1.086723843391556	-0.20757198983958633	-0.20757198983958633	0.0	0	<ORIGINAL_WORKSPACE>/OpenROAD-flow-scripts/flow/reports/asap7/swerv_wrapper/place_batch_20260421_220319/dpl_evolve_baseline/openroad_dpl_hpwl_only_9case_bo_place_batch_20260421_220319_swerv_wrapper_asap7_trial_7807b388_a247a9744e60/metrics.json	54	256 32	1	0.7770632507895441	1.3290567788853187	0.23702855819633367	120.77165533998398	329	3076	1.005470271413901	1.75 1.35 1.15 1.05
78562c27	ok	915765.3	915765.3	913899.8	0.20412522248062642	54.886	0.9567688177666214	-0.20412522248062642	-0.20412522248062642	0.0	0	<ORIGINAL_WORKSPACE>/OpenROAD-flow-scripts/flow/reports/asap7/swerv_wrapper/place_batch_20260421_220319/dpl_evolve_baseline/openroad_dpl_hpwl_only_9case_bo_place_batch_20260421_220319_swerv_wrapper_asap7_trial_78562c27_8605315f55f8/metrics.json	72	64	1	0.5760411969459523	0.8864472479813276	0.07172840337121995	82.59674480602297	580	3734	1.3952198912657017	1.75 1.35 1.15 1.05
78b2b1ac	ok	914149.6	914149.6	913899.8	0.027333412262474523	67.276	1.1727504096503154	-0.12072893823358269	-0.027333412262474523	0.09339552597110816	0	<ORIGINAL_WORKSPACE>/OpenROAD-flow-scripts/flow/reports/asap7/swerv_wrapper/place_batch_20260421_220319/dpl_evolve_baseline/openroad_dpl_hpwl_only_9case_bo_place_batch_20260421_220319_swerv_wrapper_asap7_trial_78b2b1ac_c810c46ff25a/metrics.json	50	1024	1	0.03936688673393654	0.7607724054455528	0.24259828108141862	118.53912788024552	732	3468	1.1838606098947215	1.50 1.25 1.10 1.04
7a207a9f	ok	916237.9	916237.9	913899.8	0.25583767498362253	58.353	1.017205313251752	-0.25583767498362253	-0.25583767498362253	0.0	0	<ORIGINAL_WORKSPACE>/OpenROAD-flow-scripts/flow/reports/asap7/swerv_wrapper/place_batch_20260421_220319/dpl_evolve_baseline/openroad_dpl_hpwl_only_9case_bo_place_batch_20260421_220319_swerv_wrapper_asap7_trial_7a207a9f_4e86f9772c4c/metrics.json	58	256 32	1	0.2774140426629348	0.9172136262490123	0.8628348210834658	137.59866368445927	71	3934	1.1672202448529887	1.50 1.25 1.10 1.04
7a6ca6d4	ok	914361.3	914361.3	913899.8	0.05049787733841281	59.735	1.0412962381898685	-0.05049787733841281	-0.05049787733841281	0.0	0	<ORIGINAL_WORKSPACE>/OpenROAD-flow-scripts/flow/reports/asap7/swerv_wrapper/place_batch_20260421_220319/dpl_evolve_baseline/openroad_dpl_hpwl_only_9case_bo_place_batch_20260421_220319_swerv_wrapper_asap7_trial_7a6ca6d4_0356e8b4b178/metrics.json	87	512 64	0	0.9760435504677476	0.3196673006881867	0.445074144178342	64.67726327405565	515	672	1.7293189193611234	1.75 1.35 1.15 1.05
7b267331	ok	913915.9	913915.9	913899.8	0.0017616810945769675	61.277	1.068176271659171	-0.0017616810945769673	-0.0017616810945769673	0.0	0	<ORIGINAL_WORKSPACE>/OpenROAD-flow-scripts/flow/reports/asap7/swerv_wrapper/place_batch_20260421_220319/dpl_evolve_baseline/openroad_dpl_hpwl_only_9case_bo_place_batch_20260421_220319_swerv_wrapper_asap7_trial_7b267331_a25f8f3bf444/metrics.json	6	omit	1	0.6176213339573287	1.6695665845150383	1.3808252305689368	102.47673001632234	216	1869	1.5440634565400106	omit
7b554a1e	ok	913783.4	913783.4	913899.8	-0.012736626050254446	59.25	1.0328417529547118	0.012736626050254446	0.012736626050254446	0.0	0	<ORIGINAL_WORKSPACE>/OpenROAD-flow-scripts/flow/reports/asap7/swerv_wrapper/place_batch_20260421_220319/dpl_evolve_baseline/openroad_dpl_hpwl_only_9case_bo_place_batch_20260421_220319_swerv_wrapper_asap7_trial_7b554a1e_78158a65c4b2/metrics.json	43	1024 128	1	0.3530048377632948	1.883469244452777	0.1110057562849443	102.53563674690676	611	3814	1.6555744135403534	1.50 1.25 1.10 1.04
7be8dccd	ok	917664.7	917664.7	913899.8	0.4119598231665995	56.913	0.9921033364710804	-0.4119598231665995	-0.4119598231665995	0.0	0	<ORIGINAL_WORKSPACE>/OpenROAD-flow-scripts/flow/reports/asap7/swerv_wrapper/place_batch_20260421_220319/dpl_evolve_baseline/openroad_dpl_hpwl_only_9case_bo_place_batch_20260421_220319_swerv_wrapper_asap7_trial_7be8dccd_d06715ba0a8d/metrics.json	124	128 16	1	0.8576657479650951	0.35954683215356664	0.5156820915635891	84.53869827913657	435	3538	1.2488171388258196	2.50 1.75 1.25 1.08
7c4f9b29	ok	913921.0	913921.0	913899.8	0.0023197291431679306	58.055	1.0120105986124186	-0.0023197291431679306	-0.0023197291431679306	0.0	0	<ORIGINAL_WORKSPACE>/OpenROAD-flow-scripts/flow/reports/asap7/swerv_wrapper/place_batch_20260421_220319/dpl_evolve_baseline/openroad_dpl_hpwl_only_9case_bo_place_batch_20260421_220319_swerv_wrapper_asap7_trial_7c4f9b29_ca30ed621a7e/metrics.json	66	1024	1	0.7398187593160924	0.05776741897499604	0.8031099797354008	142.90186691639852	93	3703	1.1955649516530742	1.25 1.10 1.04
7e8be1c8	ok	919227.3	919227.3	913899.8	0.5829413684082215	59.226	1.032423386675034	-0.5829413684082215	-0.5829413684082215	0.0	0	<ORIGINAL_WORKSPACE>/OpenROAD-flow-scripts/flow/reports/asap7/swerv_wrapper/place_batch_20260421_220319/dpl_evolve_baseline/openroad_dpl_hpwl_only_9case_bo_place_batch_20260421_220319_swerv_wrapper_asap7_trial_7e8be1c8_d4495f6ff467/metrics.json	14	64 8	0	0.16535419711693278	1.8550171607920678	0.7281434265037379	112.62181547042333	885	3545	1.6236722070556089	1.25 1.10 1.04
7ec9f263	ok	915476.1	915476.1	913899.8	0.17248061548978674	61.266	1.067984520447652	-0.17248061548978674	-0.17248061548978674	0.0	0	<ORIGINAL_WORKSPACE>/OpenROAD-flow-scripts/flow/reports/asap7/swerv_wrapper/place_batch_20260421_220319/dpl_evolve_baseline/openroad_dpl_hpwl_only_9case_bo_place_batch_20260421_220319_swerv_wrapper_asap7_trial_7ec9f263_34c71d0f19fa/metrics.json	31	64	1	0.8643654865620424	1.088195106243301	0.662729287946112	124.36653668268515	721	1694	1.0381997010521122	1.25 1.10 1.04
7f312a3e	ok	917825.6	917825.6	913899.8	0.4295656919937973	57.184	0.9968273890457762	-0.42956569199379735	-0.42956569199379735	0.0	0	<ORIGINAL_WORKSPACE>/OpenROAD-flow-scripts/flow/reports/asap7/swerv_wrapper/place_batch_20260421_220319/dpl_evolve_baseline/openroad_dpl_hpwl_only_9case_bo_place_batch_20260421_220319_swerv_wrapper_asap7_trial_7f312a3e_25141325d3ef/metrics.json	69	32	0	0.8904609461878514	0.4412146702885349	0.11479779772824637	135.95742569151284	212	3866	1.1364209157213367	1.25 1.10 1.04
800bbd51	ok	914053.4	914053.4	913899.8	0.01680709416940202	57.783	1.0072691141094028	-0.01680709416940202	-0.01680709416940202	0.0	0	<ORIGINAL_WORKSPACE>/OpenROAD-flow-scripts/flow/reports/asap7/swerv_wrapper/place_batch_20260421_220319/dpl_evolve_baseline/openroad_dpl_hpwl_only_9case_bo_place_batch_20260421_220319_swerv_wrapper_asap7_trial_800bbd51_ba803868819b/metrics.json	37	1024	1	0.7415549946487565	1.6507299918021867	1.1885859050720824	62.32913376273705	381	1375	1.6343724515520701	2.00 1.50 1.20 1.05
8121d0f3	ok	914353.4	914353.4	913899.8	0.04963344996902031	60.31	1.0513195969738174	-0.04963344996902031	-0.04963344996902031	0.0	0	<ORIGINAL_WORKSPACE>/OpenROAD-flow-scripts/flow/reports/asap7/swerv_wrapper/place_batch_20260421_220319/dpl_evolve_baseline/openroad_dpl_hpwl_only_9case_bo_place_batch_20260421_220319_swerv_wrapper_asap7_trial_8121d0f3_acaff15c4e1c/metrics.json	6	1024 128	1	0.9986964571970125	0.5671305012496779	1.657754723293335	102.72869872130595	507	2017	1.1123066222922815	omit
83110ee7	ok	919114.0	919114.0	913899.8	0.5705439480345605	63.61	1.1088449604295227	-0.5820605671572218	-0.5705439480345605	0.01151661912266119	0	<ORIGINAL_WORKSPACE>/OpenROAD-flow-scripts/flow/reports/asap7/swerv_wrapper/place_batch_20260421_220319/dpl_evolve_baseline/openroad_dpl_hpwl_only_9case_bo_place_batch_20260421_220319_swerv_wrapper_asap7_trial_83110ee7_f746e0fb21fb/metrics.json	25	64 8	1	0.28332720191437794	1.3923100099042647	0.44286843763076394	100.53917097715401	743	3883	1.719669920389389	2.50 1.75 1.25 1.08
84404979	ok	913965.8	913965.8	913899.8	0.007221798275916024	59.585	1.038681448941882	-0.007221798275916024	-0.007221798275916024	0.0	0	<ORIGINAL_WORKSPACE>/OpenROAD-flow-scripts/flow/reports/asap7/swerv_wrapper/place_batch_20260421_220319/dpl_evolve_baseline/openroad_dpl_hpwl_only_9case_bo_place_batch_20260421_220319_swerv_wrapper_asap7_trial_84404979_4f6faf157297/metrics.json	23	1024	1	0.5462305117773386	1.9447240872229294	1.2675313942890243	102.97292388050414	294	1843	1.17372355611405	1.04
844753d9	ok	913724.3	913724.3	913899.8	-0.0192034181427767	61.608	1.0739462399330613	0.0192034181427767	0.0192034181427767	0.0	0	<ORIGINAL_WORKSPACE>/OpenROAD-flow-scripts/flow/reports/asap7/swerv_wrapper/place_batch_20260421_220319/dpl_evolve_baseline/openroad_dpl_hpwl_only_9case_bo_place_batch_20260421_220319_swerv_wrapper_asap7_trial_844753d9_71c139b7cd98/metrics.json	74	512	1	0.5183918707489126	0.6850594323460713	0.05854077884928177	110.7577751531503	553	3869	1.153034307866439	1.75 1.35 1.15 1.05
84cdcbb6	ok	914307.5	914307.5	913899.8	0.044611017531676164	68.575	1.1953944845378797	-0.16648170964974635	-0.044611017531676164	0.12187069211807017	0	<ORIGINAL_WORKSPACE>/OpenROAD-flow-scripts/flow/reports/asap7/swerv_wrapper/place_batch_20260421_220319/dpl_evolve_baseline/openroad_dpl_hpwl_only_9case_bo_place_batch_20260421_220319_swerv_wrapper_asap7_trial_84cdcbb6_600e33d89910/metrics.json	8	256	1	0.5811287441007646	1.3231603571538852	0.43972799495558634	112.81309409850228	349	1267	1.3182685120843536	1.75 1.35 1.15 1.05
850f0005	ok	917459.1	917459.1	913899.8	0.38946282732526366	60.865	1.0609943171913678	-0.38946282732526366	-0.38946282732526366	0.0	0	<ORIGINAL_WORKSPACE>/OpenROAD-flow-scripts/flow/reports/asap7/swerv_wrapper/place_batch_20260421_220319/dpl_evolve_baseline/openroad_dpl_hpwl_only_9case_bo_place_batch_20260421_220319_swerv_wrapper_asap7_trial_850f0005_3d98d030a802/metrics.json	4	128 16	1	0.6871727966373563	1.5697698572268335	0.8132014211140596	95.18251431783264	479	1992	1.4775021278862606	1.10 1.04
8631c748	ok	913862.8	913862.8	913899.8	-0.004048583881952923	62.216	1.084544852351567	0.004048583881952923	0.004048583881952923	0.0	0	<ORIGINAL_WORKSPACE>/OpenROAD-flow-scripts/flow/reports/asap7/swerv_wrapper/place_batch_20260421_220319/dpl_evolve_baseline/openroad_dpl_hpwl_only_9case_bo_place_batch_20260421_220319_swerv_wrapper_asap7_trial_8631c748_ddc3479128e1/metrics.json	18	1024	1	0.4183786186666164	1.0489020430197367	0.39938700817457856	138.33512240270983	620	546	1.5109511850620168	2.50 1.75 1.25 1.08
880951f0	ok	913829.5	913829.5	913899.8	-0.007692309375715649	61.969	1.0802391660565491	0.007692309375715649	0.007692309375715649	0.0	0	<ORIGINAL_WORKSPACE>/OpenROAD-flow-scripts/flow/reports/asap7/swerv_wrapper/place_batch_20260421_220319/dpl_evolve_baseline/openroad_dpl_hpwl_only_9case_bo_place_batch_20260421_220319_swerv_wrapper_asap7_trial_880951f0_01de59087e2e/metrics.json	23	omit	1	0.991405162522459	0.8588036900212341	0.4015146653638348	97.28744180983264	293	3048	1.2595009292972288	1.75 1.35 1.15 1.05
88230c01	ok	913977.9	913977.9	913899.8	0.008545794626498081	59.095	1.0301398040651257	-0.008545794626498081	-0.008545794626498081	0.0	0	<ORIGINAL_WORKSPACE>/OpenROAD-flow-scripts/flow/reports/asap7/swerv_wrapper/place_batch_20260421_220319/dpl_evolve_baseline/openroad_dpl_hpwl_only_9case_bo_place_batch_20260421_220319_swerv_wrapper_asap7_trial_88230c01_3b2219809c5a/metrics.json	13	1024 128	1	0.8436426986918618	1.2954669611308511	1.818737102421786	88.60328377872212	534	1815	1.087175075357389	1.25 1.10 1.04
89d9a913	ok	914273.7	914273.7	913899.8	0.040912581444914074	56.043	0.9769375588327581	-0.040912581444914074	-0.040912581444914074	0.0	0	<ORIGINAL_WORKSPACE>/OpenROAD-flow-scripts/flow/reports/asap7/swerv_wrapper/place_batch_20260421_220319/dpl_evolve_baseline/openroad_dpl_hpwl_only_9case_bo_place_batch_20260421_220319_swerv_wrapper_asap7_trial_89d9a913_c831d8b0b8db/metrics.json	60	1024 128	1	0.7774703797207743	1.3200141351870927	1.3665427582781806	82.0992256065935	78	3449	1.2721600543637697	2.50 1.75 1.25 1.08
89de7233	ok	914472.0	914472.0	913899.8	0.06261080262846687	66.146	1.1530523306488163	-0.13101138355518852	-0.06261080262846687	0.06840058092672165	0	<ORIGINAL_WORKSPACE>/OpenROAD-flow-scripts/flow/reports/asap7/swerv_wrapper/place_batch_20260421_220319/dpl_evolve_baseline/openroad_dpl_hpwl_only_9case_bo_place_batch_20260421_220319_swerv_wrapper_asap7_trial_89de7233_bba174d93849/metrics.json	18	128	0	0.2727036412473881	1.4954780262395921	0.23132425469864326	148.72628672813136	265	930	1.3277204798241118	1.75 1.35 1.15 1.05
8a585700	ok	913868.2	913868.2	913899.8	-0.0034577094775699838	62.746	1.0937837743611198	0.003457709477569984	0.003457709477569984	0.0	0	<ORIGINAL_WORKSPACE>/OpenROAD-flow-scripts/flow/reports/asap7/swerv_wrapper/place_batch_20260421_220319/dpl_evolve_baseline/openroad_dpl_hpwl_only_9case_bo_place_batch_20260421_220319_swerv_wrapper_asap7_trial_8a585700_fa5b121d39a6/metrics.json	8	512	1	0.12677922985299095	1.6908531155311046	1.185935488076407	128.23846620960637	55	2597	1.1362129803843621	1.50 1.25 1.10 1.04
8aa8202b	ok	914026.7	914026.7	913899.8	0.013885548503228347	62.266	1.0854164487675626	-0.013885548503228347	-0.013885548503228347	0.0	0	<ORIGINAL_WORKSPACE>/OpenROAD-flow-scripts/flow/reports/asap7/swerv_wrapper/place_batch_20260421_220319/dpl_evolve_baseline/openroad_dpl_hpwl_only_9case_bo_place_batch_20260421_220319_swerv_wrapper_asap7_trial_8aa8202b_3466b5b91927/metrics.json	18	omit	1	0.5858019326834206	0.9772845725395274	1.3422886208192975	131.58186285803504	246	2666	1.4905243944617894	1.10 1.04
8adc7941	ok	913843.5	913843.5	913899.8	-0.006160412771733462	66.638	1.1616288393822125	-0.07314895727265629	0.0061604127717334615	0.07930937004438975	0	<ORIGINAL_WORKSPACE>/OpenROAD-flow-scripts/flow/reports/asap7/swerv_wrapper/place_batch_20260421_220319/dpl_evolve_baseline/openroad_dpl_hpwl_only_9case_bo_place_batch_20260421_220319_swerv_wrapper_asap7_trial_8adc7941_db1cdb4cfce1/metrics.json	4	1024	0	0.5389163410088189	1.698221233247339	0.29765474965697847	120.44687146791908	789	3675	1.0226306265506546	1.25 1.10 1.04
8b062de3	ok	914440.8	914440.8	913899.8	0.05919686162531166	61.713	1.075776592406652	-0.05919686162531165	-0.05919686162531165	0.0	0	<ORIGINAL_WORKSPACE>/OpenROAD-flow-scripts/flow/reports/asap7/swerv_wrapper/place_batch_20260421_220319/dpl_evolve_baseline/openroad_dpl_hpwl_only_9case_bo_place_batch_20260421_220319_swerv_wrapper_asap7_trial_8b062de3_b769b56eacd4/metrics.json	122	1024 128	1	0.37745156195281077	0.4131496940689803	0.46821491510959556	124.85803677445702	441	3574	1.0970066360698083	1.50 1.25 1.10 1.04
8c42c35f	ok	918944.1	918944.1	913899.8	0.5519532885333742	64.683	1.127549419516787	-0.5876738222016189	-0.5519532885333742	0.0357205336682447	0	<ORIGINAL_WORKSPACE>/OpenROAD-flow-scripts/flow/reports/asap7/swerv_wrapper/place_batch_20260421_220319/dpl_evolve_baseline/openroad_dpl_hpwl_only_9case_bo_place_batch_20260421_220319_swerv_wrapper_asap7_trial_8c42c35f_ad1e8afbf19b/metrics.json	63	64 8	1	0.023193379836826705	0.7329388990512795	0.665150212584559	146.12970984437246	395	3583	1.0561820848012304	1.75 1.35 1.15 1.05
8c6b7aed	ok	914531.6	914531.6	913899.8	0.06913230531398848	63.344	1.1042080674964265	-0.07461718944395337	-0.06913230531398848	0.0054848841299649015	0	<ORIGINAL_WORKSPACE>/OpenROAD-flow-scripts/flow/reports/asap7/swerv_wrapper/place_batch_20260421_220319/dpl_evolve_baseline/openroad_dpl_hpwl_only_9case_bo_place_batch_20260421_220319_swerv_wrapper_asap7_trial_8c6b7aed_d3653994a823/metrics.json	17	128	1	0.54251597646601	0.9961837632169083	0.06183821666004605	78.60745270618638	548	2402	1.8386782426348993	1.50 1.25 1.10 1.04
8cdbd62d	ok	917969.7	917969.7	913899.8	0.44533328489621143	58.737	1.0238991737265977	-0.44533328489621143	-0.44533328489621143	0.0	0	<ORIGINAL_WORKSPACE>/OpenROAD-flow-scripts/flow/reports/asap7/swerv_wrapper/place_batch_20260421_220319/dpl_evolve_baseline/openroad_dpl_hpwl_only_9case_bo_place_batch_20260421_220319_swerv_wrapper_asap7_trial_8cdbd62d_a03eb4f46406/metrics.json	14	32	1	0.7981060349746798	1.5076229499703204	0.37331465715224754	128.572046193444	693	2942	1.061340657663916	omit
8d77d8e2	ok	915715.0	915715.0	913899.8	0.19862133682488534	56.403	0.9832130530279259	-0.19862133682488534	-0.19862133682488534	0.0	0	<ORIGINAL_WORKSPACE>/OpenROAD-flow-scripts/flow/reports/asap7/swerv_wrapper/place_batch_20260421_220319/dpl_evolve_baseline/openroad_dpl_hpwl_only_9case_bo_place_batch_20260421_220319_swerv_wrapper_asap7_trial_8d77d8e2_0f85c26d5d2b/metrics.json	32	64	0	0.7272625087343064	0.09719170868969973	0.16063546616637556	140.91332618784182	99	3222	1.2868968159089045	1.25 1.10 1.04
8da4f535	ok	915638.8	915638.8	913899.8	0.19028344245178738	52.549	0.91603040128299	-0.19028344245178738	-0.19028344245178738	0.0	0	<ORIGINAL_WORKSPACE>/OpenROAD-flow-scripts/flow/reports/asap7/swerv_wrapper/place_batch_20260421_220319/dpl_evolve_baseline/openroad_dpl_hpwl_only_9case_bo_place_batch_20260421_220319_swerv_wrapper_asap7_trial_8da4f535_e95cefd2f8ab/metrics.json	33	64	1	0.6999967624551945	0.6346932431360349	1.9699382368325464	67.89578487736567	74	2159	1.092911853634759	2.50 1.75 1.25 1.08
8de0a79d	ok	914068.2	914068.2	913899.8	0.018426527722175547	61.742	1.0762821183279294	-0.018426527722175543	-0.018426527722175543	0.0	0	<ORIGINAL_WORKSPACE>/OpenROAD-flow-scripts/flow/reports/asap7/swerv_wrapper/place_batch_20260421_220319/dpl_evolve_baseline/openroad_dpl_hpwl_only_9case_bo_place_batch_20260421_220319_swerv_wrapper_asap7_trial_8de0a79d_24f8839a7895/metrics.json	33	omit	0	0.9364386002060853	0.4665180269628939	0.2911263660993754	83.10291903355541	487	2873	1.0225463608848504	1.25 1.10 1.04
8e0e5a53	ok	913868.2	913868.2	913899.8	-0.0034577094775699838	67.279	1.1728027054352752	-0.09000389419177987	0.003457709477569984	0.09346160366934986	0	<ORIGINAL_WORKSPACE>/OpenROAD-flow-scripts/flow/reports/asap7/swerv_wrapper/place_batch_20260421_220319/dpl_evolve_baseline/openroad_dpl_hpwl_only_9case_bo_place_batch_20260421_220319_swerv_wrapper_asap7_trial_8e0e5a53_a3475201c739/metrics.json	8	512	1	0.21506653967163972	1.1501504838466279	0.28194049122042464	93.06387354702821	576	2321	1.8448761208371622	1.50 1.25 1.10 1.04
8ff1195b	ok	917822.5	917822.5	913899.8	0.4292264863172039	59.447	1.0362758428337344	-0.42922648631720384	-0.42922648631720384	0.0	0	<ORIGINAL_WORKSPACE>/OpenROAD-flow-scripts/flow/reports/asap7/swerv_wrapper/place_batch_20260421_220319/dpl_evolve_baseline/openroad_dpl_hpwl_only_9case_bo_place_batch_20260421_220319_swerv_wrapper_asap7_trial_8ff1195b_0921338f7879/metrics.json	10	32	0	0.06304812578101265	1.6100227852115556	0.40494378253628127	117.22581553458033	164	1548	1.5087923016925353	1.25 1.10 1.04
90eefa31	ok	914077.2	914077.2	913899.8	0.019411318396164095	65.453	1.1409720043231182	-0.07237741879043208	-0.019411318396164095	0.05296610039426798	0	<ORIGINAL_WORKSPACE>/OpenROAD-flow-scripts/flow/reports/asap7/swerv_wrapper/place_batch_20260421_220319/dpl_evolve_baseline/openroad_dpl_hpwl_only_9case_bo_place_batch_20260421_220319_swerv_wrapper_asap7_trial_90eefa31_95aaf61f8ec9/metrics.json	15	1024 128	1	0.22431361297123312	1.3443960366237608	0.14676381427416058	94.83770015923993	90	2890	1.0066709577928346	1.75 1.35 1.15 1.05
91ca871e	ok	913766.4	913766.4	913899.8	-0.014596786212232817	60.786	1.059617194854095	0.014596786212232815	0.014596786212232815	0.0	0	<ORIGINAL_WORKSPACE>/OpenROAD-flow-scripts/flow/reports/asap7/swerv_wrapper/place_batch_20260421_220319/dpl_evolve_baseline/openroad_dpl_hpwl_only_9case_bo_place_batch_20260421_220319_swerv_wrapper_asap7_trial_91ca871e_757e602eb1d1/metrics.json	41	1024	1	0.1573478954924618	1.2650623723435628	0.06756478397381728	121.14472027592927	356	975	1.438797549050564	1.04
925056b0	ok	914070.8	914070.8	913899.8	0.018711022805782428	62.549	1.0903496844820975	-0.018711022805782428	-0.018711022805782428	0.0	0	<ORIGINAL_WORKSPACE>/OpenROAD-flow-scripts/flow/reports/asap7/swerv_wrapper/place_batch_20260421_220319/dpl_evolve_baseline/openroad_dpl_hpwl_only_9case_bo_place_batch_20260421_220319_swerv_wrapper_asap7_trial_925056b0_47d77230704f/metrics.json	96	512	1	0.6535228520191672	0.8731331881337792	0.45326058911102135	132.22022709590811	470	3682	1.4780460949874783	2.00 1.50 1.20 1.05
941fa380	ok	914324.5	914324.5	913899.8	0.04647117769365453	61.251	1.0677230415228531	-0.04647117769365453	-0.04647117769365453	0.0	0	<ORIGINAL_WORKSPACE>/OpenROAD-flow-scripts/flow/reports/asap7/swerv_wrapper/place_batch_20260421_220319/dpl_evolve_baseline/openroad_dpl_hpwl_only_9case_bo_place_batch_20260421_220319_swerv_wrapper_asap7_trial_941fa380_a9a1ba1e74d6/metrics.json	114	1024 128	1	0.7070159542132634	0.14070613967305398	0.931484003998201	79.85765709929035	507	1693	1.0387806559399269	omit
942e80c5	ok	914157.9	914157.9	913899.8	0.028241608106269057	59.134	1.0308196492696022	-0.028241608106269057	-0.028241608106269057	0.0	0	<ORIGINAL_WORKSPACE>/OpenROAD-flow-scripts/flow/reports/asap7/swerv_wrapper/place_batch_20260421_220319/dpl_evolve_baseline/openroad_dpl_hpwl_only_9case_bo_place_batch_20260421_220319_swerv_wrapper_asap7_trial_942e80c5_2310d1b223f6/metrics.json	38	1024 128	0	0.8981670757540218	1.49473663653816	0.37527137372923997	93.63877089858163	308	888	1.6410423768108717	1.50 1.25 1.10 1.04
9439ef5a	ok	919227.3	919227.3	913899.8	0.5829413684082215	55.873	0.9739741310183733	-0.5829413684082215	-0.5829413684082215	0.0	0	<ORIGINAL_WORKSPACE>/OpenROAD-flow-scripts/flow/reports/asap7/swerv_wrapper/place_batch_20260421_220319/dpl_evolve_baseline/openroad_dpl_hpwl_only_9case_bo_place_batch_20260421_220319_swerv_wrapper_asap7_trial_9439ef5a_e8f5cf7b7b7e/metrics.json	14	64 8	1	0.3885641570965664	1.07671615961209	0.10933581519954538	76.27993887754721	417	255	1.4906791209917372	2.50 1.75 1.25 1.08
948c0e31	ok	913644.9	913644.9	913899.8	-0.027891460311078226	59.129	1.0307324896280026	0.027891460311078226	0.027891460311078226	0.0	0	<ORIGINAL_WORKSPACE>/OpenROAD-flow-scripts/flow/reports/asap7/swerv_wrapper/place_batch_20260421_220319/dpl_evolve_baseline/openroad_dpl_hpwl_only_9case_bo_place_batch_20260421_220319_swerv_wrapper_asap7_trial_948c0e31_f84d04e0db1f/metrics.json	121	1024	1	0.7697364844271807	0.029291464176409376	0.5820327007638044	67.69254594158907	693	3200	1.0698086767195156	omit
957667ed	ok	913656.9	913656.9	913899.8	-0.02657840607909349	61.295	1.0684900463689293	0.02657840607909349	0.02657840607909349	0.0	0	<ORIGINAL_WORKSPACE>/OpenROAD-flow-scripts/flow/reports/asap7/swerv_wrapper/place_batch_20260421_220319/dpl_evolve_baseline/openroad_dpl_hpwl_only_9case_bo_place_batch_20260421_220319_swerv_wrapper_asap7_trial_957667ed_9b281be92457/metrics.json	71	512	1	0.44983616805696913	0.6214677436998277	0.17955835893136635	120.65603514517018	406	3762	1.2168029061886065	1.50 1.25 1.10 1.04
962fe4e0	ok	913860.7	913860.7	913899.8	-0.004278368372560441	61.806	1.0773977617404036	0.004278368372560442	0.004278368372560442	0.0	0	<ORIGINAL_WORKSPACE>/OpenROAD-flow-scripts/flow/reports/asap7/swerv_wrapper/place_batch_20260421_220319/dpl_evolve_baseline/openroad_dpl_hpwl_only_9case_bo_place_batch_20260421_220319_swerv_wrapper_asap7_trial_962fe4e0_241a3c8e4303/metrics.json	118	1024	1	0.3659070234883193	0.3562583208911587	0.48022980867934106	83.4467706128647	312	3439	1.3967402898919066	1.50 1.25 1.10 1.04
9648f71b	ok	913862.8	913862.8	913899.8	-0.004048583881952923	60.513	1.0548582784227591	0.004048583881952923	0.004048583881952923	0.0	0	<ORIGINAL_WORKSPACE>/OpenROAD-flow-scripts/flow/reports/asap7/swerv_wrapper/place_batch_20260421_220319/dpl_evolve_baseline/openroad_dpl_hpwl_only_9case_bo_place_batch_20260421_220319_swerv_wrapper_asap7_trial_9648f71b_eefc9896f326/metrics.json	18	1024	1	0.27367605088129127	1.729128344259745	0.56792001713718	114.41333287233346	456	171	1.3631043890448344	1.04
96b37285	ok	914040.8	914040.8	913899.8	0.015428387225820597	60.276	1.0507269114109403	-0.015428387225820598	-0.015428387225820598	0.0	0	<ORIGINAL_WORKSPACE>/OpenROAD-flow-scripts/flow/reports/asap7/swerv_wrapper/place_batch_20260421_220319/dpl_evolve_baseline/openroad_dpl_hpwl_only_9case_bo_place_batch_20260421_220319_swerv_wrapper_asap7_trial_96b37285_90a14c7eb24f/metrics.json	35	1024 128	1	0.5957748909191773	0.76280752615406	1.4169639325470593	121.19570440123333	831	968	1.0902954097196198	omit
96d9a015	ok	913696.4	913696.4	913899.8	-0.02225626923214375	56.317	0.9817139071924136	0.02225626923214375	0.02225626923214375	0.0	0	<ORIGINAL_WORKSPACE>/OpenROAD-flow-scripts/flow/reports/asap7/swerv_wrapper/place_batch_20260421_220319/dpl_evolve_baseline/openroad_dpl_hpwl_only_9case_bo_place_batch_20260421_220319_swerv_wrapper_asap7_trial_96d9a015_d4c0f40577ba/metrics.json	5	omit	1	0.6259824513565124	1.9958960335800973	1.862906684721662	81.9080321912832	445	1059	1.965168921552216	2.00 1.50 1.20 1.05
971c2e53	ok	914215.2	914215.2	913899.8	0.03451144206398851	59.838	1.0430917268068194	-0.034511442063988505	-0.034511442063988505	0.0	0	<ORIGINAL_WORKSPACE>/OpenROAD-flow-scripts/flow/reports/asap7/swerv_wrapper/place_batch_20260421_220319/dpl_evolve_baseline/openroad_dpl_hpwl_only_9case_bo_place_batch_20260421_220319_swerv_wrapper_asap7_trial_971c2e53_34fd593d8f96/metrics.json	61	1024	0	0.7373777585492086	1.3738349620846237	0.3136114682323943	133.24866759856906	536	3889	1.0375350560823506	omit
971f2290	ok	913957.8	913957.8	913899.8	0.006346428787926203	59.726	1.0411393508349893	-0.006346428787926204	-0.006346428787926204	0.0	0	<ORIGINAL_WORKSPACE>/OpenROAD-flow-scripts/flow/reports/asap7/swerv_wrapper/place_batch_20260421_220319/dpl_evolve_baseline/openroad_dpl_hpwl_only_9case_bo_place_batch_20260421_220319_swerv_wrapper_asap7_trial_971f2290_c26ab1eae510/metrics.json	15	omit	0	0.8323548114955558	1.914231630958495	1.4809373181546046	88.77694111700235	185	2237	1.5476920894629684	1.10 1.04
97e18170	ok	914103.1	914103.1	913899.8	0.022245327113533688	57.633	1.0046543248614161	-0.022245327113533688	-0.022245327113533688	0.0	0	<ORIGINAL_WORKSPACE>/OpenROAD-flow-scripts/flow/reports/asap7/swerv_wrapper/place_batch_20260421_220319/dpl_evolve_baseline/openroad_dpl_hpwl_only_9case_bo_place_batch_20260421_220319_swerv_wrapper_asap7_trial_97e18170_e4d7ab3f42e3/metrics.json	10	1024 128	1	0.4910351569293737	0.8686122977419704	1.787595915078939	96.06310454697854	100	1311	1.0610412923708354	omit
98d1fefe	ok	913777.1	913777.1	913899.8	-0.013425979522051525	62.132	1.0830805703726947	0.013425979522051525	0.013425979522051525	0.0	0	<ORIGINAL_WORKSPACE>/OpenROAD-flow-scripts/flow/reports/asap7/swerv_wrapper/place_batch_20260421_220319/dpl_evolve_baseline/openroad_dpl_hpwl_only_9case_bo_place_batch_20260421_220319_swerv_wrapper_asap7_trial_98d1fefe_e77c34202bcf/metrics.json	7	1024	1	0.741432917260898	0.8658376443903565	0.07983021167847874	117.8075561853239	213	3464	1.1303097596557878	1.25 1.10 1.04
99020886	ok	919116.6	919116.6	913899.8	0.5708284431181547	58.475	1.019332008506781	-0.5708284431181547	-0.5708284431181547	0.0	0	<ORIGINAL_WORKSPACE>/OpenROAD-flow-scripts/flow/reports/asap7/swerv_wrapper/place_batch_20260421_220319/dpl_evolve_baseline/openroad_dpl_hpwl_only_9case_bo_place_batch_20260421_220319_swerv_wrapper_asap7_trial_99020886_c409426a7ff2/metrics.json	51	64 8	1	0.6544307104214411	1.7048305220586297	0.2190941711534135	86.7700408548555	53	2621	1.1299131579102648	2.50 1.75 1.25 1.08
991bed39	ok	915693.7	915693.7	913899.8	0.1962906655631073	58.926	1.0271938081790608	-0.19629066556310734	-0.19629066556310734	0.0	0	<ORIGINAL_WORKSPACE>/OpenROAD-flow-scripts/flow/reports/asap7/swerv_wrapper/place_batch_20260421_220319/dpl_evolve_baseline/openroad_dpl_hpwl_only_9case_bo_place_batch_20260421_220319_swerv_wrapper_asap7_trial_991bed39_dcc3558a566d/metrics.json	47	64	1	0.8246166525738713	1.127665134101008	0.5717448134712433	93.75857605193703	631	452	1.8823617619523356	1.50 1.25 1.10 1.04
99b80178	ok	914077.2	914077.2	913899.8	0.019411318396164095	62.904	1.0965380190356657	-0.019411318396164095	-0.019411318396164095	0.0	0	<ORIGINAL_WORKSPACE>/OpenROAD-flow-scripts/flow/reports/asap7/swerv_wrapper/place_batch_20260421_220319/dpl_evolve_baseline/openroad_dpl_hpwl_only_9case_bo_place_batch_20260421_220319_swerv_wrapper_asap7_trial_99b80178_23f6f8acba4a/metrics.json	15	1024 128	1	0.23818914089209764	1.2271848160301513	0.17166780148871888	118.74160476452597	663	362	1.1169454564954568	2.50 1.75 1.25 1.08
99bb50b2	ok	913769.9	913769.9	913899.8	-0.01421381206123727	60.619	1.0567060628246696	0.014213812061237268	0.014213812061237268	0.0	0	<ORIGINAL_WORKSPACE>/OpenROAD-flow-scripts/flow/reports/asap7/swerv_wrapper/place_batch_20260421_220319/dpl_evolve_baseline/openroad_dpl_hpwl_only_9case_bo_place_batch_20260421_220319_swerv_wrapper_asap7_trial_99bb50b2_518dd7f86a8c/metrics.json	46	1024	1	0.9140388190359133	1.5747040632172895	0.19508151665252133	107.45098773478672	956	334	1.9066509838598151	1.04
9ab1cce8	ok	914043.4	914043.4	913899.8	0.01571288230941474	57.089	0.9951713558553847	-0.01571288230941474	-0.01571288230941474	0.0	0	<ORIGINAL_WORKSPACE>/OpenROAD-flow-scripts/flow/reports/asap7/swerv_wrapper/place_batch_20260421_220319/dpl_evolve_baseline/openroad_dpl_hpwl_only_9case_bo_place_batch_20260421_220319_swerv_wrapper_asap7_trial_9ab1cce8_8708ea05b1c4/metrics.json	24	256	1	0.4900994921847919	1.6938674201128248	1.331795020724867	61.18864075657766	435	458	1.9461097713221813	1.25 1.10 1.04
9ac60f3a	ok	915444.6	915444.6	913899.8	0.1690338481308268	61.339	1.0692570512150055	-0.16903384813082684	-0.16903384813082684	0.0	0	<ORIGINAL_WORKSPACE>/OpenROAD-flow-scripts/flow/reports/asap7/swerv_wrapper/place_batch_20260421_220319/dpl_evolve_baseline/openroad_dpl_hpwl_only_9case_bo_place_batch_20260421_220319_swerv_wrapper_asap7_trial_9ac60f3a_2e0d51fe6db2/metrics.json	22	64	1	0.7561958283428125	1.9712036547890748	0.07222186823952259	118.67815711572896	206	3628	1.2905840317585204	1.75 1.35 1.15 1.05
9b065c71	ok	914477.7	914477.7	913899.8	0.06323450338865451	62.333	1.0865843879649966	-0.06323450338865451	-0.06323450338865451	0.0	0	<ORIGINAL_WORKSPACE>/OpenROAD-flow-scripts/flow/reports/asap7/swerv_wrapper/place_batch_20260421_220319/dpl_evolve_baseline/openroad_dpl_hpwl_only_9case_bo_place_batch_20260421_220319_swerv_wrapper_asap7_trial_9b065c71_dcd96e8fed96/metrics.json	56	128	1	0.24808970673334282	1.7952848503396686	1.0175054492114577	113.98132458672967	701	3167	1.3428841719954308	1.50 1.25 1.10 1.04
9b09986b	ok	914313.9	914313.9	913899.8	0.04531131312207057	58.525	1.0202036049227765	-0.04531131312207057	-0.04531131312207057	0.0	0	<ORIGINAL_WORKSPACE>/OpenROAD-flow-scripts/flow/reports/asap7/swerv_wrapper/place_batch_20260421_220319/dpl_evolve_baseline/openroad_dpl_hpwl_only_9case_bo_place_batch_20260421_220319_swerv_wrapper_asap7_trial_9b09986b_fc796a807a67/metrics.json	28	512 64	0	0.4675556673474097	1.7589930384448365	0.5377107928348298	75.15993214621214	120	1760	1.0266922883013927	1.50 1.25 1.10 1.04
9e54f11e	ok	914061.3	914061.3	913899.8	0.017671521538794515	57.17	0.9965833420492975	-0.017671521538794515	-0.017671521538794515	0.0	0	<ORIGINAL_WORKSPACE>/OpenROAD-flow-scripts/flow/reports/asap7/swerv_wrapper/place_batch_20260421_220319/dpl_evolve_baseline/openroad_dpl_hpwl_only_9case_bo_place_batch_20260421_220319_swerv_wrapper_asap7_trial_9e54f11e_227e38cd1b1c/metrics.json	2	256	1	0.6733835955241297	1.97249462856222	0.15060520270145666	124.77710300654788	370	2539	1.3481369914024017	1.10 1.04
9e920b20	ok	914542.2	914542.2	913899.8	0.07029216988557245	60.048	1.0467524317540007	-0.07029216988557245	-0.07029216988557245	0.0	0	<ORIGINAL_WORKSPACE>/OpenROAD-flow-scripts/flow/reports/asap7/swerv_wrapper/place_batch_20260421_220319/dpl_evolve_baseline/openroad_dpl_hpwl_only_9case_bo_place_batch_20260421_220319_swerv_wrapper_asap7_trial_9e920b20_2274519dc40f/metrics.json	1	256	0	0.25	0.3	0.9	25.0	100	1500	1.05	1.25 1.10 1.04
9f39972a	ok	914180.4	914180.4	913899.8	0.03070358479124043	59.972	1.0454276052016875	-0.03070358479124043	-0.03070358479124043	0.0	0	<ORIGINAL_WORKSPACE>/OpenROAD-flow-scripts/flow/reports/asap7/swerv_wrapper/place_batch_20260421_220319/dpl_evolve_baseline/openroad_dpl_hpwl_only_9case_bo_place_batch_20260421_220319_swerv_wrapper_asap7_trial_9f39972a_5b7a9f9cd75c/metrics.json	41	512 64	0	0.828845807980693	1.1494230094162046	1.2747485866993333	42.83644225435409	725	3025	1.8583138364290424	1.75 1.35 1.15 1.05
9f76a65c	ok	917515.1	917515.1	913899.8	0.3955904137411924	56.999	0.9936024823065928	-0.3955904137411924	-0.3955904137411924	0.0	0	<ORIGINAL_WORKSPACE>/OpenROAD-flow-scripts/flow/reports/asap7/swerv_wrapper/place_batch_20260421_220319/dpl_evolve_baseline/openroad_dpl_hpwl_only_9case_bo_place_batch_20260421_220319_swerv_wrapper_asap7_trial_9f76a65c_6bd3eb2062ee/metrics.json	74	128 16	0	0.032426325314457105	0.1871541916349615	0.17747484433234145	67.7599723037213	482	3904	1.1679832931996148	omit
9fc14342	ok	913766.4	913766.4	913899.8	-0.014596786212232817	60.93	1.062127392532162	0.014596786212232815	0.014596786212232815	0.0	0	<ORIGINAL_WORKSPACE>/OpenROAD-flow-scripts/flow/reports/asap7/swerv_wrapper/place_batch_20260421_220319/dpl_evolve_baseline/openroad_dpl_hpwl_only_9case_bo_place_batch_20260421_220319_swerv_wrapper_asap7_trial_9fc14342_53c0720c557f/metrics.json	41	1024	0	0.8104185726143125	0.35398154939171955	0.2063383363423611	145.84866984877064	61	3485	1.2022449124374808	1.25 1.10 1.04
a00de183	ok	913694.6	913694.6	913899.8	-0.022453227366946556	60.995	1.063260467872956	0.022453227366946556	0.022453227366946556	0.0	0	<ORIGINAL_WORKSPACE>/OpenROAD-flow-scripts/flow/reports/asap7/swerv_wrapper/place_batch_20260421_220319/dpl_evolve_baseline/openroad_dpl_hpwl_only_9case_bo_place_batch_20260421_220319_swerv_wrapper_asap7_trial_a00de183_679a7247aa10/metrics.json	34	512	1	0.030540198640122723	1.7994638678638897	0.7950358172363601	106.5924595436954	202	3232	1.3319044808333202	1.50 1.25 1.10 1.04
a19076d4	ok	913968.6	913968.6	913899.8	0.007528177596704819	61.282	1.0682634313007704	-0.007528177596704819	-0.007528177596704819	0.0	0	<ORIGINAL_WORKSPACE>/OpenROAD-flow-scripts/flow/reports/asap7/swerv_wrapper/place_batch_20260421_220319/dpl_evolve_baseline/openroad_dpl_hpwl_only_9case_bo_place_batch_20260421_220319_swerv_wrapper_asap7_trial_a19076d4_3d4d85d66a3f/metrics.json	13	512	1	0.8105707270492788	1.5130032326682437	0.8901679493899836	141.3070494479791	124	3752	1.5361744779218218	1.25 1.10 1.04
a241ca94	ok	919114.0	919114.0	913899.8	0.5705439480345605	54.02	0.9416727678415787	-0.5705439480345605	-0.5705439480345605	0.0	0	<ORIGINAL_WORKSPACE>/OpenROAD-flow-scripts/flow/reports/asap7/swerv_wrapper/place_batch_20260421_220319/dpl_evolve_baseline/openroad_dpl_hpwl_only_9case_bo_place_batch_20260421_220319_swerv_wrapper_asap7_trial_a241ca94_6319b367f10f/metrics.json	25	64 8	1	0.8266735033725099	1.2079423033996624	1.5906701692534737	124.10871943180263	383	1202	1.029838502688098	omit
a33c672c	ok	913899.8	913899.8	913899.8	0.0	61.225	1.0672698113865355	0.0	0.0	0.0	0	<ORIGINAL_WORKSPACE>/OpenROAD-flow-scripts/flow/reports/asap7/swerv_wrapper/place_batch_20260421_220319/dpl_evolve_baseline/openroad_dpl_hpwl_only_9case_bo_place_batch_20260421_220319_swerv_wrapper_asap7_trial_a33c672c_acca5bb09581/metrics.json	1	omit	1	0.8835868965450326	0.538618924152011	0.34890349314967817	120.99257381936096	544	2042	1.1424513054105825	2.00 1.50 1.20 1.05
a48d4b7a	ok	913667.1	913667.1	913899.8	-0.025462309981911565	67.615	1.1786598333507652	-0.07539069647815448	0.025462309981911565	0.10085300646006605	0	<ORIGINAL_WORKSPACE>/OpenROAD-flow-scripts/flow/reports/asap7/swerv_wrapper/place_batch_20260421_220319/dpl_evolve_baseline/openroad_dpl_hpwl_only_9case_bo_place_batch_20260421_220319_swerv_wrapper_asap7_trial_a48d4b7a_bbb1d3e6abba/metrics.json	48	1024	1	0.05318665770948557	0.9654283778007305	1.0393074468571806	118.87907072042967	569	2426	1.080442449924061	1.75 1.35 1.15 1.05
a6b55f8e	ok	913617.6	913617.6	913899.8	-0.030878658688848586	60.767	1.0592859882160166	0.030878658688848586	0.030878658688848586	0.0	0	<ORIGINAL_WORKSPACE>/OpenROAD-flow-scripts/flow/reports/asap7/swerv_wrapper/place_batch_20260421_220319/dpl_evolve_baseline/openroad_dpl_hpwl_only_9case_bo_place_batch_20260421_220319_swerv_wrapper_asap7_trial_a6b55f8e_cd965f2131ef/metrics.json	5	1024	1	0.6267036179568423	0.8713484974599442	1.4802230731012955	89.90552842664323	180	2292	1.1976478830486055	2.50 1.75 1.25 1.08
a874a0ac	ok	919051.2	919051.2	913899.8	0.5636722975538354	57.264	0.9982219433113692	-0.5636722975538354	-0.5636722975538354	0.0	0	<ORIGINAL_WORKSPACE>/OpenROAD-flow-scripts/flow/reports/asap7/swerv_wrapper/place_batch_20260421_220319/dpl_evolve_baseline/openroad_dpl_hpwl_only_9case_bo_place_batch_20260421_220319_swerv_wrapper_asap7_trial_a874a0ac_b3984fc4196e/metrics.json	2	64 8	1	0.3277444564939427	1.3869114502363185	0.4018055867446415	144.04974572763027	80	2243	1.1051602920739598	1.04
a9821571	ok	914100.1	914100.1	913899.8	0.021917063555537505	57.721	1.0061883345535683	-0.021917063555537505	-0.021917063555537505	0.0	0	<ORIGINAL_WORKSPACE>/OpenROAD-flow-scripts/flow/reports/asap7/swerv_wrapper/place_batch_20260421_220319/dpl_evolve_baseline/openroad_dpl_hpwl_only_9case_bo_place_batch_20260421_220319_swerv_wrapper_asap7_trial_a9821571_e74070f59b26/metrics.json	36	1024	0	0.9647916319559176	0.5514211100751343	0.6756316433134094	126.09099154123888	122	3621	1.090609577063287	1.25 1.10 1.04
aa6b80d4	ok	914210.1	914210.1	913899.8	0.03395339401539754	52.822	0.9207893177143256	-0.03395339401539754	-0.03395339401539754	0.0	0	<ORIGINAL_WORKSPACE>/OpenROAD-flow-scripts/flow/reports/asap7/swerv_wrapper/place_batch_20260421_220319/dpl_evolve_baseline/openroad_dpl_hpwl_only_9case_bo_place_batch_20260421_220319_swerv_wrapper_asap7_trial_aa6b80d4_45bc50eef84e/metrics.json	27	512 64	1	0.9135361987259212	0.8607026047976365	1.3497837156546324	51.575109387331096	121	2113	1.3647922052711716	2.50 1.75 1.25 1.08
ab5e9922	ok	919085.7	919085.7	913899.8	0.5674473284707915	58.392	1.0178851584562285	-0.5674473284707915	-0.5674473284707915	0.0	0	<ORIGINAL_WORKSPACE>/OpenROAD-flow-scripts/flow/reports/asap7/swerv_wrapper/place_batch_20260421_220319/dpl_evolve_baseline/openroad_dpl_hpwl_only_9case_bo_place_batch_20260421_220319_swerv_wrapper_asap7_trial_ab5e9922_10c7dd36b1cf/metrics.json	86	64 8	1	0.6078929162415873	0.18728711215194138	0.4232588357223219	134.82112152489282	454	3850	1.2956106994378893	1.50 1.25 1.10 1.04
ab93b864	ok	913806.0	913806.0	913899.8	-0.010263707246685749	58.861	1.0260607328382665	0.010263707246685749	0.010263707246685749	0.0	0	<ORIGINAL_WORKSPACE>/OpenROAD-flow-scripts/flow/reports/asap7/swerv_wrapper/place_batch_20260421_220319/dpl_evolve_baseline/openroad_dpl_hpwl_only_9case_bo_place_batch_20260421_220319_swerv_wrapper_asap7_trial_ab93b864_c1a4a6419ad3/metrics.json	54	1024	0	0.8087580973361568	0.6469430321851384	0.17069963977466307	137.28982174143172	430	3634	1.4275112721718795	1.25 1.10 1.04
abfec478	ok	914061.3	914061.3	913899.8	0.017671521538794515	58.878	1.0263570756197051	-0.017671521538794515	-0.017671521538794515	0.0	0	<ORIGINAL_WORKSPACE>/OpenROAD-flow-scripts/flow/reports/asap7/swerv_wrapper/place_batch_20260421_220319/dpl_evolve_baseline/openroad_dpl_hpwl_only_9case_bo_place_batch_20260421_220319_swerv_wrapper_asap7_trial_abfec478_5cfd1c0f35d2/metrics.json	2	256	1	0.5344180790600219	0.9629008622753865	1.8858153328057774	83.08332005024528	501	1642	1.2884225275699965	2.50 1.75 1.25 1.08
ac81ebae	ok	913954.7	913954.7	913899.8	0.0060072231113199575	58.021	1.0114179130495415	-0.006007223111319957	-0.006007223111319957	0.0	0	<ORIGINAL_WORKSPACE>/OpenROAD-flow-scripts/flow/reports/asap7/swerv_wrapper/place_batch_20260421_220319/dpl_evolve_baseline/openroad_dpl_hpwl_only_9case_bo_place_batch_20260421_220319_swerv_wrapper_asap7_trial_ac81ebae_9939d995f2bb/metrics.json	1	1024	0	0.4	0.4	0.6	35.0	150	1000	1.1	omit
acf5851a	ok	914069.8	914069.8	913899.8	0.0186016016197837	58.398	1.0179897500261479	-0.0186016016197837	-0.0186016016197837	0.0	0	<ORIGINAL_WORKSPACE>/OpenROAD-flow-scripts/flow/reports/asap7/swerv_wrapper/place_batch_20260421_220319/dpl_evolve_baseline/openroad_dpl_hpwl_only_9case_bo_place_batch_20260421_220319_swerv_wrapper_asap7_trial_acf5851a_7d1f701bfa0a/metrics.json	67	1024	0	0.10812381581996608	0.937917764613419	0.540723613502738	146.84011787521058	710	3637	1.1397758345621236	1.75 1.35 1.15 1.05
ae49d80d	ok	914292.4	914292.4	913899.8	0.04295875762309793	59.66	1.0399888435658753	-0.04295875762309793	-0.04295875762309793	0.0	0	<ORIGINAL_WORKSPACE>/OpenROAD-flow-scripts/flow/reports/asap7/swerv_wrapper/place_batch_20260421_220319/dpl_evolve_baseline/openroad_dpl_hpwl_only_9case_bo_place_batch_20260421_220319_swerv_wrapper_asap7_trial_ae49d80d_439085a6e9b3/metrics.json	37	omit	1	0.49354035293980947	1.4127987241794686	1.4210211387393166	127.14785649933442	745	176	1.9318401551631346	2.50 1.75 1.25 1.08
af0bf1f8	ok	913954.7	913954.7	913899.8	0.0060072231113199575	54.475	0.9496042952271381	-0.006007223111319957	-0.006007223111319957	0.0	0	<ORIGINAL_WORKSPACE>/OpenROAD-flow-scripts/flow/reports/asap7/swerv_wrapper/place_batch_20260421_220319/dpl_evolve_baseline/openroad_dpl_hpwl_only_9case_bo_place_batch_20260421_220319_swerv_wrapper_asap7_trial_af0bf1f8_8c4ab9115de5/metrics.json	1	1024	0	0.6253163221100526	0.5319946499703885	1.334371015436381	81.0316002539563	184	2787	1.4841450657813784	2.50 1.75 1.25 1.08
aff7b181	ok	913800.0	913800.0	913899.8	-0.010920234362678114	64.741	1.1285604713593418	-0.02610287859057728	0.010920234362678114	0.037023112953255395	0	<ORIGINAL_WORKSPACE>/OpenROAD-flow-scripts/flow/reports/asap7/swerv_wrapper/place_batch_20260421_220319/dpl_evolve_baseline/openroad_dpl_hpwl_only_9case_bo_place_batch_20260421_220319_swerv_wrapper_asap7_trial_aff7b181_0dccc4649573/metrics.json	54	512	1	0.3868500933491485	0.600818897251347	0.7869626401078482	147.25739873697222	192	3720	1.2883789646098556	1.50 1.25 1.10 1.04
b00a7c18	ok	914236.4	914236.4	913899.8	0.03683117120716918	55.592	0.9690757591604783	-0.03683117120716918	-0.03683117120716918	0.0	0	<ORIGINAL_WORKSPACE>/OpenROAD-flow-scripts/flow/reports/asap7/swerv_wrapper/place_batch_20260421_220319/dpl_evolve_baseline/openroad_dpl_hpwl_only_9case_bo_place_batch_20260421_220319_swerv_wrapper_asap7_trial_b00a7c18_daa579435a4f/metrics.json	17	512 64	1	0.09782742221423804	1.842416702488291	1.2431822160822041	98.44148135632568	251	2706	1.3266917922931687	1.25 1.10 1.04
b1ae8c8d	ok	914418.0	914418.0	913899.8	0.05670205858453557	56.451	0.9840497855872817	-0.05670205858453557	-0.05670205858453557	0.0	0	<ORIGINAL_WORKSPACE>/OpenROAD-flow-scripts/flow/reports/asap7/swerv_wrapper/place_batch_20260421_220319/dpl_evolve_baseline/openroad_dpl_hpwl_only_9case_bo_place_batch_20260421_220319_swerv_wrapper_asap7_trial_b1ae8c8d_abbd9a13a958/metrics.json	68	512 64	1	0.19843516321666366	0.40346914217357294	1.2747916680379765	139.81586323306806	351	3585	1.159312018295025	1.50 1.25 1.10 1.04
b1b979f3	ok	913807.1	913807.1	913899.8	-0.010143343942089695	61.273	1.0681065439458914	0.010143343942089695	0.010143343942089695	0.0	0	<ORIGINAL_WORKSPACE>/OpenROAD-flow-scripts/flow/reports/asap7/swerv_wrapper/place_batch_20260421_220319/dpl_evolve_baseline/openroad_dpl_hpwl_only_9case_bo_place_batch_20260421_220319_swerv_wrapper_asap7_trial_b1b979f3_8600d7f12bea/metrics.json	8	1024	1	0.3674993413015917	1.5219121791397285	0.15467973107970837	135.4830434160225	402	2146	1.634882050633793	1.04
b1da8cf6	ok	915757.8	915757.8	913899.8	0.20330456358563595	60.171	1.0488965589373496	-0.20330456358563598	-0.20330456358563598	0.0	0	<ORIGINAL_WORKSPACE>/OpenROAD-flow-scripts/flow/reports/asap7/swerv_wrapper/place_batch_20260421_220319/dpl_evolve_baseline/openroad_dpl_hpwl_only_9case_bo_place_batch_20260421_220319_swerv_wrapper_asap7_trial_b1da8cf6_ace8065a98f9/metrics.json	48	64	1	0.9846412506336131	1.6543720116949205	0.5165797666983278	59.53062179401503	135	700	1.7968163028201491	2.50 1.75 1.25 1.08
b228c02d	ok	913899.8	913899.8	913899.8	0.0	63.044	1.0989784890004533	0.0	0.0	0.0	0	<ORIGINAL_WORKSPACE>/OpenROAD-flow-scripts/flow/reports/asap7/swerv_wrapper/place_batch_20260421_220319/dpl_evolve_baseline/openroad_dpl_hpwl_only_9case_bo_place_batch_20260421_220319_swerv_wrapper_asap7_trial_b228c02d_6d35be55b58b/metrics.json	1	omit	0	0.4	0.4	0.6	35.0	150	1000	1.1	1.50 1.25 1.10 1.04
b307c4b2	ok	914096.5	914096.5	913899.8	0.021523147285944632	63.593	1.1085486176480843	-0.03265465727647759	-0.021523147285944632	0.011131509990532954	0	<ORIGINAL_WORKSPACE>/OpenROAD-flow-scripts/flow/reports/asap7/swerv_wrapper/place_batch_20260421_220319/dpl_evolve_baseline/openroad_dpl_hpwl_only_9case_bo_place_batch_20260421_220319_swerv_wrapper_asap7_trial_b307c4b2_7edb842c6b84/metrics.json	27	1024	1	0.5219951956732511	1.7550453591772988	1.9164481864213685	98.32455639747693	519	888	1.952062691308936	omit
b4dffba8	ok	913856.3	913856.3	913899.8	-0.004759821590944653	59.286	1.0334693023742287	0.004759821590944653	0.004759821590944653	0.0	0	<ORIGINAL_WORKSPACE>/OpenROAD-flow-scripts/flow/reports/asap7/swerv_wrapper/place_batch_20260421_220319/dpl_evolve_baseline/openroad_dpl_hpwl_only_9case_bo_place_batch_20260421_220319_swerv_wrapper_asap7_trial_b4dffba8_5734a22d98f1/metrics.json	3	512	1	0.34089798440375657	0.6405576884594251	0.4178220320245716	94.52173759173132	737	2855	1.5032557072462465	omit
b50d7342	ok	913827.4	913827.4	913899.8	-0.00792209386631043	58.499	1.019750374786459	0.00792209386631043	0.00792209386631043	0.0	0	<ORIGINAL_WORKSPACE>/OpenROAD-flow-scripts/flow/reports/asap7/swerv_wrapper/place_batch_20260421_220319/dpl_evolve_baseline/openroad_dpl_hpwl_only_9case_bo_place_batch_20260421_220319_swerv_wrapper_asap7_trial_b50d7342_663b469f33d9/metrics.json	69	512	1	0.4400583297715126	0.6013361581882117	0.15208869226846056	99.26416014137013	302	2374	1.092879423142923	1.50 1.25 1.10 1.04
b585fc8b	ok	914053.4	914053.4	913899.8	0.01680709416940202	64.311	1.1210647421817803	-0.04415923212736774	-0.01680709416940202	0.027352137957965723	0	<ORIGINAL_WORKSPACE>/OpenROAD-flow-scripts/flow/reports/asap7/swerv_wrapper/place_batch_20260421_220319/dpl_evolve_baseline/openroad_dpl_hpwl_only_9case_bo_place_batch_20260421_220319_swerv_wrapper_asap7_trial_b585fc8b_51842e3bc357/metrics.json	37	1024	1	0.7082908028626773	1.8370499684802695	0.08289776064378152	105.90989309999296	219	1523	1.2295356801753585	1.75 1.35 1.15 1.05
b6e67387	ok	914589.6	914589.6	913899.8	0.07547873410191469	53.226	0.9278318167555695	-0.07547873410191469	-0.07547873410191469	0.0	0	<ORIGINAL_WORKSPACE>/OpenROAD-flow-scripts/flow/reports/asap7/swerv_wrapper/place_batch_20260421_220319/dpl_evolve_baseline/openroad_dpl_hpwl_only_9case_bo_place_batch_20260421_220319_swerv_wrapper_asap7_trial_b6e67387_c2a22707f66f/metrics.json	52	128	1	0.5005892072266167	1.416941276374271	1.6410431710923257	28.963092005494065	197	3232	1.4062103256280742	2.50 1.75 1.25 1.08
b6e87377	ok	914128.2	914128.2	913899.8	0.024991798882099205	57.802	1.007600320747481	-0.024991798882099202	-0.024991798882099202	0.0	0	<ORIGINAL_WORKSPACE>/OpenROAD-flow-scripts/flow/reports/asap7/swerv_wrapper/place_batch_20260421_220319/dpl_evolve_baseline/openroad_dpl_hpwl_only_9case_bo_place_batch_20260421_220319_swerv_wrapper_asap7_trial_b6e87377_fe932325c73c/metrics.json	30	1024	1	0.16233912492015967	1.3788927654975849	0.8992876578952061	139.8806205132922	800	3860	1.1377957051315066	1.10 1.04
b883a20b	ok	914015.3	914015.3	913899.8	0.012638146982853041	62.376	1.0873339608827528	-0.012638146982853043	-0.012638146982853043	0.0	0	<ORIGINAL_WORKSPACE>/OpenROAD-flow-scripts/flow/reports/asap7/swerv_wrapper/place_batch_20260421_220319/dpl_evolve_baseline/openroad_dpl_hpwl_only_9case_bo_place_batch_20260421_220319_swerv_wrapper_asap7_trial_b883a20b_f1e8b7d81219/metrics.json	10	omit	0	0.5681706741202315	1.8427495277774097	1.036555105531621	63.41291850125401	1002	676	1.865189551299119	omit
b968a867	ok	913923.4	913923.4	913899.8	0.0025823399895674244	63.376	1.1047658892026635	-0.008793515636250873	-0.002582339989567425	0.0062111756466834474	0	<ORIGINAL_WORKSPACE>/OpenROAD-flow-scripts/flow/reports/asap7/swerv_wrapper/place_batch_20260421_220319/dpl_evolve_baseline/openroad_dpl_hpwl_only_9case_bo_place_batch_20260421_220319_swerv_wrapper_asap7_trial_b968a867_17b85f4f2bad/metrics.json	31	512	1	0.39444676257975764	1.1094936662556112	0.666027205968257	117.73245724330334	725	3789	1.037641866193944	1.50 1.25 1.10 1.04
ba84251e	ok	913980.8	913980.8	913899.8	0.00886311606589694	62.284	1.085730223477321	-0.00886311606589694	-0.00886311606589694	0.0	0	<ORIGINAL_WORKSPACE>/OpenROAD-flow-scripts/flow/reports/asap7/swerv_wrapper/place_batch_20260421_220319/dpl_evolve_baseline/openroad_dpl_hpwl_only_9case_bo_place_batch_20260421_220319_swerv_wrapper_asap7_trial_ba84251e_a2e1831c1fd3/metrics.json	15	1024	1	0.6979160173499133	1.0309377732465017	0.2595560738185023	146.4935059712124	592	2352	1.0096258769199742	1.75 1.35 1.15 1.05
ba8e1210	ok	918978.1	918978.1	913899.8	0.555673608857331	59.751	1.0415751490429872	-0.555673608857331	-0.555673608857331	0.0	0	<ORIGINAL_WORKSPACE>/OpenROAD-flow-scripts/flow/reports/asap7/swerv_wrapper/place_batch_20260421_220319/dpl_evolve_baseline/openroad_dpl_hpwl_only_9case_bo_place_batch_20260421_220319_swerv_wrapper_asap7_trial_ba8e1210_9036830ab689/metrics.json	10	64 8	0	0.018576202177409518	0.14004428743844466	0.9983729663272121	90.94941924799956	704	1338	1.988616154412449	2.00 1.50 1.20 1.05
baa109a4	ok	917457.8	917457.8	913899.8	0.38932057978347295	64.637	1.126747550814071	-0.4240076180172696	-0.38932057978347295	0.034687038233796624	0	<ORIGINAL_WORKSPACE>/OpenROAD-flow-scripts/flow/reports/asap7/swerv_wrapper/place_batch_20260421_220319/dpl_evolve_baseline/openroad_dpl_hpwl_only_9case_bo_place_batch_20260421_220319_swerv_wrapper_asap7_trial_baa109a4_a02c49589bd5/metrics.json	6	128 16	1	0.10240800951639795	1.8018366871827305	0.49504944066126577	128.21278472073396	95	2316	1.4649027992681842	1.04
baed936c	ok	914008.2	914008.2	913899.8	0.011861256562251886	61.379	1.069954328347802	-0.011861256562251886	-0.011861256562251886	0.0	0	<ORIGINAL_WORKSPACE>/OpenROAD-flow-scripts/flow/reports/asap7/swerv_wrapper/place_batch_20260421_220319/dpl_evolve_baseline/openroad_dpl_hpwl_only_9case_bo_place_batch_20260421_220319_swerv_wrapper_asap7_trial_baed936c_c96b32de6138/metrics.json	64	1024	1	0.9156357948176965	1.0895870106436658	0.9742077099692189	122.65285966203663	384	199	1.8326624359515677	omit
bb2c8433	ok	914459.2	914459.2	913899.8	0.06121021144767805	60.876	1.0611860684028867	-0.061210211447678055	-0.061210211447678055	0.0	0	<ORIGINAL_WORKSPACE>/OpenROAD-flow-scripts/flow/reports/asap7/swerv_wrapper/place_batch_20260421_220319/dpl_evolve_baseline/openroad_dpl_hpwl_only_9case_bo_place_batch_20260421_220319_swerv_wrapper_asap7_trial_bb2c8433_e8700bd4a04b/metrics.json	15	256	1	0.30988966801734386	1.6569250945047649	0.8191860606734493	106.36719951686679	171	2348	1.1307911163114737	2.00 1.50 1.20 1.05
bbd75c4f	ok	915771.9	915771.9	913899.8	0.2048474023082155	59.185	1.0317086776139177	-0.20484740230821546	-0.20484740230821546	0.0	0	<ORIGINAL_WORKSPACE>/OpenROAD-flow-scripts/flow/reports/asap7/swerv_wrapper/place_batch_20260421_220319/dpl_evolve_baseline/openroad_dpl_hpwl_only_9case_bo_place_batch_20260421_220319_swerv_wrapper_asap7_trial_bbd75c4f_0d1059694bfb/metrics.json	2	256 32	1	0.32768854864059316	1.8695504631587103	0.19388584925913432	136.09042680909423	257	1900	1.0719939284484947	omit
bd5aedc2	ok	914642.7	914642.7	913899.8	0.08128899907844457	58.427	1.0184952759474253	-0.08128899907844457	-0.08128899907844457	0.0	0	<ORIGINAL_WORKSPACE>/OpenROAD-flow-scripts/flow/reports/asap7/swerv_wrapper/place_batch_20260421_220319/dpl_evolve_baseline/openroad_dpl_hpwl_only_9case_bo_place_batch_20260421_220319_swerv_wrapper_asap7_trial_bd5aedc2_d4bf4398f9ce/metrics.json	100	128	1	0.022491075939270213	1.449013461311107	0.6510832067439394	147.48697744754267	727	3293	1.2470222206093449	1.75 1.35 1.15 1.05
bd9cc5bc	ok	915476.1	915476.1	913899.8	0.17248061548978674	57.551	1.0032249067391836	-0.17248061548978674	-0.17248061548978674	0.0	0	<ORIGINAL_WORKSPACE>/OpenROAD-flow-scripts/flow/reports/asap7/swerv_wrapper/place_batch_20260421_220319/dpl_evolve_baseline/openroad_dpl_hpwl_only_9case_bo_place_batch_20260421_220319_swerv_wrapper_asap7_trial_bd9cc5bc_23392d20877d/metrics.json	31	64	1	0.7619557863731626	1.1663404158091053	0.8164492229039946	100.1730437168288	99	3769	1.0611152142339324	1.25 1.10 1.04
be6725d6	ok	914294.0	914294.0	913899.8	0.04313383152069335	61.096	1.065021092633267	-0.04313383152069334	-0.04313383152069334	0.0	0	<ORIGINAL_WORKSPACE>/OpenROAD-flow-scripts/flow/reports/asap7/swerv_wrapper/place_batch_20260421_220319/dpl_evolve_baseline/openroad_dpl_hpwl_only_9case_bo_place_batch_20260421_220319_swerv_wrapper_asap7_trial_be6725d6_10e60d16226a/metrics.json	122	1024	1	0.5854282045434277	0.35528653595248816	0.43524034804010464	102.41491040161905	376	3742	1.046357570225019	1.04
bf4f1774	ok	914128.2	914128.2	913899.8	0.024991798882099205	66.239	1.154673499982568	-0.09545750867524602	-0.024991798882099202	0.07046570979314681	0	<ORIGINAL_WORKSPACE>/OpenROAD-flow-scripts/flow/reports/asap7/swerv_wrapper/place_batch_20260421_220319/dpl_evolve_baseline/openroad_dpl_hpwl_only_9case_bo_place_batch_20260421_220319_swerv_wrapper_asap7_trial_bf4f1774_29dfdf93ed88/metrics.json	30	1024	1	0.06976491536203627	1.0585801978947371	0.880259417518304	102.45428051280194	383	3544	1.112232351741022	1.75 1.35 1.15 1.05
bf540a52	ok	915431.9	915431.9	913899.8	0.16764419906864808	68.301	1.190618136178224	-0.2835311789499231	-0.16764419906864808	0.115886979881275	0	<ORIGINAL_WORKSPACE>/OpenROAD-flow-scripts/flow/reports/asap7/swerv_wrapper/place_batch_20260421_220319/dpl_evolve_baseline/openroad_dpl_hpwl_only_9case_bo_place_batch_20260421_220319_swerv_wrapper_asap7_trial_bf540a52_7e62c01f1b2c/metrics.json	44	64	1	0.11637442270897132	0.6020428988954385	0.8900602242480717	95.38313985395364	434	2141	1.189885223856895	1.25 1.10 1.04
bfe74241	ok	914209.8	914209.8	913899.8	0.03392056765960557	64.56	1.125405292333438	-0.06687680105071556	-0.03392056765960557	0.03295623339110999	0	<ORIGINAL_WORKSPACE>/OpenROAD-flow-scripts/flow/reports/asap7/swerv_wrapper/place_batch_20260421_220319/dpl_evolve_baseline/openroad_dpl_hpwl_only_9case_bo_place_batch_20260421_220319_swerv_wrapper_asap7_trial_bfe74241_7c0291b6032a/metrics.json	29	1024	1	0.6554871075136955	1.8133049386406548	0.620197613987773	144.519074888391	556	2528	1.4600643234164348	omit
c1ad9a47	ok	914123.2	914123.2	913899.8	0.024444692952105565	60.857	1.0608548617648084	-0.024444692952105565	-0.024444692952105565	0.0	0	<ORIGINAL_WORKSPACE>/OpenROAD-flow-scripts/flow/reports/asap7/swerv_wrapper/place_batch_20260421_220319/dpl_evolve_baseline/openroad_dpl_hpwl_only_9case_bo_place_batch_20260421_220319_swerv_wrapper_asap7_trial_c1ad9a47_a9ce08fb24e2/metrics.json	44	1024 128	1	0.1287045576968049	1.915378232112636	0.746040598171657	90.92070292492716	400	3472	1.1364248882840937	1.50 1.25 1.10 1.04
c20f137d	ok	914015.3	914015.3	913899.8	0.012638146982853041	61.301	1.068594637938849	-0.012638146982853043	-0.012638146982853043	0.0	0	<ORIGINAL_WORKSPACE>/OpenROAD-flow-scripts/flow/reports/asap7/swerv_wrapper/place_batch_20260421_220319/dpl_evolve_baseline/openroad_dpl_hpwl_only_9case_bo_place_batch_20260421_220319_swerv_wrapper_asap7_trial_c20f137d_6580bbaeaeb8/metrics.json	10	omit	1	0.6282069509212828	1.3701071724757452	0.778520122226753	93.90493074756208	568	1177	1.9589565464244214	omit
c2ba9ce3	ok	913945.3	913945.3	913899.8	0.0049786639629421075	60.628	1.0568629501795488	-0.0049786639629421075	-0.0049786639629421075	0.0	0	<ORIGINAL_WORKSPACE>/OpenROAD-flow-scripts/flow/reports/asap7/swerv_wrapper/place_batch_20260421_220319/dpl_evolve_baseline/openroad_dpl_hpwl_only_9case_bo_place_batch_20260421_220319_swerv_wrapper_asap7_trial_c2ba9ce3_56c725e81297/metrics.json	123	1024	1	0.8873745946783587	0.45410454833160396	1.3657425830315668	83.85130486669267	381	3993	1.463146336581951	omit
c3975b35	ok	913833.0	913833.0	913899.8	-0.007309335224720103	56.673	0.9879196736743019	0.007309335224720102	0.007309335224720102	0.0	0	<ORIGINAL_WORKSPACE>/OpenROAD-flow-scripts/flow/reports/asap7/swerv_wrapper/place_batch_20260421_220319/dpl_evolve_baseline/openroad_dpl_hpwl_only_9case_bo_place_batch_20260421_220319_swerv_wrapper_asap7_trial_c3975b35_6dc2920799d4/metrics.json	17	1024	0	0.9365247605661076	1.254038742163307	0.6552538514986391	128.5006073821705	426	515	1.8315279566647684	omit
c531930a	ok	914301.8	914301.8	913899.8	0.04398731677148851	61.422	1.070703901265558	-0.04398731677148851	-0.04398731677148851	0.0	0	<ORIGINAL_WORKSPACE>/OpenROAD-flow-scripts/flow/reports/asap7/swerv_wrapper/place_batch_20260421_220319/dpl_evolve_baseline/openroad_dpl_hpwl_only_9case_bo_place_batch_20260421_220319_swerv_wrapper_asap7_trial_c531930a_4ca665defb37/metrics.json	42	512 64	1	0.9318611166365406	1.8737367626181873	1.6964433997031407	138.03097714584908	312	441	1.2273097362846888	2.50 1.75 1.25 1.08
c5e77192	ok	913644.9	913644.9	913899.8	-0.027891460311078226	58.743	1.024003765296517	0.027891460311078226	0.027891460311078226	0.0	0	<ORIGINAL_WORKSPACE>/OpenROAD-flow-scripts/flow/reports/asap7/swerv_wrapper/place_batch_20260421_220319/dpl_evolve_baseline/openroad_dpl_hpwl_only_9case_bo_place_batch_20260421_220319_swerv_wrapper_asap7_trial_c5e77192_342837744714/metrics.json	121	1024	1	0.8196832509744854	0.30051930669825216	0.9057180124657321	89.50814992944922	480	3416	1.3096942886918046	omit
c92a9a2d	ok	915693.2	915693.2	913899.8	0.19623595497010796	62.645	1.0920231496008088	-0.19623595497010796	-0.19623595497010796	0.0	0	<ORIGINAL_WORKSPACE>/OpenROAD-flow-scripts/flow/reports/asap7/swerv_wrapper/place_batch_20260421_220319/dpl_evolve_baseline/openroad_dpl_hpwl_only_9case_bo_place_batch_20260421_220319_swerv_wrapper_asap7_trial_c92a9a2d_ee8b0465a9a2/metrics.json	25	64	1	0.31058725179421	1.9648348985858857	0.5699454691956887	80.04800174568172	411	3652	1.3665566438512344	1.75 1.35 1.15 1.05
c95985a5	ok	913813.2	913813.2	913899.8	-0.009475874707500005	62.576	1.090820346546735	0.009475874707500005	0.009475874707500005	0.0	0	<ORIGINAL_WORKSPACE>/OpenROAD-flow-scripts/flow/reports/asap7/swerv_wrapper/place_batch_20260421_220319/dpl_evolve_baseline/openroad_dpl_hpwl_only_9case_bo_place_batch_20260421_220319_swerv_wrapper_asap7_trial_c95985a5_2bc0c0bdaf31/metrics.json	57	1024	0	0.9780572296582833	0.3997376785770731	0.05935479738347735	96.74100039379374	220	3557	1.0777777140957656	1.04
c9d17d31	ok	913929.7	913929.7	913899.8	0.003271693461351766	60.253	1.0503259770595823	-0.003271693461351766	-0.003271693461351766	0.0	0	<ORIGINAL_WORKSPACE>/OpenROAD-flow-scripts/flow/reports/asap7/swerv_wrapper/place_batch_20260421_220319/dpl_evolve_baseline/openroad_dpl_hpwl_only_9case_bo_place_batch_20260421_220319_swerv_wrapper_asap7_trial_c9d17d31_e02a58f9b388/metrics.json	54	omit	0	0.8515693037513363	1.5906465149066036	0.15618608932281675	145.45985142558501	109	3512	1.140866413974833	1.75 1.35 1.15 1.05
c9fe6415	ok	914068.2	914068.2	913899.8	0.018426527722175547	59.592	1.0388034724401214	-0.018426527722175543	-0.018426527722175543	0.0	0	<ORIGINAL_WORKSPACE>/OpenROAD-flow-scripts/flow/reports/asap7/swerv_wrapper/place_batch_20260421_220319/dpl_evolve_baseline/openroad_dpl_hpwl_only_9case_bo_place_batch_20260421_220319_swerv_wrapper_asap7_trial_c9fe6415_aa9f1746dcb4/metrics.json	33	omit	1	0.26687763040285245	0.9654889519910144	0.14676065433376023	149.47878830769804	241	958	1.6127664411313711	2.50 1.75 1.25 1.08
caa7c0a9	ok	918002.8	918002.8	913899.8	0.44895512615277955	56.817	0.990429871352369	-0.44895512615277955	-0.44895512615277955	0.0	0	<ORIGINAL_WORKSPACE>/OpenROAD-flow-scripts/flow/reports/asap7/swerv_wrapper/place_batch_20260421_220319/dpl_evolve_baseline/openroad_dpl_hpwl_only_9case_bo_place_batch_20260421_220319_swerv_wrapper_asap7_trial_caa7c0a9_d273711e3f36/metrics.json	119	32	1	0.4707019841286503	0.6711140055019327	0.795782227530887	81.62325865537304	453	3061	1.344957371449746	omit
cb03af04	ok	913491.2	913491.2	913899.8	-0.044709496599090306	61.87	1.078513405152878	0.044709496599090306	0.044709496599090306	0.0	0	<ORIGINAL_WORKSPACE>/OpenROAD-flow-scripts/flow/reports/asap7/swerv_wrapper/place_batch_20260421_220319/dpl_evolve_baseline/openroad_dpl_hpwl_only_9case_bo_place_batch_20260421_220319_swerv_wrapper_asap7_trial_cb03af04_ad500c71157f/metrics.json	56	1024	0	0.9473266195993545	0.4548431285118816	0.22115425363646038	143.43928859400395	80	3726	1.0283521503962332	1.25 1.10 1.04
cb359bbe	ok	917986.0	917986.0	913899.8	0.44711685022799585	57.268	0.9982916710246488	-0.4471168502279958	-0.4471168502279958	0.0	0	<ORIGINAL_WORKSPACE>/OpenROAD-flow-scripts/flow/reports/asap7/swerv_wrapper/place_batch_20260421_220319/dpl_evolve_baseline/openroad_dpl_hpwl_only_9case_bo_place_batch_20260421_220319_swerv_wrapper_asap7_trial_cb359bbe_e1eaec6f79bf/metrics.json	38	32	0	0.13216114194293815	0.41290811777886605	0.19856817761302625	76.18825499179312	351	1492	1.1080653286972368	1.75 1.35 1.15 1.05
cb566d87	ok	917878.2	917878.2	913899.8	0.4353212463773279	64.93	1.131855105811805	-0.4765849276191849	-0.4353212463773279	0.04126368124185701	0	<ORIGINAL_WORKSPACE>/OpenROAD-flow-scripts/flow/reports/asap7/swerv_wrapper/place_batch_20260421_220319/dpl_evolve_baseline/openroad_dpl_hpwl_only_9case_bo_place_batch_20260421_220319_swerv_wrapper_asap7_trial_cb566d87_f4d232d4368f/metrics.json	8	32	1	0.09846376476716266	0.9538504428960612	1.009551961458702	149.31707582275453	699	3779	1.0475865833589937	1.75 1.35 1.15 1.05
cba93c62	ok	913818.6	913818.6	913899.8	-0.008885000303104327	66.101	1.1522678938744204	-0.05851580354092019	0.008885000303104327	0.06740080384402451	0	<ORIGINAL_WORKSPACE>/OpenROAD-flow-scripts/flow/reports/asap7/swerv_wrapper/place_batch_20260421_220319/dpl_evolve_baseline/openroad_dpl_hpwl_only_9case_bo_place_batch_20260421_220319_swerv_wrapper_asap7_trial_cba93c62_12e6b77730c2/metrics.json	8	omit	0	0.8226646702653686	1.1173332150775352	0.8888563766358478	146.5389762029843	250	1592	1.7040138609995372	2.00 1.50 1.20 1.05
cbf10b38	ok	914108.7	914108.7	913899.8	0.022858085755124016	63.943	1.114649792560053	-0.04190796279355255	-0.022858085755124016	0.019049877038428534	0	<ORIGINAL_WORKSPACE>/OpenROAD-flow-scripts/flow/reports/asap7/swerv_wrapper/place_batch_20260421_220319/dpl_evolve_baseline/openroad_dpl_hpwl_only_9case_bo_place_batch_20260421_220319_swerv_wrapper_asap7_trial_cbf10b38_e1184a92b4a8/metrics.json	42	1024	1	0.3564740562696274	1.4018046098813814	0.252045509543663	143.0533882377391	328	1634	1.1687730647879317	1.10 1.04
cd4c489a	ok	913975.8	913975.8	913899.8	0.008316010135903301	61.03	1.063870585364153	-0.008316010135903301	-0.008316010135903301	0.0	0	<ORIGINAL_WORKSPACE>/OpenROAD-flow-scripts/flow/reports/asap7/swerv_wrapper/place_batch_20260421_220319/dpl_evolve_baseline/openroad_dpl_hpwl_only_9case_bo_place_batch_20260421_220319_swerv_wrapper_asap7_trial_cd4c489a_c7b61cda8c20/metrics.json	119	1024	1	0.6734311389106526	0.10096529151080305	1.0819400908180485	68.75636881261771	758	3767	1.0089539018867346	omit
cd873c4a	ok	917606.5	917606.5	913899.8	0.40559151014147865	57.421	1.000958756057595	-0.40559151014147865	-0.40559151014147865	0.0	0	<ORIGINAL_WORKSPACE>/OpenROAD-flow-scripts/flow/reports/asap7/swerv_wrapper/place_batch_20260421_220319/dpl_evolve_baseline/openroad_dpl_hpwl_only_9case_bo_place_batch_20260421_220319_swerv_wrapper_asap7_trial_cd873c4a_bbe3f5d6962a/metrics.json	81	128 16	1	0.9319720691968373	0.02790314595119403	0.50700606793677	92.51675355024864	1142	3806	1.5566531881951564	1.10 1.04
cdc77eb2	ok	913995.1	913995.1	913899.8	0.010427839025671102	58.401	1.0180420458111077	-0.010427839025671102	-0.010427839025671102	0.0	0	<ORIGINAL_WORKSPACE>/OpenROAD-flow-scripts/flow/reports/asap7/swerv_wrapper/place_batch_20260421_220319/dpl_evolve_baseline/openroad_dpl_hpwl_only_9case_bo_place_batch_20260421_220319_swerv_wrapper_asap7_trial_cdc77eb2_3cf5cd129e7a/metrics.json	16	1024	1	0.5833239408866304	0.8925044949781562	0.6323468133944424	126.08052182931657	373	555	1.8138378961358148	omit
d0a3ca14	ok	919152.0	919152.0	913899.8	0.5747019531025123	59.642	1.039675068856117	-0.5747019531025123	-0.5747019531025123	0.0	0	<ORIGINAL_WORKSPACE>/OpenROAD-flow-scripts/flow/reports/asap7/swerv_wrapper/place_batch_20260421_220319/dpl_evolve_baseline/openroad_dpl_hpwl_only_9case_bo_place_batch_20260421_220319_swerv_wrapper_asap7_trial_d0a3ca14_cccb68a886c9/metrics.json	42	64 8	0	0.5650376351024211	1.3972720150315492	0.22300943128445713	147.3592045235401	328	2859	1.1076916583625622	2.00 1.50 1.20 1.05
d27a6ebd	ok	913766.4	913766.4	913899.8	-0.014596786212232817	66.836	1.1650803611895548	-0.06909133779829163	0.014596786212232815	0.08368812401052445	0	<ORIGINAL_WORKSPACE>/OpenROAD-flow-scripts/flow/reports/asap7/swerv_wrapper/place_batch_20260421_220319/dpl_evolve_baseline/openroad_dpl_hpwl_only_9case_bo_place_batch_20260421_220319_swerv_wrapper_asap7_trial_d27a6ebd_79133599dac7/metrics.json	41	1024	1	0.11453471218290673	0.9766075990317854	0.7394533005897819	145.52244439593002	533	3753	1.0517775469106765	1.75 1.35 1.15 1.05
d3096a6b	ok	913789.9	913789.9	913899.8	-0.012025388341262716	59.31	1.0338876686539065	0.012025388341262716	0.012025388341262716	0.0	0	<ORIGINAL_WORKSPACE>/OpenROAD-flow-scripts/flow/reports/asap7/swerv_wrapper/place_batch_20260421_220319/dpl_evolve_baseline/openroad_dpl_hpwl_only_9case_bo_place_batch_20260421_220319_swerv_wrapper_asap7_trial_d3096a6b_ecb4c09b4b6a/metrics.json	3	omit	1	0.9171619510004746	0.8890384727100091	0.09830068821628801	94.06741587740338	814	3031	1.2589307177727567	1.25 1.10 1.04
d34feba0	ok	914149.6	914149.6	913899.8	0.027333412262474523	56.641	0.9873618519680647	-0.027333412262474523	-0.027333412262474523	0.0	0	<ORIGINAL_WORKSPACE>/OpenROAD-flow-scripts/flow/reports/asap7/swerv_wrapper/place_batch_20260421_220319/dpl_evolve_baseline/openroad_dpl_hpwl_only_9case_bo_place_batch_20260421_220319_swerv_wrapper_asap7_trial_d34feba0_0b89dd70e499/metrics.json	50	1024	1	0.7064288457300669	0.5950245769691435	1.4453399416171937	27.42024129123462	194	2758	1.2523670978585733	2.50 1.75 1.25 1.08
d373f9c7	ok	915837.9	915837.9	913899.8	0.21206920058413148	60.728	1.0586061430115399	-0.2120692005841315	-0.2120692005841315	0.0	0	<ORIGINAL_WORKSPACE>/OpenROAD-flow-scripts/flow/reports/asap7/swerv_wrapper/place_batch_20260421_220319/dpl_evolve_baseline/openroad_dpl_hpwl_only_9case_bo_place_batch_20260421_220319_swerv_wrapper_asap7_trial_d373f9c7_89ce22516d85/metrics.json	18	256 32	1	0.14283683026023794	1.6380561125416024	0.7296356426336786	90.59638975273612	140	2218	1.3956069154238464	1.50 1.25 1.10 1.04
d3d07a7d	ok	913617.6	913617.6	913899.8	-0.030878658688848586	59.721	1.0410521911933897	0.030878658688848586	0.030878658688848586	0.0	0	<ORIGINAL_WORKSPACE>/OpenROAD-flow-scripts/flow/reports/asap7/swerv_wrapper/place_batch_20260421_220319/dpl_evolve_baseline/openroad_dpl_hpwl_only_9case_bo_place_batch_20260421_220319_swerv_wrapper_asap7_trial_d3d07a7d_5e8f5b670402/metrics.json	5	1024	1	0.4921981099076428	1.5858051337630603	0.17445139039830262	126.58367704914866	363	2422	1.3138255286595593	1.50 1.25 1.10 1.04
d4c29529	ok	915609.3	915609.3	913899.8	0.1870555174648249	57.365	0.9999825680716802	-0.1870555174648249	-0.1870555174648249	0.0	0	<ORIGINAL_WORKSPACE>/OpenROAD-flow-scripts/flow/reports/asap7/swerv_wrapper/place_batch_20260421_220319/dpl_evolve_baseline/openroad_dpl_hpwl_only_9case_bo_place_batch_20260421_220319_swerv_wrapper_asap7_trial_d4c29529_e584789649a4/metrics.json	121	64	1	0.5662235990484885	0.7447304773796735	0.503685152151773	85.71294893099534	309	3408	1.0870076998685463	1.10 1.04
d4dd653f	ok	914531.6	914531.6	913899.8	0.06913230531398848	58.046	1.0118537112575392	-0.06913230531398848	-0.06913230531398848	0.0	0	<ORIGINAL_WORKSPACE>/OpenROAD-flow-scripts/flow/reports/asap7/swerv_wrapper/place_batch_20260421_220319/dpl_evolve_baseline/openroad_dpl_hpwl_only_9case_bo_place_batch_20260421_220319_swerv_wrapper_asap7_trial_d4dd653f_cc5699e0907d/metrics.json	17	128	1	0.6382271985367199	0.61728667635134	1.0238157875998393	102.25706796750853	174	2767	1.0940438295049413	2.50 1.75 1.25 1.08
d500f4ce	ok	914745.4	914745.4	913899.8	0.09252655488052154	67.959	1.1846564166928146	-0.20092794835895364	-0.09252655488052156	0.10840139347843208	0	<ORIGINAL_WORKSPACE>/OpenROAD-flow-scripts/flow/reports/asap7/swerv_wrapper/place_batch_20260421_220319/dpl_evolve_baseline/openroad_dpl_hpwl_only_9case_bo_place_batch_20260421_220319_swerv_wrapper_asap7_trial_d500f4ce_22ef3cfeeebe/metrics.json	37	128	1	0.288849838058709	1.8923832401454221	0.418440247914707	122.29386954634055	344	2058	1.0610749536285922	1.75 1.35 1.15 1.05
d512ae48	ok	913811.1	913811.1	913899.8	-0.009705659198094786	63.534	1.1075201338772094	-8.88960812034257e-05	0.009705659198094786	0.009794555279298211	0	<ORIGINAL_WORKSPACE>/OpenROAD-flow-scripts/flow/reports/asap7/swerv_wrapper/place_batch_20260421_220319/dpl_evolve_baseline/openroad_dpl_hpwl_only_9case_bo_place_batch_20260421_220319_swerv_wrapper_asap7_trial_d512ae48_a0c5db633f60/metrics.json	19	1024	1	0.40239251985773583	1.809372320687246	0.12226904351036993	116.0811514080628	194	2512	1.010364261335232	1.75 1.35 1.15 1.05
d51a5d24	ok	913907.6	913907.6	913899.8	0.0008534852507824327	57.89	1.0091343304396332	-0.0008534852507824327	-0.0008534852507824327	0.0	0	<ORIGINAL_WORKSPACE>/OpenROAD-flow-scripts/flow/reports/asap7/swerv_wrapper/place_batch_20260421_220319/dpl_evolve_baseline/openroad_dpl_hpwl_only_9case_bo_place_batch_20260421_220319_swerv_wrapper_asap7_trial_d51a5d24_9709bac38646/metrics.json	31	1024	1	0.09845265901617536	1.7841677691879774	0.07389868865649553	97.37956484026306	88	1948	1.6494261488883055	omit
d56556f3	ok	914000.1	914000.1	913899.8	0.01097494495566474	58.014	1.0112958895513022	-0.01097494495566474	-0.01097494495566474	0.0	0	<ORIGINAL_WORKSPACE>/OpenROAD-flow-scripts/flow/reports/asap7/swerv_wrapper/place_batch_20260421_220319/dpl_evolve_baseline/openroad_dpl_hpwl_only_9case_bo_place_batch_20260421_220319_swerv_wrapper_asap7_trial_d56556f3_8466484ec472/metrics.json	6	1024	0	0.6517796306011252	1.7576225673093817	0.1954339367189577	143.36229661228154	448	3398	1.1427269875151527	1.75 1.35 1.15 1.05
d649631e	ok	913612.9	913612.9	913899.8	-0.03139293826303751	59.34	1.0344106265035038	0.03139293826303751	0.03139293826303751	0.0	0	<ORIGINAL_WORKSPACE>/OpenROAD-flow-scripts/flow/reports/asap7/swerv_wrapper/place_batch_20260421_220319/dpl_evolve_baseline/openroad_dpl_hpwl_only_9case_bo_place_batch_20260421_220319_swerv_wrapper_asap7_trial_d649631e_045a9c832acb/metrics.json	2	omit	1	0.6793823737918226	1.6548674776580528	1.1369347575365922	90.43383806582064	608	789	1.9541300883923456	omit
d7f58f6b	ok	913576.5	913576.5	913899.8	-0.03537586943339374	61.36	1.0696231217097236	0.03537586943339374	0.03537586943339374	0.0	0	<ORIGINAL_WORKSPACE>/OpenROAD-flow-scripts/flow/reports/asap7/swerv_wrapper/place_batch_20260421_220319/dpl_evolve_baseline/openroad_dpl_hpwl_only_9case_bo_place_batch_20260421_220319_swerv_wrapper_asap7_trial_d7f58f6b_422cb34ef312/metrics.json	113	1024	1	0.5403220126304453	0.4960102664467988	0.49555980233191366	101.51680388893928	406	3864	1.084751962403109	1.50 1.25 1.10 1.04
d815f92e	ok	914041.8	914041.8	913899.8	0.015537808411819325	62.083	1.082226405885019	-0.015537808411819325	-0.015537808411819325	0.0	0	<ORIGINAL_WORKSPACE>/OpenROAD-flow-scripts/flow/reports/asap7/swerv_wrapper/place_batch_20260421_220319/dpl_evolve_baseline/openroad_dpl_hpwl_only_9case_bo_place_batch_20260421_220319_swerv_wrapper_asap7_trial_d815f92e_7a7c7247d8a6/metrics.json	13	omit	1	0.7612971060610763	1.2913666027478161	1.771988998209391	74.3313433023103	689	756	1.8407048051702013	omit
d89ec24f	ok	913998.1	913998.1	913899.8	0.010756102583667285	63.293	1.103319039152111	-0.015083080325474722	-0.010756102583667285	0.004326977741807438	0	<ORIGINAL_WORKSPACE>/OpenROAD-flow-scripts/flow/reports/asap7/swerv_wrapper/place_batch_20260421_220319/dpl_evolve_baseline/openroad_dpl_hpwl_only_9case_bo_place_batch_20260421_220319_swerv_wrapper_asap7_trial_d89ec24f_c86a683c1cec/metrics.json	73	1024	1	0.43108930730544476	1.1100748158000153	0.9615864115225621	130.4307123366509	580	2849	1.2125927073274403	1.75 1.35 1.15 1.05
d8e55e38	ok	914039.7	914039.7	913899.8	0.015308023921211807	62.594	1.0911341212564933	-0.015308023921211807	-0.015308023921211807	0.0	0	<ORIGINAL_WORKSPACE>/OpenROAD-flow-scripts/flow/reports/asap7/swerv_wrapper/place_batch_20260421_220319/dpl_evolve_baseline/openroad_dpl_hpwl_only_9case_bo_place_batch_20260421_220319_swerv_wrapper_asap7_trial_d8e55e38_0d34634a1787/metrics.json	9	1024 128	0	0.559205820594445	1.6057584042530406	0.07526475773581306	146.71695500749	238	3928	1.0013647916319108	1.50 1.25 1.10 1.04
d90d46a0	ok	914661.2	914661.2	913899.8	0.08331329101942103	56.868	0.9913188996966845	-0.08331329101942103	-0.08331329101942103	0.0	0	<ORIGINAL_WORKSPACE>/OpenROAD-flow-scripts/flow/reports/asap7/swerv_wrapper/place_batch_20260421_220319/dpl_evolve_baseline/openroad_dpl_hpwl_only_9case_bo_place_batch_20260421_220319_swerv_wrapper_asap7_trial_d90d46a0_e72a3f9fb39d/metrics.json	10	128	1	0.525820043277315	0.6087940674478782	1.0701644997100774	70.75899626735662	225	1121	1.0133298381051166	omit
db462724	ok	916035.8	916035.8	913899.8	0.23372365329328224	57.047	0.9944392148659484	-0.23372365329328226	-0.23372365329328226	0.0	0	<ORIGINAL_WORKSPACE>/OpenROAD-flow-scripts/flow/reports/asap7/swerv_wrapper/place_batch_20260421_220319/dpl_evolve_baseline/openroad_dpl_hpwl_only_9case_bo_place_batch_20260421_220319_swerv_wrapper_asap7_trial_db462724_9dfad06730b1/metrics.json	60	256 32	1	0.10451431773596029	1.2369546811604841	1.1849577480268079	130.5770297787315	352	2216	1.1317172984324517	1.75 1.35 1.15 1.05
db4636f9	ok	913829.9	913829.9	913899.8	-0.00764854090131361	61.884	1.0787574521493568	0.00764854090131361	0.00764854090131361	0.0	0	<ORIGINAL_WORKSPACE>/OpenROAD-flow-scripts/flow/reports/asap7/swerv_wrapper/place_batch_20260421_220319/dpl_evolve_baseline/openroad_dpl_hpwl_only_9case_bo_place_batch_20260421_220319_swerv_wrapper_asap7_trial_db4636f9_7e95ab87cbf9/metrics.json	89	1024	1	0.956165006981108	0.042623878039965146	0.8439961115634036	81.01366099354173	770	2917	1.0780331339461908	1.75 1.35 1.15 1.05
db8cdd4f	ok	914209.8	914209.8	913899.8	0.03392056765960557	54.499	0.9500226615068159	-0.03392056765960557	-0.03392056765960557	0.0	0	<ORIGINAL_WORKSPACE>/OpenROAD-flow-scripts/flow/reports/asap7/swerv_wrapper/place_batch_20260421_220319/dpl_evolve_baseline/openroad_dpl_hpwl_only_9case_bo_place_batch_20260421_220319_swerv_wrapper_asap7_trial_db8cdd4f_d773aa1568e3/metrics.json	29	1024	1	0.9546935037308638	0.6079919597969273	1.3456430885928181	72.49566238087958	176	2179	1.4695162965058657	1.75 1.35 1.15 1.05
dc5d9039	ok	913848.8	913848.8	913899.8	-0.0055804804859351095	64.495	1.1242722169926438	-0.025913880310110764	0.0055804804859351095	0.031494360796045874	0	<ORIGINAL_WORKSPACE>/OpenROAD-flow-scripts/flow/reports/asap7/swerv_wrapper/place_batch_20260421_220319/dpl_evolve_baseline/openroad_dpl_hpwl_only_9case_bo_place_batch_20260421_220319_swerv_wrapper_asap7_trial_dc5d9039_e2cc874a2fd5/metrics.json	47	omit	1	0.952803126926443	1.8647952843173288	0.6197289125546886	149.59966359763504	77	2165	1.4088925800913947	1.10 1.04
dc8c5c76	ok	913667.1	913667.1	913899.8	-0.025462309981911565	61.739	1.0762298225429696	0.025462309981911565	0.025462309981911565	0.0	0	<ORIGINAL_WORKSPACE>/OpenROAD-flow-scripts/flow/reports/asap7/swerv_wrapper/place_batch_20260421_220319/dpl_evolve_baseline/openroad_dpl_hpwl_only_9case_bo_place_batch_20260421_220319_swerv_wrapper_asap7_trial_dc8c5c76_8a2dc5da6a86/metrics.json	48	1024	1	0.0033342593225893363	1.3600324420715286	0.825336963640054	144.00663532489992	726	3344	1.0726345399019899	1.75 1.35 1.15 1.05
dcb6be08	ok	913978.1	913978.1	913899.8	0.00856767886369273	66.433	1.1580552940766309	-0.08333663075371397	-0.008567678863692732	0.07476895189002124	0	<ORIGINAL_WORKSPACE>/OpenROAD-flow-scripts/flow/reports/asap7/swerv_wrapper/place_batch_20260421_220319/dpl_evolve_baseline/openroad_dpl_hpwl_only_9case_bo_place_batch_20260421_220319_swerv_wrapper_asap7_trial_dcb6be08_14de739b84b3/metrics.json	76	omit	0	0.5145458287968618	1.4408272469223815	0.2487570830393338	145.112985084445	569	3801	1.152991718259637	2.50 1.75 1.25 1.08
dd187889	ok	913945.1	913945.1	913899.8	0.004956779725734719	63.996	1.1155736847610083	-0.02520383268965136	-0.004956779725734719	0.02024705296391664	0	<ORIGINAL_WORKSPACE>/OpenROAD-flow-scripts/flow/reports/asap7/swerv_wrapper/place_batch_20260421_220319/dpl_evolve_baseline/openroad_dpl_hpwl_only_9case_bo_place_batch_20260421_220319_swerv_wrapper_asap7_trial_dd187889_6effc0aa8c9b/metrics.json	21	1024	0	0.6625706686429553	1.6455949017678402	0.24175758341701226	148.5445947076671	345	3127	1.2911297082203077	2.50 1.75 1.25 1.08
dd1a0a88	ok	913900.2	913900.2	913899.8	4.376847438930042e-05	57.2	0.9971062998988949	-4.376847438930042e-05	-4.376847438930042e-05	0.0	0	<ORIGINAL_WORKSPACE>/OpenROAD-flow-scripts/flow/reports/asap7/swerv_wrapper/place_batch_20260421_220319/dpl_evolve_baseline/openroad_dpl_hpwl_only_9case_bo_place_batch_20260421_220319_swerv_wrapper_asap7_trial_dd1a0a88_008215e93ed3/metrics.json	10	1024	1	0.5173308745256316	1.3912605599498347	0.5745912664590311	145.9558417683928	244	1725	1.3044651853506362	1.75 1.35 1.15 1.05
dde32ce2	ok	914144.9	914144.9	913899.8	0.0268191326882856	64.553	1.1252832688351986	-0.059617969015798876	-0.026819132688285598	0.03279883632751328	0	<ORIGINAL_WORKSPACE>/OpenROAD-flow-scripts/flow/reports/asap7/swerv_wrapper/place_batch_20260421_220319/dpl_evolve_baseline/openroad_dpl_hpwl_only_9case_bo_place_batch_20260421_220319_swerv_wrapper_asap7_trial_dde32ce2_02047b966517/metrics.json	27	512	1	0.4112386871483753	1.2948337304627222	0.2599598424886128	127.44010041870739	411	3959	1.8213842033474508	1.50 1.25 1.10 1.04
de8a740e	ok	914067.2	914067.2	913899.8	0.018317106536176818	61.325	1.0690130042185266	-0.018317106536176818	-0.018317106536176818	0.0	0	<ORIGINAL_WORKSPACE>/OpenROAD-flow-scripts/flow/reports/asap7/swerv_wrapper/place_batch_20260421_220319/dpl_evolve_baseline/openroad_dpl_hpwl_only_9case_bo_place_batch_20260421_220319_swerv_wrapper_asap7_trial_de8a740e_f8b1dc8bc77f/metrics.json	84	512	1	0.5413442829526376	0.25124070864535314	0.07672844276013652	104.23692490765309	716	3128	1.087912501985957	1.75 1.35 1.15 1.05
df1dc622	ok	913703.1	913703.1	913899.8	-0.021523147285957372	61.015	1.0636091064393542	0.021523147285957372	0.021523147285957372	0.0	0	<ORIGINAL_WORKSPACE>/OpenROAD-flow-scripts/flow/reports/asap7/swerv_wrapper/place_batch_20260421_220319/dpl_evolve_baseline/openroad_dpl_hpwl_only_9case_bo_place_batch_20260421_220319_swerv_wrapper_asap7_trial_df1dc622_f2fb3373b836/metrics.json	25	1024	1	0.7844369763026922	1.242501260551163	0.7867885411934945	111.18401595534849	385	372	1.8315195861887439	omit
dfafbe03	ok	913911.7	913911.7	913899.8	0.0013021121133746684	62.321	1.0863752048251578	-0.0013021121133746684	-0.0013021121133746684	0.0	0	<ORIGINAL_WORKSPACE>/OpenROAD-flow-scripts/flow/reports/asap7/swerv_wrapper/place_batch_20260421_220319/dpl_evolve_baseline/openroad_dpl_hpwl_only_9case_bo_place_batch_20260421_220319_swerv_wrapper_asap7_trial_dfafbe03_5fcc7ee903c0/metrics.json	20	1024	0	0.9532689004411807	1.9725725699325884	0.458675344779281	99.48691380385061	556	3054	1.1834580200287474	1.75 1.35 1.15 1.05
e0114aa2	ok	918987.8	918987.8	913899.8	0.5567349943615263	59.089	1.0300352124952061	-0.5567349943615263	-0.5567349943615263	0.0	0	<ORIGINAL_WORKSPACE>/OpenROAD-flow-scripts/flow/reports/asap7/swerv_wrapper/place_batch_20260421_220319/dpl_evolve_baseline/openroad_dpl_hpwl_only_9case_bo_place_batch_20260421_220319_swerv_wrapper_asap7_trial_e0114aa2_14863794dc41/metrics.json	23	64 8	0	0.41335587229695003	1.518057863620642	0.14510719345773043	149.57121888923567	297	1499	1.547324086970351	1.04
e049f1b5	ok	914172.4	914172.4	913899.8	0.029828215303250607	57.144	0.9961301119129798	-0.029828215303250607	-0.029828215303250607	0.0	0	<ORIGINAL_WORKSPACE>/OpenROAD-flow-scripts/flow/reports/asap7/swerv_wrapper/place_batch_20260421_220319/dpl_evolve_baseline/openroad_dpl_hpwl_only_9case_bo_place_batch_20260421_220319_swerv_wrapper_asap7_trial_e049f1b5_803047c1f9fc/metrics.json	12	1024	1	0.7173071014411134	0.9648235072585976	1.7713270063853281	42.913812892261475	264	3575	1.3541493365157307	1.10 1.04
e13e2805	ok	919056.7	919056.7	913899.8	0.5642741140768284	59.716	1.0409650315517902	-0.5642741140768284	-0.5642741140768284	0.0	0	<ORIGINAL_WORKSPACE>/OpenROAD-flow-scripts/flow/reports/asap7/swerv_wrapper/place_batch_20260421_220319/dpl_evolve_baseline/openroad_dpl_hpwl_only_9case_bo_place_batch_20260421_220319_swerv_wrapper_asap7_trial_e13e2805_01fda0df7e86/metrics.json	49	64 8	1	0.9220385737328846	0.7681886244890634	0.9657746372042585	104.51477220438906	487	816	1.7915907592463478	omit
e376103f	ok	913955.6	913955.6	913899.8	0.00610570217872136	67.647	1.1792176550570026	-0.1076616929792646	-0.00610570217872136	0.10155599080054324	0	<ORIGINAL_WORKSPACE>/OpenROAD-flow-scripts/flow/reports/asap7/swerv_wrapper/place_batch_20260421_220319/dpl_evolve_baseline/openroad_dpl_hpwl_only_9case_bo_place_batch_20260421_220319_swerv_wrapper_asap7_trial_e376103f_a40aaacf40fa/metrics.json	26	1024	1	0.4168415228461456	1.4437626930792602	0.20918499919692313	95.14786594279275	860	1763	1.2101432656667273	1.75 1.35 1.15 1.05
e3906552	ok	914001.7	914001.7	913899.8	0.011150018853260156	66.848	1.1652895443293938	-0.09510331329964651	-0.011150018853260156	0.08395329444638636	0	<ORIGINAL_WORKSPACE>/OpenROAD-flow-scripts/flow/reports/asap7/swerv_wrapper/place_batch_20260421_220319/dpl_evolve_baseline/openroad_dpl_hpwl_only_9case_bo_place_batch_20260421_220319_swerv_wrapper_asap7_trial_e3906552_bdcca7ddd919/metrics.json	68	1024	1	0.7295951594506276	1.821137378379088	0.26802248875001683	111.61543039785965	157	746	1.7522692068309242	1.50 1.25 1.10 1.04
e3a15e4e	ok	914169.8	914169.8	913899.8	0.029543720219656462	59.676	1.0402677544189938	-0.029543720219656466	-0.029543720219656466	0.0	0	<ORIGINAL_WORKSPACE>/OpenROAD-flow-scripts/flow/reports/asap7/swerv_wrapper/place_batch_20260421_220319/dpl_evolve_baseline/openroad_dpl_hpwl_only_9case_bo_place_batch_20260421_220319_swerv_wrapper_asap7_trial_e3a15e4e_7caade4f0adb/metrics.json	37	512	1	0.3006853697513818	1.7277430901862738	0.6120912553830222	132.73166535722464	404	3307	1.3254348483292817	1.50 1.25 1.10 1.04
e3e593d0	ok	914172.4	914172.4	913899.8	0.029828215303250607	64.031	1.1161838022522053	-0.05086558437894419	-0.029828215303250607	0.021037369075693584	0	<ORIGINAL_WORKSPACE>/OpenROAD-flow-scripts/flow/reports/asap7/swerv_wrapper/place_batch_20260421_220319/dpl_evolve_baseline/openroad_dpl_hpwl_only_9case_bo_place_batch_20260421_220319_swerv_wrapper_asap7_trial_e3e593d0_c5f21aa8e03b/metrics.json	12	1024	0	0.9359106072548278	1.3210538388661457	0.05621353731368414	145.80141201945872	218	2711	1.1817480839926848	1.04
e401c8a2	ok	914172.4	914172.4	913899.8	0.029828215303250607	62.156	1.0834989366523724	-0.029828215303250607	-0.029828215303250607	0.0	0	<ORIGINAL_WORKSPACE>/OpenROAD-flow-scripts/flow/reports/asap7/swerv_wrapper/place_batch_20260421_220319/dpl_evolve_baseline/openroad_dpl_hpwl_only_9case_bo_place_batch_20260421_220319_swerv_wrapper_asap7_trial_e401c8a2_149096e66a0b/metrics.json	12	1024	0	0.476681784765123	1.9340673829762278	0.18410770148281902	133.706378667986	75	2876	1.6725451894340844	1.04
e412921d	ok	913891.5	913891.5	913899.8	-0.0009081958437945349	59.806	1.0425339051005822	0.0009081958437945348	0.0009081958437945348	0.0	0	<ORIGINAL_WORKSPACE>/OpenROAD-flow-scripts/flow/reports/asap7/swerv_wrapper/place_batch_20260421_220319/dpl_evolve_baseline/openroad_dpl_hpwl_only_9case_bo_place_batch_20260421_220319_swerv_wrapper_asap7_trial_e412921d_4896338f3b3c/metrics.json	41	512	1	0.02177509329345033	1.9975029409633465	0.6733126803063557	108.73477159403082	434	2385	1.2950958369747394	omit
e4207823	ok	914589.6	914589.6	913899.8	0.07547873410191469	59.061	1.0295471185022487	-0.07547873410191469	-0.07547873410191469	0.0	0	<ORIGINAL_WORKSPACE>/OpenROAD-flow-scripts/flow/reports/asap7/swerv_wrapper/place_batch_20260421_220319/dpl_evolve_baseline/openroad_dpl_hpwl_only_9case_bo_place_batch_20260421_220319_swerv_wrapper_asap7_trial_e4207823_340c3bf027f5/metrics.json	52	128	0	0.8548979426974024	1.0554292926174933	1.6142141138089663	85.87327757874095	893	2124	1.770883910501888	1.10 1.04
e4401a38	ok	913870.3	913870.3	913899.8	-0.0032279249869624654	60.127	1.0481295540912736	0.0032279249869624654	0.0032279249869624654	0.0	0	<ORIGINAL_WORKSPACE>/OpenROAD-flow-scripts/flow/reports/asap7/swerv_wrapper/place_batch_20260421_220319/dpl_evolve_baseline/openroad_dpl_hpwl_only_9case_bo_place_batch_20260421_220319_swerv_wrapper_asap7_trial_e4401a38_78ee195869b2/metrics.json	45	1024	1	0.07738967326272035	1.7721693319186784	1.1984988402149874	146.07856065968005	326	3883	1.5045953082660508	1.50 1.25 1.10 1.04
e49c1d32	ok	913970.1	913970.1	913899.8	0.00769230937570291	64.378	1.1222326813792143	-0.03655344190089473	-0.00769230937570291	0.028861132525191825	0	<ORIGINAL_WORKSPACE>/OpenROAD-flow-scripts/flow/reports/asap7/swerv_wrapper/place_batch_20260421_220319/dpl_evolve_baseline/openroad_dpl_hpwl_only_9case_bo_place_batch_20260421_220319_swerv_wrapper_asap7_trial_e49c1d32_b746e0edec82/metrics.json	1	512	1	0.5316464378559833	1.872588539186767	0.14561909869959472	136.31034552635404	50	2593	1.520724121791712	1.50 1.25 1.10 1.04
e60bf480	ok	916109.4	916109.4	913899.8	0.24177705258278606	58.476	1.019349440435101	-0.24177705258278606	-0.24177705258278606	0.0	0	<ORIGINAL_WORKSPACE>/OpenROAD-flow-scripts/flow/reports/asap7/swerv_wrapper/place_batch_20260421_220319/dpl_evolve_baseline/openroad_dpl_hpwl_only_9case_bo_place_batch_20260421_220319_swerv_wrapper_asap7_trial_e60bf480_1b88c8763c3c/metrics.json	15	256 32	0	0.7203140764362463	1.3928784449974898	0.5588502102892261	139.20345494364204	339	2566	1.0690041824143215	1.75 1.35 1.15 1.05
e77c0629	ok	914154.8	914154.8	913899.8	0.02790240242967555	59.767	1.0418540598961057	-0.02790240242967555	-0.02790240242967555	0.0	0	<ORIGINAL_WORKSPACE>/OpenROAD-flow-scripts/flow/reports/asap7/swerv_wrapper/place_batch_20260421_220319/dpl_evolve_baseline/openroad_dpl_hpwl_only_9case_bo_place_batch_20260421_220319_swerv_wrapper_asap7_trial_e77c0629_95c26ae09ec0/metrics.json	9	512 64	1	0.6814445581897197	0.6691686223145923	0.09728809157646047	99.47782796682691	88	3149	1.25679111626602	1.25 1.10 1.04
e7ad24e2	ok	913800.0	913800.0	913899.8	-0.010920234362678114	71.965	1.254488721542377	-0.18401638301599638	0.010920234362678114	0.1949366173786745	0	<ORIGINAL_WORKSPACE>/OpenROAD-flow-scripts/flow/reports/asap7/swerv_wrapper/place_batch_20260421_220319/dpl_evolve_baseline/openroad_dpl_hpwl_only_9case_bo_place_batch_20260421_220319_swerv_wrapper_asap7_trial_e7ad24e2_24c8e70c8619/metrics.json	54	512	1	0.46670437309963964	1.0951052697222017	0.6581416375730337	135.38199105092292	477	3487	1.2211676056953644	1.50 1.25 1.10 1.04
e9f3d92a	ok	914372.5	914372.5	913899.8	0.051723394621593456	59.375	1.0350207439947008	-0.05172339462159346	-0.05172339462159346	0.0	0	<ORIGINAL_WORKSPACE>/OpenROAD-flow-scripts/flow/reports/asap7/swerv_wrapper/place_batch_20260421_220319/dpl_evolve_baseline/openroad_dpl_hpwl_only_9case_bo_place_batch_20260421_220319_swerv_wrapper_asap7_trial_e9f3d92a_7682eb270927/metrics.json	17	256	1	0.14681513211049146	1.520839437385699	0.0652461193852825	114.10333355788192	308	1244	1.438408247003515	1.04
ea5e6dcd	ok	913864.7	913864.7	913899.8	-0.0038406836285655305	60.376	1.0524701042429314	0.003840683628565531	0.003840683628565531	0.0	0	<ORIGINAL_WORKSPACE>/OpenROAD-flow-scripts/flow/reports/asap7/swerv_wrapper/place_batch_20260421_220319/dpl_evolve_baseline/openroad_dpl_hpwl_only_9case_bo_place_batch_20260421_220319_swerv_wrapper_asap7_trial_ea5e6dcd_0a7652f041d0/metrics.json	82	1024	1	0.35622998251838095	1.318864894981475	0.5141942182817247	91.38632074161472	118	372	1.512826724842625	1.04
eacb0563	ok	913769.4	913769.4	913899.8	-0.014268522654236634	62.533	1.090070773628979	0.014268522654236632	0.014268522654236632	0.0	0	<ORIGINAL_WORKSPACE>/OpenROAD-flow-scripts/flow/reports/asap7/swerv_wrapper/place_batch_20260421_220319/dpl_evolve_baseline/openroad_dpl_hpwl_only_9case_bo_place_batch_20260421_220319_swerv_wrapper_asap7_trial_eacb0563_960278725ed8/metrics.json	7	omit	1	0.7191180238500348	1.3257522975469669	1.117225370701625	124.60383071189787	221	2117	1.4887243294006738	1.10 1.04
eb17cb7e	ok	914688.0	914688.0	913899.8	0.08624577880419203	59.631	1.039483317644598	-0.08624577880419203	-0.08624577880419203	0.0	0	<ORIGINAL_WORKSPACE>/OpenROAD-flow-scripts/flow/reports/asap7/swerv_wrapper/place_batch_20260421_220319/dpl_evolve_baseline/openroad_dpl_hpwl_only_9case_bo_place_batch_20260421_220319_swerv_wrapper_asap7_trial_eb17cb7e_fbfc5c4c5c1c/metrics.json	72	128	1	0.16197299455158354	1.3458526229618495	0.20325008799718647	104.11194717138682	368	1162	1.415282140506741	1.04
ec98e4e2	ok	913868.2	913868.2	913899.8	-0.0034577094775699838	63.509	1.1070843356692117	-0.005770152326509824	0.003457709477569984	0.009227861804079808	0	<ORIGINAL_WORKSPACE>/OpenROAD-flow-scripts/flow/reports/asap7/swerv_wrapper/place_batch_20260421_220319/dpl_evolve_baseline/openroad_dpl_hpwl_only_9case_bo_place_batch_20260421_220319_swerv_wrapper_asap7_trial_ec98e4e2_5812faf7ecee/metrics.json	8	512	0	0.2404949675428415	1.3985970637692169	0.4309861420990265	149.03702195523982	704	3254	1.3243565164105502	1.50 1.25 1.10 1.04
edecee91	ok	914172.4	914172.4	913899.8	0.029828215303250607	61.323	1.0689781403618868	-0.029828215303250607	-0.029828215303250607	0.0	0	<ORIGINAL_WORKSPACE>/OpenROAD-flow-scripts/flow/reports/asap7/swerv_wrapper/place_batch_20260421_220319/dpl_evolve_baseline/openroad_dpl_hpwl_only_9case_bo_place_batch_20260421_220319_swerv_wrapper_asap7_trial_edecee91_35a13e6c0745/metrics.json	12	1024	1	0.8639990530956144	0.8511540414401642	1.7766106947386917	121.19126234330078	763	840	1.8868819572039999	omit
eee965f9	ok	913957.8	913957.8	913899.8	0.006346428787926203	59.64	1.039640204999477	-0.006346428787926204	-0.006346428787926204	0.0	0	<ORIGINAL_WORKSPACE>/OpenROAD-flow-scripts/flow/reports/asap7/swerv_wrapper/place_batch_20260421_220319/dpl_evolve_baseline/openroad_dpl_hpwl_only_9case_bo_place_batch_20260421_220319_swerv_wrapper_asap7_trial_eee965f9_6495108e625e/metrics.json	15	omit	1	0.6233601157918027	0.031642485693112565	1.8624026058003345	103.63453762753859	1197	772	1.1371357496288779	omit
ef1592ff	ok	913860.7	913860.7	913899.8	-0.004278368372560441	62.456	1.0887285151483457	0.004278368372560442	0.004278368372560442	0.0	0	<ORIGINAL_WORKSPACE>/OpenROAD-flow-scripts/flow/reports/asap7/swerv_wrapper/place_batch_20260421_220319/dpl_evolve_baseline/openroad_dpl_hpwl_only_9case_bo_place_batch_20260421_220319_swerv_wrapper_asap7_trial_ef1592ff_9d8b51965ad0/metrics.json	42	512	1	0.7478306792116916	1.3673398692834486	0.2506184588577805	119.67069634539985	834	3441	1.5569746841646472	1.50 1.25 1.10 1.04
ef7af682	ok	914156.1	914156.1	913899.8	0.02804464997146625	60.644	1.0571418610326675	-0.028044649971466253	-0.028044649971466253	0.0	0	<ORIGINAL_WORKSPACE>/OpenROAD-flow-scripts/flow/reports/asap7/swerv_wrapper/place_batch_20260421_220319/dpl_evolve_baseline/openroad_dpl_hpwl_only_9case_bo_place_batch_20260421_220319_swerv_wrapper_asap7_trial_ef7af682_31c547731f90/metrics.json	14	256	0	0.5906501536801549	0.8130838980857685	1.6701194280375953	96.96232396183498	75	1112	1.3735337016076565	omit
ef9e69d7	ok	919118.8	919118.8	913899.8	0.5710691697273595	60.843	1.0606108147683297	-0.5710691697273595	-0.5710691697273595	0.0	0	<ORIGINAL_WORKSPACE>/OpenROAD-flow-scripts/flow/reports/asap7/swerv_wrapper/place_batch_20260421_220319/dpl_evolve_baseline/openroad_dpl_hpwl_only_9case_bo_place_batch_20260421_220319_swerv_wrapper_asap7_trial_ef9e69d7_1a13c9e147b3/metrics.json	28	64 8	1	0.7142748291588896	1.6011370642678913	0.815346206348758	108.63419777021278	672	1335	1.687895808409926	2.50 1.75 1.25 1.08
efa38e7e	ok	913976.2	913976.2	913899.8	0.008359778610292601	60.187	1.0491754697904683	-0.008359778610292601	-0.008359778610292601	0.0	0	<ORIGINAL_WORKSPACE>/OpenROAD-flow-scripts/flow/reports/asap7/swerv_wrapper/place_batch_20260421_220319/dpl_evolve_baseline/openroad_dpl_hpwl_only_9case_bo_place_batch_20260421_220319_swerv_wrapper_asap7_trial_efa38e7e_322b8c419331/metrics.json	39	512	0	0.36654309724374434	1.7246925056760882	1.400721549139341	103.64132130992529	267	1823	1.5815774073442912	omit
f096fa69	ok	915585.1	915585.1	913899.8	0.18440752476364805	65.092	1.1346790781996303	-0.22930106913617296	-0.18440752476364805	0.04489354437252491	0	<ORIGINAL_WORKSPACE>/OpenROAD-flow-scripts/flow/reports/asap7/swerv_wrapper/place_batch_20260421_220319/dpl_evolve_baseline/openroad_dpl_hpwl_only_9case_bo_place_batch_20260421_220319_swerv_wrapper_asap7_trial_f096fa69_13453ab03ae0/metrics.json	19	64	1	0.8225204969440527	1.3805091085950112	0.16294840627063173	127.0571726232065	416	1914	1.3952352270968724	1.50 1.25 1.10 1.04
f0a17a34	ok	913806.0	913806.0	913899.8	-0.010263707246685749	58.917	1.0270369208241816	0.010263707246685749	0.010263707246685749	0.0	0	<ORIGINAL_WORKSPACE>/OpenROAD-flow-scripts/flow/reports/asap7/swerv_wrapper/place_batch_20260421_220319/dpl_evolve_baseline/openroad_dpl_hpwl_only_9case_bo_place_batch_20260421_220319_swerv_wrapper_asap7_trial_f0a17a34_95f1760ed7f3/metrics.json	54	1024	0	0.6287276006182134	0.5885590043222554	0.0682853799764572	141.08379387490646	53	3410	1.1281543926411934	1.25 1.10 1.04
f1656a02	ok	913696.4	913696.4	913899.8	-0.02225626923214375	61.568	1.0732489628002648	0.02225626923214375	0.02225626923214375	0.0	0	<ORIGINAL_WORKSPACE>/OpenROAD-flow-scripts/flow/reports/asap7/swerv_wrapper/place_batch_20260421_220319/dpl_evolve_baseline/openroad_dpl_hpwl_only_9case_bo_place_batch_20260421_220319_swerv_wrapper_asap7_trial_f1656a02_9891118290eb/metrics.json	5	omit	1	0.6540768077180018	1.1195312154352013	1.4134972983006406	99.09453499510535	180	1868	1.3822893322675809	omit
f253bd10	ok	914261.3	914261.3	913899.8	0.039555758738540045	56.9	0.9918767214029216	-0.039555758738540045	-0.039555758738540045	0.0	0	<ORIGINAL_WORKSPACE>/OpenROAD-flow-scripts/flow/reports/asap7/swerv_wrapper/place_batch_20260421_220319/dpl_evolve_baseline/openroad_dpl_hpwl_only_9case_bo_place_batch_20260421_220319_swerv_wrapper_asap7_trial_f253bd10_41ba010ab53d/metrics.json	122	512	1	0.4385881655423361	0.8889388796451461	0.18477220993471005	139.41146568356817	386	3576	1.1493781382120312	1.75 1.35 1.15 1.05
f26ae0e4	ok	917822.5	917822.5	913899.8	0.4292264863172039	53.341	0.9298364885123592	-0.42922648631720384	-0.42922648631720384	0.0	0	<ORIGINAL_WORKSPACE>/OpenROAD-flow-scripts/flow/reports/asap7/swerv_wrapper/place_batch_20260421_220319/dpl_evolve_baseline/openroad_dpl_hpwl_only_9case_bo_place_batch_20260421_220319_swerv_wrapper_asap7_trial_f26ae0e4_156646075cc7/metrics.json	10	32	1	0.5543849414321876	0.5229614768298507	1.8235348309324295	103.27147921032775	343	1476	1.4967826831497981	omit
f2b73817	ok	917706.6	917706.6	913899.8	0.4165445708599487	53.802	0.9378726074678381	-0.4165445708599488	-0.4165445708599488	0.0	0	<ORIGINAL_WORKSPACE>/OpenROAD-flow-scripts/flow/reports/asap7/swerv_wrapper/place_batch_20260421_220319/dpl_evolve_baseline/openroad_dpl_hpwl_only_9case_bo_place_batch_20260421_220319_swerv_wrapper_asap7_trial_f2b73817_e15e36964f30/metrics.json	44	128 16	0	0.5614635996295243	0.8077768291869175	0.4946639570858048	143.72634442523702	444	2354	1.112140482995106	1.04
f302237d	ok	914061.3	914061.3	913899.8	0.017671521538794515	66.306	1.155841439180002	-0.08962411404994423	-0.017671521538794515	0.07195259251114972	0	<ORIGINAL_WORKSPACE>/OpenROAD-flow-scripts/flow/reports/asap7/swerv_wrapper/place_batch_20260421_220319/dpl_evolve_baseline/openroad_dpl_hpwl_only_9case_bo_place_batch_20260421_220319_swerv_wrapper_asap7_trial_f302237d_11e41b0d6374/metrics.json	2	256	1	0.23156975168019764	0.9354564937060015	0.8558780780027617	114.79200690808939	603	2862	1.867672660654417	1.04
f3c67321	ok	913912.0	913912.0	913899.8	0.001334938469179382	61.25	1.0677056095945334	-0.001334938469179382	-0.001334938469179382	0.0	0	<ORIGINAL_WORKSPACE>/OpenROAD-flow-scripts/flow/reports/asap7/swerv_wrapper/place_batch_20260421_220319/dpl_evolve_baseline/openroad_dpl_hpwl_only_9case_bo_place_batch_20260421_220319_swerv_wrapper_asap7_trial_f3c67321_6ba019cb7c5e/metrics.json	21	omit	1	0.56083868468108	0.5638672891839555	0.6953615202262595	14.307870450891468	73	1648	1.0897968452118147	omit
f3d45c59	ok	914090.8	914090.8	913899.8	0.02089944652575698	60.982	1.0630338528047973	-0.02089944652575698	-0.02089944652575698	0.0	0	<ORIGINAL_WORKSPACE>/OpenROAD-flow-scripts/flow/reports/asap7/swerv_wrapper/place_batch_20260421_220319/dpl_evolve_baseline/openroad_dpl_hpwl_only_9case_bo_place_batch_20260421_220319_swerv_wrapper_asap7_trial_f3d45c59_7a73395af4e8/metrics.json	43	512	0	0.17517383164279388	1.8230868177706958	1.2573990473906516	118.84039684266249	113	3220	1.4027509006053172	1.50 1.25 1.10 1.04
f3d5a4a1	ok	913970.1	913970.1	913899.8	0.00769230937570291	62.079	1.0821566781717393	-0.00769230937570291	-0.00769230937570291	0.0	0	<ORIGINAL_WORKSPACE>/OpenROAD-flow-scripts/flow/reports/asap7/swerv_wrapper/place_batch_20260421_220319/dpl_evolve_baseline/openroad_dpl_hpwl_only_9case_bo_place_batch_20260421_220319_swerv_wrapper_asap7_trial_f3d5a4a1_08ef8cec32a6/metrics.json	1	512	0	0.5	0.6	0.8	45.0	200	1000	1.15	1.50 1.25 1.10 1.04
f3e62a39	ok	913907.6	913907.6	913899.8	0.0008534852507824327	59.286	1.0334693023742287	-0.0008534852507824327	-0.0008534852507824327	0.0	0	<ORIGINAL_WORKSPACE>/OpenROAD-flow-scripts/flow/reports/asap7/swerv_wrapper/place_batch_20260421_220319/dpl_evolve_baseline/openroad_dpl_hpwl_only_9case_bo_place_batch_20260421_220319_swerv_wrapper_asap7_trial_f3e62a39_5a79d50f3952/metrics.json	31	1024	0	0.5967735879693088	0.9132936552774189	0.43627868400329933	92.89355092317629	485	2933	1.2039024215112453	1.75 1.35 1.15 1.05
f3eeb177	ok	914215.2	914215.2	913899.8	0.03451144206398851	59.109	1.0303838510616046	-0.034511442063988505	-0.034511442063988505	0.0	0	<ORIGINAL_WORKSPACE>/OpenROAD-flow-scripts/flow/reports/asap7/swerv_wrapper/place_batch_20260421_220319/dpl_evolve_baseline/openroad_dpl_hpwl_only_9case_bo_place_batch_20260421_220319_swerv_wrapper_asap7_trial_f3eeb177_ab7d94997472/metrics.json	61	1024	1	0.25704304594183935	1.084075981311	0.12262874532173695	119.18741147079358	553	1385	1.1202003222655337	1.04
f4594748	ok	914083.2	914083.2	913899.8	0.02006784551215646	65.28	1.1379562807237737	-0.06916816571471537	-0.02006784551215646	0.04910032020255892	0	<ORIGINAL_WORKSPACE>/OpenROAD-flow-scripts/flow/reports/asap7/swerv_wrapper/place_batch_20260421_220319/dpl_evolve_baseline/openroad_dpl_hpwl_only_9case_bo_place_batch_20260421_220319_swerv_wrapper_asap7_trial_f4594748_a104305626f4/metrics.json	2	512 64	1	0.5435867599292852	0.6015974241271211	0.5702390063498639	97.55509998797636	804	2004	1.9326099851875447	1.25 1.10 1.04
f5781e8b	ok	913862.8	913862.8	913899.8	-0.004048583881952923	56.061	0.9772513335425165	0.004048583881952923	0.004048583881952923	0.0	0	<ORIGINAL_WORKSPACE>/OpenROAD-flow-scripts/flow/reports/asap7/swerv_wrapper/place_batch_20260421_220319/dpl_evolve_baseline/openroad_dpl_hpwl_only_9case_bo_place_batch_20260421_220319_swerv_wrapper_asap7_trial_f5781e8b_1f09b3d785b4/metrics.json	18	1024	1	0.6080273806487351	0.7204212580422755	1.786838162753091	96.48046645289956	166	2847	1.3177581238635998	2.50 1.75 1.25 1.08
f5f952cc	ok	914517.8	914517.8	913899.8	0.06762229294721368	61.344	1.069344210856605	-0.06762229294721368	-0.06762229294721368	0.0	0	<ORIGINAL_WORKSPACE>/OpenROAD-flow-scripts/flow/reports/asap7/swerv_wrapper/place_batch_20260421_220319/dpl_evolve_baseline/openroad_dpl_hpwl_only_9case_bo_place_batch_20260421_220319_swerv_wrapper_asap7_trial_f5f952cc_8775f9f0684e/metrics.json	13	512 64	1	0.5999214746377719	1.9562339540691782	0.4527458505763954	145.0487170730275	609	2593	1.241983027436448	1.75 1.35 1.15 1.05
f62125bd	ok	917894.9	917894.9	913899.8	0.4371485801835143	54.674	0.9530732489628002	-0.43714858018351427	-0.43714858018351427	0.0	0	<ORIGINAL_WORKSPACE>/OpenROAD-flow-scripts/flow/reports/asap7/swerv_wrapper/place_batch_20260421_220319/dpl_evolve_baseline/openroad_dpl_hpwl_only_9case_bo_place_batch_20260421_220319_swerv_wrapper_asap7_trial_f62125bd_4fcb28ffcb67/metrics.json	52	32	1	0.7213049224815224	1.4253527268058153	0.42352791677030455	145.28894976446543	238	2414	1.2282249840944706	1.04
f63b79bd	ok	916106.7	916106.7	913899.8	0.24148161538058185	58.217	1.014834571000244	-0.24148161538058185	-0.24148161538058185	0.0	0	<ORIGINAL_WORKSPACE>/OpenROAD-flow-scripts/flow/reports/asap7/swerv_wrapper/place_batch_20260421_220319/dpl_evolve_baseline/openroad_dpl_hpwl_only_9case_bo_place_batch_20260421_220319_swerv_wrapper_asap7_trial_f63b79bd_a61245c6c2d8/metrics.json	39	256 32	1	0.032378774090740345	0.6257460286845089	1.346354667207668	138.64743360027364	536	2339	1.0375662641952352	1.10 1.04
f6b0665b	ok	914005.5	914005.5	913899.8	0.011565819360060417	62.015	1.0810410347592652	-0.011565819360060417	-0.011565819360060417	0.0	0	<ORIGINAL_WORKSPACE>/OpenROAD-flow-scripts/flow/reports/asap7/swerv_wrapper/place_batch_20260421_220319/dpl_evolve_baseline/openroad_dpl_hpwl_only_9case_bo_place_batch_20260421_220319_swerv_wrapper_asap7_trial_f6b0665b_24fcbcc897e2/metrics.json	51	omit	0	0.9401074823333672	1.16402835989416	1.763722369603096	126.71016680883328	1092	1893	1.5463468160203733	1.04
f7a4267a	ok	917886.0	917886.0	913899.8	0.43617473162812304	60.946	1.0624063033852804	-0.43617473162812304	-0.43617473162812304	0.0	0	<ORIGINAL_WORKSPACE>/OpenROAD-flow-scripts/flow/reports/asap7/swerv_wrapper/place_batch_20260421_220319/dpl_evolve_baseline/openroad_dpl_hpwl_only_9case_bo_place_batch_20260421_220319_swerv_wrapper_asap7_trial_f7a4267a_5f61f4f51cb5/metrics.json	4	32	1	0.38076036353471554	1.9111105241174597	0.4178160768929586	149.86990634281847	351	2883	1.3070741624425082	2.50 1.75 1.25 1.08
f8b28229	ok	913802.4	913802.4	913899.8	-0.01065762351627862	61.12	1.065439458912945	0.01065762351627862	0.01065762351627862	0.0	0	<ORIGINAL_WORKSPACE>/OpenROAD-flow-scripts/flow/reports/asap7/swerv_wrapper/place_batch_20260421_220319/dpl_evolve_baseline/openroad_dpl_hpwl_only_9case_bo_place_batch_20260421_220319_swerv_wrapper_asap7_trial_f8b28229_f13e16e5befb/metrics.json	20	512	1	0.22792814834961192	1.6315558681527516	0.5165039830732007	129.1552204080044	400	3576	1.3496008241681254	1.50 1.25 1.10 1.04
fa14c246	ok	914462.0	914462.0	913899.8	0.06151659076847959	59.332	1.0342711710769446	-0.06151659076847959	-0.06151659076847959	0.0	0	<ORIGINAL_WORKSPACE>/OpenROAD-flow-scripts/flow/reports/asap7/swerv_wrapper/place_batch_20260421_220319/dpl_evolve_baseline/openroad_dpl_hpwl_only_9case_bo_place_batch_20260421_220319_swerv_wrapper_asap7_trial_fa14c246_4483962acfee/metrics.json	75	512 64	1	0.018071622163485117	0.912272684745768	1.2679178445108459	71.4980520377423	573	3277	1.1047748671344422	1.75 1.35 1.15 1.05
fa88d725	ok	914315.2	914315.2	913899.8	0.04545356066386127	59.093	1.0301049402084859	-0.045453560663861275	-0.045453560663861275	0.0	0	<ORIGINAL_WORKSPACE>/OpenROAD-flow-scripts/flow/reports/asap7/swerv_wrapper/place_batch_20260421_220319/dpl_evolve_baseline/openroad_dpl_hpwl_only_9case_bo_place_batch_20260421_220319_swerv_wrapper_asap7_trial_fa88d725_9033d11ffc2c/metrics.json	8	512 64	1	0.7497662162284415	1.0868604962102746	1.0845974733612156	114.76015261956788	226	2724	1.3285045136286682	omit
faf66826	ok	913696.4	913696.4	913899.8	-0.02225626923214375	62.233	1.0848411951330055	0.02225626923214375	0.02225626923214375	0.0	0	<ORIGINAL_WORKSPACE>/OpenROAD-flow-scripts/flow/reports/asap7/swerv_wrapper/place_batch_20260421_220319/dpl_evolve_baseline/openroad_dpl_hpwl_only_9case_bo_place_batch_20260421_220319_swerv_wrapper_asap7_trial_faf66826_b2d54eebf89f/metrics.json	5	omit	1	0.9419669090294246	0.834017350972585	0.3812197218612748	114.95435426829187	366	2636	1.105347028127123	1.25 1.10 1.04
fc63a8e0	ok	914000.1	914000.1	913899.8	0.01097494495566474	58.081	1.0124638287487362	-0.01097494495566474	-0.01097494495566474	0.0	0	<ORIGINAL_WORKSPACE>/OpenROAD-flow-scripts/flow/reports/asap7/swerv_wrapper/place_batch_20260421_220319/dpl_evolve_baseline/openroad_dpl_hpwl_only_9case_bo_place_batch_20260421_220319_swerv_wrapper_asap7_trial_fc63a8e0_1695b5a627cf/metrics.json	6	1024	1	0.620704874012949	0.44249570115827097	0.07510630121662214	135.67976696985608	102	3511	1.1970054073264689	1.04
fd3cb20f	ok	913807.1	913807.1	913899.8	-0.010143343942089695	56.489	0.9847121988634382	0.010143343942089695	0.010143343942089695	0.0	0	<ORIGINAL_WORKSPACE>/OpenROAD-flow-scripts/flow/reports/asap7/swerv_wrapper/place_batch_20260421_220319/dpl_evolve_baseline/openroad_dpl_hpwl_only_9case_bo_place_batch_20260421_220319_swerv_wrapper_asap7_trial_fd3cb20f_733b9b5bcdd6/metrics.json	8	1024	1	0.3353784633078495	1.7936864927152283	0.4201326167476568	142.04074903980853	347	2987	1.279663757718002	1.50 1.25 1.10 1.04
fd7484a7	ok	913860.7	913860.7	913899.8	-0.004278368372560441	54.004	0.94139385698846	0.004278368372560442	0.004278368372560442	0.0	0	<ORIGINAL_WORKSPACE>/OpenROAD-flow-scripts/flow/reports/asap7/swerv_wrapper/place_batch_20260421_220319/dpl_evolve_baseline/openroad_dpl_hpwl_only_9case_bo_place_batch_20260421_220319_swerv_wrapper_asap7_trial_fd7484a7_f51d48aa28bc/metrics.json	118	1024	1	0.6714647943019032	0.1602738615781612	0.4457503117242523	56.008741868075674	601	3607	1.0112142598291067	1.25 1.10 1.04
fe4fc224	ok	913983.6	913983.6	913899.8	0.009169495386685734	67.058	1.168950249276575	-0.09775942560548015	-0.009169495386685734	0.08858993021879441	0	<ORIGINAL_WORKSPACE>/OpenROAD-flow-scripts/flow/reports/asap7/swerv_wrapper/place_batch_20260421_220319/dpl_evolve_baseline/openroad_dpl_hpwl_only_9case_bo_place_batch_20260421_220319_swerv_wrapper_asap7_trial_fe4fc224_a112be618c57/metrics.json	23	512	1	0.5236668504235912	0.5049352055811901	0.05971369011694941	56.0456632635688	564	2928	1.9554617148117563	1.75 1.35 1.15 1.05
fe71ea43	ok	913945.3	913945.3	913899.8	0.0049786639629421075	59.972	1.0454276052016875	-0.0049786639629421075	-0.0049786639629421075	0.0	0	<ORIGINAL_WORKSPACE>/OpenROAD-flow-scripts/flow/reports/asap7/swerv_wrapper/place_batch_20260421_220319/dpl_evolve_baseline/openroad_dpl_hpwl_only_9case_bo_place_batch_20260421_220319_swerv_wrapper_asap7_trial_fe71ea43_5240d33bc353/metrics.json	123	1024	1	0.737300626893967	0.42688509952805653	0.658917902953448	117.91943154753338	291	2468	1.7034640964628176	omit
ffed9eb0	ok	913955.6	913955.6	913899.8	0.00610570217872136	60.605	1.0564620158281908	-0.00610570217872136	-0.00610570217872136	0.0	0	<ORIGINAL_WORKSPACE>/OpenROAD-flow-scripts/flow/reports/asap7/swerv_wrapper/place_batch_20260421_220319/dpl_evolve_baseline/openroad_dpl_hpwl_only_9case_bo_place_batch_20260421_220319_swerv_wrapper_asap7_trial_ffed9eb0_b8ae3d73d254/metrics.json	26	1024	1	0.553001203849574	1.9766853722459103	0.16524132206280012	142.43811777844206	54	1253	1.1693450600205495	1.04
