case	case_label	method	point_id	iteration	student	hpwl_final_micron	runtime_seconds	runtime_ratio	delta_hpwl_percent	pareto	source_path
aes_nangate45	AES N45	OpenROAD BO	003391d2			177878.6	5.805	0.962686567164179	0.5844097461563821	False	../../local_backups/dpl_evolve_state_20260516_231324/bo_runs/openroad_dpl_hpwl_only_9case_bo_place_batch_20260421_220319_aes_nangate45/trials.tsv
aes_nangate45	AES N45	OpenROAD BO	0081f93c			177917.8	6.067	1.0061359867330018	0.6065760374474511	False	../../local_backups/dpl_evolve_state_20260516_231324/bo_runs/openroad_dpl_hpwl_only_9case_bo_place_batch_20260421_220319_aes_nangate45/trials.tsv
aes_nangate45	AES N45	OpenROAD BO	028be1a8			176239.1	7.317	1.2134328358208955	-0.3426727684284156	False	../../local_backups/dpl_evolve_state_20260516_231324/bo_runs/openroad_dpl_hpwl_only_9case_bo_place_batch_20260421_220319_aes_nangate45/trials.tsv
aes_nangate45	AES N45	OpenROAD BO	02d155b9			178592.4	5.89	0.9767827529021558	0.9880398156352583	False	../../local_backups/dpl_evolve_state_20260516_231324/bo_runs/openroad_dpl_hpwl_only_9case_bo_place_batch_20260421_220319_aes_nangate45/trials.tsv
aes_nangate45	AES N45	OpenROAD BO	03a0e5cf			176601.8	7.153	1.1862354892205638	-0.13757802732448762	False	../../local_backups/dpl_evolve_state_20260516_231324/bo_runs/openroad_dpl_hpwl_only_9case_bo_place_batch_20260421_220319_aes_nangate45/trials.tsv
aes_nangate45	AES N45	OpenROAD BO	04133774			175948.4	6.898	1.1439469320066333	-0.5070539132834394	False	../../local_backups/dpl_evolve_state_20260516_231324/bo_runs/openroad_dpl_hpwl_only_9case_bo_place_batch_20260421_220319_aes_nangate45/trials.tsv
aes_nangate45	AES N45	OpenROAD BO	0569ab88			176340.7	7.163	1.187893864013267	-0.2852213603882687	False	../../local_backups/dpl_evolve_state_20260516_231324/bo_runs/openroad_dpl_hpwl_only_9case_bo_place_batch_20260421_220319_aes_nangate45/trials.tsv
aes_nangate45	AES N45	OpenROAD BO	0575201e			176020.6	7.057	1.1703150912106137	-0.4662272237115984	False	../../local_backups/dpl_evolve_state_20260516_231324/bo_runs/openroad_dpl_hpwl_only_9case_bo_place_batch_20260421_220319_aes_nangate45/trials.tsv
aes_nangate45	AES N45	OpenROAD BO	06dd51c8			176020.6	7.068	1.1721393034825869	-0.4662272237115984	False	../../local_backups/dpl_evolve_state_20260516_231324/bo_runs/openroad_dpl_hpwl_only_9case_bo_place_batch_20260421_220319_aes_nangate45/trials.tsv
aes_nangate45	AES N45	OpenROAD BO	06fb70ad			176619.7	7.225	1.1981757877280264	-0.12745617492370112	False	../../local_backups/dpl_evolve_state_20260516_231324/bo_runs/openroad_dpl_hpwl_only_9case_bo_place_batch_20260421_220319_aes_nangate45/trials.tsv
aes_nangate45	AES N45	OpenROAD BO	08167f81			176296.0	7.419	1.2303482587064676	-0.3104977180594802	False	../../local_backups/dpl_evolve_state_20260516_231324/bo_runs/openroad_dpl_hpwl_only_9case_bo_place_batch_20260421_220319_aes_nangate45/trials.tsv
aes_nangate45	AES N45	OpenROAD BO	086bcf00			176330.0	7.014	1.16318407960199	-0.29127185316415655	False	../../local_backups/dpl_evolve_state_20260516_231324/bo_runs/openroad_dpl_hpwl_only_9case_bo_place_batch_20260421_220319_aes_nangate45/trials.tsv
aes_nangate45	AES N45	OpenROAD BO	08ec288f			177642.7	5.792	0.9605306799336649	0.4510161717797133	False	../../local_backups/dpl_evolve_state_20260516_231324/bo_runs/openroad_dpl_hpwl_only_9case_bo_place_batch_20260421_220319_aes_nangate45/trials.tsv
aes_nangate45	AES N45	OpenROAD BO	09d206dd			176095.7	7.177	1.1902155887230512	-0.4237606809575126	False	../../local_backups/dpl_evolve_state_20260516_231324/bo_runs/openroad_dpl_hpwl_only_9case_bo_place_batch_20260421_220319_aes_nangate45/trials.tsv
aes_nangate45	AES N45	OpenROAD BO	0ad80a00			178625.7	5.623	0.9325041459369817	1.006869853900394	False	../../local_backups/dpl_evolve_state_20260516_231324/bo_runs/openroad_dpl_hpwl_only_9case_bo_place_batch_20260421_220319_aes_nangate45/trials.tsv
aes_nangate45	AES N45	OpenROAD BO	0b74b947			177620.3	5.663	0.9391376451077944	0.43834971961336927	True	../../local_backups/dpl_evolve_state_20260516_231324/bo_runs/openroad_dpl_hpwl_only_9case_bo_place_batch_20260421_220319_aes_nangate45/trials.tsv
aes_nangate45	AES N45	OpenROAD BO	0ba5d7bb			175950.5	7.28	1.207296849087894	-0.5058664333928425	False	../../local_backups/dpl_evolve_state_20260516_231324/bo_runs/openroad_dpl_hpwl_only_9case_bo_place_batch_20260421_220319_aes_nangate45/trials.tsv
aes_nangate45	AES N45	OpenROAD BO	0c0818ab			175967.5	7.392	1.225870646766169	-0.4962535009451807	False	../../local_backups/dpl_evolve_state_20260516_231324/bo_runs/openroad_dpl_hpwl_only_9case_bo_place_batch_20260421_220319_aes_nangate45/trials.tsv
aes_nangate45	AES N45	OpenROAD BO	0c0dfc0e			176334.6	7.009	1.1623548922056386	-0.28867070673713885	False	../../local_backups/dpl_evolve_state_20260516_231324/bo_runs/openroad_dpl_hpwl_only_9case_bo_place_batch_20260421_220319_aes_nangate45/trials.tsv
aes_nangate45	AES N45	OpenROAD BO	0c41e0e2			175872.2	6.894	1.1432835820895522	-0.5501424693135372	False	../../local_backups/dpl_evolve_state_20260516_231324/bo_runs/openroad_dpl_hpwl_only_9case_bo_place_batch_20260421_220319_aes_nangate45/trials.tsv
aes_nangate45	AES N45	OpenROAD BO	0c687ebc			178750.9	5.998	0.9946932006633499	1.0776662740443406	False	../../local_backups/dpl_evolve_state_20260516_231324/bo_runs/openroad_dpl_hpwl_only_9case_bo_place_batch_20260421_220319_aes_nangate45/trials.tsv
aes_nangate45	AES N45	OpenROAD BO	0dc48e19			178459.5	5.81	0.9635157545605306	0.9128893025591289	False	../../local_backups/dpl_evolve_state_20260516_231324/bo_runs/openroad_dpl_hpwl_only_9case_bo_place_batch_20260421_220319_aes_nangate45/trials.tsv
aes_nangate45	AES N45	OpenROAD BO	0e17c07b			178846.9	5.787	0.9597014925373134	1.1319510690429015	False	../../local_backups/dpl_evolve_state_20260516_231324/bo_runs/openroad_dpl_hpwl_only_9case_bo_place_batch_20260421_220319_aes_nangate45/trials.tsv
aes_nangate45	AES N45	OpenROAD BO	0e7a5b27			176927.5	6.961	1.1543946932006635	0.046594449040428136	False	../../local_backups/dpl_evolve_state_20260516_231324/bo_runs/openroad_dpl_hpwl_only_9case_bo_place_batch_20260421_220319_aes_nangate45/trials.tsv
aes_nangate45	AES N45	OpenROAD BO	115c07f3			176485.3	6.922	1.147927031509121	-0.20345488792169952	False	../../local_backups/dpl_evolve_state_20260516_231324/bo_runs/openroad_dpl_hpwl_only_9case_bo_place_batch_20260421_220319_aes_nangate45/trials.tsv
aes_nangate45	AES N45	OpenROAD BO	124558e0			176544.5	7.374	1.2228855721393033	-0.16997926433924707	False	../../local_backups/dpl_evolve_state_20260516_231324/bo_runs/openroad_dpl_hpwl_only_9case_bo_place_batch_20260421_220319_aes_nangate45/trials.tsv
aes_nangate45	AES N45	OpenROAD BO	12d11eae			175872.2	7.611	1.262189054726368	-0.5501424693135372	False	../../local_backups/dpl_evolve_state_20260516_231324/bo_runs/openroad_dpl_hpwl_only_9case_bo_place_batch_20260421_220319_aes_nangate45/trials.tsv
aes_nangate45	AES N45	OpenROAD BO	12ff5ea7			176576.4	7.131	1.182587064676617	-0.15194087933452022	False	../../local_backups/dpl_evolve_state_20260516_231324/bo_runs/openroad_dpl_hpwl_only_9case_bo_place_batch_20260421_220319_aes_nangate45/trials.tsv
aes_nangate45	AES N45	OpenROAD BO	13a22ef7			178601.6	5.811	0.963681592039801	0.9932421084892937	False	../../local_backups/dpl_evolve_state_20260516_231324/bo_runs/openroad_dpl_hpwl_only_9case_bo_place_batch_20260421_220319_aes_nangate45/trials.tsv
aes_nangate45	AES N45	OpenROAD BO	13f43a76			177976.1	6.079	1.0081260364842453	0.6395427410767954	False	../../local_backups/dpl_evolve_state_20260516_231324/bo_runs/openroad_dpl_hpwl_only_9case_bo_place_batch_20260421_220319_aes_nangate45/trials.tsv
aes_nangate45	AES N45	OpenROAD BO	14279da9			175601.5	7.032	1.1661691542288557	-0.7032142818771941	True	../../local_backups/dpl_evolve_state_20260516_231324/bo_runs/openroad_dpl_hpwl_only_9case_bo_place_batch_20260421_220319_aes_nangate45/trials.tsv
aes_nangate45	AES N45	OpenROAD BO	14561c19			176544.5	7.378	1.2235489220563847	-0.16997926433924707	False	../../local_backups/dpl_evolve_state_20260516_231324/bo_runs/openroad_dpl_hpwl_only_9case_bo_place_batch_20260421_220319_aes_nangate45/trials.tsv
aes_nangate45	AES N45	OpenROAD BO	157551c8			176051.0	7.254	1.2029850746268655	-0.44903703862872413	False	../../local_backups/dpl_evolve_state_20260516_231324/bo_runs/openroad_dpl_hpwl_only_9case_bo_place_batch_20260421_220319_aes_nangate45/trials.tsv
aes_nangate45	AES N45	OpenROAD BO	15d268ac			176939.3	6.954	1.153233830845771	0.053266955092328	False	../../local_backups/dpl_evolve_state_20260516_231324/bo_runs/openroad_dpl_hpwl_only_9case_bo_place_batch_20260421_220319_aes_nangate45/trials.tsv
aes_nangate45	AES N45	OpenROAD BO	166229d6			175806.8	7.293	1.209452736318408	-0.58712398590632	False	../../local_backups/dpl_evolve_state_20260516_231324/bo_runs/openroad_dpl_hpwl_only_9case_bo_place_batch_20260421_220319_aes_nangate45/trials.tsv
aes_nangate45	AES N45	OpenROAD BO	168a3ded			175875.1	7.164	1.1880597014925371	-0.5485026161312923	False	../../local_backups/dpl_evolve_state_20260516_231324/bo_runs/openroad_dpl_hpwl_only_9case_bo_place_batch_20260421_220319_aes_nangate45/trials.tsv
aes_nangate45	AES N45	OpenROAD BO	183f9397			175601.5	7.406	1.2281923714759535	-0.7032142818771941	False	../../local_backups/dpl_evolve_state_20260516_231324/bo_runs/openroad_dpl_hpwl_only_9case_bo_place_batch_20260421_220319_aes_nangate45/trials.tsv
aes_nangate45	AES N45	OpenROAD BO	19a213ee			178562.8	5.805	0.962686567164179	0.9713020038440321	False	../../local_backups/dpl_evolve_state_20260516_231324/bo_runs/openroad_dpl_hpwl_only_9case_bo_place_batch_20260421_220319_aes_nangate45/trials.tsv
aes_nangate45	AES N45	OpenROAD BO	1a8271bb			178750.9	6.1	1.011608623548922	1.0776662740443406	False	../../local_backups/dpl_evolve_state_20260516_231324/bo_runs/openroad_dpl_hpwl_only_9case_bo_place_batch_20260421_220319_aes_nangate45/trials.tsv
aes_nangate45	AES N45	OpenROAD BO	1a936aec			175821.1	7.021	1.164344941956882	-0.5790378133179828	False	../../local_backups/dpl_evolve_state_20260516_231324/bo_runs/openroad_dpl_hpwl_only_9case_bo_place_batch_20260421_220319_aes_nangate45/trials.tsv
aes_nangate45	AES N45	OpenROAD BO	1b83c421			177625.5	5.806	0.9628524046434493	0.44129014600913125	False	../../local_backups/dpl_evolve_state_20260516_231324/bo_runs/openroad_dpl_hpwl_only_9case_bo_place_batch_20260421_220319_aes_nangate45/trials.tsv
aes_nangate45	AES N45	OpenROAD BO	1cdca583			175804.4	7.827	1.298009950248756	-0.5884811057812807	False	../../local_backups/dpl_evolve_state_20260516_231324/bo_runs/openroad_dpl_hpwl_only_9case_bo_place_batch_20260421_220319_aes_nangate45/trials.tsv
aes_nangate45	AES N45	OpenROAD BO	1d76b71e			176845.1	6.925	1.1484245439469318	0.0	False	../../local_backups/dpl_evolve_state_20260516_231324/bo_runs/openroad_dpl_hpwl_only_9case_bo_place_batch_20260421_220319_aes_nangate45/trials.tsv
aes_nangate45	AES N45	OpenROAD BO	1dd734cb			176845.1	7.114	1.1797678275290215	0.0	False	../../local_backups/dpl_evolve_state_20260516_231324/bo_runs/openroad_dpl_hpwl_only_9case_bo_place_batch_20260421_220319_aes_nangate45/trials.tsv
aes_nangate45	AES N45	OpenROAD BO	1ebf3d9e			177904.1	5.898	0.9781094527363183	0.5988291448278747	False	../../local_backups/dpl_evolve_state_20260516_231324/bo_runs/openroad_dpl_hpwl_only_9case_bo_place_batch_20260421_220319_aes_nangate45/trials.tsv
aes_nangate45	AES N45	OpenROAD BO	1ece3c49			175875.1	7.283	1.2077943615257047	-0.5485026161312923	False	../../local_backups/dpl_evolve_state_20260516_231324/bo_runs/openroad_dpl_hpwl_only_9case_bo_place_batch_20260421_220319_aes_nangate45/trials.tsv
aes_nangate45	AES N45	OpenROAD BO	1f6b3332			178612.5	6.184	1.0255389718076284	0.9994056945880854	False	../../local_backups/dpl_evolve_state_20260516_231324/bo_runs/openroad_dpl_hpwl_only_9case_bo_place_batch_20260421_220319_aes_nangate45/trials.tsv
aes_nangate45	AES N45	OpenROAD BO	1fd8e0e3			178577.2	6.216	1.0308457711442787	0.9794447230938295	False	../../local_backups/dpl_evolve_state_20260516_231324/bo_runs/openroad_dpl_hpwl_only_9case_bo_place_batch_20260421_220319_aes_nangate45/trials.tsv
aes_nangate45	AES N45	OpenROAD BO	2088b7a3			177838.9	5.96	0.9883913764510779	0.5619607215580122	False	../../local_backups/dpl_evolve_state_20260516_231324/bo_runs/openroad_dpl_hpwl_only_9case_bo_place_batch_20260421_220319_aes_nangate45/trials.tsv
aes_nangate45	AES N45	OpenROAD BO	21b9af40			175913.0	7.274	1.2063018242122718	-0.5270714314391554	False	../../local_backups/dpl_evolve_state_20260516_231324/bo_runs/openroad_dpl_hpwl_only_9case_bo_place_batch_20260421_220319_aes_nangate45/trials.tsv
aes_nangate45	AES N45	OpenROAD BO	21d1007b			175822.5	7.193	1.1928689883913763	-0.5782461600575904	False	../../local_backups/dpl_evolve_state_20260516_231324/bo_runs/openroad_dpl_hpwl_only_9case_bo_place_batch_20260421_220319_aes_nangate45/trials.tsv
aes_nangate45	AES N45	OpenROAD BO	223ab091			176984.6	7.2	1.1940298507462686	0.07888259273228379	False	../../local_backups/dpl_evolve_state_20260516_231324/bo_runs/openroad_dpl_hpwl_only_9case_bo_place_batch_20260421_220319_aes_nangate45/trials.tsv
aes_nangate45	AES N45	OpenROAD BO	23f62a30			175921.1	7.325	1.214759535655058	-0.5224911518611485	False	../../local_backups/dpl_evolve_state_20260516_231324/bo_runs/openroad_dpl_hpwl_only_9case_bo_place_batch_20260421_220319_aes_nangate45/trials.tsv
aes_nangate45	AES N45	OpenROAD BO	2555ac0f			176366.0	7.287	1.208457711442786	-0.2709150550396962	False	../../local_backups/dpl_evolve_state_20260516_231324/bo_runs/openroad_dpl_hpwl_only_9case_bo_place_batch_20260421_220319_aes_nangate45/trials.tsv
aes_nangate45	AES N45	OpenROAD BO	26296c37			178649.9	5.929	0.9832504145936982	1.0205541459729381	False	../../local_backups/dpl_evolve_state_20260516_231324/bo_runs/openroad_dpl_hpwl_only_9case_bo_place_batch_20260421_220319_aes_nangate45/trials.tsv
aes_nangate45	AES N45	OpenROAD BO	26381a23			178532.8	5.925	0.9825870646766168	0.9543380054069819	False	../../local_backups/dpl_evolve_state_20260516_231324/bo_runs/openroad_dpl_hpwl_only_9case_bo_place_batch_20260421_220319_aes_nangate45/trials.tsv
aes_nangate45	AES N45	OpenROAD BO	2642e8be			176301.8	7.346	1.2182421227197346	-0.3072180116949904	False	../../local_backups/dpl_evolve_state_20260516_231324/bo_runs/openroad_dpl_hpwl_only_9case_bo_place_batch_20260421_220319_aes_nangate45/trials.tsv
aes_nangate45	AES N45	OpenROAD BO	26c25b4c			177794.2	5.836	0.9678275290215589	0.5366843638868172	False	../../local_backups/dpl_evolve_state_20260516_231324/bo_runs/openroad_dpl_hpwl_only_9case_bo_place_batch_20260421_220319_aes_nangate45/trials.tsv
aes_nangate45	AES N45	OpenROAD BO	26ce203a			176421.8	7.149	1.1855721393034826	-0.23936201794678927	False	../../local_backups/dpl_evolve_state_20260516_231324/bo_runs/openroad_dpl_hpwl_only_9case_bo_place_batch_20260421_220319_aes_nangate45/trials.tsv
aes_nangate45	AES N45	OpenROAD BO	2749d688			177986.6	5.961	0.9885572139303482	0.645480140529763	False	../../local_backups/dpl_evolve_state_20260516_231324/bo_runs/openroad_dpl_hpwl_only_9case_bo_place_batch_20260421_220319_aes_nangate45/trials.tsv
aes_nangate45	AES N45	OpenROAD BO	27bfbde6			177669.7	5.712	0.9472636815920398	0.46628377037305857	False	../../local_backups/dpl_evolve_state_20260516_231324/bo_runs/openroad_dpl_hpwl_only_9case_bo_place_batch_20260421_220319_aes_nangate45/trials.tsv
aes_nangate45	AES N45	OpenROAD BO	27e14eca			176845.1	7.407	1.2283582089552239	0.0	False	../../local_backups/dpl_evolve_state_20260516_231324/bo_runs/openroad_dpl_hpwl_only_9case_bo_place_batch_20260421_220319_aes_nangate45/trials.tsv
aes_nangate45	AES N45	OpenROAD BO	28e27f51			176758.1	7.044	1.1681592039800994	-0.049195595467445806	False	../../local_backups/dpl_evolve_state_20260516_231324/bo_runs/openroad_dpl_hpwl_only_9case_bo_place_batch_20260421_220319_aes_nangate45/trials.tsv
aes_nangate45	AES N45	OpenROAD BO	2af441b3			177862.1	5.855	0.9709784411276949	0.5750795470160044	False	../../local_backups/dpl_evolve_state_20260516_231324/bo_runs/openroad_dpl_hpwl_only_9case_bo_place_batch_20260421_220319_aes_nangate45/trials.tsv
aes_nangate45	AES N45	OpenROAD BO	2b0a8a87			177650.5	5.874	0.9741293532338308	0.4554268113733398	False	../../local_backups/dpl_evolve_state_20260516_231324/bo_runs/openroad_dpl_hpwl_only_9case_bo_place_batch_20260421_220319_aes_nangate45/trials.tsv
aes_nangate45	AES N45	OpenROAD BO	2b33aa33			176405.6	7.355	1.2197346600331676	-0.24852257710278655	False	../../local_backups/dpl_evolve_state_20260516_231324/bo_runs/openroad_dpl_hpwl_only_9case_bo_place_batch_20260421_220319_aes_nangate45/trials.tsv
aes_nangate45	AES N45	OpenROAD BO	2b6319b5			178766.3	5.927	0.9829187396351574	1.0863744599086897	False	../../local_backups/dpl_evolve_state_20260516_231324/bo_runs/openroad_dpl_hpwl_only_9case_bo_place_batch_20260421_220319_aes_nangate45/trials.tsv
aes_nangate45	AES N45	OpenROAD BO	2b934b2d			177407.2	5.81	0.9635157545605306	0.3178487840488686	False	../../local_backups/dpl_evolve_state_20260516_231324/bo_runs/openroad_dpl_hpwl_only_9case_bo_place_batch_20260421_220319_aes_nangate45/trials.tsv
aes_nangate45	AES N45	OpenROAD BO	2be2f8c4			175932.7	7.252	1.2026533996683249	-0.5159317391321525	False	../../local_backups/dpl_evolve_state_20260516_231324/bo_runs/openroad_dpl_hpwl_only_9case_bo_place_batch_20260421_220319_aes_nangate45/trials.tsv
aes_nangate45	AES N45	OpenROAD BO	2bf79f52			175973.3	7.795	1.292703150912106	-0.4929737945806909	False	../../local_backups/dpl_evolve_state_20260516_231324/bo_runs/openroad_dpl_hpwl_only_9case_bo_place_batch_20260421_220319_aes_nangate45/trials.tsv
aes_nangate45	AES N45	OpenROAD BO	2ca2bed6			176447.2	7.057	1.1703150912106137	-0.22499916593674021	False	../../local_backups/dpl_evolve_state_20260516_231324/bo_runs/openroad_dpl_hpwl_only_9case_bo_place_batch_20260421_220319_aes_nangate45/trials.tsv
aes_nangate45	AES N45	OpenROAD BO	2d26b372			177515.1	5.788	0.9598673300165838	0.3788626317607895	False	../../local_backups/dpl_evolve_state_20260516_231324/bo_runs/openroad_dpl_hpwl_only_9case_bo_place_batch_20260421_220319_aes_nangate45/trials.tsv
aes_nangate45	AES N45	OpenROAD BO	2e1b1cc8			174727.0	8.34	1.3830845771144278	-1.1977148363172097	True	../../local_backups/dpl_evolve_state_20260516_231324/bo_runs/openroad_dpl_hpwl_only_9case_bo_place_batch_20260421_220319_aes_nangate45/trials.tsv
aes_nangate45	AES N45	OpenROAD BO	2eaee14b			176386.5	7.043	1.167993366500829	-0.2593229894410452	False	../../local_backups/dpl_evolve_state_20260516_231324/bo_runs/openroad_dpl_hpwl_only_9case_bo_place_batch_20260421_220319_aes_nangate45/trials.tsv
aes_nangate45	AES N45	OpenROAD BO	2ecd64ee			177918.7	5.933	0.9839137645107794	0.6070849574005759	False	../../local_backups/dpl_evolve_state_20260516_231324/bo_runs/openroad_dpl_hpwl_only_9case_bo_place_batch_20260421_220319_aes_nangate45/trials.tsv
aes_nangate45	AES N45	OpenROAD BO	2f3716a3			177029.3	7.234	1.1996683250414593	0.10415895040347882	False	../../local_backups/dpl_evolve_state_20260516_231324/bo_runs/openroad_dpl_hpwl_only_9case_bo_place_batch_20260421_220319_aes_nangate45/trials.tsv
aes_nangate45	AES N45	OpenROAD BO	2fcdd1b8			175938.2	6.863	1.1381426202321725	-0.5128216727520266	False	../../local_backups/dpl_evolve_state_20260516_231324/bo_runs/openroad_dpl_hpwl_only_9case_bo_place_batch_20260421_220319_aes_nangate45/trials.tsv
aes_nangate45	AES N45	OpenROAD BO	3064bbfc			178497.3	5.965	0.9892205638474294	0.9342639405898057	False	../../local_backups/dpl_evolve_state_20260516_231324/bo_runs/openroad_dpl_hpwl_only_9case_bo_place_batch_20260421_220319_aes_nangate45/trials.tsv
aes_nangate45	AES N45	OpenROAD BO	307407da			177734.1	6.073	1.0071310116086236	0.5026998203512565	False	../../local_backups/dpl_evolve_state_20260516_231324/bo_runs/openroad_dpl_hpwl_only_9case_bo_place_batch_20260421_220319_aes_nangate45/trials.tsv
aes_nangate45	AES N45	OpenROAD BO	30dcdbec			176113.6	7.465	1.237976782752902	-0.41363882855674255	False	../../local_backups/dpl_evolve_state_20260516_231324/bo_runs/openroad_dpl_hpwl_only_9case_bo_place_batch_20260421_220319_aes_nangate45/trials.tsv
aes_nangate45	AES N45	OpenROAD BO	313754c3			176383.2	7.052	1.169485903814262	-0.26118902926911414	False	../../local_backups/dpl_evolve_state_20260516_231324/bo_runs/openroad_dpl_hpwl_only_9case_bo_place_batch_20260421_220319_aes_nangate45/trials.tsv
aes_nangate45	AES N45	OpenROAD BO	3167fa24			177100.5	7.271	1.205804311774461	0.14442017336075139	False	../../local_backups/dpl_evolve_state_20260516_231324/bo_runs/openroad_dpl_hpwl_only_9case_bo_place_batch_20260421_220319_aes_nangate45/trials.tsv
aes_nangate45	AES N45	OpenROAD BO	32413db7			177669.7	5.448	0.9034825870646767	0.46628377037305857	True	../../local_backups/dpl_evolve_state_20260516_231324/bo_runs/openroad_dpl_hpwl_only_9case_bo_place_batch_20260421_220319_aes_nangate45/trials.tsv
aes_nangate45	AES N45	OpenROAD BO	325ad36a			177798.2	6.094	1.0106135986733003	0.5389462303450906	False	../../local_backups/dpl_evolve_state_20260516_231324/bo_runs/openroad_dpl_hpwl_only_9case_bo_place_batch_20260421_220319_aes_nangate45/trials.tsv
aes_nangate45	AES N45	OpenROAD BO	326da9c8			176580.5	7.201	1.194195688225539	-0.14962246621478673	False	../../local_backups/dpl_evolve_state_20260516_231324/bo_runs/openroad_dpl_hpwl_only_9case_bo_place_batch_20260421_220319_aes_nangate45/trials.tsv
aes_nangate45	AES N45	OpenROAD BO	328b2555			177878.7	5.95	0.9867330016583747	0.5844662928178421	False	../../local_backups/dpl_evolve_state_20260516_231324/bo_runs/openroad_dpl_hpwl_only_9case_bo_place_batch_20260421_220319_aes_nangate45/trials.tsv
aes_nangate45	AES N45	OpenROAD BO	34aafab8			175959.4	7.024	1.1648424543946931	-0.5008337805231876	False	../../local_backups/dpl_evolve_state_20260516_231324/bo_runs/openroad_dpl_hpwl_only_9case_bo_place_batch_20260421_220319_aes_nangate45/trials.tsv
aes_nangate45	AES N45	OpenROAD BO	34c3bf63			176956.0	7.084	1.174792703150912	0.0627102475556259	False	../../local_backups/dpl_evolve_state_20260516_231324/bo_runs/openroad_dpl_hpwl_only_9case_bo_place_batch_20260421_220319_aes_nangate45/trials.tsv
aes_nangate45	AES N45	OpenROAD BO	3501464a			178449.9	5.625	0.9328358208955223	0.9074608230592696	False	../../local_backups/dpl_evolve_state_20260516_231324/bo_runs/openroad_dpl_hpwl_only_9case_bo_place_batch_20260421_220319_aes_nangate45/trials.tsv
aes_nangate45	AES N45	OpenROAD BO	351c2d73			176263.0	7.114	1.1797678275290215	-0.3291581163402355	False	../../local_backups/dpl_evolve_state_20260516_231324/bo_runs/openroad_dpl_hpwl_only_9case_bo_place_batch_20260421_220319_aes_nangate45/trials.tsv
aes_nangate45	AES N45	OpenROAD BO	35eb0c81			175932.7	7.004	1.1615257048092869	-0.5159317391321525	False	../../local_backups/dpl_evolve_state_20260516_231324/bo_runs/openroad_dpl_hpwl_only_9case_bo_place_batch_20260421_220319_aes_nangate45/trials.tsv
aes_nangate45	AES N45	OpenROAD BO	37564b8f			175743.6	7.305	1.2114427860696517	-0.6228614759470293	False	../../local_backups/dpl_evolve_state_20260516_231324/bo_runs/openroad_dpl_hpwl_only_9case_bo_place_batch_20260421_220319_aes_nangate45/trials.tsv
aes_nangate45	AES N45	OpenROAD BO	37c0e602			176041.6	7.206	1.1950248756218906	-0.45435242480566324	False	../../local_backups/dpl_evolve_state_20260516_231324/bo_runs/openroad_dpl_hpwl_only_9case_bo_place_batch_20260421_220319_aes_nangate45/trials.tsv
aes_nangate45	AES N45	OpenROAD BO	390e7374			178670.9	5.895	0.9776119402985074	1.0324289448788733	False	../../local_backups/dpl_evolve_state_20260516_231324/bo_runs/openroad_dpl_hpwl_only_9case_bo_place_batch_20260421_220319_aes_nangate45/trials.tsv
aes_nangate45	AES N45	OpenROAD BO	3a377213			178559.6	5.899	0.9782752902155887	0.9694925106774234	False	../../local_backups/dpl_evolve_state_20260516_231324/bo_runs/openroad_dpl_hpwl_only_9case_bo_place_batch_20260421_220319_aes_nangate45/trials.tsv
aes_nangate45	AES N45	OpenROAD BO	3a94419e			177809.4	5.538	0.918407960199005	0.5452794564282462	False	../../local_backups/dpl_evolve_state_20260516_231324/bo_runs/openroad_dpl_hpwl_only_9case_bo_place_batch_20260421_220319_aes_nangate45/trials.tsv
aes_nangate45	AES N45	OpenROAD BO	3ef41a98			178495.7	6.371	1.0565505804311774	0.9333591940065096	False	../../local_backups/dpl_evolve_state_20260516_231324/bo_runs/openroad_dpl_hpwl_only_9case_bo_place_batch_20260421_220319_aes_nangate45/trials.tsv
aes_nangate45	AES N45	OpenROAD BO	3f0c12f9			175986.3	7.054	1.1698175787728027	-0.48562272859130245	False	../../local_backups/dpl_evolve_state_20260516_231324/bo_runs/openroad_dpl_hpwl_only_9case_bo_place_batch_20260421_220319_aes_nangate45/trials.tsv
aes_nangate45	AES N45	OpenROAD BO	3f2900ce			176447.2	7.155	1.1865671641791045	-0.22499916593674021	False	../../local_backups/dpl_evolve_state_20260516_231324/bo_runs/openroad_dpl_hpwl_only_9case_bo_place_batch_20260421_220319_aes_nangate45/trials.tsv
aes_nangate45	AES N45	OpenROAD BO	4161b7c1			177025.2	6.888	1.1422885572139303	0.10184053728376179	False	../../local_backups/dpl_evolve_state_20260516_231324/bo_runs/openroad_dpl_hpwl_only_9case_bo_place_batch_20260421_220319_aes_nangate45/trials.tsv
aes_nangate45	AES N45	OpenROAD BO	43aa2798			176053.3	7.35	1.2189054726368158	-0.4477364654152235	False	../../local_backups/dpl_evolve_state_20260516_231324/bo_runs/openroad_dpl_hpwl_only_9case_bo_place_batch_20260421_220319_aes_nangate45/trials.tsv
aes_nangate45	AES N45	OpenROAD BO	43e13765			178565.9	5.932	0.9837479270315092	0.9730549503491973	False	../../local_backups/dpl_evolve_state_20260516_231324/bo_runs/openroad_dpl_hpwl_only_9case_bo_place_batch_20260421_220319_aes_nangate45/trials.tsv
aes_nangate45	AES N45	OpenROAD BO	468974a9			177948.8	5.928	0.9830845771144278	0.6241055024990698	False	../../local_backups/dpl_evolve_state_20260516_231324/bo_runs/openroad_dpl_hpwl_only_9case_bo_place_batch_20260421_220319_aes_nangate45/trials.tsv
aes_nangate45	AES N45	OpenROAD BO	48b007b9			176845.1	6.706	1.112106135986733	0.0	False	../../local_backups/dpl_evolve_state_20260516_231324/bo_runs/openroad_dpl_hpwl_only_9case_bo_place_batch_20260421_220319_aes_nangate45/trials.tsv
aes_nangate45	AES N45	OpenROAD BO	4940f4c9			176301.8	7.336	1.2165837479270316	-0.3072180116949904	False	../../local_backups/dpl_evolve_state_20260516_231324/bo_runs/openroad_dpl_hpwl_only_9case_bo_place_batch_20260421_220319_aes_nangate45/trials.tsv
aes_nangate45	AES N45	OpenROAD BO	49984f90			177951.6	5.736	0.9512437810945272	0.625688809019871	False	../../local_backups/dpl_evolve_state_20260516_231324/bo_runs/openroad_dpl_hpwl_only_9case_bo_place_batch_20260421_220319_aes_nangate45/trials.tsv
aes_nangate45	AES N45	OpenROAD BO	4c52afc9			176482.6	6.969	1.1557213930348258	-0.20498164778102418	False	../../local_backups/dpl_evolve_state_20260516_231324/bo_runs/openroad_dpl_hpwl_only_9case_bo_place_batch_20260421_220319_aes_nangate45/trials.tsv
aes_nangate45	AES N45	OpenROAD BO	4db7fb76			178010.8	5.935	0.98424543946932	0.6591644326023071	False	../../local_backups/dpl_evolve_state_20260516_231324/bo_runs/openroad_dpl_hpwl_only_9case_bo_place_batch_20260421_220319_aes_nangate45/trials.tsv
aes_nangate45	AES N45	OpenROAD BO	4dbb8162			175822.5	7.338	1.216915422885572	-0.5782461600575904	False	../../local_backups/dpl_evolve_state_20260516_231324/bo_runs/openroad_dpl_hpwl_only_9case_bo_place_batch_20260421_220319_aes_nangate45/trials.tsv
aes_nangate45	AES N45	OpenROAD BO	4ec4edd1			177980.0	5.946	0.9860696517412935	0.6417480608736087	False	../../local_backups/dpl_evolve_state_20260516_231324/bo_runs/openroad_dpl_hpwl_only_9case_bo_place_batch_20260421_220319_aes_nangate45/trials.tsv
aes_nangate45	AES N45	OpenROAD BO	4f0fdf41			178604.1	5.681	0.94212271973466	0.9946557750257146	False	../../local_backups/dpl_evolve_state_20260516_231324/bo_runs/openroad_dpl_hpwl_only_9case_bo_place_batch_20260421_220319_aes_nangate45/trials.tsv
aes_nangate45	AES N45	OpenROAD BO	4f3181b6			177862.7	5.707	0.9464344941956881	0.5754188269847487	False	../../local_backups/dpl_evolve_state_20260516_231324/bo_runs/openroad_dpl_hpwl_only_9case_bo_place_batch_20260421_220319_aes_nangate45/trials.tsv
aes_nangate45	AES N45	OpenROAD BO	506b1c43			177954.5	5.999	0.9948590381426201	0.6273286622021159	False	../../local_backups/dpl_evolve_state_20260516_231324/bo_runs/openroad_dpl_hpwl_only_9case_bo_place_batch_20260421_220319_aes_nangate45/trials.tsv
aes_nangate45	AES N45	OpenROAD BO	5150b8dc			176340.7	6.83	1.1326699834162521	-0.2852213603882687	False	../../local_backups/dpl_evolve_state_20260516_231324/bo_runs/openroad_dpl_hpwl_only_9case_bo_place_batch_20260421_220319_aes_nangate45/trials.tsv
aes_nangate45	AES N45	OpenROAD BO	523d10bb			175821.1	7.399	1.2270315091210613	-0.5790378133179828	False	../../local_backups/dpl_evolve_state_20260516_231324/bo_runs/openroad_dpl_hpwl_only_9case_bo_place_batch_20260421_220319_aes_nangate45/trials.tsv
aes_nangate45	AES N45	OpenROAD BO	533f9552			176847.0	7.005	1.1616915422885572	0.0010743865676765595	False	../../local_backups/dpl_evolve_state_20260516_231324/bo_runs/openroad_dpl_hpwl_only_9case_bo_place_batch_20260421_220319_aes_nangate45/trials.tsv
aes_nangate45	AES N45	OpenROAD BO	534420cb			177843.4	5.938	0.9847429519071309	0.5645053213235698	False	../../local_backups/dpl_evolve_state_20260516_231324/bo_runs/openroad_dpl_hpwl_only_9case_bo_place_batch_20260421_220319_aes_nangate45/trials.tsv
aes_nangate45	AES N45	OpenROAD BO	535d5f86			178604.2	5.74	0.9519071310116086	0.9947123216871747	False	../../local_backups/dpl_evolve_state_20260516_231324/bo_runs/openroad_dpl_hpwl_only_9case_bo_place_batch_20260421_220319_aes_nangate45/trials.tsv
aes_nangate45	AES N45	OpenROAD BO	54571a06			178494.6	5.808	0.9631840796019899	0.9327371807304811	False	../../local_backups/dpl_evolve_state_20260516_231324/bo_runs/openroad_dpl_hpwl_only_9case_bo_place_batch_20260421_220319_aes_nangate45/trials.tsv
aes_nangate45	AES N45	OpenROAD BO	56c8797e			177926.6	5.925	0.9825870646766168	0.6115521436556625	False	../../local_backups/dpl_evolve_state_20260516_231324/bo_runs/openroad_dpl_hpwl_only_9case_bo_place_batch_20260421_220319_aes_nangate45/trials.tsv
aes_nangate45	AES N45	OpenROAD BO	56f38b82			176519.7	7.271	1.205804311774461	-0.18400283638053538	False	../../local_backups/dpl_evolve_state_20260516_231324/bo_runs/openroad_dpl_hpwl_only_9case_bo_place_batch_20260421_220319_aes_nangate45/trials.tsv
aes_nangate45	AES N45	OpenROAD BO	577cb08d			177753.5	6.12	1.0149253731343284	0.5136698726738791	False	../../local_backups/dpl_evolve_state_20260516_231324/bo_runs/openroad_dpl_hpwl_only_9case_bo_place_batch_20260421_220319_aes_nangate45/trials.tsv
aes_nangate45	AES N45	OpenROAD BO	582df214			178474.7	6.061	1.0051409618573797	0.9214843951005743	False	../../local_backups/dpl_evolve_state_20260516_231324/bo_runs/openroad_dpl_hpwl_only_9case_bo_place_batch_20260421_220319_aes_nangate45/trials.tsv
aes_nangate45	AES N45	OpenROAD BO	585298ec			176053.3	7.189	1.1922056384742952	-0.4477364654152235	False	../../local_backups/dpl_evolve_state_20260516_231324/bo_runs/openroad_dpl_hpwl_only_9case_bo_place_batch_20260421_220319_aes_nangate45/trials.tsv
aes_nangate45	AES N45	OpenROAD BO	58a80447			175973.3	7.71	1.2786069651741292	-0.4929737945806909	False	../../local_backups/dpl_evolve_state_20260516_231324/bo_runs/openroad_dpl_hpwl_only_9case_bo_place_batch_20260421_220319_aes_nangate45/trials.tsv
aes_nangate45	AES N45	OpenROAD BO	5b3738a2			178577.9	5.85	0.9701492537313432	0.9798405497240174	False	../../local_backups/dpl_evolve_state_20260516_231324/bo_runs/openroad_dpl_hpwl_only_9case_bo_place_batch_20260421_220319_aes_nangate45/trials.tsv
aes_nangate45	AES N45	OpenROAD BO	5b666c6e			176865.2	6.882	1.1412935323383084	0.011365878952826976	False	../../local_backups/dpl_evolve_state_20260516_231324/bo_runs/openroad_dpl_hpwl_only_9case_bo_place_batch_20260421_220319_aes_nangate45/trials.tsv
aes_nangate45	AES N45	OpenROAD BO	5c11d77f			177844.6	5.44	0.9021558872305141	0.5651838812610583	False	../../local_backups/dpl_evolve_state_20260516_231324/bo_runs/openroad_dpl_hpwl_only_9case_bo_place_batch_20260421_220319_aes_nangate45/trials.tsv
aes_nangate45	AES N45	OpenROAD BO	5cea7eb1			177827.7	6.082	1.0086235489220563	0.5556274954748567	False	../../local_backups/dpl_evolve_state_20260516_231324/bo_runs/openroad_dpl_hpwl_only_9case_bo_place_batch_20260421_220319_aes_nangate45/trials.tsv
aes_nangate45	AES N45	OpenROAD BO	5db6380f			176870.6	7.082	1.1744610281923713	0.014419398671492735	False	../../local_backups/dpl_evolve_state_20260516_231324/bo_runs/openroad_dpl_hpwl_only_9case_bo_place_batch_20260421_220319_aes_nangate45/trials.tsv
aes_nangate45	AES N45	OpenROAD BO	5db97969			175821.1	7.296	1.2099502487562188	-0.5790378133179828	False	../../local_backups/dpl_evolve_state_20260516_231324/bo_runs/openroad_dpl_hpwl_only_9case_bo_place_batch_20260421_220319_aes_nangate45/trials.tsv
aes_nangate45	AES N45	OpenROAD BO	5e6e4ed5			176048.5	7.555	1.2529021558872304	-0.45045070516514496	False	../../local_backups/dpl_evolve_state_20260516_231324/bo_runs/openroad_dpl_hpwl_only_9case_bo_place_batch_20260421_220319_aes_nangate45/trials.tsv
aes_nangate45	AES N45	OpenROAD BO	5e8b12a0			175950.5	7.309	1.212106135986733	-0.5058664333928425	False	../../local_backups/dpl_evolve_state_20260516_231324/bo_runs/openroad_dpl_hpwl_only_9case_bo_place_batch_20260421_220319_aes_nangate45/trials.tsv
aes_nangate45	AES N45	OpenROAD BO	5f364b5d			176504.0	6.983	1.1580431177446102	-0.19288066222926495	False	../../local_backups/dpl_evolve_state_20260516_231324/bo_runs/openroad_dpl_hpwl_only_9case_bo_place_batch_20260421_220319_aes_nangate45/trials.tsv
aes_nangate45	AES N45	OpenROAD BO	5f6a7336			177904.1	6.081	1.0084577114427862	0.5988291448278747	False	../../local_backups/dpl_evolve_state_20260516_231324/bo_runs/openroad_dpl_hpwl_only_9case_bo_place_batch_20260421_220319_aes_nangate45/trials.tsv
aes_nangate45	AES N45	OpenROAD BO	61fee347			176559.6	7.055	1.1699834162520728	-0.1614407184592618	False	../../local_backups/dpl_evolve_state_20260516_231324/bo_runs/openroad_dpl_hpwl_only_9case_bo_place_batch_20260421_220319_aes_nangate45/trials.tsv
aes_nangate45	AES N45	OpenROAD BO	62035714			177621.0	5.85	0.9701492537313432	0.4387455462435737	False	../../local_backups/dpl_evolve_state_20260516_231324/bo_runs/openroad_dpl_hpwl_only_9case_bo_place_batch_20260421_220319_aes_nangate45/trials.tsv
aes_nangate45	AES N45	OpenROAD BO	63392637			175815.8	7.344	1.217910447761194	-0.5820347863752049	False	../../local_backups/dpl_evolve_state_20260516_231324/bo_runs/openroad_dpl_hpwl_only_9case_bo_place_batch_20260421_220319_aes_nangate45/trials.tsv
aes_nangate45	AES N45	OpenROAD BO	64792989			176790.2	7.1	1.1774461028192371	-0.031044117139798714	False	../../local_backups/dpl_evolve_state_20260516_231324/bo_runs/openroad_dpl_hpwl_only_9case_bo_place_batch_20260421_220319_aes_nangate45/trials.tsv
aes_nangate45	AES N45	OpenROAD BO	64f97356			177743.6	5.67	0.9402985074626865	0.5080717531896558	False	../../local_backups/dpl_evolve_state_20260516_231324/bo_runs/openroad_dpl_hpwl_only_9case_bo_place_batch_20260421_220319_aes_nangate45/trials.tsv
aes_nangate45	AES N45	OpenROAD BO	651ee534			177878.9	5.774	0.9575456053067993	0.584579386140746	False	../../local_backups/dpl_evolve_state_20260516_231324/bo_runs/openroad_dpl_hpwl_only_9case_bo_place_batch_20260421_220319_aes_nangate45/trials.tsv
aes_nangate45	AES N45	OpenROAD BO	653feb82			176225.1	7.107	1.1786069651741293	-0.3505893010323724	False	../../local_backups/dpl_evolve_state_20260516_231324/bo_runs/openroad_dpl_hpwl_only_9case_bo_place_batch_20260421_220319_aes_nangate45/trials.tsv
aes_nangate45	AES N45	OpenROAD BO	6580a349			176381.5	7.283	1.2077943615257047	-0.2621503225138869	False	../../local_backups/dpl_evolve_state_20260516_231324/bo_runs/openroad_dpl_hpwl_only_9case_bo_place_batch_20260421_220319_aes_nangate45/trials.tsv
aes_nangate45	AES N45	OpenROAD BO	66d5a11b			176939.3	7.359	1.2203980099502487	0.053266955092328	False	../../local_backups/dpl_evolve_state_20260516_231324/bo_runs/openroad_dpl_hpwl_only_9case_bo_place_batch_20260421_220319_aes_nangate45/trials.tsv
aes_nangate45	AES N45	OpenROAD BO	681c4f3c			176193.6	7.007	1.1620232172470977	-0.3684014993912752	False	../../local_backups/dpl_evolve_state_20260516_231324/bo_runs/openroad_dpl_hpwl_only_9case_bo_place_batch_20260421_220319_aes_nangate45/trials.tsv
aes_nangate45	AES N45	OpenROAD BO	6835a4e0			176501.3	7.09	1.1757877280265339	-0.19440742208860604	False	../../local_backups/dpl_evolve_state_20260516_231324/bo_runs/openroad_dpl_hpwl_only_9case_bo_place_batch_20260421_220319_aes_nangate45/trials.tsv
aes_nangate45	AES N45	OpenROAD BO	69f6b49c			176360.0	7.109	1.17893864013267	-0.2743078547271063	False	../../local_backups/dpl_evolve_state_20260516_231324/bo_runs/openroad_dpl_hpwl_only_9case_bo_place_batch_20260421_220319_aes_nangate45/trials.tsv
aes_nangate45	AES N45	OpenROAD BO	6a8c6b94			175808.1	7.175	1.1898839137645107	-0.5863888793073713	False	../../local_backups/dpl_evolve_state_20260516_231324/bo_runs/openroad_dpl_hpwl_only_9case_bo_place_batch_20260421_220319_aes_nangate45/trials.tsv
aes_nangate45	AES N45	OpenROAD BO	6ac2224d			176610.6	7.085	1.1749585406301823	-0.13260192111627633	False	../../local_backups/dpl_evolve_state_20260516_231324/bo_runs/openroad_dpl_hpwl_only_9case_bo_place_batch_20260421_220319_aes_nangate45/trials.tsv
aes_nangate45	AES N45	OpenROAD BO	6b039b75			176334.6	7.322	1.214262023217247	-0.28867070673713885	False	../../local_backups/dpl_evolve_state_20260516_231324/bo_runs/openroad_dpl_hpwl_only_9case_bo_place_batch_20260421_220319_aes_nangate45/trials.tsv
aes_nangate45	AES N45	OpenROAD BO	6b733939			176386.5	7.473	1.2393034825870646	-0.2593229894410452	False	../../local_backups/dpl_evolve_state_20260516_231324/bo_runs/openroad_dpl_hpwl_only_9case_bo_place_batch_20260421_220319_aes_nangate45/trials.tsv
aes_nangate45	AES N45	OpenROAD BO	6b9351bb			177109.0	6.861	1.1378109452736318	0.14922663958458232	False	../../local_backups/dpl_evolve_state_20260516_231324/bo_runs/openroad_dpl_hpwl_only_9case_bo_place_batch_20260421_220319_aes_nangate45/trials.tsv
aes_nangate45	AES N45	OpenROAD BO	6c556c7a			177847.1	5.784	0.9592039800995024	0.5665975477974793	False	../../local_backups/dpl_evolve_state_20260516_231324/bo_runs/openroad_dpl_hpwl_only_9case_bo_place_batch_20260421_220319_aes_nangate45/trials.tsv
aes_nangate45	AES N45	OpenROAD BO	6c7436b4			176927.5	7.167	1.1885572139303482	0.046594449040428136	False	../../local_backups/dpl_evolve_state_20260516_231324/bo_runs/openroad_dpl_hpwl_only_9case_bo_place_batch_20260421_220319_aes_nangate45/trials.tsv
aes_nangate45	AES N45	OpenROAD BO	6c9ff686			176257.5	7.295	1.2097844112769485	-0.3322681827203614	False	../../local_backups/dpl_evolve_state_20260516_231324/bo_runs/openroad_dpl_hpwl_only_9case_bo_place_batch_20260421_220319_aes_nangate45/trials.tsv
aes_nangate45	AES N45	OpenROAD BO	6cae72d4			177616.8	6.004	0.9956882255389717	0.4363705864623801	False	../../local_backups/dpl_evolve_state_20260516_231324/bo_runs/openroad_dpl_hpwl_only_9case_bo_place_batch_20260421_220319_aes_nangate45/trials.tsv
aes_nangate45	AES N45	OpenROAD BO	6e1997f5			175652.1	7.357	1.220066334991708	-0.6746016711800327	False	../../local_backups/dpl_evolve_state_20260516_231324/bo_runs/openroad_dpl_hpwl_only_9case_bo_place_batch_20260421_220319_aes_nangate45/trials.tsv
aes_nangate45	AES N45	OpenROAD BO	6f1b060b			175827.8	7.172	1.1893864013266997	-0.5752491870003847	False	../../local_backups/dpl_evolve_state_20260516_231324/bo_runs/openroad_dpl_hpwl_only_9case_bo_place_batch_20260421_220319_aes_nangate45/trials.tsv
aes_nangate45	AES N45	OpenROAD BO	6fe24851			176902.7	8.485	1.4071310116086233	0.032570876999139825	False	../../local_backups/dpl_evolve_state_20260516_231324/bo_runs/openroad_dpl_hpwl_only_9case_bo_place_batch_20260421_220319_aes_nangate45/trials.tsv
aes_nangate45	AES N45	OpenROAD BO	70c61e9a			176041.6	7.084	1.174792703150912	-0.45435242480566324	False	../../local_backups/dpl_evolve_state_20260516_231324/bo_runs/openroad_dpl_hpwl_only_9case_bo_place_batch_20260421_220319_aes_nangate45/trials.tsv
aes_nangate45	AES N45	OpenROAD BO	71a460e3			178558.5	5.814	0.9641791044776119	0.9688704974013949	False	../../local_backups/dpl_evolve_state_20260516_231324/bo_runs/openroad_dpl_hpwl_only_9case_bo_place_batch_20260421_220319_aes_nangate45/trials.tsv
aes_nangate45	AES N45	OpenROAD BO	71f6cbea			176559.6	7.353	1.2194029850746269	-0.1614407184592618	False	../../local_backups/dpl_evolve_state_20260516_231324/bo_runs/openroad_dpl_hpwl_only_9case_bo_place_batch_20260421_220319_aes_nangate45/trials.tsv
aes_nangate45	AES N45	OpenROAD BO	72a3d3bb			175821.1	7.043	1.167993366500829	-0.5790378133179828	False	../../local_backups/dpl_evolve_state_20260516_231324/bo_runs/openroad_dpl_hpwl_only_9case_bo_place_batch_20260421_220319_aes_nangate45/trials.tsv
aes_nangate45	AES N45	OpenROAD BO	7486d372			176601.8	7.194	1.1930348258706467	-0.13757802732448762	False	../../local_backups/dpl_evolve_state_20260516_231324/bo_runs/openroad_dpl_hpwl_only_9case_bo_place_batch_20260421_220319_aes_nangate45/trials.tsv
aes_nangate45	AES N45	OpenROAD BO	74a1ea26			175928.6	7.038	1.1671641791044776	-0.518250152251886	False	../../local_backups/dpl_evolve_state_20260516_231324/bo_runs/openroad_dpl_hpwl_only_9case_bo_place_batch_20260421_220319_aes_nangate45/trials.tsv
aes_nangate45	AES N45	OpenROAD BO	75d34093			175743.6	7.219	1.1971807628524047	-0.6228614759470293	False	../../local_backups/dpl_evolve_state_20260516_231324/bo_runs/openroad_dpl_hpwl_only_9case_bo_place_batch_20260421_220319_aes_nangate45/trials.tsv
aes_nangate45	AES N45	OpenROAD BO	761de603			176346.9	7.191	1.1925373134328356	-0.28171546737795483	False	../../local_backups/dpl_evolve_state_20260516_231324/bo_runs/openroad_dpl_hpwl_only_9case_bo_place_batch_20260421_220319_aes_nangate45/trials.tsv
aes_nangate45	AES N45	OpenROAD BO	76ccef5a			178573.9	5.796	0.9611940298507463	0.977578683265744	False	../../local_backups/dpl_evolve_state_20260516_231324/bo_runs/openroad_dpl_hpwl_only_9case_bo_place_batch_20260421_220319_aes_nangate45/trials.tsv
aes_nangate45	AES N45	OpenROAD BO	777f1985			176383.2	7.15	1.185737976782753	-0.26118902926911414	False	../../local_backups/dpl_evolve_state_20260516_231324/bo_runs/openroad_dpl_hpwl_only_9case_bo_place_batch_20260421_220319_aes_nangate45/trials.tsv
aes_nangate45	AES N45	OpenROAD BO	7821c9b3			177715.6	5.976	0.9910447761194029	0.4922386879817422	False	../../local_backups/dpl_evolve_state_20260516_231324/bo_runs/openroad_dpl_hpwl_only_9case_bo_place_batch_20260421_220319_aes_nangate45/trials.tsv
aes_nangate45	AES N45	OpenROAD BO	784b4231			177143.3	7.231	1.1991708126036484	0.16862214446426987	False	../../local_backups/dpl_evolve_state_20260516_231324/bo_runs/openroad_dpl_hpwl_only_9case_bo_place_batch_20260421_220319_aes_nangate45/trials.tsv
aes_nangate45	AES N45	OpenROAD BO	793db277			177720.8	5.414	0.8978441127694858	0.4951791143774877	True	../../local_backups/dpl_evolve_state_20260516_231324/bo_runs/openroad_dpl_hpwl_only_9case_bo_place_batch_20260421_220319_aes_nangate45/trials.tsv
aes_nangate45	AES N45	OpenROAD BO	7991d24d			176349.1	7.118	1.180431177446103	-0.2804714408258979	False	../../local_backups/dpl_evolve_state_20260516_231324/bo_runs/openroad_dpl_hpwl_only_9case_bo_place_batch_20260421_220319_aes_nangate45/trials.tsv
aes_nangate45	AES N45	OpenROAD BO	79efd88e			178601.6	5.934	0.9840796019900497	0.9932421084892937	False	../../local_backups/dpl_evolve_state_20260516_231324/bo_runs/openroad_dpl_hpwl_only_9case_bo_place_batch_20260421_220319_aes_nangate45/trials.tsv
aes_nangate45	AES N45	OpenROAD BO	7bb20bce			176366.0	7.002	1.1611940298507462	-0.2709150550396962	False	../../local_backups/dpl_evolve_state_20260516_231324/bo_runs/openroad_dpl_hpwl_only_9case_bo_place_batch_20260421_220319_aes_nangate45/trials.tsv
aes_nangate45	AES N45	OpenROAD BO	7bf1fa10			177743.6	5.926	0.9827529021558872	0.5080717531896558	False	../../local_backups/dpl_evolve_state_20260516_231324/bo_runs/openroad_dpl_hpwl_only_9case_bo_place_batch_20260421_220319_aes_nangate45/trials.tsv
aes_nangate45	AES N45	OpenROAD BO	7bf7f36b			178505.8	6.036	1.0009950248756219	0.9390704068136366	False	../../local_backups/dpl_evolve_state_20260516_231324/bo_runs/openroad_dpl_hpwl_only_9case_bo_place_batch_20260421_220319_aes_nangate45/trials.tsv
aes_nangate45	AES N45	OpenROAD BO	7c6cf6a4			178509.5	5.76	0.9552238805970148	0.941162633287546	False	../../local_backups/dpl_evolve_state_20260516_231324/bo_runs/openroad_dpl_hpwl_only_9case_bo_place_batch_20260421_220319_aes_nangate45/trials.tsv
aes_nangate45	AES N45	OpenROAD BO	7cd3d7dc			176576.4	7.162	1.1877280265339967	-0.15194087933452022	False	../../local_backups/dpl_evolve_state_20260516_231324/bo_runs/openroad_dpl_hpwl_only_9case_bo_place_batch_20260421_220319_aes_nangate45/trials.tsv
aes_nangate45	AES N45	OpenROAD BO	7d8ce7ae			178601.9	5.748	0.9532338308457712	0.9934117484736577	False	../../local_backups/dpl_evolve_state_20260516_231324/bo_runs/openroad_dpl_hpwl_only_9case_bo_place_batch_20260421_220319_aes_nangate45/trials.tsv
aes_nangate45	AES N45	OpenROAD BO	7dd50a7e			176386.5	7.018	1.1638474295190713	-0.2593229894410452	False	../../local_backups/dpl_evolve_state_20260516_231324/bo_runs/openroad_dpl_hpwl_only_9case_bo_place_batch_20260421_220319_aes_nangate45/trials.tsv
aes_nangate45	AES N45	OpenROAD BO	7e22369b			177995.7	6.123	1.0154228855721392	0.6506258867223382	False	../../local_backups/dpl_evolve_state_20260516_231324/bo_runs/openroad_dpl_hpwl_only_9case_bo_place_batch_20260421_220319_aes_nangate45/trials.tsv
aes_nangate45	AES N45	OpenROAD BO	7e8f42b6			176372.6	7.158	1.1870646766169155	-0.26718297538354185	False	../../local_backups/dpl_evolve_state_20260516_231324/bo_runs/openroad_dpl_hpwl_only_9case_bo_place_batch_20260421_220319_aes_nangate45/trials.tsv
aes_nangate45	AES N45	OpenROAD BO	7f18a2e0			178524.1	6.107	1.0127694859038143	0.9494184458602472	False	../../local_backups/dpl_evolve_state_20260516_231324/bo_runs/openroad_dpl_hpwl_only_9case_bo_place_batch_20260421_220319_aes_nangate45/trials.tsv
aes_nangate45	AES N45	OpenROAD BO	7f870a56			175959.4	7.232	1.1993366500829188	-0.5008337805231876	False	../../local_backups/dpl_evolve_state_20260516_231324/bo_runs/openroad_dpl_hpwl_only_9case_bo_place_batch_20260421_220319_aes_nangate45/trials.tsv
aes_nangate45	AES N45	OpenROAD BO	800a5dc3			175928.6	7.161	1.1875621890547263	-0.518250152251886	False	../../local_backups/dpl_evolve_state_20260516_231324/bo_runs/openroad_dpl_hpwl_only_9case_bo_place_batch_20260421_220319_aes_nangate45/trials.tsv
aes_nangate45	AES N45	OpenROAD BO	80922b9f			175652.1	7.139	1.1839137645107793	-0.6746016711800327	False	../../local_backups/dpl_evolve_state_20260516_231324/bo_runs/openroad_dpl_hpwl_only_9case_bo_place_batch_20260421_220319_aes_nangate45/trials.tsv
aes_nangate45	AES N45	OpenROAD BO	81aba792			176952.5	7.043	1.167993366500829	0.0607311144046367	False	../../local_backups/dpl_evolve_state_20260516_231324/bo_runs/openroad_dpl_hpwl_only_9case_bo_place_batch_20260421_220319_aes_nangate45/trials.tsv
aes_nangate45	AES N45	OpenROAD BO	824d038f			176576.4	7.132	1.1827529021558871	-0.15194087933452022	False	../../local_backups/dpl_evolve_state_20260516_231324/bo_runs/openroad_dpl_hpwl_only_9case_bo_place_batch_20260421_220319_aes_nangate45/trials.tsv
aes_nangate45	AES N45	OpenROAD BO	8359455b			177340.5	7.041	1.1676616915422886	0.2801321608571536	False	../../local_backups/dpl_evolve_state_20260516_231324/bo_runs/openroad_dpl_hpwl_only_9case_bo_place_batch_20260421_220319_aes_nangate45/trials.tsv
aes_nangate45	AES N45	OpenROAD BO	838ad5d6			178577.9	6.11	1.0132669983416251	0.9798405497240174	False	../../local_backups/dpl_evolve_state_20260516_231324/bo_runs/openroad_dpl_hpwl_only_9case_bo_place_batch_20260421_220319_aes_nangate45/trials.tsv
aes_nangate45	AES N45	OpenROAD BO	8479466a			176421.8	7.123	1.1812603648424544	-0.23936201794678927	False	../../local_backups/dpl_evolve_state_20260516_231324/bo_runs/openroad_dpl_hpwl_only_9case_bo_place_batch_20260421_220319_aes_nangate45/trials.tsv
aes_nangate45	AES N45	OpenROAD BO	84b0e30d			177515.1	6.028	0.9996683250414593	0.3788626317607895	False	../../local_backups/dpl_evolve_state_20260516_231324/bo_runs/openroad_dpl_hpwl_only_9case_bo_place_batch_20260421_220319_aes_nangate45/trials.tsv
aes_nangate45	AES N45	OpenROAD BO	84e83bc5			177407.2	5.681	0.94212271973466	0.3178487840488686	True	../../local_backups/dpl_evolve_state_20260516_231324/bo_runs/openroad_dpl_hpwl_only_9case_bo_place_batch_20260421_220319_aes_nangate45/trials.tsv
aes_nangate45	AES N45	OpenROAD BO	85088e79			175978.5	7.048	1.1688225538971808	-0.49003336818492893	False	../../local_backups/dpl_evolve_state_20260516_231324/bo_runs/openroad_dpl_hpwl_only_9case_bo_place_batch_20260421_220319_aes_nangate45/trials.tsv
aes_nangate45	AES N45	OpenROAD BO	85ebc88d			178410.0	6.133	1.0170812603648425	0.884898705137996	False	../../local_backups/dpl_evolve_state_20260516_231324/bo_runs/openroad_dpl_hpwl_only_9case_bo_place_batch_20260421_220319_aes_nangate45/trials.tsv
aes_nangate45	AES N45	OpenROAD BO	874e103c			176539.3	7.228	1.1986733001658374	-0.17291969073500904	False	../../local_backups/dpl_evolve_state_20260516_231324/bo_runs/openroad_dpl_hpwl_only_9case_bo_place_batch_20260421_220319_aes_nangate45/trials.tsv
aes_nangate45	AES N45	OpenROAD BO	87741369			175846.9	7.587	1.2582089552238804	-0.5644487746621262	False	../../local_backups/dpl_evolve_state_20260516_231324/bo_runs/openroad_dpl_hpwl_only_9case_bo_place_batch_20260421_220319_aes_nangate45/trials.tsv
aes_nangate45	AES N45	OpenROAD BO	87dcfdbe			177740.5	5.77	0.9568822553897179	0.5063188066844906	False	../../local_backups/dpl_evolve_state_20260516_231324/bo_runs/openroad_dpl_hpwl_only_9case_bo_place_batch_20260421_220319_aes_nangate45/trials.tsv
aes_nangate45	AES N45	OpenROAD BO	881c433e			178596.0	5.779	0.9583747927031508	0.9900754954477077	False	../../local_backups/dpl_evolve_state_20260516_231324/bo_runs/openroad_dpl_hpwl_only_9case_bo_place_batch_20260421_220319_aes_nangate45/trials.tsv
aes_nangate45	AES N45	OpenROAD BO	89672f52			177642.7	5.914	0.9807628524046433	0.4510161717797133	False	../../local_backups/dpl_evolve_state_20260516_231324/bo_runs/openroad_dpl_hpwl_only_9case_bo_place_batch_20260421_220319_aes_nangate45/trials.tsv
aes_nangate45	AES N45	OpenROAD BO	89e4a129			175973.3	7.29	1.208955223880597	-0.4929737945806909	False	../../local_backups/dpl_evolve_state_20260516_231324/bo_runs/openroad_dpl_hpwl_only_9case_bo_place_batch_20260421_220319_aes_nangate45/trials.tsv
aes_nangate45	AES N45	OpenROAD BO	89eb328d			176952.5	7.265	1.204809286898839	0.0607311144046367	False	../../local_backups/dpl_evolve_state_20260516_231324/bo_runs/openroad_dpl_hpwl_only_9case_bo_place_batch_20260421_220319_aes_nangate45/trials.tsv
aes_nangate45	AES N45	OpenROAD BO	8a9e7abe			175932.7	7.339	1.2170812603648424	-0.5159317391321525	False	../../local_backups/dpl_evolve_state_20260516_231324/bo_runs/openroad_dpl_hpwl_only_9case_bo_place_batch_20260421_220319_aes_nangate45/trials.tsv
aes_nangate45	AES N45	OpenROAD BO	8ac8832f			175986.3	6.86	1.1376451077943615	-0.48562272859130245	False	../../local_backups/dpl_evolve_state_20260516_231324/bo_runs/openroad_dpl_hpwl_only_9case_bo_place_batch_20260421_220319_aes_nangate45/trials.tsv
aes_nangate45	AES N45	OpenROAD BO	8cdbb7ee			176449.2	6.991	1.1593698175787728	-0.22386823270760353	False	../../local_backups/dpl_evolve_state_20260516_231324/bo_runs/openroad_dpl_hpwl_only_9case_bo_place_batch_20260421_220319_aes_nangate45/trials.tsv
aes_nangate45	AES N45	OpenROAD BO	8d03f2b6			176260.4	7.032	1.1661691542288557	-0.3306283295381165	False	../../local_backups/dpl_evolve_state_20260516_231324/bo_runs/openroad_dpl_hpwl_only_9case_bo_place_batch_20260421_220319_aes_nangate45/trials.tsv
aes_nangate45	AES N45	OpenROAD BO	90f7454f			178050.1	5.933	0.9839137645107794	0.6813872705548528	False	../../local_backups/dpl_evolve_state_20260516_231324/bo_runs/openroad_dpl_hpwl_only_9case_bo_place_batch_20260421_220319_aes_nangate45/trials.tsv
aes_nangate45	AES N45	OpenROAD BO	917d3aa1			177025.2	7.05	1.1691542288557213	0.10184053728376179	False	../../local_backups/dpl_evolve_state_20260516_231324/bo_runs/openroad_dpl_hpwl_only_9case_bo_place_batch_20260421_220319_aes_nangate45/trials.tsv
aes_nangate45	AES N45	OpenROAD BO	934bfb74			175921.1	7.19	1.1923714759535655	-0.5224911518611485	False	../../local_backups/dpl_evolve_state_20260516_231324/bo_runs/openroad_dpl_hpwl_only_9case_bo_place_batch_20260421_220319_aes_nangate45/trials.tsv
aes_nangate45	AES N45	OpenROAD BO	9362cf74			176845.1	7.098	1.1771144278606964	0.0	False	../../local_backups/dpl_evolve_state_20260516_231324/bo_runs/openroad_dpl_hpwl_only_9case_bo_place_batch_20260421_220319_aes_nangate45/trials.tsv
aes_nangate45	AES N45	OpenROAD BO	93696f4e			176346.9	7.146	1.1850746268656716	-0.28171546737795483	False	../../local_backups/dpl_evolve_state_20260516_231324/bo_runs/openroad_dpl_hpwl_only_9case_bo_place_batch_20260421_220319_aes_nangate45/trials.tsv
aes_nangate45	AES N45	OpenROAD BO	9409619e			175950.5	7.373	1.2227197346600331	-0.5058664333928425	False	../../local_backups/dpl_evolve_state_20260516_231324/bo_runs/openroad_dpl_hpwl_only_9case_bo_place_batch_20260421_220319_aes_nangate45/trials.tsv
aes_nangate45	AES N45	OpenROAD BO	958a8642			176934.9	7.12	1.1807628524046434	0.05077890198823058	False	../../local_backups/dpl_evolve_state_20260516_231324/bo_runs/openroad_dpl_hpwl_only_9case_bo_place_batch_20260421_220319_aes_nangate45/trials.tsv
aes_nangate45	AES N45	OpenROAD BO	9645cb73			175959.4	7.01	1.1625207296849087	-0.5008337805231876	False	../../local_backups/dpl_evolve_state_20260516_231324/bo_runs/openroad_dpl_hpwl_only_9case_bo_place_batch_20260421_220319_aes_nangate45/trials.tsv
aes_nangate45	AES N45	OpenROAD BO	9667bcba			176022.4	7.26	1.2039800995024874	-0.465209383805382	False	../../local_backups/dpl_evolve_state_20260516_231324/bo_runs/openroad_dpl_hpwl_only_9case_bo_place_batch_20260421_220319_aes_nangate45/trials.tsv
aes_nangate45	AES N45	OpenROAD BO	970448ef			177515.1	5.972	0.9903814262023217	0.3788626317607895	False	../../local_backups/dpl_evolve_state_20260516_231324/bo_runs/openroad_dpl_hpwl_only_9case_bo_place_batch_20260421_220319_aes_nangate45/trials.tsv
aes_nangate45	AES N45	OpenROAD BO	971a444c			176918.7	7.408	1.2285240464344942	0.041618342832233306	False	../../local_backups/dpl_evolve_state_20260516_231324/bo_runs/openroad_dpl_hpwl_only_9case_bo_place_batch_20260421_220319_aes_nangate45/trials.tsv
aes_nangate45	AES N45	OpenROAD BO	9785becb			178761.5	5.953	0.9872305140961858	1.0836602201587684	False	../../local_backups/dpl_evolve_state_20260516_231324/bo_runs/openroad_dpl_hpwl_only_9case_bo_place_batch_20260421_220319_aes_nangate45/trials.tsv
aes_nangate45	AES N45	OpenROAD BO	98665e77			176544.9	7.405	1.2280265339966832	-0.16975307769342302	False	../../local_backups/dpl_evolve_state_20260516_231324/bo_runs/openroad_dpl_hpwl_only_9case_bo_place_batch_20260421_220319_aes_nangate45/trials.tsv
aes_nangate45	AES N45	OpenROAD BO	98845307			176571.6	7.182	1.191044776119403	-0.15465511908444168	False	../../local_backups/dpl_evolve_state_20260516_231324/bo_runs/openroad_dpl_hpwl_only_9case_bo_place_batch_20260421_220319_aes_nangate45/trials.tsv
aes_nangate45	AES N45	OpenROAD BO	992531d2			177620.3	5.745	0.9527363184079601	0.43834971961336927	False	../../local_backups/dpl_evolve_state_20260516_231324/bo_runs/openroad_dpl_hpwl_only_9case_bo_place_batch_20260421_220319_aes_nangate45/trials.tsv
aes_nangate45	AES N45	OpenROAD BO	99918b89			176790.2	6.941	1.151077943615257	-0.031044117139798714	False	../../local_backups/dpl_evolve_state_20260516_231324/bo_runs/openroad_dpl_hpwl_only_9case_bo_place_batch_20260421_220319_aes_nangate45/trials.tsv
aes_nangate45	AES N45	OpenROAD BO	9aae67a0			176330.0	6.771	1.1228855721393034	-0.29127185316415655	False	../../local_backups/dpl_evolve_state_20260516_231324/bo_runs/openroad_dpl_hpwl_only_9case_bo_place_batch_20260421_220319_aes_nangate45/trials.tsv
aes_nangate45	AES N45	OpenROAD BO	9b6ad29f			176531.3	7.035	1.1666666666666667	-0.17744342365155577	False	../../local_backups/dpl_evolve_state_20260516_231324/bo_runs/openroad_dpl_hpwl_only_9case_bo_place_batch_20260421_220319_aes_nangate45/trials.tsv
aes_nangate45	AES N45	OpenROAD BO	9c2c74bf			176447.2	7.104	1.1781094527363183	-0.22499916593674021	False	../../local_backups/dpl_evolve_state_20260516_231324/bo_runs/openroad_dpl_hpwl_only_9case_bo_place_batch_20260421_220319_aes_nangate45/trials.tsv
aes_nangate45	AES N45	OpenROAD BO	9d219f89			176565.6	7.396	1.2265339966832502	-0.15804791877185176	False	../../local_backups/dpl_evolve_state_20260516_231324/bo_runs/openroad_dpl_hpwl_only_9case_bo_place_batch_20260421_220319_aes_nangate45/trials.tsv
aes_nangate45	AES N45	OpenROAD BO	9d6baa7e			176484.5	7.201	1.194195688225539	-0.20390726121334762	False	../../local_backups/dpl_evolve_state_20260516_231324/bo_runs/openroad_dpl_hpwl_only_9case_bo_place_batch_20260421_220319_aes_nangate45/trials.tsv
aes_nangate45	AES N45	OpenROAD BO	9dc57016			175986.3	7.2	1.1940298507462686	-0.48562272859130245	False	../../local_backups/dpl_evolve_state_20260516_231324/bo_runs/openroad_dpl_hpwl_only_9case_bo_place_batch_20260421_220319_aes_nangate45/trials.tsv
aes_nangate45	AES N45	OpenROAD BO	9ded4a5d			177998.2	6.136	1.0175787728026533	0.6520395532587591	False	../../local_backups/dpl_evolve_state_20260516_231324/bo_runs/openroad_dpl_hpwl_only_9case_bo_place_batch_20260421_220319_aes_nangate45/trials.tsv
aes_nangate45	AES N45	OpenROAD BO	9e94bfd0			176909.0	6.802	1.128026533996683	0.036133316670913795	False	../../local_backups/dpl_evolve_state_20260516_231324/bo_runs/openroad_dpl_hpwl_only_9case_bo_place_batch_20260421_220319_aes_nangate45/trials.tsv
aes_nangate45	AES N45	OpenROAD BO	9ef60fa0			176984.6	7.213	1.1961857379767826	0.07888259273228379	False	../../local_backups/dpl_evolve_state_20260516_231324/bo_runs/openroad_dpl_hpwl_only_9case_bo_place_batch_20260421_220319_aes_nangate45/trials.tsv
aes_nangate45	AES N45	OpenROAD BO	9ef8d09d			178050.1	5.706	0.9462686567164179	0.6813872705548528	False	../../local_backups/dpl_evolve_state_20260516_231324/bo_runs/openroad_dpl_hpwl_only_9case_bo_place_batch_20260421_220319_aes_nangate45/trials.tsv
aes_nangate45	AES N45	OpenROAD BO	9f486330			178054.9	5.451	0.9039800995024875	0.6841015103047743	False	../../local_backups/dpl_evolve_state_20260516_231324/bo_runs/openroad_dpl_hpwl_only_9case_bo_place_batch_20260421_220319_aes_nangate45/trials.tsv
aes_nangate45	AES N45	OpenROAD BO	a006385a			176927.5	6.824	1.13167495854063	0.046594449040428136	False	../../local_backups/dpl_evolve_state_20260516_231324/bo_runs/openroad_dpl_hpwl_only_9case_bo_place_batch_20260421_220319_aes_nangate45/trials.tsv
aes_nangate45	AES N45	OpenROAD BO	a0e34594			178058.4	5.873	0.9739635157545605	0.6860806434557635	False	../../local_backups/dpl_evolve_state_20260516_231324/bo_runs/openroad_dpl_hpwl_only_9case_bo_place_batch_20260421_220319_aes_nangate45/trials.tsv
aes_nangate45	AES N45	OpenROAD BO	a19ad948			177340.5	5.835	0.9676616915422885	0.2801321608571536	False	../../local_backups/dpl_evolve_state_20260516_231324/bo_runs/openroad_dpl_hpwl_only_9case_bo_place_batch_20260421_220319_aes_nangate45/trials.tsv
aes_nangate45	AES N45	OpenROAD BO	a38181d2			176421.8	7.081	1.1742951907131012	-0.23936201794678927	False	../../local_backups/dpl_evolve_state_20260516_231324/bo_runs/openroad_dpl_hpwl_only_9case_bo_place_batch_20260421_220319_aes_nangate45/trials.tsv
aes_nangate45	AES N45	OpenROAD BO	a403b18c			176193.6	7.072	1.1728026533996683	-0.3684014993912752	False	../../local_backups/dpl_evolve_state_20260516_231324/bo_runs/openroad_dpl_hpwl_only_9case_bo_place_batch_20260421_220319_aes_nangate45/trials.tsv
aes_nangate45	AES N45	OpenROAD BO	a41e2962			176239.1	7.331	1.2157545605306799	-0.3426727684284156	False	../../local_backups/dpl_evolve_state_20260516_231324/bo_runs/openroad_dpl_hpwl_only_9case_bo_place_batch_20260421_220319_aes_nangate45/trials.tsv
aes_nangate45	AES N45	OpenROAD BO	a4c21d10			176715.0	7.146	1.1850746268656716	-0.07356720655534466	False	../../local_backups/dpl_evolve_state_20260516_231324/bo_runs/openroad_dpl_hpwl_only_9case_bo_place_batch_20260421_220319_aes_nangate45/trials.tsv
aes_nangate45	AES N45	OpenROAD BO	a51b0577			176953.5	7.276	1.2066334991708125	0.06129658101920504	False	../../local_backups/dpl_evolve_state_20260516_231324/bo_runs/openroad_dpl_hpwl_only_9case_bo_place_batch_20260421_220319_aes_nangate45/trials.tsv
aes_nangate45	AES N45	OpenROAD BO	a6722849			176372.6	7.146	1.1850746268656716	-0.26718297538354185	False	../../local_backups/dpl_evolve_state_20260516_231324/bo_runs/openroad_dpl_hpwl_only_9case_bo_place_batch_20260421_220319_aes_nangate45/trials.tsv
aes_nangate45	AES N45	OpenROAD BO	a69a92c7			176014.4	7.175	1.1898839137645107	-0.46973311672192875	False	../../local_backups/dpl_evolve_state_20260516_231324/bo_runs/openroad_dpl_hpwl_only_9case_bo_place_batch_20260421_220319_aes_nangate45/trials.tsv
aes_nangate45	AES N45	OpenROAD BO	a6d0ce3c			176830.8	7.002	1.1611940298507462	-0.008086172588337173	False	../../local_backups/dpl_evolve_state_20260516_231324/bo_runs/openroad_dpl_hpwl_only_9case_bo_place_batch_20260421_220319_aes_nangate45/trials.tsv
aes_nangate45	AES N45	OpenROAD BO	a6eedd12			178415.9	5.765	0.9560530679933664	0.8882349581639459	False	../../local_backups/dpl_evolve_state_20260516_231324/bo_runs/openroad_dpl_hpwl_only_9case_bo_place_batch_20260421_220319_aes_nangate45/trials.tsv
aes_nangate45	AES N45	OpenROAD BO	a7971ed2			176330.0	7.064	1.1714759535655057	-0.29127185316415655	False	../../local_backups/dpl_evolve_state_20260516_231324/bo_runs/openroad_dpl_hpwl_only_9case_bo_place_batch_20260421_220319_aes_nangate45/trials.tsv
aes_nangate45	AES N45	OpenROAD BO	a809d245			175808.1	7.11	1.1791044776119404	-0.5863888793073713	False	../../local_backups/dpl_evolve_state_20260516_231324/bo_runs/openroad_dpl_hpwl_only_9case_bo_place_batch_20260421_220319_aes_nangate45/trials.tsv
aes_nangate45	AES N45	OpenROAD BO	a9ca0292			175928.6	6.957	1.153731343283582	-0.518250152251886	False	../../local_backups/dpl_evolve_state_20260516_231324/bo_runs/openroad_dpl_hpwl_only_9case_bo_place_batch_20260421_220319_aes_nangate45/trials.tsv
aes_nangate45	AES N45	OpenROAD BO	a9fb2d54			177319.1	6.892	1.1429519071310117	0.2680311753053944	False	../../local_backups/dpl_evolve_state_20260516_231324/bo_runs/openroad_dpl_hpwl_only_9case_bo_place_batch_20260421_220319_aes_nangate45/trials.tsv
aes_nangate45	AES N45	OpenROAD BO	aa38c0e7			177930.9	5.983	0.9922056384742951	0.6139836500982998	False	../../local_backups/dpl_evolve_state_20260516_231324/bo_runs/openroad_dpl_hpwl_only_9case_bo_place_batch_20260421_220319_aes_nangate45/trials.tsv
aes_nangate45	AES N45	OpenROAD BO	aa6496ab			176918.2	7.192	1.1927031509121062	0.041335609524949135	False	../../local_backups/dpl_evolve_state_20260516_231324/bo_runs/openroad_dpl_hpwl_only_9case_bo_place_batch_20260421_220319_aes_nangate45/trials.tsv
aes_nangate45	AES N45	OpenROAD BO	ac1a341e			178542.8	5.97	0.990049751243781	0.9599926715526653	False	../../local_backups/dpl_evolve_state_20260516_231324/bo_runs/openroad_dpl_hpwl_only_9case_bo_place_batch_20260421_220319_aes_nangate45/trials.tsv
aes_nangate45	AES N45	OpenROAD BO	ac64662f			176950.2	7.252	1.2026533996683249	0.059430541191136096	False	../../local_backups/dpl_evolve_state_20260516_231324/bo_runs/openroad_dpl_hpwl_only_9case_bo_place_batch_20260421_220319_aes_nangate45/trials.tsv
aes_nangate45	AES N45	OpenROAD BO	acd33775			177694.8	6.041	1.0018242122719734	0.4804769823987108	False	../../local_backups/dpl_evolve_state_20260516_231324/bo_runs/openroad_dpl_hpwl_only_9case_bo_place_batch_20260421_220319_aes_nangate45/trials.tsv
aes_nangate45	AES N45	OpenROAD BO	ade2beed			177620.3	5.731	0.9504145936981757	0.43834971961336927	False	../../local_backups/dpl_evolve_state_20260516_231324/bo_runs/openroad_dpl_hpwl_only_9case_bo_place_batch_20260421_220319_aes_nangate45/trials.tsv
aes_nangate45	AES N45	OpenROAD BO	ae78b269			176053.3	7.304	1.2112769485903814	-0.4477364654152235	False	../../local_backups/dpl_evolve_state_20260516_231324/bo_runs/openroad_dpl_hpwl_only_9case_bo_place_batch_20260421_220319_aes_nangate45/trials.tsv
aes_nangate45	AES N45	OpenROAD BO	aeb65083			175781.9	7.457	1.2366500829187395	-0.6012041046090684	False	../../local_backups/dpl_evolve_state_20260516_231324/bo_runs/openroad_dpl_hpwl_only_9case_bo_place_batch_20260421_220319_aes_nangate45/trials.tsv
aes_nangate45	AES N45	OpenROAD BO	af6ec4ec			177407.2	5.88	0.9751243781094526	0.3178487840488686	False	../../local_backups/dpl_evolve_state_20260516_231324/bo_runs/openroad_dpl_hpwl_only_9case_bo_place_batch_20260421_220319_aes_nangate45/trials.tsv
aes_nangate45	AES N45	OpenROAD BO	afe190af			176020.6	7.191	1.1925373134328356	-0.4662272237115984	False	../../local_backups/dpl_evolve_state_20260516_231324/bo_runs/openroad_dpl_hpwl_only_9case_bo_place_batch_20260421_220319_aes_nangate45/trials.tsv
aes_nangate45	AES N45	OpenROAD BO	b0e591ae			178487.7	6.218	1.0311774461028191	0.9288354610899627	False	../../local_backups/dpl_evolve_state_20260516_231324/bo_runs/openroad_dpl_hpwl_only_9case_bo_place_batch_20260421_220319_aes_nangate45/trials.tsv
aes_nangate45	AES N45	OpenROAD BO	b0ec9dc2			176330.0	6.865	1.1384742951907132	-0.29127185316415655	False	../../local_backups/dpl_evolve_state_20260516_231324/bo_runs/openroad_dpl_hpwl_only_9case_bo_place_batch_20260421_220319_aes_nangate45/trials.tsv
aes_nangate45	AES N45	OpenROAD BO	b0f13874			178766.3	6.03	1.0	1.0863744599086897	False	../../local_backups/dpl_evolve_state_20260516_231324/bo_runs/openroad_dpl_hpwl_only_9case_bo_place_batch_20260421_220319_aes_nangate45/trials.tsv
aes_nangate45	AES N45	OpenROAD BO	b0f23a6f			176334.6	7.321	1.2140961857379766	-0.28867070673713885	False	../../local_backups/dpl_evolve_state_20260516_231324/bo_runs/openroad_dpl_hpwl_only_9case_bo_place_batch_20260421_220319_aes_nangate45/trials.tsv
aes_nangate45	AES N45	OpenROAD BO	b269003e			175973.3	7.129	1.182255389718076	-0.4929737945806909	False	../../local_backups/dpl_evolve_state_20260516_231324/bo_runs/openroad_dpl_hpwl_only_9case_bo_place_batch_20260421_220319_aes_nangate45/trials.tsv
aes_nangate45	AES N45	OpenROAD BO	b28b2462			176576.4	7.367	1.2217247097844113	-0.15194087933452022	False	../../local_backups/dpl_evolve_state_20260516_231324/bo_runs/openroad_dpl_hpwl_only_9case_bo_place_batch_20260421_220319_aes_nangate45/trials.tsv
aes_nangate45	AES N45	OpenROAD BO	b36f3532			175950.5	7.291	1.2091210613598673	-0.5058664333928425	False	../../local_backups/dpl_evolve_state_20260516_231324/bo_runs/openroad_dpl_hpwl_only_9case_bo_place_batch_20260421_220319_aes_nangate45/trials.tsv
aes_nangate45	AES N45	OpenROAD BO	b495924a			176544.9	7.203	1.1945273631840796	-0.16975307769342302	False	../../local_backups/dpl_evolve_state_20260516_231324/bo_runs/openroad_dpl_hpwl_only_9case_bo_place_batch_20260421_220319_aes_nangate45/trials.tsv
aes_nangate45	AES N45	OpenROAD BO	b4f7e566			175950.5	7.254	1.2029850746268655	-0.5058664333928425	False	../../local_backups/dpl_evolve_state_20260516_231324/bo_runs/openroad_dpl_hpwl_only_9case_bo_place_batch_20260421_220319_aes_nangate45/trials.tsv
aes_nangate45	AES N45	OpenROAD BO	b52a95d0			178619.9	5.917	0.9812603648424543	1.0035901475358877	False	../../local_backups/dpl_evolve_state_20260516_231324/bo_runs/openroad_dpl_hpwl_only_9case_bo_place_batch_20260421_220319_aes_nangate45/trials.tsv
aes_nangate45	AES N45	OpenROAD BO	b52f09dc			177717.9	6.044	1.0023217247097842	0.49353926119524283	False	../../local_backups/dpl_evolve_state_20260516_231324/bo_runs/openroad_dpl_hpwl_only_9case_bo_place_batch_20260421_220319_aes_nangate45/trials.tsv
aes_nangate45	AES N45	OpenROAD BO	b6967e53			176377.0	7.077	1.1736318407960198	-0.26469492227944447	False	../../local_backups/dpl_evolve_state_20260516_231324/bo_runs/openroad_dpl_hpwl_only_9case_bo_place_batch_20260421_220319_aes_nangate45/trials.tsv
aes_nangate45	AES N45	OpenROAD BO	b7e08867			176225.1	7.282	1.2076285240464344	-0.3505893010323724	False	../../local_backups/dpl_evolve_state_20260516_231324/bo_runs/openroad_dpl_hpwl_only_9case_bo_place_batch_20260421_220319_aes_nangate45/trials.tsv
aes_nangate45	AES N45	OpenROAD BO	b9ca218b			175804.4	7.084	1.174792703150912	-0.5884811057812807	False	../../local_backups/dpl_evolve_state_20260516_231324/bo_runs/openroad_dpl_hpwl_only_9case_bo_place_batch_20260421_220319_aes_nangate45/trials.tsv
aes_nangate45	AES N45	OpenROAD BO	ba87d160			177671.3	5.785	0.9593698175787728	0.46718851695635477	False	../../local_backups/dpl_evolve_state_20260516_231324/bo_runs/openroad_dpl_hpwl_only_9case_bo_place_batch_20260421_220319_aes_nangate45/trials.tsv
aes_nangate45	AES N45	OpenROAD BO	badef0b1			176014.4	7.428	1.2318407960199005	-0.46973311672192875	False	../../local_backups/dpl_evolve_state_20260516_231324/bo_runs/openroad_dpl_hpwl_only_9case_bo_place_batch_20260421_220319_aes_nangate45/trials.tsv
aes_nangate45	AES N45	OpenROAD BO	bae76009			178415.9	5.677	0.9414593698175787	0.8882349581639459	False	../../local_backups/dpl_evolve_state_20260516_231324/bo_runs/openroad_dpl_hpwl_only_9case_bo_place_batch_20260421_220319_aes_nangate45/trials.tsv
aes_nangate45	AES N45	OpenROAD BO	bb6631bb			178649.7	6.789	1.125870646766169	1.0204410526500343	False	../../local_backups/dpl_evolve_state_20260516_231324/bo_runs/openroad_dpl_hpwl_only_9case_bo_place_batch_20260421_220319_aes_nangate45/trials.tsv
aes_nangate45	AES N45	OpenROAD BO	bb6eb0f6			176484.5	7.023	1.1646766169154228	-0.20390726121334762	False	../../local_backups/dpl_evolve_state_20260516_231324/bo_runs/openroad_dpl_hpwl_only_9case_bo_place_batch_20260421_220319_aes_nangate45/trials.tsv
aes_nangate45	AES N45	OpenROAD BO	bb88b78e			177104.3	7.238	1.2003316749585407	0.14656894649610452	False	../../local_backups/dpl_evolve_state_20260516_231324/bo_runs/openroad_dpl_hpwl_only_9case_bo_place_batch_20260421_220319_aes_nangate45/trials.tsv
aes_nangate45	AES N45	OpenROAD BO	bc39a4f5			176113.6	7.218	1.1970149253731344	-0.41363882855674255	False	../../local_backups/dpl_evolve_state_20260516_231324/bo_runs/openroad_dpl_hpwl_only_9case_bo_place_batch_20260421_220319_aes_nangate45/trials.tsv
aes_nangate45	AES N45	OpenROAD BO	bc59c407			176539.3	7.594	1.2593698175787729	-0.17291969073500904	False	../../local_backups/dpl_evolve_state_20260516_231324/bo_runs/openroad_dpl_hpwl_only_9case_bo_place_batch_20260421_220319_aes_nangate45/trials.tsv
aes_nangate45	AES N45	OpenROAD BO	bdee3196			176983.4	7.084	1.174792703150912	0.0782040327947952	False	../../local_backups/dpl_evolve_state_20260516_231324/bo_runs/openroad_dpl_hpwl_only_9case_bo_place_batch_20260421_220319_aes_nangate45/trials.tsv
aes_nangate45	AES N45	OpenROAD BO	bed4d25a			178045.7	5.354	0.887893864013267	0.6788992174507553	True	../../local_backups/dpl_evolve_state_20260516_231324/bo_runs/openroad_dpl_hpwl_only_9case_bo_place_batch_20260421_220319_aes_nangate45/trials.tsv
aes_nangate45	AES N45	OpenROAD BO	bf86166b			175670.4	7.132	1.1827529021558871	-0.6642536321334386	False	../../local_backups/dpl_evolve_state_20260516_231324/bo_runs/openroad_dpl_hpwl_only_9case_bo_place_batch_20260421_220319_aes_nangate45/trials.tsv
aes_nangate45	AES N45	OpenROAD BO	c04d0684			175973.3	6.988	1.158872305140962	-0.4929737945806909	False	../../local_backups/dpl_evolve_state_20260516_231324/bo_runs/openroad_dpl_hpwl_only_9case_bo_place_batch_20260421_220319_aes_nangate45/trials.tsv
aes_nangate45	AES N45	OpenROAD BO	c0f7b947			176020.6	6.858	1.1373134328358208	-0.4662272237115984	False	../../local_backups/dpl_evolve_state_20260516_231324/bo_runs/openroad_dpl_hpwl_only_9case_bo_place_batch_20260421_220319_aes_nangate45/trials.tsv
aes_nangate45	AES N45	OpenROAD BO	c12f10a1			178766.3	5.967	0.9895522388059701	1.0863744599086897	False	../../local_backups/dpl_evolve_state_20260516_231324/bo_runs/openroad_dpl_hpwl_only_9case_bo_place_batch_20260421_220319_aes_nangate45/trials.tsv
aes_nangate45	AES N45	OpenROAD BO	c1a387d3			177958.1	6.062	1.00530679933665	0.6293643420145653	False	../../local_backups/dpl_evolve_state_20260516_231324/bo_runs/openroad_dpl_hpwl_only_9case_bo_place_batch_20260421_220319_aes_nangate45/trials.tsv
aes_nangate45	AES N45	OpenROAD BO	c31e69fd			177844.6	6.028	0.9996683250414593	0.5651838812610583	False	../../local_backups/dpl_evolve_state_20260516_231324/bo_runs/openroad_dpl_hpwl_only_9case_bo_place_batch_20260421_220319_aes_nangate45/trials.tsv
aes_nangate45	AES N45	OpenROAD BO	c32680e6			176340.7	7.199	1.1938640132669982	-0.2852213603882687	False	../../local_backups/dpl_evolve_state_20260516_231324/bo_runs/openroad_dpl_hpwl_only_9case_bo_place_batch_20260421_220319_aes_nangate45/trials.tsv
aes_nangate45	AES N45	OpenROAD BO	c3693289			175928.6	7.21	1.1956882255389718	-0.518250152251886	False	../../local_backups/dpl_evolve_state_20260516_231324/bo_runs/openroad_dpl_hpwl_only_9case_bo_place_batch_20260421_220319_aes_nangate45/trials.tsv
aes_nangate45	AES N45	OpenROAD BO	c3f7930d			176439.2	7.078	1.1737976782752901	-0.22952289885328694	False	../../local_backups/dpl_evolve_state_20260516_231324/bo_runs/openroad_dpl_hpwl_only_9case_bo_place_batch_20260421_220319_aes_nangate45/trials.tsv
aes_nangate45	AES N45	OpenROAD BO	c4074895			177659.6	6.179	1.024709784411277	0.46057255756591503	False	../../local_backups/dpl_evolve_state_20260516_231324/bo_runs/openroad_dpl_hpwl_only_9case_bo_place_batch_20260421_220319_aes_nangate45/trials.tsv
aes_nangate45	AES N45	OpenROAD BO	c437b5fe			177109.0	7.822	1.2971807628524046	0.14922663958458232	False	../../local_backups/dpl_evolve_state_20260516_231324/bo_runs/openroad_dpl_hpwl_only_9case_bo_place_batch_20260421_220319_aes_nangate45/trials.tsv
aes_nangate45	AES N45	OpenROAD BO	c4c8c756			175875.1	7.42	1.230514096185738	-0.5485026161312923	False	../../local_backups/dpl_evolve_state_20260516_231324/bo_runs/openroad_dpl_hpwl_only_9case_bo_place_batch_20260421_220319_aes_nangate45/trials.tsv
aes_nangate45	AES N45	OpenROAD BO	c4dd20c3			176346.9	7.383	1.2243781094527362	-0.28171546737795483	False	../../local_backups/dpl_evolve_state_20260516_231324/bo_runs/openroad_dpl_hpwl_only_9case_bo_place_batch_20260421_220319_aes_nangate45/trials.tsv
aes_nangate45	AES N45	OpenROAD BO	c4ebd702			176020.6	7.341	1.2174129353233831	-0.4662272237115984	False	../../local_backups/dpl_evolve_state_20260516_231324/bo_runs/openroad_dpl_hpwl_only_9case_bo_place_batch_20260421_220319_aes_nangate45/trials.tsv
aes_nangate45	AES N45	OpenROAD BO	c521c651			177879.1	5.892	0.9771144278606966	0.5846924794636662	False	../../local_backups/dpl_evolve_state_20260516_231324/bo_runs/openroad_dpl_hpwl_only_9case_bo_place_batch_20260421_220319_aes_nangate45/trials.tsv
aes_nangate45	AES N45	OpenROAD BO	c535f7c9			177877.4	5.764	0.9558872305140962	0.5837311862188934	False	../../local_backups/dpl_evolve_state_20260516_231324/bo_runs/openroad_dpl_hpwl_only_9case_bo_place_batch_20260421_220319_aes_nangate45/trials.tsv
aes_nangate45	AES N45	OpenROAD BO	c5bba93e			176918.7	7.019	1.1640132669983416	0.041618342832233306	False	../../local_backups/dpl_evolve_state_20260516_231324/bo_runs/openroad_dpl_hpwl_only_9case_bo_place_batch_20260421_220319_aes_nangate45/trials.tsv
aes_nangate45	AES N45	OpenROAD BO	c61ea85b			178649.7	5.885	0.9759535655058043	1.0204410526500343	False	../../local_backups/dpl_evolve_state_20260516_231324/bo_runs/openroad_dpl_hpwl_only_9case_bo_place_batch_20260421_220319_aes_nangate45/trials.tsv
aes_nangate45	AES N45	OpenROAD BO	c6d109fe			175937.9	7.427	1.2316749585406301	-0.512991312736407	False	../../local_backups/dpl_evolve_state_20260516_231324/bo_runs/openroad_dpl_hpwl_only_9case_bo_place_batch_20260421_220319_aes_nangate45/trials.tsv
aes_nangate45	AES N45	OpenROAD BO	c79f01fe			177860.5	5.741	0.9520729684908789	0.5741748004326918	False	../../local_backups/dpl_evolve_state_20260516_231324/bo_runs/openroad_dpl_hpwl_only_9case_bo_place_batch_20260421_220319_aes_nangate45/trials.tsv
aes_nangate45	AES N45	OpenROAD BO	c7aff420			178750.9	6.155	1.0207296849087895	1.0776662740443406	False	../../local_backups/dpl_evolve_state_20260516_231324/bo_runs/openroad_dpl_hpwl_only_9case_bo_place_batch_20260421_220319_aes_nangate45/trials.tsv
aes_nangate45	AES N45	OpenROAD BO	c7c182b1			176446.7	7.32	1.2139303482587065	-0.2252818992440244	False	../../local_backups/dpl_evolve_state_20260516_231324/bo_runs/openroad_dpl_hpwl_only_9case_bo_place_batch_20260421_220319_aes_nangate45/trials.tsv
aes_nangate45	AES N45	OpenROAD BO	c81f1a5d			176260.4	7.346	1.2182421227197346	-0.3306283295381165	False	../../local_backups/dpl_evolve_state_20260516_231324/bo_runs/openroad_dpl_hpwl_only_9case_bo_place_batch_20260421_220319_aes_nangate45/trials.tsv
aes_nangate45	AES N45	OpenROAD BO	c8a4084e			176469.0	6.963	1.154726368159204	-0.21267199373915693	False	../../local_backups/dpl_evolve_state_20260516_231324/bo_runs/openroad_dpl_hpwl_only_9case_bo_place_batch_20260421_220319_aes_nangate45/trials.tsv
aes_nangate45	AES N45	OpenROAD BO	c91c9e1e			175821.1	7.371	1.2223880597014927	-0.5790378133179828	False	../../local_backups/dpl_evolve_state_20260516_231324/bo_runs/openroad_dpl_hpwl_only_9case_bo_place_batch_20260421_220319_aes_nangate45/trials.tsv
aes_nangate45	AES N45	OpenROAD BO	ca1f2d59			177758.7	6.025	0.9991708126036485	0.5166102990696411	False	../../local_backups/dpl_evolve_state_20260516_231324/bo_runs/openroad_dpl_hpwl_only_9case_bo_place_batch_20260421_220319_aes_nangate45/trials.tsv
aes_nangate45	AES N45	OpenROAD BO	ca2476a2			178524.1	5.892	0.9771144278606966	0.9494184458602472	False	../../local_backups/dpl_evolve_state_20260516_231324/bo_runs/openroad_dpl_hpwl_only_9case_bo_place_batch_20260421_220319_aes_nangate45/trials.tsv
aes_nangate45	AES N45	OpenROAD BO	cb0271fc			177616.8	5.954	0.987396351575456	0.4363705864623801	False	../../local_backups/dpl_evolve_state_20260516_231324/bo_runs/openroad_dpl_hpwl_only_9case_bo_place_batch_20260421_220319_aes_nangate45/trials.tsv
aes_nangate45	AES N45	OpenROAD BO	cca37a2a			176113.6	7.2	1.1940298507462686	-0.41363882855674255	False	../../local_backups/dpl_evolve_state_20260516_231324/bo_runs/openroad_dpl_hpwl_only_9case_bo_place_batch_20260421_220319_aes_nangate45/trials.tsv
aes_nangate45	AES N45	OpenROAD BO	ccea04b9			177880.9	5.937	0.9845771144278607	0.5857103193698826	False	../../local_backups/dpl_evolve_state_20260516_231324/bo_runs/openroad_dpl_hpwl_only_9case_bo_place_batch_20260421_220319_aes_nangate45/trials.tsv
aes_nangate45	AES N45	OpenROAD BO	cdba6fd0			178729.9	6.001	0.9951907131011609	1.0657914751384054	False	../../local_backups/dpl_evolve_state_20260516_231324/bo_runs/openroad_dpl_hpwl_only_9case_bo_place_batch_20260421_220319_aes_nangate45/trials.tsv
aes_nangate45	AES N45	OpenROAD BO	cdc95921			178581.3	5.879	0.9749585406301823	0.9817631362135465	False	../../local_backups/dpl_evolve_state_20260516_231324/bo_runs/openroad_dpl_hpwl_only_9case_bo_place_batch_20260421_220319_aes_nangate45/trials.tsv
aes_nangate45	AES N45	OpenROAD BO	ce4f8b04			178596.0	5.872	0.9737976782752902	0.9900754954477077	False	../../local_backups/dpl_evolve_state_20260516_231324/bo_runs/openroad_dpl_hpwl_only_9case_bo_place_batch_20260421_220319_aes_nangate45/trials.tsv
aes_nangate45	AES N45	OpenROAD BO	ce62d05b			178036.3	6.146	1.0192371475953566	0.6735838312737997	False	../../local_backups/dpl_evolve_state_20260516_231324/bo_runs/openroad_dpl_hpwl_only_9case_bo_place_batch_20260421_220319_aes_nangate45/trials.tsv
aes_nangate45	AES N45	OpenROAD BO	cea96966			175872.2	7.241	1.2008291873963515	-0.5501424693135372	False	../../local_backups/dpl_evolve_state_20260516_231324/bo_runs/openroad_dpl_hpwl_only_9case_bo_place_batch_20260421_220319_aes_nangate45/trials.tsv
aes_nangate45	AES N45	OpenROAD BO	cfaca393			176531.3	7.351	1.2190713101160862	-0.17744342365155577	False	../../local_backups/dpl_evolve_state_20260516_231324/bo_runs/openroad_dpl_hpwl_only_9case_bo_place_batch_20260421_220319_aes_nangate45/trials.tsv
aes_nangate45	AES N45	OpenROAD BO	d09902d3			177879.1	5.498	0.9117744610281924	0.5846924794636662	False	../../local_backups/dpl_evolve_state_20260516_231324/bo_runs/openroad_dpl_hpwl_only_9case_bo_place_batch_20260421_220319_aes_nangate45/trials.tsv
aes_nangate45	AES N45	OpenROAD BO	d169c578			177794.4	5.908	0.9797678275290216	0.536797457209721	False	../../local_backups/dpl_evolve_state_20260516_231324/bo_runs/openroad_dpl_hpwl_only_9case_bo_place_batch_20260421_220319_aes_nangate45/trials.tsv
aes_nangate45	AES N45	OpenROAD BO	d283ad77			176567.6	7.754	1.2859038142620232	-0.15691698554271505	False	../../local_backups/dpl_evolve_state_20260516_231324/bo_runs/openroad_dpl_hpwl_only_9case_bo_place_batch_20260421_220319_aes_nangate45/trials.tsv
aes_nangate45	AES N45	OpenROAD BO	d3f73fa8			175822.5	7.165	1.1882255389718075	-0.5782461600575904	False	../../local_backups/dpl_evolve_state_20260516_231324/bo_runs/openroad_dpl_hpwl_only_9case_bo_place_batch_20260421_220319_aes_nangate45/trials.tsv
aes_nangate45	AES N45	OpenROAD BO	d4c22f84			175938.2	7.447	1.2349917081260364	-0.5128216727520266	False	../../local_backups/dpl_evolve_state_20260516_231324/bo_runs/openroad_dpl_hpwl_only_9case_bo_place_batch_20260421_220319_aes_nangate45/trials.tsv
aes_nangate45	AES N45	OpenROAD BO	d4d2aaca			175938.2	7.25	1.2023217247097844	-0.5128216727520266	False	../../local_backups/dpl_evolve_state_20260516_231324/bo_runs/openroad_dpl_hpwl_only_9case_bo_place_batch_20260421_220319_aes_nangate45/trials.tsv
aes_nangate45	AES N45	OpenROAD BO	d58fce0d			177901.9	5.695	0.9444444444444444	0.5975851182758178	False	../../local_backups/dpl_evolve_state_20260516_231324/bo_runs/openroad_dpl_hpwl_only_9case_bo_place_batch_20260421_220319_aes_nangate45/trials.tsv
aes_nangate45	AES N45	OpenROAD BO	d5d6092a			177717.9	5.99	0.9933665008291874	0.49353926119524283	False	../../local_backups/dpl_evolve_state_20260516_231324/bo_runs/openroad_dpl_hpwl_only_9case_bo_place_batch_20260421_220319_aes_nangate45/trials.tsv
aes_nangate45	AES N45	OpenROAD BO	d6035e7c			175815.8	7.379	1.223714759535655	-0.5820347863752049	False	../../local_backups/dpl_evolve_state_20260516_231324/bo_runs/openroad_dpl_hpwl_only_9case_bo_place_batch_20260421_220319_aes_nangate45/trials.tsv
aes_nangate45	AES N45	OpenROAD BO	d605d592			176447.2	7.404	1.2278606965174128	-0.22499916593674021	False	../../local_backups/dpl_evolve_state_20260516_231324/bo_runs/openroad_dpl_hpwl_only_9case_bo_place_batch_20260421_220319_aes_nangate45/trials.tsv
aes_nangate45	AES N45	OpenROAD BO	d6cefba1			176610.6	7.327	1.2150912106135987	-0.13260192111627633	False	../../local_backups/dpl_evolve_state_20260516_231324/bo_runs/openroad_dpl_hpwl_only_9case_bo_place_batch_20260421_220319_aes_nangate45/trials.tsv
aes_nangate45	AES N45	OpenROAD BO	d6fe5597			178116.5	6.584	1.0918739635157544	0.7189342537621874	False	../../local_backups/dpl_evolve_state_20260516_231324/bo_runs/openroad_dpl_hpwl_only_9case_bo_place_batch_20260421_220319_aes_nangate45/trials.tsv
aes_nangate45	AES N45	OpenROAD BO	d7479274			177902.1	6.036	1.0009950248756219	0.597698211598738	False	../../local_backups/dpl_evolve_state_20260516_231324/bo_runs/openroad_dpl_hpwl_only_9case_bo_place_batch_20260421_220319_aes_nangate45/trials.tsv
aes_nangate45	AES N45	OpenROAD BO	d7b16286			176296.0	7.22	1.1973466003316748	-0.3104977180594802	False	../../local_backups/dpl_evolve_state_20260516_231324/bo_runs/openroad_dpl_hpwl_only_9case_bo_place_batch_20260421_220319_aes_nangate45/trials.tsv
aes_nangate45	AES N45	OpenROAD BO	d99a253e			177761.9	5.987	0.9928689883913764	0.5184197922362499	False	../../local_backups/dpl_evolve_state_20260516_231324/bo_runs/openroad_dpl_hpwl_only_9case_bo_place_batch_20260421_220319_aes_nangate45/trials.tsv
aes_nangate45	AES N45	OpenROAD BO	d9b40500			176978.1	6.911	1.1461028192371474	0.07520705973758957	False	../../local_backups/dpl_evolve_state_20260516_231324/bo_runs/openroad_dpl_hpwl_only_9case_bo_place_batch_20260421_220319_aes_nangate45/trials.tsv
aes_nangate45	AES N45	OpenROAD BO	da1e861f			176519.7	7.145	1.1849087893864012	-0.18400283638053538	False	../../local_backups/dpl_evolve_state_20260516_231324/bo_runs/openroad_dpl_hpwl_only_9case_bo_place_batch_20260421_220319_aes_nangate45/trials.tsv
aes_nangate45	AES N45	OpenROAD BO	db0cf5ab			178577.2	5.977	0.9912106135986734	0.9794447230938295	False	../../local_backups/dpl_evolve_state_20260516_231324/bo_runs/openroad_dpl_hpwl_only_9case_bo_place_batch_20260421_220319_aes_nangate45/trials.tsv
aes_nangate45	AES N45	OpenROAD BO	db1715c9			178456.6	5.906	0.9794361525704809	0.911249449376884	False	../../local_backups/dpl_evolve_state_20260516_231324/bo_runs/openroad_dpl_hpwl_only_9case_bo_place_batch_20260421_220319_aes_nangate45/trials.tsv
aes_nangate45	AES N45	OpenROAD BO	dbfd7b60			176571.6	7.255	1.203150912106136	-0.15465511908444168	False	../../local_backups/dpl_evolve_state_20260516_231324/bo_runs/openroad_dpl_hpwl_only_9case_bo_place_batch_20260421_220319_aes_nangate45/trials.tsv
aes_nangate45	AES N45	OpenROAD BO	dc78c341			176544.9	7.127	1.1819237147595356	-0.16975307769342302	False	../../local_backups/dpl_evolve_state_20260516_231324/bo_runs/openroad_dpl_hpwl_only_9case_bo_place_batch_20260421_220319_aes_nangate45/trials.tsv
aes_nangate45	AES N45	OpenROAD BO	dd12a2a1			178608.2	6.043	1.002155887230514	0.996974188145448	False	../../local_backups/dpl_evolve_state_20260516_231324/bo_runs/openroad_dpl_hpwl_only_9case_bo_place_batch_20260421_220319_aes_nangate45/trials.tsv
aes_nangate45	AES N45	OpenROAD BO	dd9382a7			177815.3	5.987	0.9928689883913764	0.548615709454196	False	../../local_backups/dpl_evolve_state_20260516_231324/bo_runs/openroad_dpl_hpwl_only_9case_bo_place_batch_20260421_220319_aes_nangate45/trials.tsv
aes_nangate45	AES N45	OpenROAD BO	ddf93b1d			177093.4	7.242	1.2009950248756218	0.14040536039731288	False	../../local_backups/dpl_evolve_state_20260516_231324/bo_runs/openroad_dpl_hpwl_only_9case_bo_place_batch_20260421_220319_aes_nangate45/trials.tsv
aes_nangate45	AES N45	OpenROAD BO	ddfe66ef			178542.8	5.853	0.9706467661691541	0.9599926715526653	False	../../local_backups/dpl_evolve_state_20260516_231324/bo_runs/openroad_dpl_hpwl_only_9case_bo_place_batch_20260421_220319_aes_nangate45/trials.tsv
aes_nangate45	AES N45	OpenROAD BO	deba9412			176113.6	7.374	1.2228855721393033	-0.41363882855674255	False	../../local_backups/dpl_evolve_state_20260516_231324/bo_runs/openroad_dpl_hpwl_only_9case_bo_place_batch_20260421_220319_aes_nangate45/trials.tsv
aes_nangate45	AES N45	OpenROAD BO	dfcc8617			176440.2	7.143	1.1845771144278605	-0.22895743223871862	False	../../local_backups/dpl_evolve_state_20260516_231324/bo_runs/openroad_dpl_hpwl_only_9case_bo_place_batch_20260421_220319_aes_nangate45/trials.tsv
aes_nangate45	AES N45	OpenROAD BO	e021a016			177875.0	6.075	1.007462686567164	0.5823740663439327	False	../../local_backups/dpl_evolve_state_20260516_231324/bo_runs/openroad_dpl_hpwl_only_9case_bo_place_batch_20260421_220319_aes_nangate45/trials.tsv
aes_nangate45	AES N45	OpenROAD BO	e08cb193			177969.7	5.942	0.9854063018242123	0.6359237547435613	False	../../local_backups/dpl_evolve_state_20260516_231324/bo_runs/openroad_dpl_hpwl_only_9case_bo_place_batch_20260421_220319_aes_nangate45/trials.tsv
aes_nangate45	AES N45	OpenROAD BO	e1e0132d			178474.7	6.362	1.0550580431177445	0.9214843951005743	False	../../local_backups/dpl_evolve_state_20260516_231324/bo_runs/openroad_dpl_hpwl_only_9case_bo_place_batch_20260421_220319_aes_nangate45/trials.tsv
aes_nangate45	AES N45	OpenROAD BO	e24335e2			177802.6	5.858	0.9714759535655058	0.541434283449188	False	../../local_backups/dpl_evolve_state_20260516_231324/bo_runs/openroad_dpl_hpwl_only_9case_bo_place_batch_20260421_220319_aes_nangate45/trials.tsv
aes_nangate45	AES N45	OpenROAD BO	e2ca0035			176327.4	6.925	1.1484245439469318	-0.29274206636203753	False	../../local_backups/dpl_evolve_state_20260516_231324/bo_runs/openroad_dpl_hpwl_only_9case_bo_place_batch_20260421_220319_aes_nangate45/trials.tsv
aes_nangate45	AES N45	OpenROAD BO	e2d07904			178691.9	5.753	0.9540630182421227	1.0443037437848084	False	../../local_backups/dpl_evolve_state_20260516_231324/bo_runs/openroad_dpl_hpwl_only_9case_bo_place_batch_20260421_220319_aes_nangate45/trials.tsv
aes_nangate45	AES N45	OpenROAD BO	e30bb7d9			176053.3	7.173	1.18955223880597	-0.4477364654152235	False	../../local_backups/dpl_evolve_state_20260516_231324/bo_runs/openroad_dpl_hpwl_only_9case_bo_place_batch_20260421_220319_aes_nangate45/trials.tsv
aes_nangate45	AES N45	OpenROAD BO	e3471c4c			176260.4	7.215	1.1965174129353233	-0.3306283295381165	False	../../local_backups/dpl_evolve_state_20260516_231324/bo_runs/openroad_dpl_hpwl_only_9case_bo_place_batch_20260421_220319_aes_nangate45/trials.tsv
aes_nangate45	AES N45	OpenROAD BO	e3b34a01			175781.9	6.77	1.122719734660033	-0.6012041046090684	True	../../local_backups/dpl_evolve_state_20260516_231324/bo_runs/openroad_dpl_hpwl_only_9case_bo_place_batch_20260421_220319_aes_nangate45/trials.tsv
aes_nangate45	AES N45	OpenROAD BO	e3cb2ba5			176378.4	7.236	1.2	-0.26390326901905203	False	../../local_backups/dpl_evolve_state_20260516_231324/bo_runs/openroad_dpl_hpwl_only_9case_bo_place_batch_20260421_220319_aes_nangate45/trials.tsv
aes_nangate45	AES N45	OpenROAD BO	e4d794e6			176296.0	7.278	1.2069651741293532	-0.3104977180594802	False	../../local_backups/dpl_evolve_state_20260516_231324/bo_runs/openroad_dpl_hpwl_only_9case_bo_place_batch_20260421_220319_aes_nangate45/trials.tsv
aes_nangate45	AES N45	OpenROAD BO	e4f18273			177798.2	5.993	0.9938640132669984	0.5389462303450906	False	../../local_backups/dpl_evolve_state_20260516_231324/bo_runs/openroad_dpl_hpwl_only_9case_bo_place_batch_20260421_220319_aes_nangate45/trials.tsv
aes_nangate45	AES N45	OpenROAD BO	e6997018			177910.8	5.895	0.9776119402985074	0.6026177711454728	False	../../local_backups/dpl_evolve_state_20260516_231324/bo_runs/openroad_dpl_hpwl_only_9case_bo_place_batch_20260421_220319_aes_nangate45/trials.tsv
aes_nangate45	AES N45	OpenROAD BO	e8011ed1			176610.6	7.372	1.2225538971807628	-0.13260192111627633	False	../../local_backups/dpl_evolve_state_20260516_231324/bo_runs/openroad_dpl_hpwl_only_9case_bo_place_batch_20260421_220319_aes_nangate45/trials.tsv
aes_nangate45	AES N45	OpenROAD BO	e84535bf			174740.2	8.474	1.4053067993366501	-1.190250677004901	False	../../local_backups/dpl_evolve_state_20260516_231324/bo_runs/openroad_dpl_hpwl_only_9case_bo_place_batch_20260421_220319_aes_nangate45/trials.tsv
aes_nangate45	AES N45	OpenROAD BO	e9278cd9			176225.6	7.013	1.1630182421227198	-0.3503065677250882	False	../../local_backups/dpl_evolve_state_20260516_231324/bo_runs/openroad_dpl_hpwl_only_9case_bo_place_batch_20260421_220319_aes_nangate45/trials.tsv
aes_nangate45	AES N45	OpenROAD BO	e98392cb			176566.1	7.442	1.234162520729685	-0.15776518546456758	False	../../local_backups/dpl_evolve_state_20260516_231324/bo_runs/openroad_dpl_hpwl_only_9case_bo_place_batch_20260421_220319_aes_nangate45/trials.tsv
aes_nangate45	AES N45	OpenROAD BO	ea9d87bc			177374.1	5.964	0.9890547263681593	0.2991318391066532	False	../../local_backups/dpl_evolve_state_20260516_231324/bo_runs/openroad_dpl_hpwl_only_9case_bo_place_batch_20260421_220319_aes_nangate45/trials.tsv
aes_nangate45	AES N45	OpenROAD BO	eacca5a0			177064.8	7.176	1.190049751243781	0.12423301522065498	False	../../local_backups/dpl_evolve_state_20260516_231324/bo_runs/openroad_dpl_hpwl_only_9case_bo_place_batch_20260421_220319_aes_nangate45/trials.tsv
aes_nangate45	AES N45	OpenROAD BO	eb7e50cb			176544.5	6.98	1.1575456053067994	-0.16997926433924707	False	../../local_backups/dpl_evolve_state_20260516_231324/bo_runs/openroad_dpl_hpwl_only_9case_bo_place_batch_20260421_220319_aes_nangate45/trials.tsv
aes_nangate45	AES N45	OpenROAD BO	ec816a1a			176239.1	7.029	1.1656716417910447	-0.3426727684284156	False	../../local_backups/dpl_evolve_state_20260516_231324/bo_runs/openroad_dpl_hpwl_only_9case_bo_place_batch_20260421_220319_aes_nangate45/trials.tsv
aes_nangate45	AES N45	OpenROAD BO	ece90bdf			177794.4	5.941	0.9852404643449418	0.536797457209721	False	../../local_backups/dpl_evolve_state_20260516_231324/bo_runs/openroad_dpl_hpwl_only_9case_bo_place_batch_20260421_220319_aes_nangate45/trials.tsv
aes_nangate45	AES N45	OpenROAD BO	eda594b8			177949.2	5.809	0.9633499170812604	0.6243316891449103	False	../../local_backups/dpl_evolve_state_20260516_231324/bo_runs/openroad_dpl_hpwl_only_9case_bo_place_batch_20260421_220319_aes_nangate45/trials.tsv
aes_nangate45	AES N45	OpenROAD BO	ef7f48e4			176634.9	6.906	1.145273631840796	-0.11886108238227219	False	../../local_backups/dpl_evolve_state_20260516_231324/bo_runs/openroad_dpl_hpwl_only_9case_bo_place_batch_20260421_220319_aes_nangate45/trials.tsv
aes_nangate45	AES N45	OpenROAD BO	efeac19c			175781.9	7.176	1.190049751243781	-0.6012041046090684	False	../../local_backups/dpl_evolve_state_20260516_231324/bo_runs/openroad_dpl_hpwl_only_9case_bo_place_batch_20260421_220319_aes_nangate45/trials.tsv
aes_nangate45	AES N45	OpenROAD BO	f01cf4c1			177979.0	5.981	0.9918739635157545	0.6411825942590403	False	../../local_backups/dpl_evolve_state_20260516_231324/bo_runs/openroad_dpl_hpwl_only_9case_bo_place_batch_20260421_220319_aes_nangate45/trials.tsv
aes_nangate45	AES N45	OpenROAD BO	f1b2834a			176619.7	7.195	1.193200663349917	-0.12745617492370112	False	../../local_backups/dpl_evolve_state_20260516_231324/bo_runs/openroad_dpl_hpwl_only_9case_bo_place_batch_20260421_220319_aes_nangate45/trials.tsv
aes_nangate45	AES N45	OpenROAD BO	f2c8aa59			176422.7	7.396	1.2265339966832502	-0.2388530979936646	False	../../local_backups/dpl_evolve_state_20260516_231324/bo_runs/openroad_dpl_hpwl_only_9case_bo_place_batch_20260421_220319_aes_nangate45/trials.tsv
aes_nangate45	AES N45	OpenROAD BO	f5ccae3b			177865.1	6.184	1.0255389718076284	0.5767759468597095	False	../../local_backups/dpl_evolve_state_20260516_231324/bo_runs/openroad_dpl_hpwl_only_9case_bo_place_batch_20260421_220319_aes_nangate45/trials.tsv
aes_nangate45	AES N45	OpenROAD BO	f5e2f8d0			176113.6	7.24	1.2006633499170813	-0.41363882855674255	False	../../local_backups/dpl_evolve_state_20260516_231324/bo_runs/openroad_dpl_hpwl_only_9case_bo_place_batch_20260421_220319_aes_nangate45/trials.tsv
aes_nangate45	AES N45	OpenROAD BO	f5e6d5f6			177922.6	6.049	1.003150912106136	0.6092902771973892	False	../../local_backups/dpl_evolve_state_20260516_231324/bo_runs/openroad_dpl_hpwl_only_9case_bo_place_batch_20260421_220319_aes_nangate45/trials.tsv
aes_nangate45	AES N45	OpenROAD BO	f678cc39			176439.2	7.204	1.1946932006633497	-0.22952289885328694	False	../../local_backups/dpl_evolve_state_20260516_231324/bo_runs/openroad_dpl_hpwl_only_9case_bo_place_batch_20260421_220319_aes_nangate45/trials.tsv
aes_nangate45	AES N45	OpenROAD BO	f6f94148			176041.6	7.254	1.2029850746268655	-0.45435242480566324	False	../../local_backups/dpl_evolve_state_20260516_231324/bo_runs/openroad_dpl_hpwl_only_9case_bo_place_batch_20260421_220319_aes_nangate45/trials.tsv
aes_nangate45	AES N45	OpenROAD BO	f7941fe4			177830.0	5.829	0.9666666666666666	0.5569280686883573	False	../../local_backups/dpl_evolve_state_20260516_231324/bo_runs/openroad_dpl_hpwl_only_9case_bo_place_batch_20260421_220319_aes_nangate45/trials.tsv
aes_nangate45	AES N45	OpenROAD BO	f7b28da9			177761.3	5.859	0.9716417910447761	0.5180805122675056	False	../../local_backups/dpl_evolve_state_20260516_231324/bo_runs/openroad_dpl_hpwl_only_9case_bo_place_batch_20260421_220319_aes_nangate45/trials.tsv
aes_nangate45	AES N45	OpenROAD BO	f817d238			177761.9	6.003	0.9955223880597015	0.5184197922362499	False	../../local_backups/dpl_evolve_state_20260516_231324/bo_runs/openroad_dpl_hpwl_only_9case_bo_place_batch_20260421_220319_aes_nangate45/trials.tsv
aes_nangate45	AES N45	OpenROAD BO	f8b293b0			178559.6	5.754	0.9542288557213929	0.9694925106774234	False	../../local_backups/dpl_evolve_state_20260516_231324/bo_runs/openroad_dpl_hpwl_only_9case_bo_place_batch_20260421_220319_aes_nangate45/trials.tsv
aes_nangate45	AES N45	OpenROAD BO	f900d51d			176845.1	6.573	1.090049751243781	0.0	True	../../local_backups/dpl_evolve_state_20260516_231324/bo_runs/openroad_dpl_hpwl_only_9case_bo_place_batch_20260421_220319_aes_nangate45/trials.tsv
aes_nangate45	AES N45	OpenROAD BO	f9a0c0a1			178601.6	5.853	0.9706467661691541	0.9932421084892937	False	../../local_backups/dpl_evolve_state_20260516_231324/bo_runs/openroad_dpl_hpwl_only_9case_bo_place_batch_20260421_220319_aes_nangate45/trials.tsv
aes_nangate45	AES N45	OpenROAD BO	f9dd31b8			178601.6	6.02	0.9983416252072967	0.9932421084892937	False	../../local_backups/dpl_evolve_state_20260516_231324/bo_runs/openroad_dpl_hpwl_only_9case_bo_place_batch_20260421_220319_aes_nangate45/trials.tsv
aes_nangate45	AES N45	OpenROAD BO	fa26c276			177875.0	6.092	1.0102819237147593	0.5823740663439327	False	../../local_backups/dpl_evolve_state_20260516_231324/bo_runs/openroad_dpl_hpwl_only_9case_bo_place_batch_20260421_220319_aes_nangate45/trials.tsv
aes_nangate45	AES N45	OpenROAD BO	fa7c13f5			175914.6	7.376	1.2232172470978442	-0.5261666848558427	False	../../local_backups/dpl_evolve_state_20260516_231324/bo_runs/openroad_dpl_hpwl_only_9case_bo_place_batch_20260421_220319_aes_nangate45/trials.tsv
aes_nangate45	AES N45	OpenROAD BO	fbf8c628			175815.8	7.26	1.2039800995024874	-0.5820347863752049	False	../../local_backups/dpl_evolve_state_20260516_231324/bo_runs/openroad_dpl_hpwl_only_9case_bo_place_batch_20260421_220319_aes_nangate45/trials.tsv
aes_nangate45	AES N45	OpenROAD BO	fca73190			176349.1	6.94	1.1509121061359868	-0.2804714408258979	False	../../local_backups/dpl_evolve_state_20260516_231324/bo_runs/openroad_dpl_hpwl_only_9case_bo_place_batch_20260421_220319_aes_nangate45/trials.tsv
aes_nangate45	AES N45	OpenROAD BO	fd23b12f			177061.2	6.997	1.1603648424543946	0.12219733540822211	False	../../local_backups/dpl_evolve_state_20260516_231324/bo_runs/openroad_dpl_hpwl_only_9case_bo_place_batch_20260421_220319_aes_nangate45/trials.tsv
aes_nangate45	AES N45	OpenROAD BO	fd603446			177616.8	5.878	0.974792703150912	0.4363705864623801	False	../../local_backups/dpl_evolve_state_20260516_231324/bo_runs/openroad_dpl_hpwl_only_9case_bo_place_batch_20260421_220319_aes_nangate45/trials.tsv
aes_nangate45	AES N45	OpenROAD BO	fe65cc25			176327.4	7.117	1.1802653399668324	-0.29274206636203753	False	../../local_backups/dpl_evolve_state_20260516_231324/bo_runs/openroad_dpl_hpwl_only_9case_bo_place_batch_20260421_220319_aes_nangate45/trials.tsv
aes_nangate45	AES N45	OpenROAD BO	fee81381			177951.6	6.08	1.0082918739635158	0.625688809019871	False	../../local_backups/dpl_evolve_state_20260516_231324/bo_runs/openroad_dpl_hpwl_only_9case_bo_place_batch_20260421_220319_aes_nangate45/trials.tsv
aes_nangate45	AES N45	OpenROAD BO	ff1eb764			175827.8	7.279	1.2071310116086236	-0.5752491870003847	False	../../local_backups/dpl_evolve_state_20260516_231324/bo_runs/openroad_dpl_hpwl_only_9case_bo_place_batch_20260421_220319_aes_nangate45/trials.tsv
aes_nangate45	AES N45	OpenROAD BO	ff437e8b			177340.5	5.774	0.9575456053067993	0.2801321608571536	True	../../local_backups/dpl_evolve_state_20260516_231324/bo_runs/openroad_dpl_hpwl_only_9case_bo_place_batch_20260421_220319_aes_nangate45/trials.tsv
aes_nangate45	AES N45	OpenROAD BO	ffa8a02f			176983.9	7.298	1.2102819237147595	0.07848676610207936	False	../../local_backups/dpl_evolve_state_20260516_231324/bo_runs/openroad_dpl_hpwl_only_9case_bo_place_batch_20260421_220319_aes_nangate45/trials.tsv
aes_nangate45	AES N45	OpenROAD BO	ffd88287			178691.9	5.689	0.9434494195688226	1.0443037437848084	False	../../local_backups/dpl_evolve_state_20260516_231324/bo_runs/openroad_dpl_hpwl_only_9case_bo_place_batch_20260421_220319_aes_nangate45/trials.tsv
aes_nangate45	AES N45	OpenROAD BO	fff3c3fe			177033.4	6.866	1.1386401326699833	0.10647736352321233	False	../../local_backups/dpl_evolve_state_20260516_231324/bo_runs/openroad_dpl_hpwl_only_9case_bo_place_batch_20260421_220319_aes_nangate45/trials.tsv
ariane133_nangate45	Ariane133 N45	OpenROAD BO	001582aa			5788499.2	148.17	0.9796234099383808	0.06198710013511132	False	../../local_backups/dpl_evolve_state_20260516_231324/bo_runs/openroad_dpl_hpwl_only_9case_bo_place_batch_20260421_220319_ariane133_nangate45/trials.tsv
ariane133_nangate45	Ariane133 N45	OpenROAD BO	00834a4f			5904447.0	119.486	0.789979636632904	2.0663006306421257	False	../../local_backups/dpl_evolve_state_20260516_231324/bo_runs/openroad_dpl_hpwl_only_9case_bo_place_batch_20260421_220319_ariane133_nangate45/trials.tsv
ariane133_nangate45	Ariane133 N45	OpenROAD BO	00dfe450			5790441.3	138.906	0.9183746330627033	0.09555890837637965	False	../../local_backups/dpl_evolve_state_20260516_231324/bo_runs/openroad_dpl_hpwl_only_9case_bo_place_batch_20260421_220319_ariane133_nangate45/trials.tsv
ariane133_nangate45	Ariane133 N45	OpenROAD BO	01010158			5791942.1	153.534	1.0150874038029247	0.12150225311068731	False	../../local_backups/dpl_evolve_state_20260516_231324/bo_runs/openroad_dpl_hpwl_only_9case_bo_place_batch_20260421_220319_ariane133_nangate45/trials.tsv
ariane133_nangate45	Ariane133 N45	OpenROAD BO	01211b5e			6009199.0	119.813	0.7921415915161452	3.8770797135369373	False	../../local_backups/dpl_evolve_state_20260516_231324/bo_runs/openroad_dpl_hpwl_only_9case_bo_place_batch_20260421_220319_ariane133_nangate45/trials.tsv
ariane133_nangate45	Ariane133 N45	OpenROAD BO	025d2b4f			5784399.4	150.392	0.9943141247719037	-0.008883452064863984	False	../../local_backups/dpl_evolve_state_20260516_231324/bo_runs/openroad_dpl_hpwl_only_9case_bo_place_batch_20260421_220319_ariane133_nangate45/trials.tsv
ariane133_nangate45	Ariane133 N45	OpenROAD BO	02fdd7ce			5786414.5	135.206	0.893912146616243	0.02595025927182325	True	../../local_backups/dpl_evolve_state_20260516_231324/bo_runs/openroad_dpl_hpwl_only_9case_bo_place_batch_20260421_220319_ariane133_nangate45/trials.tsv
ariane133_nangate45	Ariane133 N45	OpenROAD BO	0402b084			5791033.8	140.27	0.9273926956337768	0.10580106706180022	False	../../local_backups/dpl_evolve_state_20260516_231324/bo_runs/openroad_dpl_hpwl_only_9case_bo_place_batch_20260421_220319_ariane133_nangate45/trials.tsv
ariane133_nangate45	Ariane133 N45	OpenROAD BO	0431b623			5788417.3	145.502	0.9619839737656362	0.0605713485801075	False	../../local_backups/dpl_evolve_state_20260516_231324/bo_runs/openroad_dpl_hpwl_only_9case_bo_place_batch_20260421_220319_ariane133_nangate45/trials.tsv
ariane133_nangate45	Ariane133 N45	OpenROAD BO	049a5d9f			6328461.9	83.683	0.553268717107873	9.395967956857723	False	../../local_backups/dpl_evolve_state_20260516_231324/bo_runs/openroad_dpl_hpwl_only_9case_bo_place_batch_20260421_220319_ariane133_nangate45/trials.tsv
ariane133_nangate45	Ariane133 N45	OpenROAD BO	052ce31d			5794734.0	147.718	0.9766350197022187	0.1697639962901464	False	../../local_backups/dpl_evolve_state_20260516_231324/bo_runs/openroad_dpl_hpwl_only_9case_bo_place_batch_20260421_220319_ariane133_nangate45/trials.tsv
ariane133_nangate45	Ariane133 N45	OpenROAD BO	053be28d			5785504.6	150.71	0.9964165763097348	0.01022141507288992	False	../../local_backups/dpl_evolve_state_20260516_231324/bo_runs/openroad_dpl_hpwl_only_9case_bo_place_batch_20260421_220319_ariane133_nangate45/trials.tsv
ariane133_nangate45	Ariane133 N45	OpenROAD BO	0565c721			5798016.2	145.067	0.9591079787374712	0.22650123382143642	False	../../local_backups/dpl_evolve_state_20260516_231324/bo_runs/openroad_dpl_hpwl_only_9case_bo_place_batch_20260421_220319_ariane133_nangate45/trials.tsv
ariane133_nangate45	Ariane133 N45	OpenROAD BO	058e434b			5784080.9	145.037	0.9589096342527702	-0.014389152556520445	False	../../local_backups/dpl_evolve_state_20260516_231324/bo_runs/openroad_dpl_hpwl_only_9case_bo_place_batch_20260421_220319_ariane133_nangate45/trials.tsv
ariane133_nangate45	Ariane133 N45	OpenROAD BO	05926e58			6342997.6	66.92	0.44244043053976145	9.647237064036895	True	../../local_backups/dpl_evolve_state_20260516_231324/bo_runs/openroad_dpl_hpwl_only_9case_bo_place_batch_20260421_220319_ariane133_nangate45/trials.tsv
ariane133_nangate45	Ariane133 N45	OpenROAD BO	0670a11c			5909169.1	121.516	0.8034009467643403	2.1479284745719496	False	../../local_backups/dpl_evolve_state_20260516_231324/bo_runs/openroad_dpl_hpwl_only_9case_bo_place_batch_20260421_220319_ariane133_nangate45/trials.tsv
ariane133_nangate45	Ariane133 N45	OpenROAD BO	06d0a2ab			5791775.3	149.43	0.9879538782958242	0.1186188909693772	False	../../local_backups/dpl_evolve_state_20260516_231324/bo_runs/openroad_dpl_hpwl_only_9case_bo_place_batch_20260421_220319_ariane133_nangate45/trials.tsv
ariane133_nangate45	Ariane133 N45	OpenROAD BO	0710de89			5785504.6	141.619	0.9363115859624996	0.01022141507288992	False	../../local_backups/dpl_evolve_state_20260516_231324/bo_runs/openroad_dpl_hpwl_only_9case_bo_place_batch_20260421_220319_ariane133_nangate45/trials.tsv
ariane133_nangate45	Ariane133 N45	OpenROAD BO	075c414d			5790551.2	142.066	0.9392669187845449	0.09745867755702359	False	../../local_backups/dpl_evolve_state_20260516_231324/bo_runs/openroad_dpl_hpwl_only_9case_bo_place_batch_20260421_220319_ariane133_nangate45/trials.tsv
ariane133_nangate45	Ariane133 N45	OpenROAD BO	081c98a4			5790482.6	147.191	0.973150768254304	0.09627283437419562	False	../../local_backups/dpl_evolve_state_20260516_231324/bo_runs/openroad_dpl_hpwl_only_9case_bo_place_batch_20260421_220319_ariane133_nangate45/trials.tsv
ariane133_nangate45	Ariane133 N45	OpenROAD BO	084674cb			5792320.3	147.357	0.974248274402983	0.12803994832558685	False	../../local_backups/dpl_evolve_state_20260516_231324/bo_runs/openroad_dpl_hpwl_only_9case_bo_place_batch_20260421_220319_ariane133_nangate45/trials.tsv
ariane133_nangate45	Ariane133 N45	OpenROAD BO	08f237ef			6317209.1	84.264	0.5571099886282495	9.20144818765045	False	../../local_backups/dpl_evolve_state_20260516_231324/bo_runs/openroad_dpl_hpwl_only_9case_bo_place_batch_20260421_220319_ariane133_nangate45/trials.tsv
ariane133_nangate45	Ariane133 N45	OpenROAD BO	09d2c5d0			6013012.6	126.584	0.8369079417131674	3.9430029141491163	False	../../local_backups/dpl_evolve_state_20260516_231324/bo_runs/openroad_dpl_hpwl_only_9case_bo_place_batch_20260421_220319_ariane133_nangate45/trials.tsv
ariane133_nangate45	Ariane133 N45	OpenROAD BO	0a33df20			5910303.8	121.272	0.8017877449554386	2.167543288851019	False	../../local_backups/dpl_evolve_state_20260516_231324/bo_runs/openroad_dpl_hpwl_only_9case_bo_place_batch_20260421_220319_ariane133_nangate45/trials.tsv
ariane133_nangate45	Ariane133 N45	OpenROAD BO	0aa98e31			5914232.3	126.752	0.8380186708274932	2.235452690362706	False	../../local_backups/dpl_evolve_state_20260516_231324/bo_runs/openroad_dpl_hpwl_only_9case_bo_place_batch_20260421_220319_ariane133_nangate45/trials.tsv
ariane133_nangate45	Ariane133 N45	OpenROAD BO	0c1776da			5789281.2	144.715	0.9567807367836458	0.0755050209654892	False	../../local_backups/dpl_evolve_state_20260516_231324/bo_runs/openroad_dpl_hpwl_only_9case_bo_place_batch_20260421_220319_ariane133_nangate45/trials.tsv
ariane133_nangate45	Ariane133 N45	OpenROAD BO	0c6aaa26			6015342.4	137.656	0.9101102795334938	3.9832766378711426	False	../../local_backups/dpl_evolve_state_20260516_231324/bo_runs/openroad_dpl_hpwl_only_9case_bo_place_batch_20260421_220319_ariane133_nangate45/trials.tsv
ariane133_nangate45	Ariane133 N45	OpenROAD BO	0cd40514			5802982.6	145.708	0.9633459392272499	0.31235213153496727	False	../../local_backups/dpl_evolve_state_20260516_231324/bo_runs/openroad_dpl_hpwl_only_9case_bo_place_batch_20260421_220319_ariane133_nangate45/trials.tsv
ariane133_nangate45	Ariane133 N45	OpenROAD BO	0db99975			5783815.0	140.342	0.9278687223970592	-0.01898559136573082	False	../../local_backups/dpl_evolve_state_20260516_231324/bo_runs/openroad_dpl_hpwl_only_9case_bo_place_batch_20260421_220319_ariane133_nangate45/trials.tsv
ariane133_nangate45	Ariane133 N45	OpenROAD BO	0dd1ee37			5789173.3	161.54	1.068018935286806	0.07363982447239097	False	../../local_backups/dpl_evolve_state_20260516_231324/bo_runs/openroad_dpl_hpwl_only_9case_bo_place_batch_20260421_220319_ariane133_nangate45/trials.tsv
ariane133_nangate45	Ariane133 N45	OpenROAD BO	0e9142ec			5784942.2	137.567	0.909521857562214	0.0004995753350421437	False	../../local_backups/dpl_evolve_state_20260516_231324/bo_runs/openroad_dpl_hpwl_only_9case_bo_place_batch_20260421_220319_ariane133_nangate45/trials.tsv
ariane133_nangate45	Ariane133 N45	OpenROAD BO	0ec4a250			5799156.2	163.324	1.079813820643694	0.24620766572249878	False	../../local_backups/dpl_evolve_state_20260516_231324/bo_runs/openroad_dpl_hpwl_only_9case_bo_place_batch_20260421_220319_ariane133_nangate45/trials.tsv
ariane133_nangate45	Ariane133 N45	OpenROAD BO	11db54e9			6205115.8	95.907	0.6340874831407187	7.263764869215931	False	../../local_backups/dpl_evolve_state_20260516_231324/bo_runs/openroad_dpl_hpwl_only_9case_bo_place_batch_20260421_220319_ariane133_nangate45/trials.tsv
ariane133_nangate45	Ariane133 N45	OpenROAD BO	124d6d08			5788774.7	148.094	0.9791209372438049	0.06674948784453473	False	../../local_backups/dpl_evolve_state_20260516_231324/bo_runs/openroad_dpl_hpwl_only_9case_bo_place_batch_20260421_220319_ariane133_nangate45/trials.tsv
ariane133_nangate45	Ariane133 N45	OpenROAD BO	128fcda1			5805689.2	135.613	0.8966030201253536	0.35913934959060445	False	../../local_backups/dpl_evolve_state_20260516_231324/bo_runs/openroad_dpl_hpwl_only_9case_bo_place_batch_20260421_220319_ariane133_nangate45/trials.tsv
ariane133_nangate45	Ariane133 N45	OpenROAD BO	12abaeec			5792081.3	153.407	1.0142477454843573	0.12390851216387289	False	../../local_backups/dpl_evolve_state_20260516_231324/bo_runs/openroad_dpl_hpwl_only_9case_bo_place_batch_20260421_220319_ariane133_nangate45/trials.tsv
ariane133_nangate45	Ariane133 N45	OpenROAD BO	12acdbe6			6009517.2	137.307	0.9078028720281384	3.882580228125465	False	../../local_backups/dpl_evolve_state_20260516_231324/bo_runs/openroad_dpl_hpwl_only_9case_bo_place_batch_20260421_220319_ariane133_nangate45/trials.tsv
ariane133_nangate45	Ariane133 N45	OpenROAD BO	137f5d89			5784080.9	144.539	0.955617115806733	-0.014389152556520445	False	../../local_backups/dpl_evolve_state_20260516_231324/bo_runs/openroad_dpl_hpwl_only_9case_bo_place_batch_20260421_220319_ariane133_nangate45/trials.tsv
ariane133_nangate45	Ariane133 N45	OpenROAD BO	13bbaad9			6325094.3	79.446	0.5252558643852643	9.337754465568223	False	../../local_backups/dpl_evolve_state_20260516_231324/bo_runs/openroad_dpl_hpwl_only_9case_bo_place_batch_20260421_220319_ariane133_nangate45/trials.tsv
ariane133_nangate45	Ariane133 N45	OpenROAD BO	147ab25d			6011916.8	133.466	0.8824081665035834	3.924060538642818	False	../../local_backups/dpl_evolve_state_20260516_231324/bo_runs/openroad_dpl_hpwl_only_9case_bo_place_batch_20260421_220319_ariane133_nangate45/trials.tsv
ariane133_nangate45	Ariane133 N45	OpenROAD BO	151a4ab7			6022668.7	129.061	0.853284584666649	4.109921578254256	False	../../local_backups/dpl_evolve_state_20260516_231324/bo_runs/openroad_dpl_hpwl_only_9case_bo_place_batch_20260421_220319_ariane133_nangate45/trials.tsv
ariane133_nangate45	Ariane133 N45	OpenROAD BO	15330b61			5797378.1	153.647	1.0158345013619654	0.21547081785996366	False	../../local_backups/dpl_evolve_state_20260516_231324/bo_runs/openroad_dpl_hpwl_only_9case_bo_place_batch_20260421_220319_ariane133_nangate45/trials.tsv
ariane133_nangate45	Ariane133 N45	OpenROAD BO	16f230fe			5862167.4	124.333	0.8220254938777668	1.335440930463047	False	../../local_backups/dpl_evolve_state_20260516_231324/bo_runs/openroad_dpl_hpwl_only_9case_bo_place_batch_20260421_220319_ariane133_nangate45/trials.tsv
ariane133_nangate45	Ariane133 N45	OpenROAD BO	1764c310			5792081.3	138.032	0.91259619707508	0.12390851216387289	False	../../local_backups/dpl_evolve_state_20260516_231324/bo_runs/openroad_dpl_hpwl_only_9case_bo_place_batch_20260421_220319_ariane133_nangate45/trials.tsv
ariane133_nangate45	Ariane133 N45	OpenROAD BO	18bd411d			5795347.3	158.763	1.0496588474863142	0.18036571092603929	False	../../local_backups/dpl_evolve_state_20260516_231324/bo_runs/openroad_dpl_hpwl_only_9case_bo_place_batch_20260421_220319_ariane133_nangate45/trials.tsv
ariane133_nangate45	Ariane133 N45	OpenROAD BO	1a0db1a0			5787282.1	150.632	0.995900880649512	0.04094789112915165	False	../../local_backups/dpl_evolve_state_20260516_231324/bo_runs/openroad_dpl_hpwl_only_9case_bo_place_batch_20260421_220319_ariane133_nangate45/trials.tsv
ariane133_nangate45	Ariane133 N45	OpenROAD BO	1a76ebc9			5864606.9	128.574	0.850064792531669	1.3776109660969433	False	../../local_backups/dpl_evolve_state_20260516_231324/bo_runs/openroad_dpl_hpwl_only_9case_bo_place_batch_20260421_220319_ariane133_nangate45/trials.tsv
ariane133_nangate45	Ariane133 N45	OpenROAD BO	1ba3bc1e			5794551.9	150.166	0.9928199296538227	0.16661615308911473	False	../../local_backups/dpl_evolve_state_20260516_231324/bo_runs/openroad_dpl_hpwl_only_9case_bo_place_batch_20260421_220319_ariane133_nangate45/trials.tsv
ariane133_nangate45	Ariane133 N45	OpenROAD BO	1c843e95			5789474.8	155.936	1.030968185544654	0.07885165711990878	False	../../local_backups/dpl_evolve_state_20260516_231324/bo_runs/openroad_dpl_hpwl_only_9case_bo_place_batch_20260421_220319_ariane133_nangate45/trials.tsv
ariane133_nangate45	Ariane133 N45	OpenROAD BO	1d97537a			6024487.9	117.02	0.7736757199904793	4.14136889484585	False	../../local_backups/dpl_evolve_state_20260516_231324/bo_runs/openroad_dpl_hpwl_only_9case_bo_place_batch_20260421_220319_ariane133_nangate45/trials.tsv
ariane133_nangate45	Ariane133 N45	OpenROAD BO	1da8f893			5794335.7	156.922	1.0374871076084944	0.16287884556541882	False	../../local_backups/dpl_evolve_state_20260516_231324/bo_runs/openroad_dpl_hpwl_only_9case_bo_place_batch_20260421_220319_ariane133_nangate45/trials.tsv
ariane133_nangate45	Ariane133 N45	OpenROAD BO	1e49d544			5788097.2	156.002	1.0314045434109962	0.055037989938420906	False	../../local_backups/dpl_evolve_state_20260516_231324/bo_runs/openroad_dpl_hpwl_only_9case_bo_place_batch_20260421_220319_ariane133_nangate45/trials.tsv
ariane133_nangate45	Ariane133 N45	OpenROAD BO	1e9dcc05			6196244.6	99.801	0.6598325972549123	7.110414256338117	False	../../local_backups/dpl_evolve_state_20260516_231324/bo_runs/openroad_dpl_hpwl_only_9case_bo_place_batch_20260421_220319_ariane133_nangate45/trials.tsv
ariane133_nangate45	Ariane133 N45	OpenROAD BO	1fef3346			5860180.5	125.357	0.8287956522888953	1.3010946940207417	False	../../local_backups/dpl_evolve_state_20260516_231324/bo_runs/openroad_dpl_hpwl_only_9case_bo_place_batch_20260421_220319_ariane133_nangate45/trials.tsv
ariane133_nangate45	Ariane133 N45	OpenROAD BO	203dbccf			6196929.8	106.007	0.7008634596567318	7.122258859091285	False	../../local_backups/dpl_evolve_state_20260516_231324/bo_runs/openroad_dpl_hpwl_only_9case_bo_place_batch_20260421_220319_ariane133_nangate45/trials.tsv
ariane133_nangate45	Ariane133 N45	OpenROAD BO	20838983			5798016.2	154.788	1.023378203263428	0.22650123382143642	False	../../local_backups/dpl_evolve_state_20260516_231324/bo_runs/openroad_dpl_hpwl_only_9case_bo_place_batch_20260421_220319_ariane133_nangate45/trials.tsv
ariane133_nangate45	Ariane133 N45	OpenROAD BO	2087cf6e			6314433.5	87.23	0.5767196466823579	9.1534682118745	False	../../local_backups/dpl_evolve_state_20260516_231324/bo_runs/openroad_dpl_hpwl_only_9case_bo_place_batch_20260421_220319_ariane133_nangate45/trials.tsv
ariane133_nangate45	Ariane133 N45	OpenROAD BO	20f07f0b			6048424.9	97.789	0.6465302938142966	4.555152105736841	True	../../local_backups/dpl_evolve_state_20260516_231324/bo_runs/openroad_dpl_hpwl_only_9case_bo_place_batch_20260421_220319_ariane133_nangate45/trials.tsv
ariane133_nangate45	Ariane133 N45	OpenROAD BO	22820b65			5796486.5	142.949	0.9451048581175786	0.2000583137520866	False	../../local_backups/dpl_evolve_state_20260516_231324/bo_runs/openroad_dpl_hpwl_only_9case_bo_place_batch_20260421_220319_ariane133_nangate45/trials.tsv
ariane133_nangate45	Ariane133 N45	OpenROAD BO	22c64cc2			5784399.4	151.492	1.0015867558776081	-0.008883452064863984	False	../../local_backups/dpl_evolve_state_20260516_231324/bo_runs/openroad_dpl_hpwl_only_9case_bo_place_batch_20260421_220319_ariane133_nangate45/trials.tsv
ariane133_nangate45	Ariane133 N45	OpenROAD BO	22e7e80d			5798518.0	143.186	0.9466717795467168	0.2351755211266552	False	../../local_backups/dpl_evolve_state_20260516_231324/bo_runs/openroad_dpl_hpwl_only_9case_bo_place_batch_20260421_220319_ariane133_nangate45/trials.tsv
ariane133_nangate45	Ariane133 N45	OpenROAD BO	2427178b			5788807.9	144.416	0.9548039034194589	0.06732339445779695	False	../../local_backups/dpl_evolve_state_20260516_231324/bo_runs/openroad_dpl_hpwl_only_9case_bo_place_batch_20260421_220319_ariane133_nangate45/trials.tsv
ariane133_nangate45	Ariane133 N45	OpenROAD BO	242ec5f8			5796112.5	150.263	0.9934612434876894	0.1935932211810363	False	../../local_backups/dpl_evolve_state_20260516_231324/bo_runs/openroad_dpl_hpwl_only_9case_bo_place_batch_20260421_220319_ariane133_nangate45/trials.tsv
ariane133_nangate45	Ariane133 N45	OpenROAD BO	24963b8f			5795694.7	153.307	1.0135865972020204	0.1863709867527379	False	../../local_backups/dpl_evolve_state_20260516_231324/bo_runs/openroad_dpl_hpwl_only_9case_bo_place_batch_20260421_220319_ariane133_nangate45/trials.tsv
ariane133_nangate45	Ariane133 N45	OpenROAD BO	24d12716			6020043.3	117.364	0.7759500700817179	4.064538011312979	False	../../local_backups/dpl_evolve_state_20260516_231324/bo_runs/openroad_dpl_hpwl_only_9case_bo_place_batch_20260421_220319_ariane133_nangate45/trials.tsv
ariane133_nangate45	Ariane133 N45	OpenROAD BO	251c3264			5784913.3	148.426	0.981315949541163	0.0	False	../../local_backups/dpl_evolve_state_20260516_231324/bo_runs/openroad_dpl_hpwl_only_9case_bo_place_batch_20260421_220319_ariane133_nangate45/trials.tsv
ariane133_nangate45	Ariane133 N45	OpenROAD BO	26f6363e			5790789.1	149.36	0.9874910744981885	0.10157109874057774	False	../../local_backups/dpl_evolve_state_20260516_231324/bo_runs/openroad_dpl_hpwl_only_9case_bo_place_batch_20260421_220319_ariane133_nangate45/trials.tsv
ariane133_nangate45	Ariane133 N45	OpenROAD BO	2823f190			5790441.3	159.159	1.0522769946843678	0.09555890837637965	False	../../local_backups/dpl_evolve_state_20260516_231324/bo_runs/openroad_dpl_hpwl_only_9case_bo_place_batch_20260421_220319_ariane133_nangate45/trials.tsv
ariane133_nangate45	Ariane133 N45	OpenROAD BO	28a106ba			5795694.7	144.628	0.9562055377780126	0.1863709867527379	False	../../local_backups/dpl_evolve_state_20260516_231324/bo_runs/openroad_dpl_hpwl_only_9case_bo_place_batch_20260421_220319_ariane133_nangate45/trials.tsv
ariane133_nangate45	Ariane133 N45	OpenROAD BO	29143db9			5791500.1	145.68	0.9631608177081956	0.11386168916308242	False	../../local_backups/dpl_evolve_state_20260516_231324/bo_runs/openroad_dpl_hpwl_only_9case_bo_place_batch_20260421_220319_ariane133_nangate45/trials.tsv
ariane133_nangate45	Ariane133 N45	OpenROAD BO	29788dcc			5854787.5	123.245	0.8148322005659429	1.2078694420536984	True	../../local_backups/dpl_evolve_state_20260516_231324/bo_runs/openroad_dpl_hpwl_only_9case_bo_place_batch_20260421_220319_ariane133_nangate45/trials.tsv
ariane133_nangate45	Ariane133 N45	OpenROAD BO	29a1cff1			5784607.7	136.423	0.9019583212122815	-0.005282706656980105	True	../../local_backups/dpl_evolve_state_20260516_231324/bo_runs/openroad_dpl_hpwl_only_9case_bo_place_batch_20260421_220319_ariane133_nangate45/trials.tsv
ariane133_nangate45	Ariane133 N45	OpenROAD BO	2aa05ad2			5792365.0	154.162	1.0192394150159998	0.12881264789223698	False	../../local_backups/dpl_evolve_state_20260516_231324/bo_runs/openroad_dpl_hpwl_only_9case_bo_place_batch_20260421_220319_ariane133_nangate45/trials.tsv
ariane133_nangate45	Ariane133 N45	OpenROAD BO	2b637636			5785769.3	141.561	0.9359281199587444	0.014797110269569641	False	../../local_backups/dpl_evolve_state_20260516_231324/bo_runs/openroad_dpl_hpwl_only_9case_bo_place_batch_20260421_220319_ariane133_nangate45/trials.tsv
ariane133_nangate45	Ariane133 N45	OpenROAD BO	2c18188b			6323961.6	87.45	0.5781741729034988	9.3181742239767	False	../../local_backups/dpl_evolve_state_20260516_231324/bo_runs/openroad_dpl_hpwl_only_9case_bo_place_batch_20260421_220319_ariane133_nangate45/trials.tsv
ariane133_nangate45	Ariane133 N45	OpenROAD BO	2c6ffda5			5784913.3	140.052	0.9259513923782825	0.0	False	../../local_backups/dpl_evolve_state_20260516_231324/bo_runs/openroad_dpl_hpwl_only_9case_bo_place_batch_20260421_220319_ariane133_nangate45/trials.tsv
ariane133_nangate45	Ariane133 N45	OpenROAD BO	2cc5f739			6193543.3	101.889	0.6736373733901039	7.063718655904489	False	../../local_backups/dpl_evolve_state_20260516_231324/bo_runs/openroad_dpl_hpwl_only_9case_bo_place_batch_20260421_220319_ariane133_nangate45/trials.tsv
ariane133_nangate45	Ariane133 N45	OpenROAD BO	2ce06c5a			5794475.3	146.497	0.968562399174887	0.16529201915610386	False	../../local_backups/dpl_evolve_state_20260516_231324/bo_runs/openroad_dpl_hpwl_only_9case_bo_place_batch_20260421_220319_ariane133_nangate45/trials.tsv
ariane133_nangate45	Ariane133 N45	OpenROAD BO	2d19def1			5784942.2	142.677	0.9433065347896225	0.0004995753350421437	False	../../local_backups/dpl_evolve_state_20260516_231324/bo_runs/openroad_dpl_hpwl_only_9case_bo_place_batch_20260421_220319_ariane133_nangate45/trials.tsv
ariane133_nangate45	Ariane133 N45	OpenROAD BO	2dd31b44			5788557.6	156.461	1.034439214026922	0.06299662261143678	False	../../local_backups/dpl_evolve_state_20260516_231324/bo_runs/openroad_dpl_hpwl_only_9case_bo_place_batch_20260421_220319_ariane133_nangate45/trials.tsv
ariane133_nangate45	Ariane133 N45	OpenROAD BO	2e124011			5802982.6	153.552	1.0152064104937455	0.31235213153496727	False	../../local_backups/dpl_evolve_state_20260516_231324/bo_runs/openroad_dpl_hpwl_only_9case_bo_place_batch_20260421_220319_ariane133_nangate45/trials.tsv
ariane133_nangate45	Ariane133 N45	OpenROAD BO	2e890587			5785504.6	142.517	0.9422486975378838	0.01022141507288992	False	../../local_backups/dpl_evolve_state_20260516_231324/bo_runs/openroad_dpl_hpwl_only_9case_bo_place_batch_20260421_220319_ariane133_nangate45/trials.tsv
ariane133_nangate45	Ariane133 N45	OpenROAD BO	2eb5a4fd			5911981.3	135.388	0.895115436490096	2.1965411305299942	False	../../local_backups/dpl_evolve_state_20260516_231324/bo_runs/openroad_dpl_hpwl_only_9case_bo_place_batch_20260421_220319_ariane133_nangate45/trials.tsv
ariane133_nangate45	Ariane133 N45	OpenROAD BO	2ec50193			5798474.1	148.774	0.9836167455636949	0.23441665063502012	False	../../local_backups/dpl_evolve_state_20260516_231324/bo_runs/openroad_dpl_hpwl_only_9case_bo_place_batch_20260421_220319_ariane133_nangate45/trials.tsv
ariane133_nangate45	Ariane133 N45	OpenROAD BO	2ecdf760			5785504.6	146.616	0.9693491656308677	0.01022141507288992	False	../../local_backups/dpl_evolve_state_20260516_231324/bo_runs/openroad_dpl_hpwl_only_9case_bo_place_batch_20260421_220319_ariane133_nangate45/trials.tsv
ariane133_nangate45	Ariane133 N45	OpenROAD BO	2f8a0976			5794619.5	151.529	1.0018313807420727	0.16778470992815375	False	../../local_backups/dpl_evolve_state_20260516_231324/bo_runs/openroad_dpl_hpwl_only_9case_bo_place_batch_20260421_220319_ariane133_nangate45/trials.tsv
ariane133_nangate45	Ariane133 N45	OpenROAD BO	2fe35729			6427019.6	61.409	0.40600454870018243	11.099670240520284	False	../../local_backups/dpl_evolve_state_20260516_231324/bo_runs/openroad_dpl_hpwl_only_9case_bo_place_batch_20260421_220319_ariane133_nangate45/trials.tsv
ariane133_nangate45	Ariane133 N45	OpenROAD BO	301ac3b9			5785611.6	153.42	1.0143336947610608	0.012071053856586127	False	../../local_backups/dpl_evolve_state_20260516_231324/bo_runs/openroad_dpl_hpwl_only_9case_bo_place_batch_20260421_220319_ariane133_nangate45/trials.tsv
ariane133_nangate45	Ariane133 N45	OpenROAD BO	3091bd31			6314601.0	80.737	0.5337912887102318	9.156363674456456	False	../../local_backups/dpl_evolve_state_20260516_231324/bo_runs/openroad_dpl_hpwl_only_9case_bo_place_batch_20260421_220319_ariane133_nangate45/trials.tsv
ariane133_nangate45	Ariane133 N45	OpenROAD BO	31b120b9			5784607.7	153.419	1.0143270832782376	-0.005282706656980105	False	../../local_backups/dpl_evolve_state_20260516_231324/bo_runs/openroad_dpl_hpwl_only_9case_bo_place_batch_20260421_220319_ariane133_nangate45/trials.tsv
ariane133_nangate45	Ariane133 N45	OpenROAD BO	33468c35			5784913.3	158.596	1.0485547298548117	0.0	False	../../local_backups/dpl_evolve_state_20260516_231324/bo_runs/openroad_dpl_hpwl_only_9case_bo_place_batch_20260421_220319_ariane133_nangate45/trials.tsv
ariane133_nangate45	Ariane133 N45	OpenROAD BO	35df73e5			5791235.1	154.522	1.021619548832412	0.10928080806327407	False	../../local_backups/dpl_evolve_state_20260516_231324/bo_runs/openroad_dpl_hpwl_only_9case_bo_place_batch_20260421_220319_ariane133_nangate45/trials.tsv
ariane133_nangate45	Ariane133 N45	OpenROAD BO	36073765			5799156.2	149.297	0.9870745510803162	0.24620766572249878	False	../../local_backups/dpl_evolve_state_20260516_231324/bo_runs/openroad_dpl_hpwl_only_9case_bo_place_batch_20260421_220319_ariane133_nangate45/trials.tsv
ariane133_nangate45	Ariane133 N45	OpenROAD BO	362edf71			5788774.7	143.495	0.9487147277391373	0.06674948784453473	False	../../local_backups/dpl_evolve_state_20260516_231324/bo_runs/openroad_dpl_hpwl_only_9case_bo_place_batch_20260421_220319_ariane133_nangate45/trials.tsv
ariane133_nangate45	Ariane133 N45	OpenROAD BO	3725ecd1			6055987.2	107.978	0.7138946923015893	4.6858766232503495	False	../../local_backups/dpl_evolve_state_20260516_231324/bo_runs/openroad_dpl_hpwl_only_9case_bo_place_batch_20260421_220319_ariane133_nangate45/trials.tsv
ariane133_nangate45	Ariane133 N45	OpenROAD BO	3770a004			6314538.6	78.406	0.518379922248962	9.155285006605023	False	../../local_backups/dpl_evolve_state_20260516_231324/bo_runs/openroad_dpl_hpwl_only_9case_bo_place_batch_20260421_220319_ariane133_nangate45/trials.tsv
ariane133_nangate45	Ariane133 N45	OpenROAD BO	37aa94ea			5785504.6	139.739	0.9238819982545685	0.01022141507288992	False	../../local_backups/dpl_evolve_state_20260516_231324/bo_runs/openroad_dpl_hpwl_only_9case_bo_place_batch_20260421_220319_ariane133_nangate45/trials.tsv
ariane133_nangate45	Ariane133 N45	OpenROAD BO	3851f455			5864735.9	139.332	0.9211911247454578	1.3798409044436424	False	../../local_backups/dpl_evolve_state_20260516_231324/bo_runs/openroad_dpl_hpwl_only_9case_bo_place_batch_20260421_220319_ariane133_nangate45/trials.tsv
ariane133_nangate45	Ariane133 N45	OpenROAD BO	387c90e9			5791235.1	149.986	0.9916298627456165	0.10928080806327407	False	../../local_backups/dpl_evolve_state_20260516_231324/bo_runs/openroad_dpl_hpwl_only_9case_bo_place_batch_20260421_220319_ariane133_nangate45/trials.tsv
ariane133_nangate45	Ariane133 N45	OpenROAD BO	3891c0b8			6424643.6	63.216	0.4179514981620078	11.058597887715964	False	../../local_backups/dpl_evolve_state_20260516_231324/bo_runs/openroad_dpl_hpwl_only_9case_bo_place_batch_20260421_220319_ariane133_nangate45/trials.tsv
ariane133_nangate45	Ariane133 N45	OpenROAD BO	39c53964			5791775.3	159.748	1.0561711580673312	0.1186188909693772	False	../../local_backups/dpl_evolve_state_20260516_231324/bo_runs/openroad_dpl_hpwl_only_9case_bo_place_batch_20260421_220319_ariane133_nangate45/trials.tsv
ariane133_nangate45	Ariane133 N45	OpenROAD BO	39f7b3cb			5791252.3	146.037	0.9655211170761379	0.1095781331761705	False	../../local_backups/dpl_evolve_state_20260516_231324/bo_runs/openroad_dpl_hpwl_only_9case_bo_place_batch_20260421_220319_ariane133_nangate45/trials.tsv
ariane133_nangate45	Ariane133 N45	OpenROAD BO	3a1d90cd			5791775.3	148.39	0.9810779361595217	0.1186188909693772	False	../../local_backups/dpl_evolve_state_20260516_231324/bo_runs/openroad_dpl_hpwl_only_9case_bo_place_batch_20260421_220319_ariane133_nangate45/trials.tsv
ariane133_nangate45	Ariane133 N45	OpenROAD BO	3a571f4d			6193114.4	95.667	0.6325007272631106	7.056304543060318	False	../../local_backups/dpl_evolve_state_20260516_231324/bo_runs/openroad_dpl_hpwl_only_9case_bo_place_batch_20260421_220319_ariane133_nangate45/trials.tsv
ariane133_nangate45	Ariane133 N45	OpenROAD BO	3d0ad47c			5788464.5	151.144	0.9992859598550763	0.061387264006189796	False	../../local_backups/dpl_evolve_state_20260516_231324/bo_runs/openroad_dpl_hpwl_only_9case_bo_place_batch_20260421_220319_ariane133_nangate45/trials.tsv
ariane133_nangate45	Ariane133 N45	OpenROAD BO	3d395a61			6325902.0	76.158	0.5035173088620315	9.351716645433566	True	../../local_backups/dpl_evolve_state_20260516_231324/bo_runs/openroad_dpl_hpwl_only_9case_bo_place_batch_20260421_220319_ariane133_nangate45/trials.tsv
ariane133_nangate45	Ariane133 N45	OpenROAD BO	3ddd090d			5795082.0	144.54	0.9556237272895564	0.1757796439231023	False	../../local_backups/dpl_evolve_state_20260516_231324/bo_runs/openroad_dpl_hpwl_only_9case_bo_place_batch_20260421_220319_ariane133_nangate45/trials.tsv
ariane133_nangate45	Ariane133 N45	OpenROAD BO	3e148c10			5795347.3	157.327	1.0401647581519582	0.18036571092603929	False	../../local_backups/dpl_evolve_state_20260516_231324/bo_runs/openroad_dpl_hpwl_only_9case_bo_place_batch_20260421_220319_ariane133_nangate45/trials.tsv
ariane133_nangate45	Ariane133 N45	OpenROAD BO	3e4e14e3			5786414.5	141.502	0.9355380424721657	0.02595025927182325	False	../../local_backups/dpl_evolve_state_20260516_231324/bo_runs/openroad_dpl_hpwl_only_9case_bo_place_batch_20260421_220319_ariane133_nangate45/trials.tsv
ariane133_nangate45	Ariane133 N45	OpenROAD BO	3f061dd9			5788464.5	148.769	0.9835836881495782	0.061387264006189796	False	../../local_backups/dpl_evolve_state_20260516_231324/bo_runs/openroad_dpl_hpwl_only_9case_bo_place_batch_20260421_220319_ariane133_nangate45/trials.tsv
ariane133_nangate45	Ariane133 N45	OpenROAD BO	3f48b9ea			6198513.9	108.995	0.7206185703329543	7.149642156261886	False	../../local_backups/dpl_evolve_state_20260516_231324/bo_runs/openroad_dpl_hpwl_only_9case_bo_place_batch_20260421_220319_ariane133_nangate45/trials.tsv
ariane133_nangate45	Ariane133 N45	OpenROAD BO	410974c6			6349305.4	59.672	0.3945204030359929	9.756275863287366	False	../../local_backups/dpl_evolve_state_20260516_231324/bo_runs/openroad_dpl_hpwl_only_9case_bo_place_batch_20260421_220319_ariane133_nangate45/trials.tsv
ariane133_nangate45	Ariane133 N45	OpenROAD BO	4161236b			6046671.4	105.535	0.6977428397641022	4.524840501931128	False	../../local_backups/dpl_evolve_state_20260516_231324/bo_runs/openroad_dpl_hpwl_only_9case_bo_place_batch_20260421_220319_ariane133_nangate45/trials.tsv
ariane133_nangate45	Ariane133 N45	OpenROAD BO	41a65970			5791481.5	138.051	0.9127218152487239	0.11354016316891363	False	../../local_backups/dpl_evolve_state_20260516_231324/bo_runs/openroad_dpl_hpwl_only_9case_bo_place_batch_20260421_220319_ariane133_nangate45/trials.tsv
ariane133_nangate45	Ariane133 N45	OpenROAD BO	420547e9			5785796.9	144.725	0.9568468516118794	0.015274213357710285	False	../../local_backups/dpl_evolve_state_20260516_231324/bo_runs/openroad_dpl_hpwl_only_9case_bo_place_batch_20260421_220319_ariane133_nangate45/trials.tsv
ariane133_nangate45	Ariane133 N45	OpenROAD BO	423e8091			6426947.9	57.072	0.3773305476952371	11.098430809671783	False	../../local_backups/dpl_evolve_state_20260516_231324/bo_runs/openroad_dpl_hpwl_only_9case_bo_place_batch_20260421_220319_ariane133_nangate45/trials.tsv
ariane133_nangate45	Ariane133 N45	OpenROAD BO	42533e64			5793101.7	146.486	0.9684896728638298	0.14154749734970742	False	../../local_backups/dpl_evolve_state_20260516_231324/bo_runs/openroad_dpl_hpwl_only_9case_bo_place_batch_20260421_220319_ariane133_nangate45/trials.tsv
ariane133_nangate45	Ariane133 N45	OpenROAD BO	42b067f6			5789828.9	154.593	1.0220889641128712	0.08497275144988878	False	../../local_backups/dpl_evolve_state_20260516_231324/bo_runs/openroad_dpl_hpwl_only_9case_bo_place_batch_20260421_220319_ariane133_nangate45/trials.tsv
ariane133_nangate45	Ariane133 N45	OpenROAD BO	43024ca6			6060689.4	105.622	0.6983180387697352	4.767160468939103	False	../../local_backups/dpl_evolve_state_20260516_231324/bo_runs/openroad_dpl_hpwl_only_9case_bo_place_batch_20260421_220319_ariane133_nangate45/trials.tsv
ariane133_nangate45	Ariane133 N45	OpenROAD BO	43aab336			5794335.7	139.431	0.9218456615449713	0.16287884556541882	False	../../local_backups/dpl_evolve_state_20260516_231324/bo_runs/openroad_dpl_hpwl_only_9case_bo_place_batch_20260421_220319_ariane133_nangate45/trials.tsv
ariane133_nangate45	Ariane133 N45	OpenROAD BO	43bd94d1			5806815.1	150.191	0.9929852167244069	0.37860204404445985	False	../../local_backups/dpl_evolve_state_20260516_231324/bo_runs/openroad_dpl_hpwl_only_9case_bo_place_batch_20260421_220319_ariane133_nangate45/trials.tsv
ariane133_nangate45	Ariane133 N45	OpenROAD BO	43fa3706			5788417.3	146.893	0.9711805463729405	0.0605713485801075	False	../../local_backups/dpl_evolve_state_20260516_231324/bo_runs/openroad_dpl_hpwl_only_9case_bo_place_batch_20260421_220319_ariane133_nangate45/trials.tsv
ariane133_nangate45	Ariane133 N45	OpenROAD BO	457593a6			6315312.5	90.936	0.6012218020257584	9.168662908050846	False	../../local_backups/dpl_evolve_state_20260516_231324/bo_runs/openroad_dpl_hpwl_only_9case_bo_place_batch_20260421_220319_ariane133_nangate45/trials.tsv
ariane133_nangate45	Ariane133 N45	OpenROAD BO	45f06a19			5785769.3	141.238	0.9337926110067966	0.014797110269569641	False	../../local_backups/dpl_evolve_state_20260516_231324/bo_runs/openroad_dpl_hpwl_only_9case_bo_place_batch_20260421_220319_ariane133_nangate45/trials.tsv
ariane133_nangate45	Ariane133 N45	OpenROAD BO	460838ad			5793020.6	156.846	1.0369846349139185	0.14014557486971868	False	../../local_backups/dpl_evolve_state_20260516_231324/bo_runs/openroad_dpl_hpwl_only_9case_bo_place_batch_20260421_220319_ariane133_nangate45/trials.tsv
ariane133_nangate45	Ariane133 N45	OpenROAD BO	46c61428			5785611.6	151.351	1.0006545367995132	0.012071053856586127	False	../../local_backups/dpl_evolve_state_20260516_231324/bo_runs/openroad_dpl_hpwl_only_9case_bo_place_batch_20260421_220319_ariane133_nangate45/trials.tsv
ariane133_nangate45	Ariane133 N45	OpenROAD BO	4738e0b5			5864396.0	119.78	0.791923412582974	1.3739652761952403	False	../../local_backups/dpl_evolve_state_20260516_231324/bo_runs/openroad_dpl_hpwl_only_9case_bo_place_batch_20260421_220319_ariane133_nangate45/trials.tsv
ariane133_nangate45	Ariane133 N45	OpenROAD BO	47449658			5794335.7	146.77	0.9703673339856663	0.16287884556541882	False	../../local_backups/dpl_evolve_state_20260516_231324/bo_runs/openroad_dpl_hpwl_only_9case_bo_place_batch_20260421_220319_ariane133_nangate45/trials.tsv
ariane133_nangate45	Ariane133 N45	OpenROAD BO	48e08162			6046671.4	107.655	0.7117591833496416	4.524840501931128	False	../../local_backups/dpl_evolve_state_20260516_231324/bo_runs/openroad_dpl_hpwl_only_9case_bo_place_batch_20260421_220319_ariane133_nangate45/trials.tsv
ariane133_nangate45	Ariane133 N45	OpenROAD BO	4ab43c9b			5796300.6	145.974	0.9651045936582655	0.19684478244470516	False	../../local_backups/dpl_evolve_state_20260516_231324/bo_runs/openroad_dpl_hpwl_only_9case_bo_place_batch_20260421_220319_ariane133_nangate45/trials.tsv
ariane133_nangate45	Ariane133 N45	OpenROAD BO	4c263f68			6426464.0	64.429	0.4259712268267527	11.090065947920086	False	../../local_backups/dpl_evolve_state_20260516_231324/bo_runs/openroad_dpl_hpwl_only_9case_bo_place_batch_20260421_220319_ariane133_nangate45/trials.tsv
ariane133_nangate45	Ariane133 N45	OpenROAD BO	4c80dd6f			5786414.5	143.044	0.9457329489857985	0.02595025927182325	False	../../local_backups/dpl_evolve_state_20260516_231324/bo_runs/openroad_dpl_hpwl_only_9case_bo_place_batch_20260421_220319_ariane133_nangate45/trials.tsv
ariane133_nangate45	Ariane133 N45	OpenROAD BO	4db6fd96			5786711.4	162.818	1.07646841033507	0.031082574737992336	False	../../local_backups/dpl_evolve_state_20260516_231324/bo_runs/openroad_dpl_hpwl_only_9case_bo_place_batch_20260421_220319_ariane133_nangate45/trials.tsv
ariane133_nangate45	Ariane133 N45	OpenROAD BO	4f3ad686			6315343.1	91.01	0.6017110517546875	9.169191870170291	False	../../local_backups/dpl_evolve_state_20260516_231324/bo_runs/openroad_dpl_hpwl_only_9case_bo_place_batch_20260421_220319_ariane133_nangate45/trials.tsv
ariane133_nangate45	Ariane133 N45	OpenROAD BO	4fac2a59			5794619.5	137.884	0.9116176976172214	0.16778470992815375	False	../../local_backups/dpl_evolve_state_20260516_231324/bo_runs/openroad_dpl_hpwl_only_9case_bo_place_batch_20260421_220319_ariane133_nangate45/trials.tsv
ariane133_nangate45	Ariane133 N45	OpenROAD BO	4fc13bf7			6208120.2	91.797	0.6069142887366779	7.315699960447123	False	../../local_backups/dpl_evolve_state_20260516_231324/bo_runs/openroad_dpl_hpwl_only_9case_bo_place_batch_20260421_220319_ariane133_nangate45/trials.tsv
ariane133_nangate45	Ariane133 N45	OpenROAD BO	507625aa			5863976.6	115.502	0.7636394890646073	1.3667153836168957	True	../../local_backups/dpl_evolve_state_20260516_231324/bo_runs/openroad_dpl_hpwl_only_9case_bo_place_batch_20260421_220319_ariane133_nangate45/trials.tsv
ariane133_nangate45	Ariane133 N45	OpenROAD BO	514719b5			5803245.2	142.832	0.9443313146272445	0.31689152540973037	False	../../local_backups/dpl_evolve_state_20260516_231324/bo_runs/openroad_dpl_hpwl_only_9case_bo_place_batch_20260421_220319_ariane133_nangate45/trials.tsv
ariane133_nangate45	Ariane133 N45	OpenROAD BO	51ebb0a8			5786095.4	142.635	0.9430288525110411	0.020434186973909512	False	../../local_backups/dpl_evolve_state_20260516_231324/bo_runs/openroad_dpl_hpwl_only_9case_bo_place_batch_20260421_220319_ariane133_nangate45/trials.tsv
ariane133_nangate45	Ariane133 N45	OpenROAD BO	52448b65			5789474.8	149.205	0.9864662946605665	0.07885165711990878	False	../../local_backups/dpl_evolve_state_20260516_231324/bo_runs/openroad_dpl_hpwl_only_9case_bo_place_batch_20260421_220319_ariane133_nangate45/trials.tsv
ariane133_nangate45	Ariane133 N45	OpenROAD BO	534eaf4b			5793842.2	143.39	0.9480205220426836	0.15434803491351154	False	../../local_backups/dpl_evolve_state_20260516_231324/bo_runs/openroad_dpl_hpwl_only_9case_bo_place_batch_20260421_220319_ariane133_nangate45/trials.tsv
ariane133_nangate45	Ariane133 N45	OpenROAD BO	53df2f68			5789478.7	153.468	1.0146510459365825	0.07891907386062938	False	../../local_backups/dpl_evolve_state_20260516_231324/bo_runs/openroad_dpl_hpwl_only_9case_bo_place_batch_20260421_220319_ariane133_nangate45/trials.tsv
ariane133_nangate45	Ariane133 N45	OpenROAD BO	53e4d153			6427301.0	67.252	0.4446354428371195	11.104534617657972	False	../../local_backups/dpl_evolve_state_20260516_231324/bo_runs/openroad_dpl_hpwl_only_9case_bo_place_batch_20260421_220319_ariane133_nangate45/trials.tsv
ariane133_nangate45	Ariane133 N45	OpenROAD BO	5429f81a			5795451.9	141.524	0.9356834950942797	0.18217386248469028	False	../../local_backups/dpl_evolve_state_20260516_231324/bo_runs/openroad_dpl_hpwl_only_9case_bo_place_batch_20260421_220319_ariane133_nangate45/trials.tsv
ariane133_nangate45	Ariane133 N45	OpenROAD BO	58872916			5792479.0	156.03	1.0315896649300504	0.1307832910823432	False	../../local_backups/dpl_evolve_state_20260516_231324/bo_runs/openroad_dpl_hpwl_only_9case_bo_place_batch_20260421_220319_ariane133_nangate45/trials.tsv
ariane133_nangate45	Ariane133 N45	OpenROAD BO	589393e6			6347631.8	59.426	0.39289397826144445	9.727345438349094	True	../../local_backups/dpl_evolve_state_20260516_231324/bo_runs/openroad_dpl_hpwl_only_9case_bo_place_batch_20260421_220319_ariane133_nangate45/trials.tsv
ariane133_nangate45	Ariane133 N45	OpenROAD BO	58ba5550			5861103.2	116.79	0.7721550789411049	1.3170448034199644	True	../../local_backups/dpl_evolve_state_20260516_231324/bo_runs/openroad_dpl_hpwl_only_9case_bo_place_batch_20260421_220319_ariane133_nangate45/trials.tsv
ariane133_nangate45	Ariane133 N45	OpenROAD BO	58d755bc			5914237.6	121.493	0.8032488826594028	2.235544307984699	False	../../local_backups/dpl_evolve_state_20260516_231324/bo_runs/openroad_dpl_hpwl_only_9case_bo_place_batch_20260421_220319_ariane133_nangate45/trials.tsv
ariane133_nangate45	Ariane133 N45	OpenROAD BO	594820fe			5788464.5	148.974	0.9849390421283685	0.061387264006189796	False	../../local_backups/dpl_evolve_state_20260516_231324/bo_runs/openroad_dpl_hpwl_only_9case_bo_place_batch_20260421_220319_ariane133_nangate45/trials.tsv
ariane133_nangate45	Ariane133 N45	OpenROAD BO	59657e78			6315343.1	83.405	0.5514307248829767	9.169191870170291	False	../../local_backups/dpl_evolve_state_20260516_231324/bo_runs/openroad_dpl_hpwl_only_9case_bo_place_batch_20260421_220319_ariane133_nangate45/trials.tsv
ariane133_nangate45	Ariane133 N45	OpenROAD BO	5a47472c			5799156.2	138.381	0.9149036045804353	0.24620766572249878	False	../../local_backups/dpl_evolve_state_20260516_231324/bo_runs/openroad_dpl_hpwl_only_9case_bo_place_batch_20260421_220319_ariane133_nangate45/trials.tsv
ariane133_nangate45	Ariane133 N45	OpenROAD BO	5a74d4ce			5785504.6	151.463	1.0013950228757305	0.01022141507288992	False	../../local_backups/dpl_evolve_state_20260516_231324/bo_runs/openroad_dpl_hpwl_only_9case_bo_place_batch_20260421_220319_ariane133_nangate45/trials.tsv
ariane133_nangate45	Ariane133 N45	OpenROAD BO	5b4f1746			5790970.6	154.478	1.0213286435881839	0.10470857013535213	False	../../local_backups/dpl_evolve_state_20260516_231324/bo_runs/openroad_dpl_hpwl_only_9case_bo_place_batch_20260421_220319_ariane133_nangate45/trials.tsv
ariane133_nangate45	Ariane133 N45	OpenROAD BO	5c764afb			6012590.0	121.171	0.8011199851902785	3.9356977052707114	False	../../local_backups/dpl_evolve_state_20260516_231324/bo_runs/openroad_dpl_hpwl_only_9case_bo_place_batch_20260421_220319_ariane133_nangate45/trials.tsv
ariane133_nangate45	Ariane133 N45	OpenROAD BO	5c83a9b2			6316264.3	81.375	0.5380094147515404	9.185116050053853	False	../../local_backups/dpl_evolve_state_20260516_231324/bo_runs/openroad_dpl_hpwl_only_9case_bo_place_batch_20260421_220319_ariane133_nangate45/trials.tsv
ariane133_nangate45	Ariane133 N45	OpenROAD BO	5da23d7a			5799156.2	143.17	0.9465659958215427	0.24620766572249878	False	../../local_backups/dpl_evolve_state_20260516_231324/bo_runs/openroad_dpl_hpwl_only_9case_bo_place_batch_20260421_220319_ariane133_nangate45/trials.tsv
ariane133_nangate45	Ariane133 N45	OpenROAD BO	5e0ba905			6193496.3	93.195	0.6161571417237457	7.062906197747164	True	../../local_backups/dpl_evolve_state_20260516_231324/bo_runs/openroad_dpl_hpwl_only_9case_bo_place_batch_20260421_220319_ariane133_nangate45/trials.tsv
ariane133_nangate45	Ariane133 N45	OpenROAD BO	5e4d8ec1			6190037.7	95.314	0.6301668738264617	7.0031196491743515	False	../../local_backups/dpl_evolve_state_20260516_231324/bo_runs/openroad_dpl_hpwl_only_9case_bo_place_batch_20260421_220319_ariane133_nangate45/trials.tsv
ariane133_nangate45	Ariane133 N45	OpenROAD BO	5ea09078			6207564.0	97.579	0.6451418824213894	7.306085296040654	False	../../local_backups/dpl_evolve_state_20260516_231324/bo_runs/openroad_dpl_hpwl_only_9case_bo_place_batch_20260421_220319_ariane133_nangate45/trials.tsv
ariane133_nangate45	Ariane133 N45	OpenROAD BO	5fbc6f05			5799156.2	150.793	0.9969653293840742	0.24620766572249878	False	../../local_backups/dpl_evolve_state_20260516_231324/bo_runs/openroad_dpl_hpwl_only_9case_bo_place_batch_20260421_220319_ariane133_nangate45/trials.tsv
ariane133_nangate45	Ariane133 N45	OpenROAD BO	5ff71183			5915576.0	129.431	0.8557308333112951	2.2586803504903035	False	../../local_backups/dpl_evolve_state_20260516_231324/bo_runs/openroad_dpl_hpwl_only_9case_bo_place_batch_20260421_220319_ariane133_nangate45/trials.tsv
ariane133_nangate45	Ariane133 N45	OpenROAD BO	600bd8b7			6328510.0	85.167	0.5630801576177504	9.39679942999319	False	../../local_backups/dpl_evolve_state_20260516_231324/bo_runs/openroad_dpl_hpwl_only_9case_bo_place_batch_20260421_220319_ariane133_nangate45/trials.tsv
ariane133_nangate45	Ariane133 N45	OpenROAD BO	63338a32			5799156.2	151.543	1.0019239415016	0.24620766572249878	False	../../local_backups/dpl_evolve_state_20260516_231324/bo_runs/openroad_dpl_hpwl_only_9case_bo_place_batch_20260421_220319_ariane133_nangate45/trials.tsv
ariane133_nangate45	Ariane133 N45	OpenROAD BO	63df66db			6056862.2	98.531	0.6514360140692355	4.701002174051604	False	../../local_backups/dpl_evolve_state_20260516_231324/bo_runs/openroad_dpl_hpwl_only_9case_bo_place_batch_20260421_220319_ariane133_nangate45/trials.tsv
ariane133_nangate45	Ariane133 N45	OpenROAD BO	644736b6			5794734.0	152.378	1.0074445296591117	0.1697639962901464	False	../../local_backups/dpl_evolve_state_20260516_231324/bo_runs/openroad_dpl_hpwl_only_9case_bo_place_batch_20260421_220319_ariane133_nangate45/trials.tsv
ariane133_nangate45	Ariane133 N45	OpenROAD BO	64ef6afe			5784913.3	158.115	1.045374606616772	0.0	False	../../local_backups/dpl_evolve_state_20260516_231324/bo_runs/openroad_dpl_hpwl_only_9case_bo_place_batch_20260421_220319_ariane133_nangate45/trials.tsv
ariane133_nangate45	Ariane133 N45	OpenROAD BO	661b710a			5791235.1	149.344	0.9873852907730145	0.10928080806327407	False	../../local_backups/dpl_evolve_state_20260516_231324/bo_runs/openroad_dpl_hpwl_only_9case_bo_place_batch_20260421_220319_ariane133_nangate45/trials.tsv
ariane133_nangate45	Ariane133 N45	OpenROAD BO	662bbd02			6206692.8	101.152	0.668764710549282	7.291025433345734	False	../../local_backups/dpl_evolve_state_20260516_231324/bo_runs/openroad_dpl_hpwl_only_9case_bo_place_batch_20260421_220319_ariane133_nangate45/trials.tsv
ariane133_nangate45	Ariane133 N45	OpenROAD BO	66477410			5795694.7	147.112	0.9726284611112579	0.1863709867527379	False	../../local_backups/dpl_evolve_state_20260516_231324/bo_runs/openroad_dpl_hpwl_only_9case_bo_place_batch_20260421_220319_ariane133_nangate45/trials.tsv
ariane133_nangate45	Ariane133 N45	OpenROAD BO	66b09cd7			6425356.2	64.725	0.42792822574246947	11.070916136288515	False	../../local_backups/dpl_evolve_state_20260516_231324/bo_runs/openroad_dpl_hpwl_only_9case_bo_place_batch_20260421_220319_ariane133_nangate45/trials.tsv
ariane133_nangate45	Ariane133 N45	OpenROAD BO	678a153b			5791252.3	140.256	0.9273001348742496	0.1095781331761705	False	../../local_backups/dpl_evolve_state_20260516_231324/bo_runs/openroad_dpl_hpwl_only_9case_bo_place_batch_20260421_220319_ariane133_nangate45/trials.tsv
ariane133_nangate45	Ariane133 N45	OpenROAD BO	67abdc15			6023791.2	132.22	0.8741702589056674	4.129325499139293	False	../../local_backups/dpl_evolve_state_20260516_231324/bo_runs/openroad_dpl_hpwl_only_9case_bo_place_batch_20260421_220319_ariane133_nangate45/trials.tsv
ariane133_nangate45	Ariane133 N45	OpenROAD BO	68110306			5794551.9	145.953	0.9649657525189749	0.16661615308911473	False	../../local_backups/dpl_evolve_state_20260516_231324/bo_runs/openroad_dpl_hpwl_only_9case_bo_place_batch_20260421_220319_ariane133_nangate45/trials.tsv
ariane133_nangate45	Ariane133 N45	OpenROAD BO	682c6ac5			6426359.2	65.496	0.4330256789992859	11.088254339092694	False	../../local_backups/dpl_evolve_state_20260516_231324/bo_runs/openroad_dpl_hpwl_only_9case_bo_place_batch_20260421_220319_ariane133_nangate45/trials.tsv
ariane133_nangate45	Ariane133 N45	OpenROAD BO	684c8d69			5785769.3	144.991	0.9586055060428953	0.014797110269569641	False	../../local_backups/dpl_evolve_state_20260516_231324/bo_runs/openroad_dpl_hpwl_only_9case_bo_place_batch_20260421_220319_ariane133_nangate45/trials.tsv
ariane133_nangate45	Ariane133 N45	OpenROAD BO	68b7deec			5789478.7	136.835	0.9046822521355089	0.07891907386062938	False	../../local_backups/dpl_evolve_state_20260516_231324/bo_runs/openroad_dpl_hpwl_only_9case_bo_place_batch_20260421_220319_ariane133_nangate45/trials.tsv
ariane133_nangate45	Ariane133 N45	OpenROAD BO	68da0b47			5790441.3	146.138	0.966188876841298	0.09555890837637965	False	../../local_backups/dpl_evolve_state_20260516_231324/bo_runs/openroad_dpl_hpwl_only_9case_bo_place_batch_20260421_220319_ariane133_nangate45/trials.tsv
ariane133_nangate45	Ariane133 N45	OpenROAD BO	690f2886			6425548.7	61.848	0.40890698965964084	11.07424375746479	False	../../local_backups/dpl_evolve_state_20260516_231324/bo_runs/openroad_dpl_hpwl_only_9case_bo_place_batch_20260421_220319_ariane133_nangate45/trials.tsv
ariane133_nangate45	Ariane133 N45	OpenROAD BO	6a4b2577			6328510.0	78.226	0.5171898553407558	9.39679942999319	False	../../local_backups/dpl_evolve_state_20260516_231324/bo_runs/openroad_dpl_hpwl_only_9case_bo_place_batch_20260421_220319_ariane133_nangate45/trials.tsv
ariane133_nangate45	Ariane133 N45	OpenROAD BO	6af4f1d4			6013009.8	118.626	0.7842937614048079	3.9429545123865557	False	../../local_backups/dpl_evolve_state_20260516_231324/bo_runs/openroad_dpl_hpwl_only_9case_bo_place_batch_20260421_220319_ariane133_nangate45/trials.tsv
ariane133_nangate45	Ariane133 N45	OpenROAD BO	6bb78b81			6347715.6	59.92	0.39616005077618804	9.728794033957257	False	../../local_backups/dpl_evolve_state_20260516_231324/bo_runs/openroad_dpl_hpwl_only_9case_bo_place_batch_20260421_220319_ariane133_nangate45/trials.tsv
ariane133_nangate45	Ariane133 N45	OpenROAD BO	6c8c95a3			5792653.0	150.549	0.9953521275751726	0.13379111489882115	False	../../local_backups/dpl_evolve_state_20260516_231324/bo_runs/openroad_dpl_hpwl_only_9case_bo_place_batch_20260421_220319_ariane133_nangate45/trials.tsv
ariane133_nangate45	Ariane133 N45	OpenROAD BO	6d49219c			5792320.3	146.689	0.9698318038769734	0.12803994832558685	False	../../local_backups/dpl_evolve_state_20260516_231324/bo_runs/openroad_dpl_hpwl_only_9case_bo_place_batch_20260421_220319_ariane133_nangate45/trials.tsv
ariane133_nangate45	Ariane133 N45	OpenROAD BO	6e6ff503			5799156.2	146.956	0.9715970697908125	0.24620766572249878	False	../../local_backups/dpl_evolve_state_20260516_231324/bo_runs/openroad_dpl_hpwl_only_9case_bo_place_batch_20260421_220319_ariane133_nangate45/trials.tsv
ariane133_nangate45	Ariane133 N45	OpenROAD BO	6f58d2e8			5784913.3	150.61	0.995755428027398	0.0	False	../../local_backups/dpl_evolve_state_20260516_231324/bo_runs/openroad_dpl_hpwl_only_9case_bo_place_batch_20260421_220319_ariane133_nangate45/trials.tsv
ariane133_nangate45	Ariane133 N45	OpenROAD BO	6f8abb4b			5792653.0	148.661	0.9828696480046545	0.13379111489882115	False	../../local_backups/dpl_evolve_state_20260516_231324/bo_runs/openroad_dpl_hpwl_only_9case_bo_place_batch_20260421_220319_ariane133_nangate45/trials.tsv
ariane133_nangate45	Ariane133 N45	OpenROAD BO	6fb9df0d			5793842.2	142.223	0.9403049215878138	0.15434803491351154	False	../../local_backups/dpl_evolve_state_20260516_231324/bo_runs/openroad_dpl_hpwl_only_9case_bo_place_batch_20260421_220319_ariane133_nangate45/trials.tsv
ariane133_nangate45	Ariane133 N45	OpenROAD BO	6fdf7ec5			5792081.3	144.877	0.9578517970010314	0.12390851216387289	False	../../local_backups/dpl_evolve_state_20260516_231324/bo_runs/openroad_dpl_hpwl_only_9case_bo_place_batch_20260421_220319_ariane133_nangate45/trials.tsv
ariane133_nangate45	Ariane133 N45	OpenROAD BO	70424033			5795347.3	144.249	0.9536997857879564	0.18036571092603929	False	../../local_backups/dpl_evolve_state_20260516_231324/bo_runs/openroad_dpl_hpwl_only_9case_bo_place_batch_20260421_220319_ariane133_nangate45/trials.tsv
ariane133_nangate45	Ariane133 N45	OpenROAD BO	71583f34			5786711.4	139.952	0.9252902440959457	0.031082574737992336	False	../../local_backups/dpl_evolve_state_20260516_231324/bo_runs/openroad_dpl_hpwl_only_9case_bo_place_batch_20260421_220319_ariane133_nangate45/trials.tsv
ariane133_nangate45	Ariane133 N45	OpenROAD BO	7187adbf			5794728.9	149.715	0.9898381509004839	0.16967583593691127	False	../../local_backups/dpl_evolve_state_20260516_231324/bo_runs/openroad_dpl_hpwl_only_9case_bo_place_batch_20260421_220319_ariane133_nangate45/trials.tsv
ariane133_nangate45	Ariane133 N45	OpenROAD BO	722f3923			5784942.2	140.5	0.9289133366831512	0.0004995753350421437	False	../../local_backups/dpl_evolve_state_20260516_231324/bo_runs/openroad_dpl_hpwl_only_9case_bo_place_batch_20260421_220319_ariane133_nangate45/trials.tsv
ariane133_nangate45	Ariane133 N45	OpenROAD BO	72cc9d32			5799156.2	145.947	0.9649260836220347	0.24620766572249878	False	../../local_backups/dpl_evolve_state_20260516_231324/bo_runs/openroad_dpl_hpwl_only_9case_bo_place_batch_20260421_220319_ariane133_nangate45/trials.tsv
ariane133_nangate45	Ariane133 N45	OpenROAD BO	72dc56b1			5904045.9	123.314	0.8152883928807552	2.059367078154837	False	../../local_backups/dpl_evolve_state_20260516_231324/bo_runs/openroad_dpl_hpwl_only_9case_bo_place_batch_20260421_220319_ariane133_nangate45/trials.tsv
ariane133_nangate45	Ariane133 N45	OpenROAD BO	752059e9			6315191.8	84.408	0.5580620421548145	9.166576446357459	False	../../local_backups/dpl_evolve_state_20260516_231324/bo_runs/openroad_dpl_hpwl_only_9case_bo_place_batch_20260421_220319_ariane133_nangate45/trials.tsv
ariane133_nangate45	Ariane133 N45	OpenROAD BO	76d7a7da			5785611.6	147.848	0.9774945124692567	0.012071053856586127	False	../../local_backups/dpl_evolve_state_20260516_231324/bo_runs/openroad_dpl_hpwl_only_9case_bo_place_batch_20260421_220319_ariane133_nangate45/trials.tsv
ariane133_nangate45	Ariane133 N45	OpenROAD BO	775c3d87			5795694.7	159.474	1.0543596117737284	0.1863709867527379	False	../../local_backups/dpl_evolve_state_20260516_231324/bo_runs/openroad_dpl_hpwl_only_9case_bo_place_batch_20260421_220319_ariane133_nangate45/trials.tsv
ariane133_nangate45	Ariane133 N45	OpenROAD BO	77e0c807			5792365.0	142.481	0.9420106841562425	0.12881264789223698	False	../../local_backups/dpl_evolve_state_20260516_231324/bo_runs/openroad_dpl_hpwl_only_9case_bo_place_batch_20260421_220319_ariane133_nangate45/trials.tsv
ariane133_nangate45	Ariane133 N45	OpenROAD BO	78226504			5790035.5	143.379	0.9479477957316266	0.08854411007335558	False	../../local_backups/dpl_evolve_state_20260516_231324/bo_runs/openroad_dpl_hpwl_only_9case_bo_place_batch_20260421_220319_ariane133_nangate45/trials.tsv
ariane133_nangate45	Ariane133 N45	OpenROAD BO	79e8b59b			5799156.2	153.109	1.0122775236029937	0.24620766572249878	False	../../local_backups/dpl_evolve_state_20260516_231324/bo_runs/openroad_dpl_hpwl_only_9case_bo_place_batch_20260421_220319_ariane133_nangate45/trials.tsv
ariane133_nangate45	Ariane133 N45	OpenROAD BO	79fd1fce			5794379.6	136.716	0.9038954856795282	0.16363771605703778	False	../../local_backups/dpl_evolve_state_20260516_231324/bo_runs/openroad_dpl_hpwl_only_9case_bo_place_batch_20260421_220319_ariane133_nangate45/trials.tsv
ariane133_nangate45	Ariane133 N45	OpenROAD BO	7a6778f7			5783815.0	149.802	0.9904133499061168	-0.01898559136573082	False	../../local_backups/dpl_evolve_state_20260516_231324/bo_runs/openroad_dpl_hpwl_only_9case_bo_place_batch_20260421_220319_ariane133_nangate45/trials.tsv
ariane133_nangate45	Ariane133 N45	OpenROAD BO	7aa640c4			6315391.4	80.582	0.5327665088726099	9.170026800574533	False	../../local_backups/dpl_evolve_state_20260516_231324/bo_runs/openroad_dpl_hpwl_only_9case_bo_place_batch_20260421_220319_ariane133_nangate45/trials.tsv
ariane133_nangate45	Ariane133 N45	OpenROAD BO	7c615c2b			6206344.2	103.007	0.681029011186629	7.284999413906521	False	../../local_backups/dpl_evolve_state_20260516_231324/bo_runs/openroad_dpl_hpwl_only_9case_bo_place_batch_20260421_220319_ariane133_nangate45/trials.tsv
ariane133_nangate45	Ariane133 N45	OpenROAD BO	7c6d75d7			5792423.3	144.915	0.9581030333483193	0.1298204417341916	False	../../local_backups/dpl_evolve_state_20260516_231324/bo_runs/openroad_dpl_hpwl_only_9case_bo_place_batch_20260421_220319_ariane133_nangate45/trials.tsv
ariane133_nangate45	Ariane133 N45	OpenROAD BO	7c8f5247			5864955.7	126.21	0.8344352471372278	1.3836404428049143	False	../../local_backups/dpl_evolve_state_20260516_231324/bo_runs/openroad_dpl_hpwl_only_9case_bo_place_batch_20260421_220319_ariane133_nangate45/trials.tsv
ariane133_nangate45	Ariane133 N45	OpenROAD BO	7eeb7f49			5784399.4	146.398	0.9679078623753734	-0.008883452064863984	False	../../local_backups/dpl_evolve_state_20260516_231324/bo_runs/openroad_dpl_hpwl_only_9case_bo_place_batch_20260421_220319_ariane133_nangate45/trials.tsv
ariane133_nangate45	Ariane133 N45	OpenROAD BO	7f148e14			5792423.3	151.755	1.0033255758601538	0.1298204417341916	False	../../local_backups/dpl_evolve_state_20260516_231324/bo_runs/openroad_dpl_hpwl_only_9case_bo_place_batch_20260421_220319_ariane133_nangate45/trials.tsv
ariane133_nangate45	Ariane133 N45	OpenROAD BO	7f3f1f42			5787419.1	148.784	0.9836828603919285	0.043316120226033705	False	../../local_backups/dpl_evolve_state_20260516_231324/bo_runs/openroad_dpl_hpwl_only_9case_bo_place_batch_20260421_220319_ariane133_nangate45/trials.tsv
ariane133_nangate45	Ariane133 N45	OpenROAD BO	80402fdb			5799156.2	148.836	0.9840266574987439	0.24620766572249878	False	../../local_backups/dpl_evolve_state_20260516_231324/bo_runs/openroad_dpl_hpwl_only_9case_bo_place_batch_20260421_220319_ariane133_nangate45/trials.tsv
ariane133_nangate45	Ariane133 N45	OpenROAD BO	80659b47			5796112.5	143.306	0.9474651574855208	0.1935932211810363	False	../../local_backups/dpl_evolve_state_20260516_231324/bo_runs/openroad_dpl_hpwl_only_9case_bo_place_batch_20260421_220319_ariane133_nangate45/trials.tsv
ariane133_nangate45	Ariane133 N45	OpenROAD BO	80b834f2			5788499.2	143.037	0.9456866686060349	0.06198710013511132	False	../../local_backups/dpl_evolve_state_20260516_231324/bo_runs/openroad_dpl_hpwl_only_9case_bo_place_batch_20260421_220319_ariane133_nangate45/trials.tsv
ariane133_nangate45	Ariane133 N45	OpenROAD BO	8362b7bb			6196154.2	105.379	0.696711448443657	7.10885157086106	False	../../local_backups/dpl_evolve_state_20260516_231324/bo_runs/openroad_dpl_hpwl_only_9case_bo_place_batch_20260421_220319_ariane133_nangate45/trials.tsv
ariane133_nangate45	Ariane133 N45	OpenROAD BO	83bcad70			5784399.4	150.1	0.9923835717874804	-0.008883452064863984	False	../../local_backups/dpl_evolve_state_20260516_231324/bo_runs/openroad_dpl_hpwl_only_9case_bo_place_batch_20260421_220319_ariane133_nangate45/trials.tsv
ariane133_nangate45	Ariane133 N45	OpenROAD BO	8447d6b9			5788417.3	161.202	1.0657842540925078	0.0605713485801075	False	../../local_backups/dpl_evolve_state_20260516_231324/bo_runs/openroad_dpl_hpwl_only_9case_bo_place_batch_20260421_220319_ariane133_nangate45/trials.tsv
ariane133_nangate45	Ariane133 N45	OpenROAD BO	8488c627			5866430.6	131.316	0.868193478433343	1.4091360712354983	False	../../local_backups/dpl_evolve_state_20260516_231324/bo_runs/openroad_dpl_hpwl_only_9case_bo_place_batch_20260421_220319_ariane133_nangate45/trials.tsv
ariane133_nangate45	Ariane133 N45	OpenROAD BO	85a088c7			5796300.6	149.409	0.9878150371565334	0.19684478244470516	False	../../local_backups/dpl_evolve_state_20260516_231324/bo_runs/openroad_dpl_hpwl_only_9case_bo_place_batch_20260421_220319_ariane133_nangate45/trials.tsv
ariane133_nangate45	Ariane133 N45	OpenROAD BO	87169ba9			5790764.6	157.618	1.042088699653558	0.10114758331814262	False	../../local_backups/dpl_evolve_state_20260516_231324/bo_runs/openroad_dpl_hpwl_only_9case_bo_place_batch_20260421_220319_ariane133_nangate45/trials.tsv
ariane133_nangate45	Ariane133 N45	OpenROAD BO	87778d67			5870399.1	125.022	0.8265808055430672	1.4777369264981002	False	../../local_backups/dpl_evolve_state_20260516_231324/bo_runs/openroad_dpl_hpwl_only_9case_bo_place_batch_20260421_220319_ariane133_nangate45/trials.tsv
ariane133_nangate45	Ariane133 N45	OpenROAD BO	8872aac5			6314570.2	84.303	0.5573678364583609	9.155831255068255	False	../../local_backups/dpl_evolve_state_20260516_231324/bo_runs/openroad_dpl_hpwl_only_9case_bo_place_batch_20260421_220319_ariane133_nangate45/trials.tsv
ariane133_nangate45	Ariane133 N45	OpenROAD BO	8891e34c			5794047.6	160.363	1.0602372200037025	0.1578986499244477	False	../../local_backups/dpl_evolve_state_20260516_231324/bo_runs/openroad_dpl_hpwl_only_9case_bo_place_batch_20260421_220319_ariane133_nangate45/trials.tsv
ariane133_nangate45	Ariane133 N45	OpenROAD BO	89af16a0			5790764.6	145.119	0.9594517758442863	0.10114758331814262	False	../../local_backups/dpl_evolve_state_20260516_231324/bo_runs/openroad_dpl_hpwl_only_9case_bo_place_batch_20260421_220319_ariane133_nangate45/trials.tsv
ariane133_nangate45	Ariane133 N45	OpenROAD BO	8a1215b8			5796112.5	154.105	1.0188625604950676	0.1935932211810363	False	../../local_backups/dpl_evolve_state_20260516_231324/bo_runs/openroad_dpl_hpwl_only_9case_bo_place_batch_20260421_220319_ariane133_nangate45/trials.tsv
ariane133_nangate45	Ariane133 N45	OpenROAD BO	8a5d9fc9			6191688.8	98.949	0.6541996138894031	7.031661131377716	False	../../local_backups/dpl_evolve_state_20260516_231324/bo_runs/openroad_dpl_hpwl_only_9case_bo_place_batch_20260421_220319_ariane133_nangate45/trials.tsv
ariane133_nangate45	Ariane133 N45	OpenROAD BO	8b4793f4			5791942.1	151.275	1.0001520641049375	0.12150225311068731	False	../../local_backups/dpl_evolve_state_20260516_231324/bo_runs/openroad_dpl_hpwl_only_9case_bo_place_batch_20260421_220319_ariane133_nangate45/trials.tsv
ariane133_nangate45	Ariane133 N45	OpenROAD BO	8d8e68b1			5796070.2	147.262	0.9736201835347631	0.19286200883944749	False	../../local_backups/dpl_evolve_state_20260516_231324/bo_runs/openroad_dpl_hpwl_only_9case_bo_place_batch_20260421_220319_ariane133_nangate45/trials.tsv
ariane133_nangate45	Ariane133 N45	OpenROAD BO	8fdcfdcb			5786530.6	152.041	1.005216459947637	0.027957203783846057	False	../../local_backups/dpl_evolve_state_20260516_231324/bo_runs/openroad_dpl_hpwl_only_9case_bo_place_batch_20260421_220319_ariane133_nangate45/trials.tsv
ariane133_nangate45	Ariane133 N45	OpenROAD BO	902657d7			5790482.6	153.142	1.0124957025361647	0.09627283437419562	False	../../local_backups/dpl_evolve_state_20260516_231324/bo_runs/openroad_dpl_hpwl_only_9case_bo_place_batch_20260421_220319_ariane133_nangate45/trials.tsv
ariane133_nangate45	Ariane133 N45	OpenROAD BO	907b1aa3			5802982.6	136.65	0.9034591278131859	0.31235213153496727	False	../../local_backups/dpl_evolve_state_20260516_231324/bo_runs/openroad_dpl_hpwl_only_9case_bo_place_batch_20260421_220319_ariane133_nangate45/trials.tsv
ariane133_nangate45	Ariane133 N45	OpenROAD BO	909ffc9d			5905353.1	117.031	0.7737484463015365	2.081963786734709	False	../../local_backups/dpl_evolve_state_20260516_231324/bo_runs/openroad_dpl_hpwl_only_9case_bo_place_batch_20260421_220319_ariane133_nangate45/trials.tsv
ariane133_nangate45	Ariane133 N45	OpenROAD BO	91a35670			5786711.4	136.673	0.9036111919181233	0.031082574737992336	False	../../local_backups/dpl_evolve_state_20260516_231324/bo_runs/openroad_dpl_hpwl_only_9case_bo_place_batch_20260421_220319_ariane133_nangate45/trials.tsv
ariane133_nangate45	Ariane133 N45	OpenROAD BO	91b41688			5791942.1	141.946	0.9384735408457409	0.12150225311068731	False	../../local_backups/dpl_evolve_state_20260516_231324/bo_runs/openroad_dpl_hpwl_only_9case_bo_place_batch_20260421_220319_ariane133_nangate45/trials.tsv
ariane133_nangate45	Ariane133 N45	OpenROAD BO	91c3f324			5792081.3	149.561	0.9888199825456854	0.12390851216387289	False	../../local_backups/dpl_evolve_state_20260516_231324/bo_runs/openroad_dpl_hpwl_only_9case_bo_place_batch_20260421_220319_ariane133_nangate45/trials.tsv
ariane133_nangate45	Ariane133 N45	OpenROAD BO	92184660			5784913.3	158.551	1.04825721312776	0.0	False	../../local_backups/dpl_evolve_state_20260516_231324/bo_runs/openroad_dpl_hpwl_only_9case_bo_place_batch_20260421_220319_ariane133_nangate45/trials.tsv
ariane133_nangate45	Ariane133 N45	OpenROAD BO	93c1bbe2			5907631.6	117.997	0.7801351387089096	2.1213507210211744	False	../../local_backups/dpl_evolve_state_20260516_231324/bo_runs/openroad_dpl_hpwl_only_9case_bo_place_batch_20260421_220319_ariane133_nangate45/trials.tsv
ariane133_nangate45	Ariane133 N45	OpenROAD BO	94414136			5798474.1	141.231	0.9337463306270329	0.23441665063502012	False	../../local_backups/dpl_evolve_state_20260516_231324/bo_runs/openroad_dpl_hpwl_only_9case_bo_place_batch_20260421_220319_ariane133_nangate45/trials.tsv
ariane133_nangate45	Ariane133 N45	OpenROAD BO	94888f6d			5788366.8	141.34	0.9344669822547801	0.059698388219577986	False	../../local_backups/dpl_evolve_state_20260516_231324/bo_runs/openroad_dpl_hpwl_only_9case_bo_place_batch_20260421_220319_ariane133_nangate45/trials.tsv
ariane133_nangate45	Ariane133 N45	OpenROAD BO	94b527fe			6197041.5	92.902	0.614219977256499	7.1241897436907164	False	../../local_backups/dpl_evolve_state_20260516_231324/bo_runs/openroad_dpl_hpwl_only_9case_bo_place_batch_20260421_220319_ariane133_nangate45/trials.tsv
ariane133_nangate45	Ariane133 N45	OpenROAD BO	94e09f69			5799156.2	139.299	0.9209729458122867	0.24620766572249878	False	../../local_backups/dpl_evolve_state_20260516_231324/bo_runs/openroad_dpl_hpwl_only_9case_bo_place_batch_20260421_220319_ariane133_nangate45/trials.tsv
ariane133_nangate45	Ariane133 N45	OpenROAD BO	95104f21			5784399.4	143.316	0.9475312723137544	-0.008883452064863984	False	../../local_backups/dpl_evolve_state_20260516_231324/bo_runs/openroad_dpl_hpwl_only_9case_bo_place_batch_20260421_220319_ariane133_nangate45/trials.tsv
ariane133_nangate45	Ariane133 N45	OpenROAD BO	955796c5			5786530.6	146.231	0.9668037447438711	0.027957203783846057	False	../../local_backups/dpl_evolve_state_20260516_231324/bo_runs/openroad_dpl_hpwl_only_9case_bo_place_batch_20260421_220319_ariane133_nangate45/trials.tsv
ariane133_nangate45	Ariane133 N45	OpenROAD BO	956eda6e			5791867.1	153.259	1.0132692460264987	0.12020577732772268	False	../../local_backups/dpl_evolve_state_20260516_231324/bo_runs/openroad_dpl_hpwl_only_9case_bo_place_batch_20260421_220319_ariane133_nangate45/trials.tsv
ariane133_nangate45	Ariane133 N45	OpenROAD BO	962987a4			5911443.1	123.937	0.8194073466797133	2.187237620311437	False	../../local_backups/dpl_evolve_state_20260516_231324/bo_runs/openroad_dpl_hpwl_only_9case_bo_place_batch_20260421_220319_ariane133_nangate45/trials.tsv
ariane133_nangate45	Ariane133 N45	OpenROAD BO	96832725			5781430.9	142.052	0.9391743580250177	-0.06019796355460403	False	../../local_backups/dpl_evolve_state_20260516_231324/bo_runs/openroad_dpl_hpwl_only_9case_bo_place_batch_20260421_220319_ariane133_nangate45/trials.tsv
ariane133_nangate45	Ariane133 N45	OpenROAD BO	969cbc16			5864142.6	120.312	0.7954407214450057	1.3695849166831906	False	../../local_backups/dpl_evolve_state_20260516_231324/bo_runs/openroad_dpl_hpwl_only_9case_bo_place_batch_20260421_220319_ariane133_nangate45/trials.tsv
ariane133_nangate45	Ariane133 N45	OpenROAD BO	96c1603a			5795694.7	151.811	1.0036958188982625	0.1863709867527379	False	../../local_backups/dpl_evolve_state_20260516_231324/bo_runs/openroad_dpl_hpwl_only_9case_bo_place_batch_20260421_220319_ariane133_nangate45/trials.tsv
ariane133_nangate45	Ariane133 N45	OpenROAD BO	96d4eb04			5787282.1	140.948	0.93187528098802	0.04094789112915165	False	../../local_backups/dpl_evolve_state_20260516_231324/bo_runs/openroad_dpl_hpwl_only_9case_bo_place_batch_20260421_220319_ariane133_nangate45/trials.tsv
ariane133_nangate45	Ariane133 N45	OpenROAD BO	97006294			6193485.9	99.818	0.6599449924629095	7.062726419771937	False	../../local_backups/dpl_evolve_state_20260516_231324/bo_runs/openroad_dpl_hpwl_only_9case_bo_place_batch_20260421_220319_ariane133_nangate45/trials.tsv
ariane133_nangate45	Ariane133 N45	OpenROAD BO	97417219			6326763.2	92.057	0.6086332742707534	9.366603644690757	False	../../local_backups/dpl_evolve_state_20260516_231324/bo_runs/openroad_dpl_hpwl_only_9case_bo_place_batch_20260421_220319_ariane133_nangate45/trials.tsv
ariane133_nangate45	Ariane133 N45	OpenROAD BO	975fb910			5864169.5	129.685	0.8574101499484303	1.3700499193306872	False	../../local_backups/dpl_evolve_state_20260516_231324/bo_runs/openroad_dpl_hpwl_only_9case_bo_place_batch_20260421_220319_ariane133_nangate45/trials.tsv
ariane133_nangate45	Ariane133 N45	OpenROAD BO	9975e93f			5788499.2	141.663	0.9366024912067279	0.06198710013511132	False	../../local_backups/dpl_evolve_state_20260516_231324/bo_runs/openroad_dpl_hpwl_only_9case_bo_place_batch_20260421_220319_ariane133_nangate45/trials.tsv
ariane133_nangate45	Ariane133 N45	OpenROAD BO	9a0ea17a			5790441.3	150.32	0.9938380980086212	0.09555890837637965	False	../../local_backups/dpl_evolve_state_20260516_231324/bo_runs/openroad_dpl_hpwl_only_9case_bo_place_batch_20260421_220319_ariane133_nangate45/trials.tsv
ariane133_nangate45	Ariane133 N45	OpenROAD BO	9a150697			5793481.4	145.347	0.9609591939280142	0.14811112208026625	False	../../local_backups/dpl_evolve_state_20260516_231324/bo_runs/openroad_dpl_hpwl_only_9case_bo_place_batch_20260421_220319_ariane133_nangate45/trials.tsv
ariane133_nangate45	Ariane133 N45	OpenROAD BO	9a317ad6			5792028.1	140.964	0.9319810647131938	0.12298887867515342	False	../../local_backups/dpl_evolve_state_20260516_231324/bo_runs/openroad_dpl_hpwl_only_9case_bo_place_batch_20260421_220319_ariane133_nangate45/trials.tsv
ariane133_nangate45	Ariane133 N45	OpenROAD BO	9a350a08			6426211.2	55.5	0.36693729669690317	11.085695960214311	True	../../local_backups/dpl_evolve_state_20260516_231324/bo_runs/openroad_dpl_hpwl_only_9case_bo_place_batch_20260421_220319_ariane133_nangate45/trials.tsv
ariane133_nangate45	Ariane133 N45	OpenROAD BO	9ab349b3			6054185.6	98.418	0.6506889165101949	4.654733546309153	False	../../local_backups/dpl_evolve_state_20260516_231324/bo_runs/openroad_dpl_hpwl_only_9case_bo_place_batch_20260421_220319_ariane133_nangate45/trials.tsv
ariane133_nangate45	Ariane133 N45	OpenROAD BO	9aea1272			5784913.3	162.765	1.0761180017454313	0.0	False	../../local_backups/dpl_evolve_state_20260516_231324/bo_runs/openroad_dpl_hpwl_only_9case_bo_place_batch_20260421_220319_ariane133_nangate45/trials.tsv
ariane133_nangate45	Ariane133 N45	OpenROAD BO	9b436ee9			5792081.3	149.469	0.9882117261259354	0.12390851216387289	False	../../local_backups/dpl_evolve_state_20260516_231324/bo_runs/openroad_dpl_hpwl_only_9case_bo_place_batch_20260421_220319_ariane133_nangate45/trials.tsv
ariane133_nangate45	Ariane133 N45	OpenROAD BO	9b49e0af			5787856.7	144.102	0.9527278978129214	0.050880624261047655	False	../../local_backups/dpl_evolve_state_20260516_231324/bo_runs/openroad_dpl_hpwl_only_9case_bo_place_batch_20260421_220319_ariane133_nangate45/trials.tsv
ariane133_nangate45	Ariane133 N45	OpenROAD BO	9c55517a			6007490.3	129.194	0.8541639118821568	3.847542537932245	False	../../local_backups/dpl_evolve_state_20260516_231324/bo_runs/openroad_dpl_hpwl_only_9case_bo_place_batch_20260421_220319_ariane133_nangate45/trials.tsv
ariane133_nangate45	Ariane133 N45	OpenROAD BO	9d37475e			5792365.0	157.038	1.0382540396160052	0.12881264789223698	False	../../local_backups/dpl_evolve_state_20260516_231324/bo_runs/openroad_dpl_hpwl_only_9case_bo_place_batch_20260421_220319_ariane133_nangate45/trials.tsv
ariane133_nangate45	Ariane133 N45	OpenROAD BO	9e034d4b			6315028.4	81.08	0.536059027318647	9.163751857784984	False	../../local_backups/dpl_evolve_state_20260516_231324/bo_runs/openroad_dpl_hpwl_only_9case_bo_place_batch_20260421_220319_ariane133_nangate45/trials.tsv
ariane133_nangate45	Ariane133 N45	OpenROAD BO	9e98bf8f			5785504.6	141.547	0.9358355591992171	0.01022141507288992	False	../../local_backups/dpl_evolve_state_20260516_231324/bo_runs/openroad_dpl_hpwl_only_9case_bo_place_batch_20260421_220319_ariane133_nangate45/trials.tsv
ariane133_nangate45	Ariane133 N45	OpenROAD BO	9e9c2d20			5787746.3	153.52	1.0149948430433977	0.048972211908517284	False	../../local_backups/dpl_evolve_state_20260516_231324/bo_runs/openroad_dpl_hpwl_only_9case_bo_place_batch_20260421_220319_ariane133_nangate45/trials.tsv
ariane133_nangate45	Ariane133 N45	OpenROAD BO	a17f2a4f			6206496.4	99.692	0.6591119456271651	7.287630395428755	False	../../local_backups/dpl_evolve_state_20260516_231324/bo_runs/openroad_dpl_hpwl_only_9case_bo_place_batch_20260421_220319_ariane133_nangate45/trials.tsv
ariane133_nangate45	Ariane133 N45	OpenROAD BO	a2290f36			6024302.2	122.999	0.8132057757913944	4.1381588208072255	False	../../local_backups/dpl_evolve_state_20260516_231324/bo_runs/openroad_dpl_hpwl_only_9case_bo_place_batch_20260421_220319_ariane133_nangate45/trials.tsv
ariane133_nangate45	Ariane133 N45	OpenROAD BO	a23c4fd5			6424643.6	65.888	0.4356173802660461	11.058597887715964	False	../../local_backups/dpl_evolve_state_20260516_231324/bo_runs/openroad_dpl_hpwl_only_9case_bo_place_batch_20260421_220319_ariane133_nangate45/trials.tsv
ariane133_nangate45	Ariane133 N45	OpenROAD BO	a35cd384			6208737.5	92.925	0.6143720413614365	7.3263708204581075	False	../../local_backups/dpl_evolve_state_20260516_231324/bo_runs/openroad_dpl_hpwl_only_9case_bo_place_batch_20260421_220319_ariane133_nangate45/trials.tsv
ariane133_nangate45	Ariane133 N45	OpenROAD BO	a45ac7d4			5787856.7	138.453	0.9153796313437177	0.050880624261047655	False	../../local_backups/dpl_evolve_state_20260516_231324/bo_runs/openroad_dpl_hpwl_only_9case_bo_place_batch_20260421_220319_ariane133_nangate45/trials.tsv
ariane133_nangate45	Ariane133 N45	OpenROAD BO	a53e1105			5908554.7	130.872	0.8652579800597678	2.137307744957913	False	../../local_backups/dpl_evolve_state_20260516_231324/bo_runs/openroad_dpl_hpwl_only_9case_bo_place_batch_20260421_220319_ariane133_nangate45/trials.tsv
ariane133_nangate45	Ariane133 N45	OpenROAD BO	a5b02194			5792997.2	152.303	1.0069486684473592	0.1397410744254434	False	../../local_backups/dpl_evolve_state_20260516_231324/bo_runs/openroad_dpl_hpwl_only_9case_bo_place_batch_20260421_220319_ariane133_nangate45/trials.tsv
ariane133_nangate45	Ariane133 N45	OpenROAD BO	a7060449			6428742.7	68.429	0.4524171581202232	11.129456339475311	False	../../local_backups/dpl_evolve_state_20260516_231324/bo_runs/openroad_dpl_hpwl_only_9case_bo_place_batch_20260421_220319_ariane133_nangate45/trials.tsv
ariane133_nangate45	Ariane133 N45	OpenROAD BO	a9027dfd			6206496.4	105.201	0.6955346045010974	7.287630395428755	False	../../local_backups/dpl_evolve_state_20260516_231324/bo_runs/openroad_dpl_hpwl_only_9case_bo_place_batch_20260421_220319_ariane133_nangate45/trials.tsv
ariane133_nangate45	Ariane133 N45	OpenROAD BO	a9421cdf			6426050.6	64.561	0.42684394255943725	11.082919773404381	False	../../local_backups/dpl_evolve_state_20260516_231324/bo_runs/openroad_dpl_hpwl_only_9case_bo_place_batch_20260421_220319_ariane133_nangate45/trials.tsv
ariane133_nangate45	Ariane133 N45	OpenROAD BO	a9fc5d5a			5802982.6	145.463	0.9617261259355248	0.31235213153496727	False	../../local_backups/dpl_evolve_state_20260516_231324/bo_runs/openroad_dpl_hpwl_only_9case_bo_place_batch_20260421_220319_ariane133_nangate45/trials.tsv
ariane133_nangate45	Ariane133 N45	OpenROAD BO	a9feb421			5790035.5	153.194	1.0128394996429797	0.08854411007335558	False	../../local_backups/dpl_evolve_state_20260516_231324/bo_runs/openroad_dpl_hpwl_only_9case_bo_place_batch_20260421_220319_ariane133_nangate45/trials.tsv
ariane133_nangate45	Ariane133 N45	OpenROAD BO	aa6ee3c1			6010632.3	124.495	0.8230965540951525	3.901856230066577	False	../../local_backups/dpl_evolve_state_20260516_231324/bo_runs/openroad_dpl_hpwl_only_9case_bo_place_batch_20260421_220319_ariane133_nangate45/trials.tsv
ariane133_nangate45	Ariane133 N45	OpenROAD BO	aabc7ed5			6315312.5	78.313	0.5177650543463888	9.168662908050846	False	../../local_backups/dpl_evolve_state_20260516_231324/bo_runs/openroad_dpl_hpwl_only_9case_bo_place_batch_20260421_220319_ariane133_nangate45/trials.tsv
ariane133_nangate45	Ariane133 N45	OpenROAD BO	acc0a601			5799156.2	142.396	0.9414487081162561	0.24620766572249878	False	../../local_backups/dpl_evolve_state_20260516_231324/bo_runs/openroad_dpl_hpwl_only_9case_bo_place_batch_20260421_220319_ariane133_nangate45/trials.tsv
ariane133_nangate45	Ariane133 N45	OpenROAD BO	acec7940			5787856.7	147.411	0.9746052944754449	0.050880624261047655	False	../../local_backups/dpl_evolve_state_20260516_231324/bo_runs/openroad_dpl_hpwl_only_9case_bo_place_batch_20260421_220319_ariane133_nangate45/trials.tsv
ariane133_nangate45	Ariane133 N45	OpenROAD BO	ad2232e7			5805689.2	134.522	0.8893898923650595	0.35913934959060445	True	../../local_backups/dpl_evolve_state_20260516_231324/bo_runs/openroad_dpl_hpwl_only_9case_bo_place_batch_20260421_220319_ariane133_nangate45/trials.tsv
ariane133_nangate45	Ariane133 N45	OpenROAD BO	ad3a3a0b			6194033.2	91.024	0.6018036125142147	7.07218723571882	True	../../local_backups/dpl_evolve_state_20260516_231324/bo_runs/openroad_dpl_hpwl_only_9case_bo_place_batch_20260421_220319_ariane133_nangate45/trials.tsv
ariane133_nangate45	Ariane133 N45	OpenROAD BO	af5d9bff			5791942.1	151.141	0.9992661254066061	0.12150225311068731	False	../../local_backups/dpl_evolve_state_20260516_231324/bo_runs/openroad_dpl_hpwl_only_9case_bo_place_batch_20260421_220319_ariane133_nangate45/trials.tsv
ariane133_nangate45	Ariane133 N45	OpenROAD BO	b0f9e6e6			5788417.3	148.83	0.9839869886018037	0.0605713485801075	False	../../local_backups/dpl_evolve_state_20260516_231324/bo_runs/openroad_dpl_hpwl_only_9case_bo_place_batch_20260421_220319_ariane133_nangate45/trials.tsv
ariane133_nangate45	Ariane133 N45	OpenROAD BO	b205da58			6325149.4	83.227	0.5502538809404173	9.338706943110118	False	../../local_backups/dpl_evolve_state_20260516_231324/bo_runs/openroad_dpl_hpwl_only_9case_bo_place_batch_20260421_220319_ariane133_nangate45/trials.tsv
ariane133_nangate45	Ariane133 N45	OpenROAD BO	b254eeb9			5784607.7	143.059	0.945832121228149	-0.005282706656980105	False	../../local_backups/dpl_evolve_state_20260516_231324/bo_runs/openroad_dpl_hpwl_only_9case_bo_place_batch_20260421_220319_ariane133_nangate45/trials.tsv
ariane133_nangate45	Ariane133 N45	OpenROAD BO	b2f63168			5787282.1	158.045	1.0449118028191362	0.04094789112915165	False	../../local_backups/dpl_evolve_state_20260516_231324/bo_runs/openroad_dpl_hpwl_only_9case_bo_place_batch_20260421_220319_ariane133_nangate45/trials.tsv
ariane133_nangate45	Ariane133 N45	OpenROAD BO	b5296eb0			5791775.3	143.389	0.9480139105598604	0.1186188909693772	False	../../local_backups/dpl_evolve_state_20260516_231324/bo_runs/openroad_dpl_hpwl_only_9case_bo_place_batch_20260421_220319_ariane133_nangate45/trials.tsv
ariane133_nangate45	Ariane133 N45	OpenROAD BO	b62e6eb8			5788499.2	145.514	0.9620633115595165	0.06198710013511132	False	../../local_backups/dpl_evolve_state_20260516_231324/bo_runs/openroad_dpl_hpwl_only_9case_bo_place_batch_20260421_220319_ariane133_nangate45/trials.tsv
ariane133_nangate45	Ariane133 N45	OpenROAD BO	b6d0ff11			5785615.4	148.033	0.9787176367915794	0.01213674196293588	False	../../local_backups/dpl_evolve_state_20260516_231324/bo_runs/openroad_dpl_hpwl_only_9case_bo_place_batch_20260421_220319_ariane133_nangate45/trials.tsv
ariane133_nangate45	Ariane133 N45	OpenROAD BO	b77cd7be			6190069.1	99.831	0.6600309417396133	7.00366244036881	False	../../local_backups/dpl_evolve_state_20260516_231324/bo_runs/openroad_dpl_hpwl_only_9case_bo_place_batch_20260421_220319_ariane133_nangate45/trials.tsv
ariane133_nangate45	Ariane133 N45	OpenROAD BO	bab0deae			6193709.2	98.1	0.6485864649723639	7.0665864603364135	False	../../local_backups/dpl_evolve_state_20260516_231324/bo_runs/openroad_dpl_hpwl_only_9case_bo_place_batch_20260421_220319_ariane133_nangate45/trials.tsv
ariane133_nangate45	Ariane133 N45	OpenROAD BO	bb1d4ace			5799156.2	161.396	1.0670668817602411	0.24620766572249878	False	../../local_backups/dpl_evolve_state_20260516_231324/bo_runs/openroad_dpl_hpwl_only_9case_bo_place_batch_20260421_220319_ariane133_nangate45/trials.tsv
ariane133_nangate45	Ariane133 N45	OpenROAD BO	bc1adc5c			5795347.3	147.007	0.9719342554148044	0.18036571092603929	False	../../local_backups/dpl_evolve_state_20260516_231324/bo_runs/openroad_dpl_hpwl_only_9case_bo_place_batch_20260421_220319_ariane133_nangate45/trials.tsv
ariane133_nangate45	Ariane133 N45	OpenROAD BO	bc3929ef			6424699.2	65.18	0.4309364504271018	11.059559008429744	False	../../local_backups/dpl_evolve_state_20260516_231324/bo_runs/openroad_dpl_hpwl_only_9case_bo_place_batch_20260421_220319_ariane133_nangate45/trials.tsv
ariane133_nangate45	Ariane133 N45	OpenROAD BO	bdb524c4			5795082.0	144.756	0.9570518075794039	0.1757796439231023	False	../../local_backups/dpl_evolve_state_20260516_231324/bo_runs/openroad_dpl_hpwl_only_9case_bo_place_batch_20260421_220319_ariane133_nangate45/trials.tsv
ariane133_nangate45	Ariane133 N45	OpenROAD BO	bea9d0bf			5784913.3	157.406	1.0406870652950044	0.0	False	../../local_backups/dpl_evolve_state_20260516_231324/bo_runs/openroad_dpl_hpwl_only_9case_bo_place_batch_20260421_220319_ariane133_nangate45/trials.tsv
ariane133_nangate45	Ariane133 N45	OpenROAD BO	bed856ff			5803245.2	139.455	0.9220043371327321	0.31689152540973037	False	../../local_backups/dpl_evolve_state_20260516_231324/bo_runs/openroad_dpl_hpwl_only_9case_bo_place_batch_20260421_220319_ariane133_nangate45/trials.tsv
ariane133_nangate45	Ariane133 N45	OpenROAD BO	c0260384			5792028.1	142.963	0.9451974188771056	0.12298887867515342	False	../../local_backups/dpl_evolve_state_20260516_231324/bo_runs/openroad_dpl_hpwl_only_9case_bo_place_batch_20260421_220319_ariane133_nangate45/trials.tsv
ariane133_nangate45	Ariane133 N45	OpenROAD BO	c078cfcf			6314005.5	84.347	0.557658741702589	9.146069656739716	False	../../local_backups/dpl_evolve_state_20260516_231324/bo_runs/openroad_dpl_hpwl_only_9case_bo_place_batch_20260421_220319_ariane133_nangate45/trials.tsv
ariane133_nangate45	Ariane133 N45	OpenROAD BO	c08b15c4			5795082.0	152.508	1.0083040224261497	0.1757796439231023	False	../../local_backups/dpl_evolve_state_20260516_231324/bo_runs/openroad_dpl_hpwl_only_9case_bo_place_batch_20260421_220319_ariane133_nangate45/trials.tsv
ariane133_nangate45	Ariane133 N45	OpenROAD BO	c16c58c4			5789658.2	157.002	1.0380160262343638	0.08202197256785806	False	../../local_backups/dpl_evolve_state_20260516_231324/bo_runs/openroad_dpl_hpwl_only_9case_bo_place_batch_20260421_220319_ariane133_nangate45/trials.tsv
ariane133_nangate45	Ariane133 N45	OpenROAD BO	c2d2ab63			5791235.1	142.143	0.9397760029619443	0.10928080806327407	False	../../local_backups/dpl_evolve_state_20260516_231324/bo_runs/openroad_dpl_hpwl_only_9case_bo_place_batch_20260421_220319_ariane133_nangate45/trials.tsv
ariane133_nangate45	Ariane133 N45	OpenROAD BO	c2e9bb84			5781157.1	139.322	0.9211250099172242	-0.06493096447962646	True	../../local_backups/dpl_evolve_state_20260516_231324/bo_runs/openroad_dpl_hpwl_only_9case_bo_place_batch_20260421_220319_ariane133_nangate45/trials.tsv
ariane133_nangate45	Ariane133 N45	OpenROAD BO	c32c72d5			5914922.5	133.351	0.8816478459788961	2.2473837248347386	False	../../local_backups/dpl_evolve_state_20260516_231324/bo_runs/openroad_dpl_hpwl_only_9case_bo_place_batch_20260421_220319_ariane133_nangate45/trials.tsv
ariane133_nangate45	Ariane133 N45	OpenROAD BO	c3365abd			6053716.9	102.756	0.6793695289979637	4.646631436982825	False	../../local_backups/dpl_evolve_state_20260516_231324/bo_runs/openroad_dpl_hpwl_only_9case_bo_place_batch_20260421_220319_ariane133_nangate45/trials.tsv
ariane133_nangate45	Ariane133 N45	OpenROAD BO	c35900e2			5908981.7	125.482	0.8296220876418162	2.1446890137489247	False	../../local_backups/dpl_evolve_state_20260516_231324/bo_runs/openroad_dpl_hpwl_only_9case_bo_place_batch_20260421_220319_ariane133_nangate45/trials.tsv
ariane133_nangate45	Ariane133 N45	OpenROAD BO	c51ea298			5787746.3	137.507	0.909125168592812	0.048972211908517284	False	../../local_backups/dpl_evolve_state_20260516_231324/bo_runs/openroad_dpl_hpwl_only_9case_bo_place_batch_20260421_220319_ariane133_nangate45/trials.tsv
ariane133_nangate45	Ariane133 N45	OpenROAD BO	c5d1079f			5793326.4	149.259	0.9868233147330282	0.1454317387954727	False	../../local_backups/dpl_evolve_state_20260516_231324/bo_runs/openroad_dpl_hpwl_only_9case_bo_place_batch_20260421_220319_ariane133_nangate45/trials.tsv
ariane133_nangate45	Ariane133 N45	OpenROAD BO	c74da3eb			5785611.6	141.411	0.9349363975352392	0.012071053856586127	False	../../local_backups/dpl_evolve_state_20260516_231324/bo_runs/openroad_dpl_hpwl_only_9case_bo_place_batch_20260421_220319_ariane133_nangate45/trials.tsv
ariane133_nangate45	Ariane133 N45	OpenROAD BO	c8c66155			6198472.6	97.599	0.6452741120778568	7.148928230264054	False	../../local_backups/dpl_evolve_state_20260516_231324/bo_runs/openroad_dpl_hpwl_only_9case_bo_place_batch_20260421_220319_ariane133_nangate45/trials.tsv
ariane133_nangate45	Ariane133 N45	OpenROAD BO	c8df067f			5791252.3	142.854	0.9444767672493587	0.1095781331761705	False	../../local_backups/dpl_evolve_state_20260516_231324/bo_runs/openroad_dpl_hpwl_only_9case_bo_place_batch_20260421_220319_ariane133_nangate45/trials.tsv
ariane133_nangate45	Ariane133 N45	OpenROAD BO	c9099012			5905518.5	132.616	0.876788406103721	2.0848229479947467	False	../../local_backups/dpl_evolve_state_20260516_231324/bo_runs/openroad_dpl_hpwl_only_9case_bo_place_batch_20260421_220319_ariane133_nangate45/trials.tsv
ariane133_nangate45	Ariane133 N45	OpenROAD BO	c98668aa			5794619.5	147.29	0.9738053050538173	0.16778470992815375	False	../../local_backups/dpl_evolve_state_20260516_231324/bo_runs/openroad_dpl_hpwl_only_9case_bo_place_batch_20260421_220319_ariane133_nangate45/trials.tsv
ariane133_nangate45	Ariane133 N45	OpenROAD BO	c99e7cf1			6023791.2	113.98	0.7535768122074419	4.129325499139293	False	../../local_backups/dpl_evolve_state_20260516_231324/bo_runs/openroad_dpl_hpwl_only_9case_bo_place_batch_20260421_220319_ariane133_nangate45/trials.tsv
ariane133_nangate45	Ariane133 N45	OpenROAD BO	ca61e0a4			5785504.6	163.375	1.0801510062676856	0.01022141507288992	False	../../local_backups/dpl_evolve_state_20260516_231324/bo_runs/openroad_dpl_hpwl_only_9case_bo_place_batch_20260421_220319_ariane133_nangate45/trials.tsv
ariane133_nangate45	Ariane133 N45	OpenROAD BO	caab2f36			6069122.4	102.797	0.6796405997937217	4.9129362059756465	False	../../local_backups/dpl_evolve_state_20260516_231324/bo_runs/openroad_dpl_hpwl_only_9case_bo_place_batch_20260421_220319_ariane133_nangate45/trials.tsv
ariane133_nangate45	Ariane133 N45	OpenROAD BO	cb5de0a5			5799156.2	150.306	0.9937455372490942	0.24620766572249878	False	../../local_backups/dpl_evolve_state_20260516_231324/bo_runs/openroad_dpl_hpwl_only_9case_bo_place_batch_20260421_220319_ariane133_nangate45/trials.tsv
ariane133_nangate45	Ariane133 N45	OpenROAD BO	cd0efc69			5796112.5	141.54	0.9357892788194535	0.1935932211810363	False	../../local_backups/dpl_evolve_state_20260516_231324/bo_runs/openroad_dpl_hpwl_only_9case_bo_place_batch_20260421_220319_ariane133_nangate45/trials.tsv
ariane133_nangate45	Ariane133 N45	OpenROAD BO	cd6e547d			5796898.7	147.752	0.9768598101182133	0.20718374465526343	False	../../local_backups/dpl_evolve_state_20260516_231324/bo_runs/openroad_dpl_hpwl_only_9case_bo_place_batch_20260421_220319_ariane133_nangate45/trials.tsv
ariane133_nangate45	Ariane133 N45	OpenROAD BO	cf0a0d38			6426211.2	60.88	0.40250707428662097	11.085695960214311	False	../../local_backups/dpl_evolve_state_20260516_231324/bo_runs/openroad_dpl_hpwl_only_9case_bo_place_batch_20260421_220319_ariane133_nangate45/trials.tsv
ariane133_nangate45	Ariane133 N45	OpenROAD BO	cfae9423			5794619.5	138.03	0.9125829741094332	0.16778470992815375	False	../../local_backups/dpl_evolve_state_20260516_231324/bo_runs/openroad_dpl_hpwl_only_9case_bo_place_batch_20260421_220319_ariane133_nangate45/trials.tsv
ariane133_nangate45	Ariane133 N45	OpenROAD BO	cffcf5d9			6005374.6	123.109	0.8139330389019649	3.8109698204119984	False	../../local_backups/dpl_evolve_state_20260516_231324/bo_runs/openroad_dpl_hpwl_only_9case_bo_place_batch_20260421_220319_ariane133_nangate45/trials.tsv
ariane133_nangate45	Ariane133 N45	OpenROAD BO	d0d31241			5790482.6	151.994	1.0049057202549387	0.09627283437419562	False	../../local_backups/dpl_evolve_state_20260516_231324/bo_runs/openroad_dpl_hpwl_only_9case_bo_place_batch_20260421_220319_ariane133_nangate45/trials.tsv
ariane133_nangate45	Ariane133 N45	OpenROAD BO	d1f8b25d			5912227.6	132.492	0.8759685822336233	2.200798757001247	False	../../local_backups/dpl_evolve_state_20260516_231324/bo_runs/openroad_dpl_hpwl_only_9case_bo_place_batch_20260421_220319_ariane133_nangate45/trials.tsv
ariane133_nangate45	Ariane133 N45	OpenROAD BO	d23e3c2e			5793251.4	142.947	0.9450916351519318	0.14413526301250806	False	../../local_backups/dpl_evolve_state_20260516_231324/bo_runs/openroad_dpl_hpwl_only_9case_bo_place_batch_20260421_220319_ariane133_nangate45/trials.tsv
ariane133_nangate45	Ariane133 N45	OpenROAD BO	d24741a6			5792081.3	141.26	0.9339380636289105	0.12390851216387289	False	../../local_backups/dpl_evolve_state_20260516_231324/bo_runs/openroad_dpl_hpwl_only_9case_bo_place_batch_20260421_220319_ariane133_nangate45/trials.tsv
ariane133_nangate45	Ariane133 N45	OpenROAD BO	d4722e69			6009732.9	119.994	0.7933382699071747	3.886308892477275	False	../../local_backups/dpl_evolve_state_20260516_231324/bo_runs/openroad_dpl_hpwl_only_9case_bo_place_batch_20260421_220319_ariane133_nangate45/trials.tsv
ariane133_nangate45	Ariane133 N45	OpenROAD BO	d4eb7b14			6325149.4	89.291	0.5903459127813185	9.338706943110118	False	../../local_backups/dpl_evolve_state_20260516_231324/bo_runs/openroad_dpl_hpwl_only_9case_bo_place_batch_20260421_220319_ariane133_nangate45/trials.tsv
ariane133_nangate45	Ariane133 N45	OpenROAD BO	d530dbfd			5791942.1	156.586	1.035265649379843	0.12150225311068731	False	../../local_backups/dpl_evolve_state_20260516_231324/bo_runs/openroad_dpl_hpwl_only_9case_bo_place_batch_20260421_220319_ariane133_nangate45/trials.tsv
ariane133_nangate45	Ariane133 N45	OpenROAD BO	d5f145c7			5801554.3	148.59	0.9824002327241953	0.28766204672419204	False	../../local_backups/dpl_evolve_state_20260516_231324/bo_runs/openroad_dpl_hpwl_only_9case_bo_place_batch_20260421_220319_ariane133_nangate45/trials.tsv
ariane133_nangate45	Ariane133 N45	OpenROAD BO	d7cd9fb3			6196154.2	89.003	0.5884418057281887	7.10885157086106	True	../../local_backups/dpl_evolve_state_20260516_231324/bo_runs/openroad_dpl_hpwl_only_9case_bo_place_batch_20260421_220319_ariane133_nangate45/trials.tsv
ariane133_nangate45	Ariane133 N45	OpenROAD BO	d9c6bbe1			5786530.6	154.133	1.019047682014122	0.027957203783846057	False	../../local_backups/dpl_evolve_state_20260516_231324/bo_runs/openroad_dpl_hpwl_only_9case_bo_place_batch_20260421_220319_ariane133_nangate45/trials.tsv
ariane133_nangate45	Ariane133 N45	OpenROAD BO	da0efa2f			6014096.2	123.249	0.8148586464972363	3.961734396261399	False	../../local_backups/dpl_evolve_state_20260516_231324/bo_runs/openroad_dpl_hpwl_only_9case_bo_place_batch_20260421_220319_ariane133_nangate45/trials.tsv
ariane133_nangate45	Ariane133 N45	OpenROAD BO	da38fd3f			6321730.6	88.843	0.5873839684764499	9.279608391019444	False	../../local_backups/dpl_evolve_state_20260516_231324/bo_runs/openroad_dpl_hpwl_only_9case_bo_place_batch_20260421_220319_ariane133_nangate45/trials.tsv
ariane133_nangate45	Ariane133 N45	OpenROAD BO	da8090e3			5796300.6	147.375	0.9743672810938037	0.19684478244470516	False	../../local_backups/dpl_evolve_state_20260516_231324/bo_runs/openroad_dpl_hpwl_only_9case_bo_place_batch_20260421_220319_ariane133_nangate45/trials.tsv
ariane133_nangate45	Ariane133 N45	OpenROAD BO	db26e141			5790764.6	136.971	0.9055814137994869	0.10114758331814262	False	../../local_backups/dpl_evolve_state_20260516_231324/bo_runs/openroad_dpl_hpwl_only_9case_bo_place_batch_20260421_220319_ariane133_nangate45/trials.tsv
ariane133_nangate45	Ariane133 N45	OpenROAD BO	db5bc7e6			6057541.5	103.229	0.6824967603734166	4.712744787376506	False	../../local_backups/dpl_evolve_state_20260516_231324/bo_runs/openroad_dpl_hpwl_only_9case_bo_place_batch_20260421_220319_ariane133_nangate45/trials.tsv
ariane133_nangate45	Ariane133 N45	OpenROAD BO	dbe84aa8			5784607.7	154.488	1.0213947584164176	-0.005282706656980105	False	../../local_backups/dpl_evolve_state_20260516_231324/bo_runs/openroad_dpl_hpwl_only_9case_bo_place_batch_20260421_220319_ariane133_nangate45/trials.tsv
ariane133_nangate45	Ariane133 N45	OpenROAD BO	dbf68a21			6058543.4	104.542	0.6911776373204982	4.730063975202542	False	../../local_backups/dpl_evolve_state_20260516_231324/bo_runs/openroad_dpl_hpwl_only_9case_bo_place_batch_20260421_220319_ariane133_nangate45/trials.tsv
ariane133_nangate45	Ariane133 N45	OpenROAD BO	dd3e0704			6065427.4	106.022	0.7009626318990824	4.849063165734923	False	../../local_backups/dpl_evolve_state_20260516_231324/bo_runs/openroad_dpl_hpwl_only_9case_bo_place_batch_20260421_220319_ariane133_nangate45/trials.tsv
ariane133_nangate45	Ariane133 N45	OpenROAD BO	de61da67			5792960.5	143.961	0.9517956787348266	0.13910666560897614	False	../../local_backups/dpl_evolve_state_20260516_231324/bo_runs/openroad_dpl_hpwl_only_9case_bo_place_batch_20260421_220319_ariane133_nangate45/trials.tsv
ariane133_nangate45	Ariane133 N45	OpenROAD BO	de64ec06			5784399.4	157.301	1.0399928595985506	-0.008883452064863984	False	../../local_backups/dpl_evolve_state_20260516_231324/bo_runs/openroad_dpl_hpwl_only_9case_bo_place_batch_20260421_220319_ariane133_nangate45/trials.tsv
ariane133_nangate45	Ariane133 N45	OpenROAD BO	debccc41			6057005.7	109.077	0.7211607119244704	4.7034827643830095	False	../../local_backups/dpl_evolve_state_20260516_231324/bo_runs/openroad_dpl_hpwl_only_9case_bo_place_batch_20260421_220319_ariane133_nangate45/trials.tsv
ariane133_nangate45	Ariane133 N45	OpenROAD BO	df4abe36			6315223.4	95.949	0.6343651654193002	9.167122694820693	False	../../local_backups/dpl_evolve_state_20260516_231324/bo_runs/openroad_dpl_hpwl_only_9case_bo_place_batch_20260421_220319_ariane133_nangate45/trials.tsv
ariane133_nangate45	Ariane133 N45	OpenROAD BO	e0413b8f			6197041.5	106.969	0.7072237061328114	7.1241897436907164	False	../../local_backups/dpl_evolve_state_20260516_231324/bo_runs/openroad_dpl_hpwl_only_9case_bo_place_batch_20260421_220319_ariane133_nangate45/trials.tsv
ariane133_nangate45	Ariane133 N45	OpenROAD BO	e05b807f			6056813.7	101.587	0.6716407055774469	4.70016378637862	False	../../local_backups/dpl_evolve_state_20260516_231324/bo_runs/openroad_dpl_hpwl_only_9case_bo_place_batch_20260421_220319_ariane133_nangate45/trials.tsv
ariane133_nangate45	Ariane133 N45	OpenROAD BO	e1b02130			6425642.3	59.783	0.3952542776293867	11.075861759241924	False	../../local_backups/dpl_evolve_state_20260516_231324/bo_runs/openroad_dpl_hpwl_only_9case_bo_place_batch_20260421_220319_ariane133_nangate45/trials.tsv
ariane133_nangate45	Ariane133 N45	OpenROAD BO	e1b2c3c4			5798474.1	160.01	1.0579033665670536	0.23441665063502012	False	../../local_backups/dpl_evolve_state_20260516_231324/bo_runs/openroad_dpl_hpwl_only_9case_bo_place_batch_20260421_220319_ariane133_nangate45/trials.tsv
ariane133_nangate45	Ariane133 N45	OpenROAD BO	e1c4df49			6196662.3	99.854	0.6601830058445508	7.117634762132044	False	../../local_backups/dpl_evolve_state_20260516_231324/bo_runs/openroad_dpl_hpwl_only_9case_bo_place_batch_20260421_220319_ariane133_nangate45/trials.tsv
ariane133_nangate45	Ariane133 N45	OpenROAD BO	e1e9f421			5806815.1	139.623	0.9231150662470577	0.37860204404445985	False	../../local_backups/dpl_evolve_state_20260516_231324/bo_runs/openroad_dpl_hpwl_only_9case_bo_place_batch_20260421_220319_ariane133_nangate45/trials.tsv
ariane133_nangate45	Ariane133 N45	OpenROAD BO	e2c3e000			6211373.6	101.667	0.6721696242033163	7.371939351277743	False	../../local_backups/dpl_evolve_state_20260516_231324/bo_runs/openroad_dpl_hpwl_only_9case_bo_place_batch_20260421_220319_ariane133_nangate45/trials.tsv
ariane133_nangate45	Ariane133 N45	OpenROAD BO	e31eb469			5790482.6	157.98	1.0444820564356172	0.09627283437419562	False	../../local_backups/dpl_evolve_state_20260516_231324/bo_runs/openroad_dpl_hpwl_only_9case_bo_place_batch_20260421_220319_ariane133_nangate45/trials.tsv
ariane133_nangate45	Ariane133 N45	OpenROAD BO	e3591e6f			6314323.9	89.113	0.5891690688387591	9.151573628597003	False	../../local_backups/dpl_evolve_state_20260516_231324/bo_runs/openroad_dpl_hpwl_only_9case_bo_place_batch_20260421_220319_ariane133_nangate45/trials.tsv
ariane133_nangate45	Ariane133 N45	OpenROAD BO	e4087ae8			6054601.3	112.592	0.7444000740486075	4.661919479415534	False	../../local_backups/dpl_evolve_state_20260516_231324/bo_runs/openroad_dpl_hpwl_only_9case_bo_place_batch_20260421_220319_ariane133_nangate45/trials.tsv
ariane133_nangate45	Ariane133 N45	OpenROAD BO	e41cade1			5791252.3	152.966	1.0113320815592521	0.1095781331761705	False	../../local_backups/dpl_evolve_state_20260516_231324/bo_runs/openroad_dpl_hpwl_only_9case_bo_place_batch_20260421_220319_ariane133_nangate45/trials.tsv
ariane133_nangate45	Ariane133 N45	OpenROAD BO	e463b32a			5796112.5	159.844	1.0568058604183745	0.1935932211810363	False	../../local_backups/dpl_evolve_state_20260516_231324/bo_runs/openroad_dpl_hpwl_only_9case_bo_place_batch_20260421_220319_ariane133_nangate45/trials.tsv
ariane133_nangate45	Ariane133 N45	OpenROAD BO	e49d8340			5792081.3	151.555	1.0020032792954803	0.12390851216387289	False	../../local_backups/dpl_evolve_state_20260516_231324/bo_runs/openroad_dpl_hpwl_only_9case_bo_place_batch_20260421_220319_ariane133_nangate45/trials.tsv
ariane133_nangate45	Ariane133 N45	OpenROAD BO	e627c370			5793842.2	159.371	1.0536786290429216	0.15434803491351154	False	../../local_backups/dpl_evolve_state_20260516_231324/bo_runs/openroad_dpl_hpwl_only_9case_bo_place_batch_20260421_220319_ariane133_nangate45/trials.tsv
ariane133_nangate45	Ariane133 N45	OpenROAD BO	e63b4d53			6051751.5	95.208	0.6294660566471848	4.612656856931636	True	../../local_backups/dpl_evolve_state_20260516_231324/bo_runs/openroad_dpl_hpwl_only_9case_bo_place_batch_20260421_220319_ariane133_nangate45/trials.tsv
ariane133_nangate45	Ariane133 N45	OpenROAD BO	e7a90779			5794734.0	161.19	1.0657049162986274	0.1697639962901464	False	../../local_backups/dpl_evolve_state_20260516_231324/bo_runs/openroad_dpl_hpwl_only_9case_bo_place_batch_20260421_220319_ariane133_nangate45/trials.tsv
ariane133_nangate45	Ariane133 N45	OpenROAD BO	e7dcd851			5791235.1	143.372	0.9479015153518632	0.10928080806327407	False	../../local_backups/dpl_evolve_state_20260516_231324/bo_runs/openroad_dpl_hpwl_only_9case_bo_place_batch_20260421_220319_ariane133_nangate45/trials.tsv
ariane133_nangate45	Ariane133 N45	OpenROAD BO	e905ba29			5803245.2	146.092	0.965884748631423	0.31689152540973037	False	../../local_backups/dpl_evolve_state_20260516_231324/bo_runs/openroad_dpl_hpwl_only_9case_bo_place_batch_20260421_220319_ariane133_nangate45/trials.tsv
ariane133_nangate45	Ariane133 N45	OpenROAD BO	e956f112			5788774.7	145.932	0.9648269113796841	0.06674948784453473	False	../../local_backups/dpl_evolve_state_20260516_231324/bo_runs/openroad_dpl_hpwl_only_9case_bo_place_batch_20260421_220319_ariane133_nangate45/trials.tsv
ariane133_nangate45	Ariane133 N45	OpenROAD BO	e9696bb6			5784913.3	157.749	1.0429548039034193	0.0	False	../../local_backups/dpl_evolve_state_20260516_231324/bo_runs/openroad_dpl_hpwl_only_9case_bo_place_batch_20260421_220319_ariane133_nangate45/trials.tsv
ariane133_nangate45	Ariane133 N45	OpenROAD BO	eaa9cc4a			5790736.5	157.594	1.0419300240657974	0.10066183705813164	False	../../local_backups/dpl_evolve_state_20260516_231324/bo_runs/openroad_dpl_hpwl_only_9case_bo_place_batch_20260421_220319_ariane133_nangate45/trials.tsv
ariane133_nangate45	Ariane133 N45	OpenROAD BO	eacd4f92			5792479.0	150.344	0.993996773596382	0.1307832910823432	False	../../local_backups/dpl_evolve_state_20260516_231324/bo_runs/openroad_dpl_hpwl_only_9case_bo_place_batch_20260421_220319_ariane133_nangate45/trials.tsv
ariane133_nangate45	Ariane133 N45	OpenROAD BO	eb489984			6194230.7	96.95	0.6409832597254912	7.07560128861396	False	../../local_backups/dpl_evolve_state_20260516_231324/bo_runs/openroad_dpl_hpwl_only_9case_bo_place_batch_20260421_220319_ariane133_nangate45/trials.tsv
ariane133_nangate45	Ariane133 N45	OpenROAD BO	ebee83ae			6013009.8	124.752	0.8247957051807578	3.9429545123865557	False	../../local_backups/dpl_evolve_state_20260516_231324/bo_runs/openroad_dpl_hpwl_only_9case_bo_place_batch_20260421_220319_ariane133_nangate45/trials.tsv
ariane133_nangate45	Ariane133 N45	OpenROAD BO	ec2b4d3e			5795347.3	140.438	0.9285034247481023	0.18036571092603929	False	../../local_backups/dpl_evolve_state_20260516_231324/bo_runs/openroad_dpl_hpwl_only_9case_bo_place_batch_20260421_220319_ariane133_nangate45/trials.tsv
ariane133_nangate45	Ariane133 N45	OpenROAD BO	ed75eddf			5867494.9	134.728	0.8907518578266733	1.4275339269129679	False	../../local_backups/dpl_evolve_state_20260516_231324/bo_runs/openroad_dpl_hpwl_only_9case_bo_place_batch_20260421_220319_ariane133_nangate45/trials.tsv
ariane133_nangate45	Ariane133 N45	OpenROAD BO	edea6998			6007490.3	116.451	0.7699137862639832	3.847542537932245	False	../../local_backups/dpl_evolve_state_20260516_231324/bo_runs/openroad_dpl_hpwl_only_9case_bo_place_batch_20260421_220319_ariane133_nangate45/trials.tsv
ariane133_nangate45	Ariane133 N45	OpenROAD BO	edffee72			5784080.9	153.344	1.013831222066485	-0.014389152556520445	False	../../local_backups/dpl_evolve_state_20260516_231324/bo_runs/openroad_dpl_hpwl_only_9case_bo_place_batch_20260421_220319_ariane133_nangate45/trials.tsv
ariane133_nangate45	Ariane133 N45	OpenROAD BO	ee05c681			5803245.2	142.364	0.9412371406659085	0.31689152540973037	False	../../local_backups/dpl_evolve_state_20260516_231324/bo_runs/openroad_dpl_hpwl_only_9case_bo_place_batch_20260421_220319_ariane133_nangate45/trials.tsv
ariane133_nangate45	Ariane133 N45	OpenROAD BO	ee2cc082			5784913.3	154.625	1.022300531563219	0.0	False	../../local_backups/dpl_evolve_state_20260516_231324/bo_runs/openroad_dpl_hpwl_only_9case_bo_place_batch_20260421_220319_ariane133_nangate45/trials.tsv
ariane133_nangate45	Ariane133 N45	OpenROAD BO	ee62d000			5795082.0	141.423	0.9350157353291195	0.1757796439231023	False	../../local_backups/dpl_evolve_state_20260516_231324/bo_runs/openroad_dpl_hpwl_only_9case_bo_place_batch_20260421_220319_ariane133_nangate45/trials.tsv
ariane133_nangate45	Ariane133 N45	OpenROAD BO	ee91f47e			5791587.4	144.487	0.9552733186999179	0.11537078697446614	False	../../local_backups/dpl_evolve_state_20260516_231324/bo_runs/openroad_dpl_hpwl_only_9case_bo_place_batch_20260421_220319_ariane133_nangate45/trials.tsv
ariane133_nangate45	Ariane133 N45	OpenROAD BO	efa03d46			5784913.3	148.984	0.9850051569566022	0.0	False	../../local_backups/dpl_evolve_state_20260516_231324/bo_runs/openroad_dpl_hpwl_only_9case_bo_place_batch_20260421_220319_ariane133_nangate45/trials.tsv
ariane133_nangate45	Ariane133 N45	OpenROAD BO	f03bdf8a			5794335.7	149.448	0.9880728849866448	0.16287884556541882	False	../../local_backups/dpl_evolve_state_20260516_231324/bo_runs/openroad_dpl_hpwl_only_9case_bo_place_batch_20260421_220319_ariane133_nangate45/trials.tsv
ariane133_nangate45	Ariane133 N45	OpenROAD BO	f144c70f			5786095.4	139.116	0.9197630444556105	0.020434186973909512	False	../../local_backups/dpl_evolve_state_20260516_231324/bo_runs/openroad_dpl_hpwl_only_9case_bo_place_batch_20260421_220319_ariane133_nangate45/trials.tsv
ariane133_nangate45	Ariane133 N45	OpenROAD BO	f2d5f31d			5798474.1	156.734	1.0362441488377012	0.23441665063502012	False	../../local_backups/dpl_evolve_state_20260516_231324/bo_runs/openroad_dpl_hpwl_only_9case_bo_place_batch_20260421_220319_ariane133_nangate45/trials.tsv
ariane133_nangate45	Ariane133 N45	OpenROAD BO	f47cb0ff			5785769.3	141.675	0.9366818290006083	0.014797110269569641	False	../../local_backups/dpl_evolve_state_20260516_231324/bo_runs/openroad_dpl_hpwl_only_9case_bo_place_batch_20260421_220319_ariane133_nangate45/trials.tsv
ariane133_nangate45	Ariane133 N45	OpenROAD BO	f563609c			5796112.5	153.122	1.0123634728796975	0.1935932211810363	False	../../local_backups/dpl_evolve_state_20260516_231324/bo_runs/openroad_dpl_hpwl_only_9case_bo_place_batch_20260421_220319_ariane133_nangate45/trials.tsv
ariane133_nangate45	Ariane133 N45	OpenROAD BO	f65308ce			6426359.2	61.132	0.4041731679581096	11.088254339092694	False	../../local_backups/dpl_evolve_state_20260516_231324/bo_runs/openroad_dpl_hpwl_only_9case_bo_place_batch_20260421_220319_ariane133_nangate45/trials.tsv
ariane133_nangate45	Ariane133 N45	OpenROAD BO	f6eeef56			6207258.0	96.627	0.6388477507735434	7.300795674846158	False	../../local_backups/dpl_evolve_state_20260516_231324/bo_runs/openroad_dpl_hpwl_only_9case_bo_place_batch_20260421_220319_ariane133_nangate45/trials.tsv
ariane133_nangate45	Ariane133 N45	OpenROAD BO	f7974b2d			5791775.3	147.246	0.9735143998095893	0.1186188909693772	False	../../local_backups/dpl_evolve_state_20260516_231324/bo_runs/openroad_dpl_hpwl_only_9case_bo_place_batch_20260421_220319_ariane133_nangate45/trials.tsv
ariane133_nangate45	Ariane133 N45	OpenROAD BO	f7ba4cdc			6046167.7	102.687	0.6789133366831512	4.516133370572734	True	../../local_backups/dpl_evolve_state_20260516_231324/bo_runs/openroad_dpl_hpwl_only_9case_bo_place_batch_20260421_220319_ariane133_nangate45/trials.tsv
ariane133_nangate45	Ariane133 N45	OpenROAD BO	f87add8c			5793481.4	147.218	0.9733292782905348	0.14811112208026625	False	../../local_backups/dpl_evolve_state_20260516_231324/bo_runs/openroad_dpl_hpwl_only_9case_bo_place_batch_20260421_220319_ariane133_nangate45/trials.tsv
ariane133_nangate45	Ariane133 N45	OpenROAD BO	fa26dda4			6057882.1	95.988	0.6346230132494115	4.718632516065536	False	../../local_backups/dpl_evolve_state_20260516_231324/bo_runs/openroad_dpl_hpwl_only_9case_bo_place_batch_20260421_220319_ariane133_nangate45/trials.tsv
ariane133_nangate45	Ariane133 N45	OpenROAD BO	fa2d1fc0			5784913.3	142.955	0.9451445270145188	0.0	False	../../local_backups/dpl_evolve_state_20260516_231324/bo_runs/openroad_dpl_hpwl_only_9case_bo_place_batch_20260421_220319_ariane133_nangate45/trials.tsv
ariane133_nangate45	Ariane133 N45	OpenROAD BO	fac92bc5			6313276.0	78.0	0.5156956602226747	9.133459268957413	True	../../local_backups/dpl_evolve_state_20260516_231324/bo_runs/openroad_dpl_hpwl_only_9case_bo_place_batch_20260421_220319_ariane133_nangate45/trials.tsv
ariane133_nangate45	Ariane133 N45	OpenROAD BO	fb3d5d2b			5788774.7	144.649	0.9563443789173035	0.06674948784453473	False	../../local_backups/dpl_evolve_state_20260516_231324/bo_runs/openroad_dpl_hpwl_only_9case_bo_place_batch_20260421_220319_ariane133_nangate45/trials.tsv
ariane133_nangate45	Ariane133 N45	OpenROAD BO	fb5ac8de			5793020.6	151.912	1.0043635786634226	0.14014557486971868	False	../../local_backups/dpl_evolve_state_20260516_231324/bo_runs/openroad_dpl_hpwl_only_9case_bo_place_batch_20260421_220319_ariane133_nangate45/trials.tsv
ariane133_nangate45	Ariane133 N45	OpenROAD BO	fbc21785			5792479.0	148.513	0.981891148546796	0.1307832910823432	False	../../local_backups/dpl_evolve_state_20260516_231324/bo_runs/openroad_dpl_hpwl_only_9case_bo_place_batch_20260421_220319_ariane133_nangate45/trials.tsv
ariane133_nangate45	Ariane133 N45	OpenROAD BO	fc81d5ec			5868726.7	113.3	0.7490810038875518	1.4488272451723758	True	../../local_backups/dpl_evolve_state_20260516_231324/bo_runs/openroad_dpl_hpwl_only_9case_bo_place_batch_20260421_220319_ariane133_nangate45/trials.tsv
ariane133_nangate45	Ariane133 N45	OpenROAD BO	fcf1d775			6190037.7	109.937	0.7268465871525666	7.0031196491743515	False	../../local_backups/dpl_evolve_state_20260516_231324/bo_runs/openroad_dpl_hpwl_only_9case_bo_place_batch_20260421_220319_ariane133_nangate45/trials.tsv
ariane133_nangate45	Ariane133 N45	OpenROAD BO	fd8f1a36			6058850.1	105.347	0.6964998809933091	4.735365696837666	False	../../local_backups/dpl_evolve_state_20260516_231324/bo_runs/openroad_dpl_hpwl_only_9case_bo_place_batch_20260421_220319_ariane133_nangate45/trials.tsv
ariane133_nangate45	Ariane133 N45	OpenROAD BO	fdeab7d1			5791380.7	149.409	0.9878150371565334	0.1117976997166124	False	../../local_backups/dpl_evolve_state_20260516_231324/bo_runs/openroad_dpl_hpwl_only_9case_bo_place_batch_20260421_220319_ariane133_nangate45/trials.tsv
ariane133_nangate45	Ariane133 N45	OpenROAD BO	fe409fd7			5786414.5	156.429	1.034227646576574	0.02595025927182325	False	../../local_backups/dpl_evolve_state_20260516_231324/bo_runs/openroad_dpl_hpwl_only_9case_bo_place_batch_20260421_220319_ariane133_nangate45/trials.tsv
ariane133_nangate45	Ariane133 N45	OpenROAD BO	ff9c3799			5791380.7	152.026	1.0051172877052865	0.1117976997166124	False	../../local_backups/dpl_evolve_state_20260516_231324/bo_runs/openroad_dpl_hpwl_only_9case_bo_place_batch_20260421_220319_ariane133_nangate45/trials.tsv
ariane133_nangate45	Ariane133 N45	OpenROAD Evolve	smoke_1x2_i1	smoke_1x2_iter_01	student_01	5597316.3	108.091	0.7146417898606299	-3.242866232757542	False	../../dpl_evolve_agent/.dpl_evolve_state/smoke_ariane_1student_2iter_20260529_012008_place_batch_20260421_220319_ariane133_nangate45_4x2_tgpt55_xhigh_sgpt54_xhigh/teacher_rounds/students/student_01/iter_01/artifacts/candidate_metrics_summary.json
ariane133_nangate45	Ariane133 N45	OpenROAD Evolve	smoke_1x2_i2	smoke_1x2_iter_02	student_01	5595387.7	110.336	0.7294845687990902	-3.2762046753578766	False	../../dpl_evolve_agent/.dpl_evolve_state/smoke_ariane_1student_2iter_20260529_012008_place_batch_20260421_220319_ariane133_nangate45_4x2_tgpt55_xhigh_sgpt54_xhigh/teacher_rounds/students/student_01/iter_02/artifacts/candidate_metrics_summary.json
ariane133_nangate45	Ariane133 N45	OpenROAD Evolve	ranked_producer_smoke	smoke_ranked_producer	student_01	5723009.4	127.677	0.8441342924391082	-1.0700920962808456	False	../../dpl_evolve_agent/.dpl_evolve_state/smoke_ariane133_1student_ranked_producer_20260529_112521/teacher_rounds/students/student_01/iter_01/artifacts/candidate_metrics_summary.json
ariane133_nangate45	Ariane133 N45	OpenROAD Evolve	diamond_da_smoke	smoke_diamond_da	student_01	5494129.3	96.821	0.6401303784412767	-5.026592187647825	False	../../dpl_evolve_agent/.dpl_evolve_state/smoke_ariane133_diamond_da_student_20260529_135158/teacher_rounds/students/student_01/iter_01/artifacts/candidate_metrics_summary.json
ariane133_nangate45	Ariane133 N45	OpenROAD Evolve	diamond_da_verify	smoke_diamond_da_verify	student_01	5502492.2	81.143	0.5364755507365192	-4.882028223309754	True	../../dpl_evolve_agent/.dpl_evolve_state/smoke_ariane133_diamond_da_student_verify_20260529_144330/teacher_rounds/students/student_01/iter_01/artifacts/candidate_metrics_summary.json
ariane133_nangate45	Ariane133 N45	OpenROAD Evolve	clean_da_compact	smoke_clean_da	student_01	5645436.6	82.604	0.5461349271414593	-2.411042184504307	False	../../dpl_evolve_agent/.dpl_evolve_state/smoke_ariane133_da_clean_student_20260529_163841/teacher_rounds/students/student_01/iter_01/artifacts/candidate_metrics_summary.json
aes_nangate45	AES N45	OpenROAD Evolve	iter_01/student_01	iter_01	student_01	175501.0	7.145	1.1849087893864012	-0.7600436766413126	False	../../dpl_evolve_agent/.dpl_evolve_state/evolve_4case_aes_swerv_framework_4x10_t55_s54_pair2_restart_20260523_112047_place_batch_20260421_220319_aes_nangate45_4x10_tgpt55_xhigh_sgpt54_xhigh/teacher_rounds/students/student_01/iter_01/artifacts/candidate_metrics_summary.json
aes_nangate45	AES N45	OpenROAD Evolve	iter_02/student_01	iter_02	student_01	175074.1	10.101	1.675124378109453	-1.0014413744005346	False	../../dpl_evolve_agent/.dpl_evolve_state/evolve_4case_aes_swerv_framework_4x10_t55_s54_pair2_restart_20260523_112047_place_batch_20260421_220319_aes_nangate45_4x10_tgpt55_xhigh_sgpt54_xhigh/teacher_rounds/students/student_01/iter_02/artifacts/candidate_metrics_summary.json
aes_nangate45	AES N45	OpenROAD Evolve	iter_03/student_01	iter_03	student_01	174208.2	10.038	1.6646766169154228	-1.491078915955259	False	../../dpl_evolve_agent/.dpl_evolve_state/evolve_4case_aes_swerv_framework_4x10_t55_s54_pair2_restart_20260523_112047_place_batch_20260421_220319_aes_nangate45_4x10_tgpt55_xhigh_sgpt54_xhigh/teacher_rounds/students/student_01/iter_03/artifacts/candidate_metrics_summary.json
aes_nangate45	AES N45	OpenROAD Evolve	iter_04/student_01	iter_04	student_01	174214.8	10.175	1.6873963515754562	-1.4873468362991213	False	../../dpl_evolve_agent/.dpl_evolve_state/evolve_4case_aes_swerv_framework_4x10_t55_s54_pair2_restart_20260523_112047_place_batch_20260421_220319_aes_nangate45_4x10_tgpt55_xhigh_sgpt54_xhigh/teacher_rounds/students/student_01/iter_04/artifacts/candidate_metrics_summary.json
aes_nangate45	AES N45	OpenROAD Evolve	iter_05/student_01	iter_05	student_01	174192.0	10.387	1.7225538971807628	-1.5002394751112729	False	../../dpl_evolve_agent/.dpl_evolve_state/evolve_4case_aes_swerv_framework_4x10_t55_s54_pair2_restart_20260523_112047_place_batch_20260421_220319_aes_nangate45_4x10_tgpt55_xhigh_sgpt54_xhigh/teacher_rounds/students/student_01/iter_05/artifacts/candidate_metrics_summary.json
aes_nangate45	AES N45	OpenROAD Evolve	iter_06/student_01	iter_06	student_01	174182.4	10.576	1.7538971807628525	-1.5056679546111322	False	../../dpl_evolve_agent/.dpl_evolve_state/evolve_4case_aes_swerv_framework_4x10_t55_s54_pair2_restart_20260523_112047_place_batch_20260421_220319_aes_nangate45_4x10_tgpt55_xhigh_sgpt54_xhigh/teacher_rounds/students/student_01/iter_06/artifacts/candidate_metrics_summary.json
aes_nangate45	AES N45	OpenROAD Evolve	iter_07/student_01	iter_07	student_01	174176.9	10.592	1.7565505804311774	-1.5087780209912582	False	../../dpl_evolve_agent/.dpl_evolve_state/evolve_4case_aes_swerv_framework_4x10_t55_s54_pair2_restart_20260523_112047_place_batch_20260421_220319_aes_nangate45_4x10_tgpt55_xhigh_sgpt54_xhigh/teacher_rounds/students/student_01/iter_07/artifacts/candidate_metrics_summary.json
aes_nangate45	AES N45	OpenROAD Evolve	iter_08/student_01	iter_08	student_01	176476.6	11.7	1.9402985074626864	-0.20837444746843423	False	../../dpl_evolve_agent/.dpl_evolve_state/evolve_4case_aes_swerv_framework_4x10_t55_s54_pair2_restart_20260523_112047_place_batch_20260421_220319_aes_nangate45_4x10_tgpt55_xhigh_sgpt54_xhigh/teacher_rounds/students/student_01/iter_08/artifacts/candidate_metrics_summary.json
aes_nangate45	AES N45	OpenROAD Evolve	iter_09/student_01	iter_09	student_01	173567.3	9.757	1.6180762852404642	-1.8534864692321231	True	../../dpl_evolve_agent/.dpl_evolve_state/evolve_4case_aes_swerv_framework_4x10_t55_s54_pair2_restart_20260523_112047_place_batch_20260421_220319_aes_nangate45_4x10_tgpt55_xhigh_sgpt54_xhigh/teacher_rounds/students/student_01/iter_09/artifacts/candidate_metrics_summary.json
aes_nangate45	AES N45	OpenROAD Evolve	iter_10/student_01	iter_10	student_01	173540.0	9.766	1.6195688225538971	-1.8689237078098322	True	../../dpl_evolve_agent/.dpl_evolve_state/evolve_4case_aes_swerv_framework_4x10_t55_s54_pair2_restart_20260523_112047_place_batch_20260421_220319_aes_nangate45_4x10_tgpt55_xhigh_sgpt54_xhigh/teacher_rounds/students/student_01/iter_10/artifacts/candidate_metrics_summary.json
aes_nangate45	AES N45	OpenROAD Evolve	iter_01/student_02	iter_01	student_02	178352.3	5.563	0.9225538971807627	0.8522712814773961	False	../../dpl_evolve_agent/.dpl_evolve_state/evolve_4case_aes_swerv_framework_4x10_t55_s54_pair2_restart_20260523_112047_place_batch_20260421_220319_aes_nangate45_4x10_tgpt55_xhigh_sgpt54_xhigh/teacher_rounds/students/student_02/iter_01/artifacts/candidate_metrics_summary.json
aes_nangate45	AES N45	OpenROAD Evolve	iter_02/student_02	iter_02	student_02	178332.4	5.317	0.8817578772802653	0.8410184958474893	True	../../dpl_evolve_agent/.dpl_evolve_state/evolve_4case_aes_swerv_framework_4x10_t55_s54_pair2_restart_20260523_112047_place_batch_20260421_220319_aes_nangate45_4x10_tgpt55_xhigh_sgpt54_xhigh/teacher_rounds/students/student_02/iter_02/artifacts/candidate_metrics_summary.json
aes_nangate45	AES N45	OpenROAD Evolve	iter_03/student_02	iter_03	student_02	175247.5	9.717	1.6114427860696519	-0.9033894634343874	False	../../dpl_evolve_agent/.dpl_evolve_state/evolve_4case_aes_swerv_framework_4x10_t55_s54_pair2_restart_20260523_112047_place_batch_20260421_220319_aes_nangate45_4x10_tgpt55_xhigh_sgpt54_xhigh/teacher_rounds/students/student_02/iter_03/artifacts/candidate_metrics_summary.json
aes_nangate45	AES N45	OpenROAD Evolve	iter_04/student_02	iter_04	student_02	175061.9	9.99	1.6567164179104477	-1.008340067098275	False	../../dpl_evolve_agent/.dpl_evolve_state/evolve_4case_aes_swerv_framework_4x10_t55_s54_pair2_restart_20260523_112047_place_batch_20260421_220319_aes_nangate45_4x10_tgpt55_xhigh_sgpt54_xhigh/teacher_rounds/students/student_02/iter_04/artifacts/candidate_metrics_summary.json
aes_nangate45	AES N45	OpenROAD Evolve	iter_05/student_02	iter_05	student_02	174452.5	8.14	1.349917081260365	-1.3529354220162197	False	../../dpl_evolve_agent/.dpl_evolve_state/evolve_4case_aes_swerv_framework_4x10_t55_s54_pair2_restart_20260523_112047_place_batch_20260421_220319_aes_nangate45_4x10_tgpt55_xhigh_sgpt54_xhigh/teacher_rounds/students/student_02/iter_05/artifacts/candidate_metrics_summary.json
aes_nangate45	AES N45	OpenROAD Evolve	iter_06/student_02	iter_06	student_02	174182.6	11.038	1.830514096185738	-1.5055548612882121	False	../../dpl_evolve_agent/.dpl_evolve_state/evolve_4case_aes_swerv_framework_4x10_t55_s54_pair2_restart_20260523_112047_place_batch_20260421_220319_aes_nangate45_4x10_tgpt55_xhigh_sgpt54_xhigh/teacher_rounds/students/student_02/iter_06/artifacts/candidate_metrics_summary.json
aes_nangate45	AES N45	OpenROAD Evolve	iter_07/student_02	iter_07	student_02	174182.6	9.902	1.6421227197346597	-1.5055548612882121	False	../../dpl_evolve_agent/.dpl_evolve_state/evolve_4case_aes_swerv_framework_4x10_t55_s54_pair2_restart_20260523_112047_place_batch_20260421_220319_aes_nangate45_4x10_tgpt55_xhigh_sgpt54_xhigh/teacher_rounds/students/student_02/iter_07/artifacts/candidate_metrics_summary.json
aes_nangate45	AES N45	OpenROAD Evolve	iter_08/student_02	iter_08	student_02	173597.2	10.967	1.8187396351575456	-1.8365790174565164	False	../../dpl_evolve_agent/.dpl_evolve_state/evolve_4case_aes_swerv_framework_4x10_t55_s54_pair2_restart_20260523_112047_place_batch_20260421_220319_aes_nangate45_4x10_tgpt55_xhigh_sgpt54_xhigh/teacher_rounds/students/student_02/iter_08/artifacts/candidate_metrics_summary.json
aes_nangate45	AES N45	OpenROAD Evolve	iter_09/student_02	iter_09	student_02	173558.7	9.871	1.6369817578772803	-1.8583494821173976	False	../../dpl_evolve_agent/.dpl_evolve_state/evolve_4case_aes_swerv_framework_4x10_t55_s54_pair2_restart_20260523_112047_place_batch_20260421_220319_aes_nangate45_4x10_tgpt55_xhigh_sgpt54_xhigh/teacher_rounds/students/student_02/iter_09/artifacts/candidate_metrics_summary.json
aes_nangate45	AES N45	OpenROAD Evolve	iter_10/student_02	iter_10	student_02	173649.3	10.049	1.6665008291873962	-1.8071182068375191	False	../../dpl_evolve_agent/.dpl_evolve_state/evolve_4case_aes_swerv_framework_4x10_t55_s54_pair2_restart_20260523_112047_place_batch_20260421_220319_aes_nangate45_4x10_tgpt55_xhigh_sgpt54_xhigh/teacher_rounds/students/student_02/iter_10/artifacts/candidate_metrics_summary.json
aes_nangate45	AES N45	OpenROAD Evolve	iter_02/student_03	iter_02	student_03	178593.4	5.267	0.8734660033167496	0.9886052822498267	True	../../dpl_evolve_agent/.dpl_evolve_state/evolve_4case_aes_swerv_framework_4x10_t55_s54_pair2_restart_20260523_112047_place_batch_20260421_220319_aes_nangate45_4x10_tgpt55_xhigh_sgpt54_xhigh/teacher_rounds/students/student_03/iter_02/artifacts/candidate_metrics_summary.json
aes_nangate45	AES N45	OpenROAD Evolve	iter_03/student_03	iter_03	student_03	175490.3	11.125	1.8449419568822554	-0.7660941694172003	False	../../dpl_evolve_agent/.dpl_evolve_state/evolve_4case_aes_swerv_framework_4x10_t55_s54_pair2_restart_20260523_112047_place_batch_20260421_220319_aes_nangate45_4x10_tgpt55_xhigh_sgpt54_xhigh/teacher_rounds/students/student_03/iter_03/artifacts/candidate_metrics_summary.json
aes_nangate45	AES N45	OpenROAD Evolve	iter_04/student_03	iter_04	student_03	175515.2	11.037	1.8303482587064677	-0.7520140507144355	False	../../dpl_evolve_agent/.dpl_evolve_state/evolve_4case_aes_swerv_framework_4x10_t55_s54_pair2_restart_20260523_112047_place_batch_20260421_220319_aes_nangate45_4x10_tgpt55_xhigh_sgpt54_xhigh/teacher_rounds/students/student_03/iter_04/artifacts/candidate_metrics_summary.json
aes_nangate45	AES N45	OpenROAD Evolve	iter_05/student_03	iter_05	student_03	174205.7	9.311	1.5441127694859038	-1.4924925824916802	True	../../dpl_evolve_agent/.dpl_evolve_state/evolve_4case_aes_swerv_framework_4x10_t55_s54_pair2_restart_20260523_112047_place_batch_20260421_220319_aes_nangate45_4x10_tgpt55_xhigh_sgpt54_xhigh/teacher_rounds/students/student_03/iter_05/artifacts/candidate_metrics_summary.json
aes_nangate45	AES N45	OpenROAD Evolve	iter_06/student_03	iter_06	student_03	174189.7	9.985	1.655887230514096	-1.5015400483247736	False	../../dpl_evolve_agent/.dpl_evolve_state/evolve_4case_aes_swerv_framework_4x10_t55_s54_pair2_restart_20260523_112047_place_batch_20260421_220319_aes_nangate45_4x10_tgpt55_xhigh_sgpt54_xhigh/teacher_rounds/students/student_03/iter_06/artifacts/candidate_metrics_summary.json
aes_nangate45	AES N45	OpenROAD Evolve	iter_07/student_03	iter_07	student_03	173597.2	10.176	1.6875621890547263	-1.8365790174565164	False	../../dpl_evolve_agent/.dpl_evolve_state/evolve_4case_aes_swerv_framework_4x10_t55_s54_pair2_restart_20260523_112047_place_batch_20260421_220319_aes_nangate45_4x10_tgpt55_xhigh_sgpt54_xhigh/teacher_rounds/students/student_03/iter_07/artifacts/candidate_metrics_summary.json
aes_nangate45	AES N45	OpenROAD Evolve	iter_08/student_03	iter_08	student_03	173715.4	10.228	1.6961857379767826	-1.7697408636145482	False	../../dpl_evolve_agent/.dpl_evolve_state/evolve_4case_aes_swerv_framework_4x10_t55_s54_pair2_restart_20260523_112047_place_batch_20260421_220319_aes_nangate45_4x10_tgpt55_xhigh_sgpt54_xhigh/teacher_rounds/students/student_03/iter_08/artifacts/candidate_metrics_summary.json
aes_nangate45	AES N45	OpenROAD Evolve	iter_09/student_03	iter_09	student_03	173698.0	9.879	1.6383084577114426	-1.779579982708034	False	../../dpl_evolve_agent/.dpl_evolve_state/evolve_4case_aes_swerv_framework_4x10_t55_s54_pair2_restart_20260523_112047_place_batch_20260421_220319_aes_nangate45_4x10_tgpt55_xhigh_sgpt54_xhigh/teacher_rounds/students/student_03/iter_09/artifacts/candidate_metrics_summary.json
aes_nangate45	AES N45	OpenROAD Evolve	iter_10/student_03	iter_10	student_03	170356.8	11.214	1.8597014925373134	-3.668917035303787	True	../../dpl_evolve_agent/.dpl_evolve_state/evolve_4case_aes_swerv_framework_4x10_t55_s54_pair2_restart_20260523_112047_place_batch_20260421_220319_aes_nangate45_4x10_tgpt55_xhigh_sgpt54_xhigh/teacher_rounds/students/student_03/iter_10/artifacts/candidate_metrics_summary.json
aes_nangate45	AES N45	OpenROAD Evolve	iter_01/student_04	iter_01	student_04	179218.4	4.569	0.7577114427860696	1.3420219163550409	True	../../dpl_evolve_agent/.dpl_evolve_state/evolve_4case_aes_swerv_framework_4x10_t55_s54_pair2_restart_20260523_112047_place_batch_20260421_220319_aes_nangate45_4x10_tgpt55_xhigh_sgpt54_xhigh/teacher_rounds/students/student_04/iter_01/artifacts/candidate_metrics_summary.json
aes_nangate45	AES N45	OpenROAD Evolve	iter_02/student_04	iter_02	student_04	179143.4	4.773	0.7915422885572139	1.299611920262415	True	../../dpl_evolve_agent/.dpl_evolve_state/evolve_4case_aes_swerv_framework_4x10_t55_s54_pair2_restart_20260523_112047_place_batch_20260421_220319_aes_nangate45_4x10_tgpt55_xhigh_sgpt54_xhigh/teacher_rounds/students/student_04/iter_02/artifacts/candidate_metrics_summary.json
aes_nangate45	AES N45	OpenROAD Evolve	iter_03/student_04	iter_03	student_04	179099.4	5.001	0.8293532338308458	1.274731389221408	True	../../dpl_evolve_agent/.dpl_evolve_state/evolve_4case_aes_swerv_framework_4x10_t55_s54_pair2_restart_20260523_112047_place_batch_20260421_220319_aes_nangate45_4x10_tgpt55_xhigh_sgpt54_xhigh/teacher_rounds/students/student_04/iter_03/artifacts/candidate_metrics_summary.json
aes_nangate45	AES N45	OpenROAD Evolve	iter_04/student_04	iter_04	student_04	174413.9	7.144	1.184742951907131	-1.374762433338561	True	../../dpl_evolve_agent/.dpl_evolve_state/evolve_4case_aes_swerv_framework_4x10_t55_s54_pair2_restart_20260523_112047_place_batch_20260421_220319_aes_nangate45_4x10_tgpt55_xhigh_sgpt54_xhigh/teacher_rounds/students/student_04/iter_04/artifacts/candidate_metrics_summary.json
aes_nangate45	AES N45	OpenROAD Evolve	iter_05/student_04	iter_05	student_04	174406.1	7.445	1.234660033167496	-1.3791730729321876	True	../../dpl_evolve_agent/.dpl_evolve_state/evolve_4case_aes_swerv_framework_4x10_t55_s54_pair2_restart_20260523_112047_place_batch_20260421_220319_aes_nangate45_4x10_tgpt55_xhigh_sgpt54_xhigh/teacher_rounds/students/student_04/iter_05/artifacts/candidate_metrics_summary.json
aes_nangate45	AES N45	OpenROAD Evolve	iter_06/student_04	iter_06	student_04	174408.4	7.468	1.238474295190713	-1.3778724997186869	False	../../dpl_evolve_agent/.dpl_evolve_state/evolve_4case_aes_swerv_framework_4x10_t55_s54_pair2_restart_20260523_112047_place_batch_20260421_220319_aes_nangate45_4x10_tgpt55_xhigh_sgpt54_xhigh/teacher_rounds/students/student_04/iter_06/artifacts/candidate_metrics_summary.json
aes_nangate45	AES N45	OpenROAD Evolve	iter_07/student_04	iter_07	student_04	174182.6	10.528	1.7459369817578774	-1.5055548612882121	False	../../dpl_evolve_agent/.dpl_evolve_state/evolve_4case_aes_swerv_framework_4x10_t55_s54_pair2_restart_20260523_112047_place_batch_20260421_220319_aes_nangate45_4x10_tgpt55_xhigh_sgpt54_xhigh/teacher_rounds/students/student_04/iter_07/artifacts/candidate_metrics_summary.json
aes_nangate45	AES N45	OpenROAD Evolve	iter_08/student_04	iter_08	student_04	173565.7	9.85	1.6334991708126034	-1.8543912158154192	False	../../dpl_evolve_agent/.dpl_evolve_state/evolve_4case_aes_swerv_framework_4x10_t55_s54_pair2_restart_20260523_112047_place_batch_20260421_220319_aes_nangate45_4x10_tgpt55_xhigh_sgpt54_xhigh/teacher_rounds/students/student_04/iter_08/artifacts/candidate_metrics_summary.json
aes_nangate45	AES N45	OpenROAD Evolve	iter_09/student_04	iter_09	student_04	174820.4	7.796	1.2928689883913764	-1.1449002545165297	False	../../dpl_evolve_agent/.dpl_evolve_state/evolve_4case_aes_swerv_framework_4x10_t55_s54_pair2_restart_20260523_112047_place_batch_20260421_220319_aes_nangate45_4x10_tgpt55_xhigh_sgpt54_xhigh/teacher_rounds/students/student_04/iter_09/artifacts/candidate_metrics_summary.json
aes_nangate45	AES N45	OpenROAD Evolve	iter_10/student_04	iter_10	student_04	173562.4	9.978	1.654726368159204	-1.8562572556435046	False	../../dpl_evolve_agent/.dpl_evolve_state/evolve_4case_aes_swerv_framework_4x10_t55_s54_pair2_restart_20260523_112047_place_batch_20260421_220319_aes_nangate45_4x10_tgpt55_xhigh_sgpt54_xhigh/teacher_rounds/students/student_04/iter_10/artifacts/candidate_metrics_summary.json
ariane133_nangate45	Ariane133 N45	OpenROAD Evolve	iter_01/student_01	iter_01	student_01	5790724.3	133.633	0.8835122841350859	0.10045094366409951	False	../../dpl_evolve_agent/.dpl_evolve_state/rerun_9case_width4x10_parallel3_20260520_061153_place_batch_20260421_220319_ariane133_nangate45_4x10_tgpt55_xhigh_sgpt54_xhigh/teacher_rounds/students/student_01/iter_01/artifacts/candidate_metrics_summary.json
ariane133_nangate45	Ariane133 N45	OpenROAD Evolve	iter_02/student_01	iter_02	student_01	5472534.4	82.465	0.5452159310290112	-5.399889052788388	True	../../dpl_evolve_agent/.dpl_evolve_state/rerun_9case_width4x10_parallel3_20260520_061153_place_batch_20260421_220319_ariane133_nangate45_4x10_tgpt55_xhigh_sgpt54_xhigh/teacher_rounds/students/student_01/iter_02/artifacts/candidate_metrics_summary.json
ariane133_nangate45	Ariane133 N45	OpenROAD Evolve	iter_03/student_01	iter_03	student_01	5468010.8	86.402	0.5712453389046095	-5.478085557479314	False	../../dpl_evolve_agent/.dpl_evolve_state/rerun_9case_width4x10_parallel3_20260520_061153_place_batch_20260421_220319_ariane133_nangate45_4x10_tgpt55_xhigh_sgpt54_xhigh/teacher_rounds/students/student_01/iter_03/artifacts/candidate_metrics_summary.json
ariane133_nangate45	Ariane133 N45	OpenROAD Evolve	iter_04/student_01	iter_04	student_01	5467461.1	91.921	0.6077341126067755	-5.48758786065126	False	../../dpl_evolve_agent/.dpl_evolve_state/rerun_9case_width4x10_parallel3_20260520_061153_place_batch_20260421_220319_ariane133_nangate45_4x10_tgpt55_xhigh_sgpt54_xhigh/teacher_rounds/students/student_01/iter_04/artifacts/candidate_metrics_summary.json
ariane133_nangate45	Ariane133 N45	OpenROAD Evolve	iter_05/student_01	iter_05	student_01	5467102.5	86.676	0.5730568851982122	-5.493786743528202	False	../../dpl_evolve_agent/.dpl_evolve_state/rerun_9case_width4x10_parallel3_20260520_061153_place_batch_20260421_220319_ariane133_nangate45_4x10_tgpt55_xhigh_sgpt54_xhigh/teacher_rounds/students/student_01/iter_05/artifacts/candidate_metrics_summary.json
ariane133_nangate45	Ariane133 N45	OpenROAD Evolve	iter_06/student_01	iter_06	student_01	5467028.7	84.907	0.5613611720836749	-5.495062475698636	True	../../dpl_evolve_agent/.dpl_evolve_state/rerun_9case_width4x10_parallel3_20260520_061153_place_batch_20260421_220319_ariane133_nangate45_4x10_tgpt55_xhigh_sgpt54_xhigh/teacher_rounds/students/student_01/iter_06/artifacts/candidate_metrics_summary.json
ariane133_nangate45	Ariane133 N45	OpenROAD Evolve	iter_07/student_01	iter_07	student_01	5467028.7	85.984	0.5684817390844418	-5.495062475698636	False	../../dpl_evolve_agent/.dpl_evolve_state/rerun_9case_width4x10_parallel3_20260520_061153_place_batch_20260421_220319_ariane133_nangate45_4x10_tgpt55_xhigh_sgpt54_xhigh/teacher_rounds/students/student_01/iter_07/artifacts/candidate_metrics_summary.json
ariane133_nangate45	Ariane133 N45	OpenROAD Evolve	iter_08/student_01	iter_08	student_01	5466785.9	89.416	0.5911723481342395	-5.499259599966683	False	../../dpl_evolve_agent/.dpl_evolve_state/rerun_9case_width4x10_parallel3_20260520_061153_place_batch_20260421_220319_ariane133_nangate45_4x10_tgpt55_xhigh_sgpt54_xhigh/teacher_rounds/students/student_01/iter_08/artifacts/candidate_metrics_summary.json
ariane133_nangate45	Ariane133 N45	OpenROAD Evolve	iter_09/student_01	iter_09	student_01	5466785.9	92.513	0.6116481104382091	-5.499259599966683	False	../../dpl_evolve_agent/.dpl_evolve_state/rerun_9case_width4x10_parallel3_20260520_061153_place_batch_20260421_220319_ariane133_nangate45_4x10_tgpt55_xhigh_sgpt54_xhigh/teacher_rounds/students/student_01/iter_09/artifacts/candidate_metrics_summary.json
ariane133_nangate45	Ariane133 N45	OpenROAD Evolve	iter_10/student_01	iter_10	student_01	5466762.9	89.623	0.5925409250786766	-5.499657185873459	False	../../dpl_evolve_agent/.dpl_evolve_state/rerun_9case_width4x10_parallel3_20260520_061153_place_batch_20260421_220319_ariane133_nangate45_4x10_tgpt55_xhigh_sgpt54_xhigh/teacher_rounds/students/student_01/iter_10/artifacts/candidate_metrics_summary.json
ariane133_nangate45	Ariane133 N45	OpenROAD Evolve	iter_01/student_02	iter_01	student_02	5781779.3	144.12	0.9528469045037421	-0.05417540138414866	False	../../dpl_evolve_agent/.dpl_evolve_state/rerun_9case_width4x10_parallel3_20260520_061153_place_batch_20260421_220319_ariane133_nangate45_4x10_tgpt55_xhigh_sgpt54_xhigh/teacher_rounds/students/student_02/iter_01/artifacts/candidate_metrics_summary.json
ariane133_nangate45	Ariane133 N45	OpenROAD Evolve	iter_02/student_02	iter_02	student_02	5468010.8	88.478	0.5849707772459206	-5.478085557479314	False	../../dpl_evolve_agent/.dpl_evolve_state/rerun_9case_width4x10_parallel3_20260520_061153_place_batch_20260421_220319_ariane133_nangate45_4x10_tgpt55_xhigh_sgpt54_xhigh/teacher_rounds/students/student_02/iter_02/artifacts/candidate_metrics_summary.json
ariane133_nangate45	Ariane133 N45	OpenROAD Evolve	iter_03/student_02	iter_03	student_02	5467461.1	85.997	0.5685676883611456	-5.48758786065126	False	../../dpl_evolve_agent/.dpl_evolve_state/rerun_9case_width4x10_parallel3_20260520_061153_place_batch_20260421_220319_ariane133_nangate45_4x10_tgpt55_xhigh_sgpt54_xhigh/teacher_rounds/students/student_02/iter_03/artifacts/candidate_metrics_summary.json
ariane133_nangate45	Ariane133 N45	OpenROAD Evolve	iter_04/student_02	iter_04	student_02	5467274.5	92.164	0.6093407029328538	-5.490813492399269	False	../../dpl_evolve_agent/.dpl_evolve_state/rerun_9case_width4x10_parallel3_20260520_061153_place_batch_20260421_220319_ariane133_nangate45_4x10_tgpt55_xhigh_sgpt54_xhigh/teacher_rounds/students/student_02/iter_04/artifacts/candidate_metrics_summary.json
ariane133_nangate45	Ariane133 N45	OpenROAD Evolve	iter_05/student_02	iter_05	student_02	5467028.7	86.931	0.5747428133181709	-5.495062475698636	False	../../dpl_evolve_agent/.dpl_evolve_state/rerun_9case_width4x10_parallel3_20260520_061153_place_batch_20260421_220319_ariane133_nangate45_4x10_tgpt55_xhigh_sgpt54_xhigh/teacher_rounds/students/student_02/iter_05/artifacts/candidate_metrics_summary.json
ariane133_nangate45	Ariane133 N45	OpenROAD Evolve	iter_06/student_02	iter_06	student_02	5467449.3	91.046	0.6019490651363287	-5.487791839507777	False	../../dpl_evolve_agent/.dpl_evolve_state/rerun_9case_width4x10_parallel3_20260520_061153_place_batch_20260421_220319_ariane133_nangate45_4x10_tgpt55_xhigh_sgpt54_xhigh/teacher_rounds/students/student_02/iter_06/artifacts/candidate_metrics_summary.json
ariane133_nangate45	Ariane133 N45	OpenROAD Evolve	iter_07/student_02	iter_07	student_02	5467028.7	91.488	0.6048713405442572	-5.495062475698636	False	../../dpl_evolve_agent/.dpl_evolve_state/rerun_9case_width4x10_parallel3_20260520_061153_place_batch_20260421_220319_ariane133_nangate45_4x10_tgpt55_xhigh_sgpt54_xhigh/teacher_rounds/students/student_02/iter_07/artifacts/candidate_metrics_summary.json
ariane133_nangate45	Ariane133 N45	OpenROAD Evolve	iter_08/student_02	iter_08	student_02	5466801.8	86.537	0.5721378890857641	-5.498984747100704	True	../../dpl_evolve_agent/.dpl_evolve_state/rerun_9case_width4x10_parallel3_20260520_061153_place_batch_20260421_220319_ariane133_nangate45_4x10_tgpt55_xhigh_sgpt54_xhigh/teacher_rounds/students/student_02/iter_08/artifacts/candidate_metrics_summary.json
ariane133_nangate45	Ariane133 N45	OpenROAD Evolve	iter_09/student_02	iter_09	student_02	5466780.6	90.821	0.600461481501071	-5.499351217588692	False	../../dpl_evolve_agent/.dpl_evolve_state/rerun_9case_width4x10_parallel3_20260520_061153_place_batch_20260421_220319_ariane133_nangate45_4x10_tgpt55_xhigh_sgpt54_xhigh/teacher_rounds/students/student_02/iter_09/artifacts/candidate_metrics_summary.json
ariane133_nangate45	Ariane133 N45	OpenROAD Evolve	iter_10/student_02	iter_10	student_02	5466760.0	86.809	0.5739362124137201	-5.499707316270407	True	../../dpl_evolve_agent/.dpl_evolve_state/rerun_9case_width4x10_parallel3_20260520_061153_place_batch_20260421_220319_ariane133_nangate45_4x10_tgpt55_xhigh_sgpt54_xhigh/teacher_rounds/students/student_02/iter_10/artifacts/candidate_metrics_summary.json
ariane133_nangate45	Ariane133 N45	OpenROAD Evolve	iter_01/student_03	iter_01	student_03	5788771.1	137.875	0.9115581942718112	0.06668725700694277	False	../../dpl_evolve_agent/.dpl_evolve_state/rerun_9case_width4x10_parallel3_20260520_061153_place_batch_20260421_220319_ariane133_nangate45_4x10_tgpt55_xhigh_sgpt54_xhigh/teacher_rounds/students/student_03/iter_01/artifacts/candidate_metrics_summary.json
ariane133_nangate45	Ariane133 N45	OpenROAD Evolve	iter_02/student_03	iter_02	student_03	5480699.7	85.715	0.5667032502049559	-5.258740869979843	False	../../dpl_evolve_agent/.dpl_evolve_state/rerun_9case_width4x10_parallel3_20260520_061153_place_batch_20260421_220319_ariane133_nangate45_4x10_tgpt55_xhigh_sgpt54_xhigh/teacher_rounds/students/student_03/iter_02/artifacts/candidate_metrics_summary.json
ariane133_nangate45	Ariane133 N45	OpenROAD Evolve	iter_03/student_03	iter_03	student_03	5483391.7	85.939	0.5681842223573902	-5.212206032543299	False	../../dpl_evolve_agent/.dpl_evolve_state/rerun_9case_width4x10_parallel3_20260520_061153_place_batch_20260421_220319_ariane133_nangate45_4x10_tgpt55_xhigh_sgpt54_xhigh/teacher_rounds/students/student_03/iter_03/artifacts/candidate_metrics_summary.json
ariane133_nangate45	Ariane133 N45	OpenROAD Evolve	iter_04/student_03	iter_04	student_03	5467705.1	89.233	0.5899624467775633	-5.483369992770681	False	../../dpl_evolve_agent/.dpl_evolve_state/rerun_9case_width4x10_parallel3_20260520_061153_place_batch_20260421_220319_ariane133_nangate45_4x10_tgpt55_xhigh_sgpt54_xhigh/teacher_rounds/students/student_03/iter_04/artifacts/candidate_metrics_summary.json
ariane133_nangate45	Ariane133 N45	OpenROAD Evolve	iter_05/student_03	iter_05	student_03	5467180.6	89.128	0.5892682410811096	-5.492436680079548	False	../../dpl_evolve_agent/.dpl_evolve_state/rerun_9case_width4x10_parallel3_20260520_061153_place_batch_20260421_220319_ariane133_nangate45_4x10_tgpt55_xhigh_sgpt54_xhigh/teacher_rounds/students/student_03/iter_05/artifacts/candidate_metrics_summary.json
ariane133_nangate45	Ariane133 N45	OpenROAD Evolve	iter_07/student_03	iter_07	student_03	5467026.7	86.781	0.5737510908946658	-5.495097048386182	False	../../dpl_evolve_agent/.dpl_evolve_state/rerun_9case_width4x10_parallel3_20260520_061153_place_batch_20260421_220319_ariane133_nangate45_4x10_tgpt55_xhigh_sgpt54_xhigh/teacher_rounds/students/student_03/iter_07/artifacts/candidate_metrics_summary.json
ariane133_nangate45	Ariane133 N45	OpenROAD Evolve	iter_08/student_03	iter_08	student_03	5466799.4	87.086	0.575767593155793	-5.49902623432575	False	../../dpl_evolve_agent/.dpl_evolve_state/rerun_9case_width4x10_parallel3_20260520_061153_place_batch_20260421_220319_ariane133_nangate45_4x10_tgpt55_xhigh_sgpt54_xhigh/teacher_rounds/students/student_03/iter_08/artifacts/candidate_metrics_summary.json
ariane133_nangate45	Ariane133 N45	OpenROAD Evolve	iter_09/student_03	iter_09	student_03	5466762.9	86.539	0.5721511120514109	-5.499657185873459	True	../../dpl_evolve_agent/.dpl_evolve_state/rerun_9case_width4x10_parallel3_20260520_061153_place_batch_20260421_220319_ariane133_nangate45_4x10_tgpt55_xhigh_sgpt54_xhigh/teacher_rounds/students/student_03/iter_09/artifacts/candidate_metrics_summary.json
ariane133_nangate45	Ariane133 N45	OpenROAD Evolve	iter_10/student_03	iter_10	student_03	5466762.4	87.779	0.5803493507523867	-5.4996658290453455	False	../../dpl_evolve_agent/.dpl_evolve_state/rerun_9case_width4x10_parallel3_20260520_061153_place_batch_20260421_220319_ariane133_nangate45_4x10_tgpt55_xhigh_sgpt54_xhigh/teacher_rounds/students/student_03/iter_10/artifacts/candidate_metrics_summary.json
ariane133_nangate45	Ariane133 N45	OpenROAD Evolve	iter_01/student_04	iter_01	student_04	5472534.4	84.039	0.5556224049929918	-5.399889052788388	False	../../dpl_evolve_agent/.dpl_evolve_state/rerun_9case_width4x10_parallel3_20260520_061153_place_batch_20260421_220319_ariane133_nangate45_4x10_tgpt55_xhigh_sgpt54_xhigh/teacher_rounds/students/student_04/iter_01/artifacts/candidate_metrics_summary.json
ariane133_nangate45	Ariane133 N45	OpenROAD Evolve	iter_02/student_04	iter_02	student_04	5469556.7	85.679	0.5664652368233147	-5.451362598640841	False	../../dpl_evolve_agent/.dpl_evolve_state/rerun_9case_width4x10_parallel3_20260520_061153_place_batch_20260421_220319_ariane133_nangate45_4x10_tgpt55_xhigh_sgpt54_xhigh/teacher_rounds/students/student_04/iter_02/artifacts/candidate_metrics_summary.json
ariane133_nangate45	Ariane133 N45	OpenROAD Evolve	iter_03/student_04	iter_03	student_04	5467819.1	92.335	0.6104712664956495	-5.481399349580576	False	../../dpl_evolve_agent/.dpl_evolve_state/rerun_9case_width4x10_parallel3_20260520_061153_place_batch_20260421_220319_ariane133_nangate45_4x10_tgpt55_xhigh_sgpt54_xhigh/teacher_rounds/students/student_04/iter_03/artifacts/candidate_metrics_summary.json
ariane133_nangate45	Ariane133 N45	OpenROAD Evolve	iter_04/student_04	iter_04	student_04	5467102.5	85.788	0.5671858884510618	-5.493786743528202	False	../../dpl_evolve_agent/.dpl_evolve_state/rerun_9case_width4x10_parallel3_20260520_061153_place_batch_20260421_220319_ariane133_nangate45_4x10_tgpt55_xhigh_sgpt54_xhigh/teacher_rounds/students/student_04/iter_04/artifacts/candidate_metrics_summary.json
ariane133_nangate45	Ariane133 N45	OpenROAD Evolve	iter_05/student_04	iter_05	student_04	5467033.6	89.196	0.5897178219130986	-5.494977772614158	False	../../dpl_evolve_agent/.dpl_evolve_state/rerun_9case_width4x10_parallel3_20260520_061153_place_batch_20260421_220319_ariane133_nangate45_4x10_tgpt55_xhigh_sgpt54_xhigh/teacher_rounds/students/student_04/iter_05/artifacts/candidate_metrics_summary.json
ariane133_nangate45	Ariane133 N45	OpenROAD Evolve	iter_06/student_04	iter_06	student_04	5467041.5	90.578	0.5988548911749927	-5.494841210498346	False	../../dpl_evolve_agent/.dpl_evolve_state/rerun_9case_width4x10_parallel3_20260520_061153_place_batch_20260421_220319_ariane133_nangate45_4x10_tgpt55_xhigh_sgpt54_xhigh/teacher_rounds/students/student_04/iter_06/artifacts/candidate_metrics_summary.json
ariane133_nangate45	Ariane133 N45	OpenROAD Evolve	iter_07/student_04	iter_07	student_04	5466785.9	92.436	0.6111390262608097	-5.499259599966683	False	../../dpl_evolve_agent/.dpl_evolve_state/rerun_9case_width4x10_parallel3_20260520_061153_place_batch_20260421_220319_ariane133_nangate45_4x10_tgpt55_xhigh_sgpt54_xhigh/teacher_rounds/students/student_04/iter_07/artifacts/candidate_metrics_summary.json
ariane133_nangate45	Ariane133 N45	OpenROAD Evolve	iter_08/student_04	iter_08	student_04	5466817.6	88.729	0.5866302594345859	-5.498711622869096	False	../../dpl_evolve_agent/.dpl_evolve_state/rerun_9case_width4x10_parallel3_20260520_061153_place_batch_20260421_220319_ariane133_nangate45_4x10_tgpt55_xhigh_sgpt54_xhigh/teacher_rounds/students/student_04/iter_08/artifacts/candidate_metrics_summary.json
ariane133_nangate45	Ariane133 N45	OpenROAD Evolve	iter_09/student_04	iter_09	student_04	5466790.1	89.074	0.5889112210086478	-5.49918699732285	False	../../dpl_evolve_agent/.dpl_evolve_state/rerun_9case_width4x10_parallel3_20260520_061153_place_batch_20260421_220319_ariane133_nangate45_4x10_tgpt55_xhigh_sgpt54_xhigh/teacher_rounds/students/student_04/iter_09/artifacts/candidate_metrics_summary.json
ariane133_nangate45	Ariane133 N45	OpenROAD Evolve	iter_10/student_04	iter_10	student_04	5466762.9	91.896	0.6075688255361912	-5.499657185873459	False	../../dpl_evolve_agent/.dpl_evolve_state/rerun_9case_width4x10_parallel3_20260520_061153_place_batch_20260421_220319_ariane133_nangate45_4x10_tgpt55_xhigh_sgpt54_xhigh/teacher_rounds/students/student_04/iter_10/artifacts/candidate_metrics_summary.json
